t,x0,y0,vx0,vy0,x1,y1,vx1,vy1,x2,y2,vx2,vy2,x3,y3,vx3,vy3,x4,y4,vx4,vy4,x5,y5,vx5,vy5,x6,y6,vx6,vy6,x7,y7,vx7,vy7,x8,y8,vx8,vy8,x9,y9,vx9,vy9
0,5,4,0.423427,-0.665478,10,4,0.329712,-1.56247,15,4,0.33577,-0.208242,5,8,-0.783972,1.3214,10,8,-0.192371,1.09111,15,8,-1.24508,0.178023,5,12,-0.677993,0.771134,10,12,1.75047,-0.54177,15,12,-0.943892,-1.08034,5,16,0.764336,0.943099
0.01,5.00423,3.99335,0.423431,-0.665463,10.0033,3.98438,0.329712,-1.56246,15.0034,3.99792,0.335766,-0.208227,4.99216,8.01321,-0.783968,1.3214,9.99808,8.01091,-0.192371,1.09111,14.9875,8.00178,-1.24508,0.178023,4.99322,12.0077,-0.677989,0.771134,10.0175,11.9946,1.75047,-0.541785,14.9906,11.9892,-0.943896,-1.08035,5.00764,16.0094,0.764336,0.943084
0.02,5.00847,3.98669,0.423434,-0.665449,10.0066,3.96875,0.329712,-1.56244,15.0067,3.99584,0.335762,-0.208212,4.98432,8.02643,-0.783964,1.3214,9.99615,8.02182,-0.19237,1.09111,14.9751,8.00356,-1.24509,0.178024,4.98644,12.0154,-0.677986,0.771133,10.035,11.9892,1.75047,-0.541801,14.9811,11.9784,-0.9439,-1.08037,5.01529,16.0189,0.764337,0.943069
0.03,5.0127,3.98004,0.423438,-0.665435,10.0099,3.95313,0.329712,-1.56243,15.0101,3.99375,0.335759,-0.208198,4.97648,8.03964,-0.78396,1.3214,9.99423,8.03273,-0.19237,1.09112,14.9626,8.00534,-1.24509,0.178025,4.97966,12.0231,-0.677982,0.771132,10.0525,11.9837,1.75047,-0.541817,14.9717,11.9676,-0.943904,-1.08038,5.02293,16.0283,0.764337,0.943054
0.04,5.01694,3.97338,0.423441,-0.665421,10.0132,3.9375,0.329712,-1.56241,15.0134,3.99167,0.335755,-0.208183,4.96864,8.05286,-0.783956,1.3214,9.99231,8.04364,-0.192369,1.09112,14.9502,8.00712,-1.2451,0.178026,4.97288,12.0308,-0.677979,0.771131,10.07,11.9783,1.75047,-0.541834,14.9622,11.9568,-0.943908,-1.0804,5.03057,16.0377,0.764337,0.943039
0.05,5.02117,3.96673,0.423444,-0.665408,10.0165,3.92188,0.329712,-1.5624,15.0168,3.98959,0.335751,-0.208168,4.9608,8.06607,-0.783952,1.32141,9.99038,8.05456,-0.192369,1.09113,14.9377,8.0089,-1.2451,0.178028,4.9661,12.0386,-0.677975,0.771129,10.0875,11.9729,1.75047,-0.541851,14.9528,11.946,-0.943912,-1.08042,5.03822,16.0472,0.764337,0.943024
0.06,5.02541,3.96007,0.423448,-0.665396,10.0198,3.90625,0.329712,-1.56239,15.0201,3.98751,0.335747,-0.208154,4.95296,8.07928,-0.783948,1.32141,9.98846,8.06547,-0.192368,1.09113,14.9253,8.01068,-1.2451,0.178031,4.95932,12.0463,-0.677972,0.771128,10.105,11.9675,1.75047,-0.541869,14.9434,11.9352,-0.943916,-1.08043,5.04586,16.0566,0.764337,0.943009
0.07,5.02964,3.95342,0.423451,-0.665384,10.0231,3.89063,0.329712,-1.56238,15.0235,3.98543,0.335744,-0.208139,4.94512,8.0925,-0.783944,1.32141,9.98653,8.07638,-0.192366,1.09114,14.9128,8.01246,-1.24511,0.178034,4.95254,12.054,-0.677969,0.771126,10.1225,11.9621,1.75047,-0.541887,14.9339,11.9244,-0.943921,-1.08045,5.0535,16.066,0.764338,0.942994
0.08,5.03388,3.94677,0.423454,-0.665372,10.0264,3.87501,0.329712,-1.56237,15.0269,3.98335,0.33574,-0.208125,4.93728,8.10571,-0.78394,1.32142,9.98461,8.08729,-0.192365,1.09115,14.9004,8.01424,-1.24511,0.178038,4.94576,12.0617,-0.677966,0.771124,10.14,11.9567,1.75047,-0.541906,14.9245,11.9136,-0.943926,-1.08047,5.06115,16.0754,0.764338,0.94298
0.09,5.03811,3.94011,0.423458,-0.665361,10.0297,3.85938,0.329712,-1.56236,15.0302,3.98126,0.335736,-0.208111,4.92944,8.11893,-0.783936,1.32142,9.98269,8.0982,-0.192364,1.09115,14.8879,8.01602,-1.24511,0.178042,4.93898,12.0694,-0.677962,0.771122,10.1575,11.9512,1.75047,-0.541925,14.915,11.9028,-0.943931,-1.08049,5.06879,16.0849,0.764338,0.942965
0.1,5.04234,3.93346,0.423461,-0.66535,10.033,3.84376,0.329712,-1.56234,15.0336,3.97918,0.335732,-0.208097,4.9216,8.13214,-0.783932,1.32143,9.98076,8.10911,-0.192362,1.09116,14.8755,8.0178,-1.24512,0.178046,4.9322,12.0771,-0.677959,0.771119,10.175,11.9458,1.75047,-0.541945,14.9056,11.892,-0.943936,-1.08051,5.07643,16.0943,0.764337,0.94295
0.11,5.04658,3.92681,0.423464,-0.665339,10.0363,3.82814,0.329712,-1.56233,15.0369,3.9771,0.335728,-0.208083,4.91377,8.14536,-0.783928,1.32144,9.97884,8.12002,-0.19236,1.09117,14.863,8.01958,-1.24512,0.178051,4.92542,12.0848,-0.677956,0.771117,10.1926,11.9404,1.75047,-0.541965,14.8962,11.8812,-0.943941,-1.08052,5.08408,16.1037,0.764337,0.942936
0.12,5.05081,3.92015,0.423467,-0.665329,10.0396,3.81251,0.329712,-1.56232,15.0403,3.97502,0.335724,-0.208069,4.90593,8.15857,-0.783924,1.32144,9.97692,8.13094,-0.192357,1.09119,14.8506,8.02136,-1.24513,0.178057,4.91864,12.0925,-0.677953,0.771114,10.2101,11.935,1.75047,-0.541986,14.8867,11.8703,-0.943947,-1.08054,5.09172,16.1132,0.764337,0.942921
0.13,5.05505,3.9135,0.423471,-0.665319,10.0429,3.79689,0.329712,-1.56232,15.0436,3.97294,0.335719,-0.208055,4.89809,8.17178,-0.78392,1.32145,9.97499,8.14185,-0.192355,1.0912,14.8381,8.02314,-1.24513,0.178063,4.91186,12.1002,-0.67795,0.771111,10.2276,11.9296,1.75048,-0.542008,14.8773,11.8595,-0.943953,-1.08056,5.09936,16.1226,0.764337,0.942907
0.14,5.05928,3.90685,0.423474,-0.665309,10.0462,3.78127,0.329711,-1.56231,15.047,3.97086,0.335715,-0.208042,4.89025,8.185,-0.783916,1.32146,9.97307,8.15276,-0.192352,1.09121,14.8257,8.02493,-1.24513,0.17807,4.90508,12.108,-0.677947,0.771108,10.2451,11.9241,1.75048,-0.54203,14.8679,11.8487,-0.943959,-1.08058,5.10701,16.132,0.764336,0.942892
0.15,5.06352,3.90019,0.423477,-0.6653,10.0495,3.76564,0.329711,-1.5623,15.0504,3.96878,0.335711,-0.208028,4.88241,8.19821,-0.783912,1.32147,9.97115,8.16367,-0.192349,1.09123,14.8132,8.02671,-1.24514,0.178078,4.8983,12.1157,-0.677944,0.771104,10.2626,11.9187,1.75048,-0.542052,14.8584,11.8379,-0.943965,-1.08061,5.11465,16.1414,0.764336,0.942878
0.16,5.06775,3.89354,0.42348,-0.665291,10.0528,3.75002,0.329711,-1.56229,15.0537,3.9667,0.335707,-0.208015,4.87457,8.21143,-0.783909,1.32147,9.96922,8.17458,-0.192346,1.09124,14.8008,8.02849,-1.24514,0.178086,4.89153,12.1234,-0.677941,0.7711,10.2801,11.9133,1.75048,-0.542076,14.849,11.8271,-0.943972,-1.08063,5.12229,16.1509,0.764336,0.942864
0.17,5.07199,3.88689,0.423483,-0.665282,10.0561,3.7344,0.329711,-1.56228,15.0571,3.96462,0.335703,-0.208002,4.86673,8.22464,-0.783905,1.32148,9.9673,8.1855,-0.192343,1.09126,14.7883,8.03027,-1.24515,0.178095,4.88475,12.1311,-0.677938,0.771096,10.2976,11.9079,1.75048,-0.5421,14.8395,11.8163,-0.943978,-1.08065,5.12994,16.1603,0.764335,0.94285
0.18,5.07622,3.88023,0.423487,-0.665274,10.0593,3.71878,0.329711,-1.56227,15.0604,3.96254,0.335698,-0.207989,4.85889,8.23786,-0.783901,1.32149,9.96538,8.19641,-0.192339,1.09127,14.7759,8.03205,-1.24515,0.178104,4.87797,12.1388,-0.677935,0.771092,10.3151,11.9025,1.75049,-0.542124,14.8301,11.8055,-0.943986,-1.08067,5.13758,16.1697,0.764335,0.942836
0.19,5.08046,3.87358,0.42349,-0.665265,10.0626,3.70315,0.329711,-1.56227,15.0638,3.96046,0.335694,-0.207976,4.85105,8.25107,-0.783897,1.3215,9.96345,8.20732,-0.192335,1.09129,14.7634,8.03383,-1.24515,0.178114,4.87119,12.1465,-0.677932,0.771088,10.3326,11.897,1.75049,-0.54215,14.8207,11.7947,-0.943993,-1.08069,5.14522,16.1792,0.764334,0.942822
0.2,5.08469,3.86693,0.423493,-0.665258,10.0659,3.68753,0.329711,-1.56226,15.0671,3.95838,0.33569,-0.207963,4.84321,8.26429,-0.783893,1.32151,9.96153,8.21824,-0.19233,1.09131,14.751,8.03561,-1.24516,0.178125,4.86441,12.1542,-0.677929,0.771083,10.3501,11.8916,1.75049,-0.542176,14.8112,11.7839,-0.944001,-1.08072,5.15287,16.1886,0.764334,0.942808
0.21,5.08893,3.86028,0.423496,-0.66525,10.0692,3.67191,0.329711,-1.56225,15.0705,3.9563,0.335685,-0.20795,4.83537,8.2775,-0.78389,1.32152,9.95961,8.22915,-0.192325,1.09133,14.7385,8.03739,-1.24516,0.178136,4.85763,12.1619,-0.677926,0.771078,10.3676,11.8862,1.75049,-0.542202,14.8018,11.7731,-0.944009,-1.08074,5.16051,16.198,0.764333,0.942794
0.22,5.09316,3.85362,0.423499,-0.665242,10.0725,3.65628,0.329711,-1.56225,15.0739,3.95422,0.335681,-0.207938,4.82754,8.29072,-0.783886,1.32153,9.95768,8.24006,-0.19232,1.09135,14.7261,8.03917,-1.24517,0.178148,4.85085,12.1696,-0.677923,0.771073,10.3851,11.8808,1.7505,-0.54223,14.7923,11.7623,-0.944017,-1.08076,5.16815,16.2074,0.764332,0.94278
0.23,5.0974,3.84697,0.423502,-0.665235,10.0758,3.64066,0.329711,-1.56224,15.0772,3.95214,0.335676,-0.207925,4.8197,8.30393,-0.783882,1.32155,9.95576,8.25098,-0.192315,1.09137,14.7136,8.04096,-1.24517,0.178161,4.84407,12.1774,-0.67792,0.771068,10.4026,11.8753,1.7505,-0.542258,14.7829,11.7515,-0.944026,-1.08079,5.1758,16.2169,0.764331,0.942766
0.24,5.10163,3.84032,0.423505,-0.665228,10.0791,3.62504,0.329711,-1.56223,15.0806,3.95006,0.335672,-0.207913,4.81186,8.31715,-0.783878,1.32156,9.95384,8.26189,-0.192309,1.0914,14.7012,8.04274,-1.24517,0.178174,4.83729,12.1851,-0.677917,0.771062,10.4201,11.8699,1.7505,-0.542287,14.7735,11.7407,-0.944035,-1.08081,5.18344,16.2263,0.764331,0.942752
0.25,5.10587,3.83367,0.423508,-0.665222,10.0824,3.60942,0.329711,-1.56223,15.0839,3.94798,0.335667,-0.2079,4.80402,8.33036,-0.783875,1.32157,9.95191,8.2728,-0.192303,1.09142,14.6887,8.04452,-1.24518,0.178189,4.83051,12.1928,-0.677915,0.771056,10.4376,11.8645,1.75051,-0.542316,14.764,11.7299,-0.944045,-1.08084,5.19108,16.2357,0.76433,0.942739
0.26,5.1101,3.82701,0.423512,-0.665215,10.0857,3.5938,0.329711,-1.56222,15.0873,3.9459,0.335663,-0.207888,4.79618,8.34358,-0.783871,1.32158,9.94999,8.28372,-0.192297,1.09145,14.6763,8.0463,-1.24518,0.178204,4.82373,12.2005,-0.677912,0.77105,10.4551,11.8591,1.75051,-0.542347,14.7546,11.7191,-0.944055,-1.08087,5.19873,16.2452,0.764329,0.942725
0.27,5.11434,3.82036,0.423515,-0.665209,10.089,3.57817,0.329711,-1.56221,15.0906,3.94383,0.335658,-0.207876,4.78834,8.3568,-0.783867,1.3216,9.94807,8.29463,-0.19229,1.09147,14.6638,8.04808,-1.24519,0.178219,4.81695,12.2082,-0.677909,0.771043,10.4726,11.8537,1.75051,-0.542378,14.7451,11.7082,-0.944065,-1.0809,5.20637,16.2546,0.764328,0.942712
0.28,5.11857,3.81371,0.423518,-0.665203,10.0923,3.56255,0.329711,-1.56221,15.094,3.94175,0.335654,-0.207864,4.7805,8.37001,-0.783864,1.32161,9.94614,8.30555,-0.192283,1.0915,14.6514,8.04987,-1.24519,0.178236,4.81017,12.2159,-0.677906,0.771037,10.4901,11.8482,1.75052,-0.54241,14.7357,11.6974,-0.944076,-1.08092,5.21401,16.264,0.764327,0.942698
0.29,5.12281,3.80706,0.423521,-0.665197,10.0956,3.54693,0.32971,-1.5622,15.0974,3.93967,0.335649,-0.207853,4.77266,8.38323,-0.78386,1.32162,9.94422,8.31646,-0.192275,1.09152,14.6389,8.05165,-1.2452,0.178253,4.8034,12.2236,-0.677903,0.77103,10.5076,11.8428,1.75052,-0.542443,14.7262,11.6866,-0.944088,-1.08095,5.22166,16.2734,0.764326,0.942685
0.3,5.12704,3.80041,0.423524,-0.665191,10.0989,3.53131,0.32971,-1.5622,15.1007,3.93759,0.335644,-0.207841,4.76483,8.39644,-0.783857,1.32164,9.9423,8.32738,-0.192267,1.09155,14.6265,8.05343,-1.2452,0.178272,4.79662,12.2313,-0.6779,0.771023,10.5251,11.8374,1.75053,-0.542477,14.7168,11.6758,-0.9441,-1.08098,5.2293,16.2829,0.764325,0.942672
0.31,5.13128,3.79375,0.423527,-0.665185,10.1022,3.51569,0.32971,-1.56219,15.1041,3.93551,0.33564,-0.20783,4.75699,8.40966,-0.783853,1.32165,9.94038,8.33829,-0.192258,1.09158,14.614,8.05521,-1.2452,0.178291,4.78984,12.239,-0.677898,0.771015,10.5427,11.832,1.75053,-0.542512,14.7074,11.665,-0.944112,-1.08101,5.23694,16.2923,0.764324,0.942659
0.32,5.13551,3.7871,0.42353,-0.66518,10.1055,3.50006,0.32971,-1.56219,15.1074,3.93343,0.335635,-0.207818,4.74915,8.42288,-0.78385,1.32167,9.93845,8.34921,-0.192249,1.09161,14.6016,8.057,-1.24521,0.178311,4.78306,12.2467,-0.677895,0.771007,10.5602,11.8265,1.75053,-0.542547,14.6979,11.6542,-0.944125,-1.08104,5.24459,16.3017,0.764323,0.942646
0.33,5.13975,3.78045,0.423533,-0.665175,10.1088,3.48444,0.32971,-1.56218,15.1108,3.93136,0.33563,-0.207807,4.74131,8.43609,-0.783846,1.32168,9.93653,8.36013,-0.19224,1.09164,14.5891,8.05878,-1.24521,0.178332,4.77628,12.2545,-0.677892,0.770999,10.5777,11.8211,1.75054,-0.542583,14.6885,11.6434,-0.944138,-1.08107,5.25223,16.3111,0.764321,0.942633
0.34,5.14398,3.7738,0.423536,-0.66517,10.1121,3.46882,0.32971,-1.56218,15.1141,3.92928,0.335626,-0.207796,4.73347,8.44931,-0.783843,1.3217,9.93461,8.37104,-0.19223,1.09168,14.5767,8.06056,-1.24522,0.178354,4.7695,12.2622,-0.677889,0.770991,10.5952,11.8157,1.75054,-0.542621,14.679,11.6326,-0.944153,-1.0811,5.25987,16.3206,0.76432,0.94262
0.35,5.14822,3.76715,0.42354,-0.665165,10.1154,3.4532,0.32971,-1.56217,15.1175,3.9272,0.335621,-0.207785,4.72563,8.46253,-0.783839,1.32171,9.93269,8.38196,-0.192219,1.09171,14.5642,8.06235,-1.24522,0.178377,4.76272,12.2699,-0.677886,0.770982,10.6127,11.8102,1.75055,-0.542659,14.6696,11.6218,-0.944167,-1.08114,5.26752,16.33,0.764319,0.942607
0.36,5.15245,3.7605,0.423543,-0.66516,10.1187,3.43758,0.32971,-1.56217,15.1209,3.92512,0.335616,-0.207774,4.7178,8.47575,-0.783836,1.32173,9.93076,8.39288,-0.192208,1.09174,14.5517,8.06413,-1.24523,0.1784,4.75594,12.2776,-0.677883,0.770973,10.6302,11.8048,1.75056,-0.542698,14.6602,11.6109,-0.944183,-1.08117,5.27516,16.3394,0.764318,0.942594
0.37,5.15669,3.75384,0.423546,-0.665155,10.122,3.42195,0.32971,-1.56217,15.1242,3.92304,0.335611,-0.207763,4.70996,8.48896,-0.783832,1.32175,9.92884,8.40379,-0.192196,1.09178,14.5393,8.06591,-1.24523,0.178425,4.74916,12.2853,-0.677881,0.770964,10.6477,11.7994,1.75056,-0.542738,14.6507,11.6001,-0.944199,-1.08121,5.2828,16.3488,0.764316,0.942582
0.38,5.16093,3.74719,0.423549,-0.665151,10.1253,3.40633,0.32971,-1.56216,15.1276,3.92097,0.335607,-0.207753,4.70212,8.50218,-0.783829,1.32176,9.92692,8.41471,-0.192184,1.09181,14.5268,8.0677,-1.24523,0.178451,4.74239,12.293,-0.677878,0.770955,10.6652,11.794,1.75057,-0.54278,14.6413,11.5893,-0.944216,-1.08124,5.29045,16.3583,0.764315,0.942569
0.39,5.16516,3.74054,0.423552,-0.665147,10.1286,3.39071,0.329709,-1.56216,15.1309,3.91889,0.335602,-0.207742,4.69428,8.5154,-0.783825,1.32178,9.925,8.42563,-0.192172,1.09185,14.5144,8.06948,-1.24524,0.178478,4.73561,12.3007,-0.677875,0.770945,10.6827,11.7885,1.75057,-0.542822,14.6318,11.5785,-0.944234,-1.08128,5.29809,16.3677,0.764313,0.942557
0.4,5.1694,3.73389,0.423555,-0.665142,10.1319,3.37509,0.329709,-1.56215,15.1343,3.91681,0.335597,-0.207732,4.68644,8.52862,-0.783822,1.3218,9.92308,8.43655,-0.192158,1.09189,14.5019,8.07127,-1.24524,0.178506,4.72883,12.3084,-0.677872,0.770935,10.7002,11.7831,1.75058,-0.542865,14.6224,11.5677,-0.944253,-1.08131,5.30573,16.3771,0.764312,0.942544
0.41,5.17363,3.72724,0.423558,-0.665138,10.1352,3.35947,0.329709,-1.56215,15.1376,3.91473,0.335592,-0.207721,4.6786,8.54183,-0.783819,1.32182,9.92116,8.44747,-0.192144,1.09193,14.4895,8.07305,-1.24525,0.178535,4.72205,12.3161,-0.67787,0.770925,10.7177,11.7777,1.75059,-0.542909,14.6129,11.5569,-0.944272,-1.08135,5.31338,16.3866,0.764311,0.942532
0.42,5.17787,3.72059,0.423561,-0.665135,10.1385,3.34385,0.329709,-1.56214,15.141,3.91266,0.335587,-0.207711,4.67077,8.55505,-0.783815,1.32184,9.91923,8.45839,-0.19213,1.09197,14.477,8.07484,-1.24525,0.178565,4.71527,12.3238,-0.677867,0.770914,10.7352,11.7723,1.7506,-0.542955,14.6035,11.5461,-0.944293,-1.08139,5.32102,16.396,0.764309,0.94252
0.43,5.1821,3.71394,0.423564,-0.665131,10.1418,3.32823,0.329709,-1.56214,15.1443,3.91058,0.335583,-0.207701,4.66293,8.56827,-0.783812,1.32185,9.91731,8.46931,-0.192114,1.09201,14.4646,8.07662,-1.24526,0.178597,4.70849,12.3316,-0.677864,0.770903,10.7527,11.7668,1.7506,-0.543001,14.5941,11.5353,-0.944314,-1.08143,5.32866,16.4054,0.764307,0.942508
0.44,5.18634,3.70728,0.423568,-0.665127,10.1451,3.3126,0.329709,-1.56214,15.1477,3.9085,0.335578,-0.207691,4.65509,8.58149,-0.783809,1.32187,9.91539,8.48023,-0.192098,1.09205,14.4521,8.07841,-1.24526,0.178629,4.70171,12.3393,-0.677861,0.770892,10.7702,11.7614,1.75061,-0.543048,14.5846,11.5244,-0.944336,-1.08147,5.3363,16.4148,0.764306,0.942495
0.45,5.19058,3.70063,0.423571,-0.665123,10.1484,3.29698,0.329709,-1.56213,15.1511,3.90643,0.335573,-0.207681,4.64725,8.59471,-0.783805,1.32189,9.91347,8.49115,-0.192082,1.0921,14.4397,8.0802,-1.24527,0.178663,4.69493,12.347,-0.677859,0.77088,10.7877,11.756,1.75062,-0.543097,14.5752,11.5136,-0.94436,-1.08151,5.34395,16.4243,0.764304,0.942484
0.46,5.19481,3.69398,0.423574,-0.66512,10.1517,3.28136,0.329709,-1.56213,15.1544,3.90435,0.335568,-0.207672,4.63941,8.60793,-0.783802,1.32191,9.91155,8.50207,-0.192064,1.09214,14.4272,8.08198,-1.24527,0.178698,4.68816,12.3547,-0.677856,0.770868,10.8052,11.7505,1.75063,-0.543146,14.5657,11.5028,-0.944385,-1.08155,5.35159,16.4337,0.764303,0.942472
0.47,5.19905,3.68733,0.423577,-0.665117,10.155,3.26574,0.329708,-1.56213,15.1578,3.90227,0.335563,-0.207662,4.63158,8.62115,-0.783799,1.32193,9.90963,8.51299,-0.192046,1.09219,14.4148,8.08377,-1.24528,0.178735,4.68138,12.3624,-0.677853,0.770856,10.8227,11.7451,1.75064,-0.543197,14.5563,11.492,-0.94441,-1.0816,5.35923,16.4431,0.764301,0.94246
0.48,5.20328,3.68068,0.42358,-0.665113,10.1583,3.25012,0.329708,-1.56212,15.1611,3.9002,0.335558,-0.207653,4.62374,8.63437,-0.783796,1.32195,9.90771,8.52391,-0.192027,1.09223,14.4023,8.08556,-1.24528,0.178773,4.6746,12.3701,-0.67785,0.770843,10.8402,11.7397,1.75065,-0.543249,14.5468,11.4812,-0.944438,-1.08164,5.36688,16.4525,0.764299,0.942448
0.49,5.20752,3.67403,0.423583,-0.66511,10.1616,3.2345,0.329708,-1.56212,15.1645,3.89812,0.335554,-0.207643,4.6159,8.64759,-0.783793,1.32197,9.90579,8.53484,-0.192008,1.09228,14.3899,8.08735,-1.24529,0.178812,4.66782,12.3778,-0.677848,0.77083,10.8578,11.7342,1.75066,-0.543302,14.5374,11.4704,-0.944466,-1.08169,5.37452,16.4619,0.764298,0.942436
0.5,5.21175,3.66738,0.423586,-0.665107,10.1649,3.21888,0.329708,-1.56212,15.1678,3.89604,0.335549,-0.207634,4.60806,8.66081,-0.783789,1.322,9.90387,8.54576,-0.191987,1.09233,14.3774,8.08914,-1.24529,0.178852,4.66104,12.3855,-0.677845,0.770817,10.8753,11.7288,1.75068,-0.543356,14.528,11.4595,-0.944496,-1.08173,5.38216,16.4714,0.764296,0.942425
0.51,5.21599,3.66073,0.423589,-0.665104,10.1682,3.20326,0.329708,-1.56211,15.1712,3.89397,0.335544,-0.207625,4.60022,8.67403,-0.783786,1.32202,9.90195,8.55668,-0.191966,1.09238,14.365,8.09092,-1.2453,0.178894,4.65426,12.3932,-0.677842,0.770804,10.8928,11.7234,1.75069,-0.543412,14.5185,11.4487,-0.944527,-1.08178,5.38981,16.4808,0.764294,0.942413
0.52,5.22023,3.65408,0.423593,-0.665101,10.1714,3.18763,0.329708,-1.56211,15.1745,3.89189,0.335539,-0.207616,4.59239,8.68725,-0.783783,1.32204,9.90003,8.56761,-0.191944,1.09243,14.3525,8.09271,-1.2453,0.178938,4.64749,12.4009,-0.677839,0.77079,10.9103,11.7179,1.7507,-0.543468,14.5091,11.4379,-0.94456,-1.08183,5.39745,16.4902,0.764292,0.942402
0.53,5.22446,3.64742,0.423596,-0.665099,10.1747,3.17201,0.329707,-1.56211,15.1779,3.88981,0.335534,-0.207607,4.58455,8.70047,-0.78378,1.32206,9.89811,8.57853,-0.191921,1.09248,14.3401,8.0945,-1.24531,0.178983,4.64071,12.4086,-0.677837,0.770776,10.9278,11.7125,1.75072,-0.543526,14.4996,11.4271,-0.944595,-1.08188,5.40509,16.4996,0.76429,0.942391
0.54,5.2287,3.64077,0.423599,-0.665096,10.178,3.15639,0.329707,-1.5621,15.1813,3.88774,0.335529,-0.207598,4.57671,8.71369,-0.783777,1.32208,9.89619,8.58946,-0.191897,1.09253,14.3276,8.09629,-1.24531,0.17903,4.63393,12.4163,-0.677834,0.770761,10.9453,11.7071,1.75073,-0.543585,14.4902,11.4163,-0.944632,-1.08193,5.41273,16.5091,0.764289,0.94238
0.55,5.23293,3.63412,0.423602,-0.665093,10.1813,3.14077,0.329707,-1.5621,15.1846,3.88566,0.335524,-0.20759,4.56887,8.72691,-0.783774,1.32211,9.89427,8.60038,-0.191872,1.09259,14.3151,8.09808,-1.24532,0.179078,4.62715,12.4241,-0.677831,0.770746,10.9628,11.7016,1.75075,-0.543646,14.4807,11.4055,-0.94467,-1.08199,5.42038,16.5185,0.764287,0.942369
0.56,5.23717,3.62747,0.423605,-0.665091,10.1846,3.12515,0.329707,-1.5621,15.188,3.88359,0.33552,-0.207581,4.56103,8.74013,-0.783771,1.32213,9.89235,8.61131,-0.191846,1.09264,14.3027,8.09987,-1.24532,0.179128,4.62037,12.4318,-0.677829,0.770731,10.9803,11.6962,1.75077,-0.543707,14.4713,11.3946,-0.94471,-1.08204,5.42802,16.5279,0.764285,0.942357
0.57,5.24141,3.62082,0.423608,-0.665088,10.1879,3.10953,0.329707,-1.5621,15.1913,3.88151,0.335515,-0.207573,4.5532,8.75335,-0.783767,1.32215,9.89044,8.62224,-0.19182,1.09269,14.2902,8.10167,-1.24533,0.179179,4.61359,12.4395,-0.677826,0.770715,10.9978,11.6908,1.75079,-0.54377,14.4618,11.3838,-0.944753,-1.08209,5.43566,16.5373,0.764283,0.942347
0.58,5.24564,3.61417,0.423612,-0.665086,10.1912,3.09391,0.329706,-1.56209,15.1947,3.87944,0.33551,-0.207564,4.54536,8.76657,-0.783764,1.32218,9.88852,8.63316,-0.191792,1.09275,14.2778,8.10346,-1.24533,0.179233,4.60682,12.4472,-0.677823,0.770699,11.0153,11.6853,1.75081,-0.543834,14.4524,11.373,-0.944797,-1.08215,5.44331,16.5468,0.764281,0.942336
0.59,5.24988,3.60752,0.423615,-0.665084,10.1945,3.07829,0.329706,-1.56209,15.198,3.87736,0.335505,-0.207556,4.53752,8.77979,-0.783761,1.3222,9.8866,8.64409,-0.191764,1.09281,14.2653,8.10525,-1.24534,0.179288,4.60004,12.4549,-0.677821,0.770683,11.0328,11.6799,1.75083,-0.5439,14.4429,11.3622,-0.944845,-1.08221,5.45095,16.5562,0.764279,0.942325
0.6,5.25411,3.60087,0.423618,-0.665081,10.1978,3.06267,0.329706,-1.56209,15.2014,3.87528,0.3355,-0.207548,4.52968,8.79302,-0.783758,1.32222,9.88468,8.65502,-0.191734,1.09287,14.2529,8.10704,-1.24534,0.179345,4.59326,12.4626,-0.677818,0.770666,11.0503,11.6744,1.75085,-0.543967,14.4335,11.3513,-0.944894,-1.08227,5.45859,16.5656,0.764277,0.942314
0.61,5.25835,3.59422,0.423621,-0.665079,10.2011,3.04705,0.329706,-1.56208,15.2047,3.87321,0.335495,-0.20754,4.52185,8.80624,-0.783755,1.32225,9.88276,8.66595,-0.191703,1.09293,14.2404,8.10884,-1.24535,0.179404,4.58648,12.4703,-0.677815,0.770649,11.0678,11.669,1.75088,-0.544035,14.424,11.3405,-0.944946,-1.08233,5.46623,16.575,0.764275,0.942304
0.62,5.26259,3.58757,0.423624,-0.665077,10.2044,3.03142,0.329705,-1.56208,15.2081,3.87113,0.33549,-0.207532,4.51401,8.81946,-0.783752,1.32227,9.88085,8.67688,-0.191672,1.09299,14.228,8.11063,-1.24535,0.179465,4.5797,12.478,-0.677813,0.770632,11.0854,11.6636,1.7509,-0.544104,14.4146,11.3297,-0.945002,-1.08239,5.47388,16.5845,0.764273,0.942293
0.63,5.26682,3.58092,0.423627,-0.665075,10.2077,3.0158,0.329705,-1.56208,15.2114,3.86906,0.335486,-0.207524,4.50617,8.83268,-0.783749,1.3223,9.87893,8.68781,-0.191639,1.09305,14.2155,8.11243,-1.24536,0.179528,4.57292,12.4857,-0.67781,0.770614,11.1029,11.6581,1.75093,-0.544175,14.4051,11.3189,-0.94506,-1.08245,5.48152,16.5939,0.764271,0.942283
0.64,5.27106,3.57427,0.42363,-0.665073,10.211,3.00018,0.329705,-1.56208,15.2148,3.86698,0.335481,-0.207516,4.49833,8.84591,-0.783746,1.32233,9.87702,8.69874,-0.191605,1.09311,14.2031,8.11422,-1.24536,0.179593,4.56615,12.4934,-0.677808,0.770596,11.1204,11.6527,1.75096,-0.544248,14.3957,11.3081,-0.945121,-1.08252,5.48916,16.6033,0.764269,0.942273
0.65,5.2753,3.56761,0.423634,-0.665071,10.2143,2.98456,0.329705,-1.56207,15.2182,3.86491,0.335476,-0.207509,4.4905,8.85913,-0.783743,1.32235,9.8751,8.70967,-0.19157,1.09317,14.1906,8.11602,-1.24537,0.179661,4.55937,12.5011,-0.677805,0.770577,11.1379,11.6472,1.751,-0.544322,14.3862,11.2972,-0.945186,-1.08258,5.4968,16.6127,0.764267,0.942262
0.66,5.27953,3.56096,0.423637,-0.66507,10.2176,2.96894,0.329704,-1.56207,15.2215,3.86283,0.335471,-0.207501,4.48266,8.87235,-0.78374,1.32238,9.87318,8.7206,-0.191534,1.09324,14.1782,8.11782,-1.24537,0.17973,4.55259,12.5088,-0.677802,0.770559,11.1554,11.6418,1.75103,-0.544397,14.3768,11.2864,-0.945254,-1.08265,5.50445,16.6221,0.764265,0.942252
0.67,5.28377,3.55431,0.42364,-0.665068,10.2209,2.95332,0.329704,-1.56207,15.2249,3.86076,0.335466,-0.207494,4.47482,8.88558,-0.783737,1.32241,9.87127,8.73153,-0.191497,1.0933,14.1657,8.11961,-1.24538,0.179802,4.54581,12.5165,-0.6778,0.770539,11.1729,11.6363,1.75107,-0.544474,14.3673,11.2756,-0.945326,-1.08272,5.51209,16.6316,0.764262,0.942242
0.68,5.288,3.54766,0.423643,-0.665066,10.2242,2.9377,0.329704,-1.56207,15.2282,3.85868,0.335462,-0.207487,4.46698,8.8988,-0.783734,1.32243,9.86935,8.74247,-0.191458,1.09337,14.1532,8.12141,-1.24538,0.179876,4.53903,12.5242,-0.677797,0.77052,11.1904,11.6309,1.75111,-0.544553,14.3579,11.2647,-0.945402,-1.08279,5.51973,16.641,0.76426,0.942232
0.69,5.29224,3.54101,0.423646,-0.665064,10.2275,2.92208,0.329703,-1.56206,15.2316,3.85661,0.335457,-0.20748,4.45915,8.91203,-0.783731,1.32246,9.86744,8.7534,-0.191419,1.09343,14.1408,8.12321,-1.24539,0.179953,4.53226,12.5319,-0.677795,0.7705,11.2079,11.6254,1.75116,-0.544633,14.3484,11.2539,-0.945483,-1.08286,5.52738,16.6504,0.764258,0.942222
0.7,5.29648,3.53436,0.423649,-0.665063,10.2308,2.90646,0.329703,-1.56206,15.2349,3.85453,0.335452,-0.207472,4.45131,8.92525,-0.783728,1.32249,9.86553,8.76434,-0.191378,1.0935,14.1283,8.12501,-1.2454,0.180032,4.52548,12.5396,-0.677792,0.770479,11.2254,11.62,1.75121,-0.544715,14.339,11.2431,-0.945568,-1.08293,5.53502,16.6598,0.764256,0.942213
0.71,5.30071,3.52771,0.423653,-0.665061,10.2341,2.89084,0.329703,-1.56206,15.2383,3.85246,0.335447,-0.207465,4.44347,8.93848,-0.783725,1.32252,9.86361,8.77527,-0.191336,1.09357,14.1159,8.12681,-1.2454,0.180114,4.5187,12.5474,-0.67779,0.770458,11.243,11.6146,1.75126,-0.544798,14.3295,11.2323,-0.945658,-1.08301,5.54266,16.6693,0.764254,0.942203
0.72,5.30495,3.52106,0.423656,-0.66506,10.2374,2.87522,0.329703,-1.56206,15.2416,3.85038,0.335443,-0.207459,4.43564,8.9517,-0.783722,1.32255,9.8617,8.78621,-0.191293,1.09363,14.1034,8.12861,-1.24541,0.180198,4.51192,12.5551,-0.677787,0.770437,11.2605,11.6091,1.75132,-0.544883,14.3201,11.2214,-0.945753,-1.08308,5.5503,16.6787,0.764252,0.942193
0.73,5.30919,3.51441,0.423659,-0.665058,10.2407,2.8596,0.329702,-1.56205,15.245,3.84831,0.335438,-0.207452,4.4278,8.96493,-0.783719,1.32257,9.85979,8.79714,-0.191249,1.0937,14.091,8.13042,-1.24541,0.180285,4.50514,12.5628,-0.677785,0.770415,11.278,11.6037,1.75138,-0.54497,14.3106,11.2106,-0.945854,-1.08316,5.55795,16.6881,0.76425,0.942184
0.74,5.31342,3.50776,0.423662,-0.665057,10.244,2.84398,0.329702,-1.56205,15.2484,3.84624,0.335433,-0.207445,4.41996,8.97815,-0.783716,1.3226,9.85787,8.80808,-0.191204,1.09377,14.0785,8.13222,-1.24542,0.180376,4.49837,12.5705,-0.677782,0.770393,11.2955,11.5982,1.75144,-0.545059,14.3011,11.1998,-0.945961,-1.08324,5.56559,16.6975,0.764247,0.942174
0.75,5.31766,3.50111,0.423665,-0.665056,10.2473,2.82836,0.329701,-1.56205,15.2517,3.84416,0.335429,-0.207438,4.41212,8.99138,-0.783714,1.32263,9.85596,8.81902,-0.191157,1.09384,14.0661,8.13402,-1.24542,0.180468,4.49159,12.5782,-0.67778,0.770371,11.313,11.5928,1.75151,-0.54515,14.2917,11.1889,-0.946074,-1.08332,5.57323,16.7069,0.764245,0.942165
0.76,5.3219,3.49446,0.423668,-0.665054,10.2506,2.81274,0.329701,-1.56205,15.2551,3.84209,0.335424,-0.207432,4.40429,9.00461,-0.783711,1.32266,9.85405,8.82996,-0.191109,1.09391,14.0536,8.13583,-1.24543,0.180564,4.48481,12.5859,-0.677778,0.770348,11.3305,11.5873,1.75159,-0.545243,14.2822,11.1781,-0.946194,-1.0834,5.58087,16.7164,0.764243,0.942156
0.77,5.32613,3.48781,0.423672,-0.665053,10.2539,2.79711,0.329701,-1.56204,15.2584,3.84001,0.335419,-0.207426,4.39645,9.01783,-0.783708,1.32269,9.85214,8.8409,-0.19106,1.09399,14.0412,8.13763,-1.24543,0.180664,4.47803,12.5936,-0.677775,0.770324,11.348,11.5819,1.75167,-0.545338,14.2728,11.1673,-0.946322,-1.08349,5.58852,16.7258,0.764241,0.942147
0.78,5.33037,3.48116,0.423675,-0.665052,10.2572,2.78149,0.3297,-1.56204,15.2618,3.83794,0.335415,-0.207419,4.38861,9.03106,-0.783705,1.32273,9.85023,8.85184,-0.191009,1.09406,14.0287,8.13944,-1.24544,0.180766,4.47126,12.6013,-0.677773,0.770301,11.3656,11.5764,1.75176,-0.545435,14.2633,11.1564,-0.946457,-1.08357,5.59616,16.7352,0.764238,0.942137
0.79,5.33461,3.47451,0.423678,-0.665051,10.2605,2.76587,0.3297,-1.56204,15.2651,3.83586,0.33541,-0.207413,4.38078,9.04429,-0.783702,1.32276,9.84832,8.86278,-0.190958,1.09413,14.0163,8.14125,-1.24544,0.180872,4.46448,12.609,-0.677771,0.770276,11.3831,11.5709,1.75186,-0.545534,14.2538,11.1456,-0.9466,-1.08366,5.6038,16.7446,0.764236,0.942129
0.8,5.33884,3.46786,0.423681,-0.66505,10.2638,2.75025,0.329699,-1.56204,15.2685,3.83379,0.335405,-0.207407,4.37294,9.05752,-0.783699,1.32279,9.84641,8.87372,-0.190905,1.0942,14.0038,8.14306,-1.24545,0.180981,4.4577,12.6167,-0.677768,0.770252,11.4006,11.5655,1.75196,-0.545636,14.2444,11.1348,-0.946753,-1.08375,5.61144,16.7541,0.764234,0.94212
0.81,5.34308,3.46121,0.423684,-0.665049,10.2671,2.73463,0.329699,-1.56204,15.2718,3.83172,0.335401,-0.207401,4.3651,9.07074,-0.783696,1.32282,9.8445,8.88466,-0.190851,1.09428,13.9913,8.14487,-1.24545,0.181093,4.45092,12.6244,-0.677766,0.770227,11.4181,11.56,1.75207,-0.54574,14.2349,11.1239,-0.946914,-1.08383,5.61908,16.7635,0.764232,0.942111
0.82,5.34732,3.45455,0.423687,-0.665048,10.2704,2.71901,0.329699,-1.56203,15.2752,3.82964,0.335396,-0.207395,4.35726,9.08397,-0.783693,1.32285,9.84259,8.89561,-0.190795,1.09435,13.9789,8.14668,-1.24546,0.18121,4.44415,12.6321,-0.677764,0.770201,11.4356,11.5546,1.75219,-0.545847,14.2254,11.1131,-0.947086,-1.08393,5.62673,16.7729,0.764229,0.942102
0.83,5.35155,3.4479,0.423691,-0.665047,10.2737,2.70339,0.329698,-1.56203,15.2785,3.82757,0.335392,-0.207389,4.34943,9.0972,-0.78369,1.32289,9.84069,8.90655,-0.190738,1.09442,13.9664,8.14849,-1.24546,0.18133,4.43737,12.6398,-0.677761,0.770175,11.4532,11.5491,1.75232,-0.545957,14.2159,11.1022,-0.947269,-1.08402,5.63437,16.7823,0.764227,0.942093
0.84,5.35579,3.44125,0.423694,-0.665046,10.277,2.68777,0.329698,-1.56203,15.2819,3.82549,0.335387,-0.207383,4.34159,9.11043,-0.783687,1.32292,9.83878,8.91749,-0.190681,1.0945,13.954,8.15031,-1.24547,0.181454,4.43059,12.6475,-0.677759,0.770149,11.4707,11.5437,1.75246,-0.54607,14.2065,11.0914,-0.947464,-1.08411,5.64201,16.7917,0.764225,0.942085
0.85,5.36003,3.4346,0.423697,-0.665045,10.2803,2.67215,0.329697,-1.56203,15.2852,3.82342,0.335382,-0.207377,4.33375,9.12366,-0.783684,1.32295,9.83687,8.92844,-0.190621,1.09457,13.9415,8.15212,-1.24547,0.181582,4.42381,12.6552,-0.677757,0.770122,11.4882,11.5382,1.75261,-0.546187,14.197,11.0806,-0.947671,-1.0842,5.64965,16.8012,0.764223,0.942076
0.86,5.36427,3.42795,0.4237,-0.665044,10.2835,2.65653,0.329697,-1.56202,15.2886,3.82135,0.335378,-0.207372,4.32592,9.13689,-0.783681,1.32299,9.83497,8.93939,-0.190561,1.09465,13.9291,8.15394,-1.24548,0.181714,4.41703,12.6629,-0.677755,0.770094,11.5057,11.5327,1.75278,-0.546306,14.1875,11.0697,-0.947892,-1.0843,5.6573,16.8106,0.76422,0.942068
0.87,5.3685,3.4213,0.423703,-0.665043,10.2868,2.64091,0.329696,-1.56202,15.292,3.81927,0.335373,-0.207366,4.31808,9.15012,-0.783678,1.32302,9.83306,8.95033,-0.190499,1.09472,13.9166,8.15576,-1.24548,0.181851,4.41026,12.6706,-0.677753,0.770067,11.5233,11.5273,1.75295,-0.54643,14.178,11.0589,-0.948127,-1.08439,5.66494,16.82,0.764218,0.94206
0.88,5.37274,3.41465,0.423706,-0.665042,10.2901,2.62529,0.329696,-1.56202,15.2953,3.8172,0.335369,-0.207361,4.31024,9.16335,-0.783675,1.32306,9.83116,8.96128,-0.190436,1.0948,13.9042,8.15758,-1.24548,0.181992,4.40348,12.6783,-0.677751,0.770038,11.5408,11.5218,1.75314,-0.546557,14.1686,11.048,-0.948378,-1.08449,5.67258,16.8294,0.764216,0.942051
0.89,5.37698,3.408,0.42371,-0.665041,10.2934,2.60967,0.329695,-1.56202,15.2987,3.81513,0.335365,-0.207355,4.30241,9.17658,-0.783672,1.32309,9.82925,8.97223,-0.190372,1.09487,13.8917,8.1594,-1.24549,0.182138,4.3967,12.686,-0.677748,0.77001,11.5583,11.5163,1.75335,-0.546689,14.1591,11.0372,-0.948646,-1.08458,5.68022,16.8388,0.764213,0.942043
0.9,5.38121,3.40135,0.423713,-0.665041,10.2967,2.59405,0.329695,-1.56202,15.302,3.81305,0.33536,-0.20735,4.29457,9.18981,-0.783669,1.32313,9.82735,8.98318,-0.190307,1.09495,13.8793,8.16122,-1.24549,0.182288,4.38992,12.6937,-0.677746,0.76998,11.5759,11.5109,1.75357,-0.546826,14.1496,11.0263,-0.948931,-1.08468,5.68786,16.8483,0.764211,0.942035
0.91,5.38545,3.3947,0.423716,-0.66504,10.3,2.57843,0.329694,-1.56201,15.3054,3.81098,0.335356,-0.207345,4.28673,9.20304,-0.783667,1.32316,9.82545,8.99413,-0.190241,1.09502,13.8668,8.16304,-1.2455,0.182444,4.38315,12.7014,-0.677744,0.769951,11.5934,11.5054,1.75381,-0.546968,14.1401,11.0155,-0.949236,-1.08477,5.69551,16.8577,0.764209,0.942027
0.92,5.38969,3.38805,0.423719,-0.665039,10.3033,2.56281,0.329694,-1.56201,15.3087,3.8089,0.335351,-0.20734,4.2789,9.21627,-0.783664,1.3232,9.82354,9.00508,-0.190173,1.0951,13.8543,8.16487,-1.2455,0.182604,4.37637,12.7091,-0.677742,0.76992,11.6109,11.4999,1.75408,-0.547115,14.1306,11.0046,-0.949562,-1.08487,5.70315,16.8671,0.764206,0.942019
0.93,5.39393,3.3814,0.423722,-0.665039,10.3066,2.54719,0.329693,-1.56201,15.3121,3.80683,0.335347,-0.207335,4.27106,9.22951,-0.783661,1.32324,9.82164,9.01603,-0.190104,1.09517,13.8419,8.16669,-1.2455,0.18277,4.36959,12.7168,-0.67774,0.76989,11.6285,11.4945,1.75436,-0.547268,14.1211,10.9938,-0.94991,-1.08496,5.71079,16.8765,0.764204,0.942011
0.94,5.39816,3.37475,0.423725,-0.665038,10.3099,2.53157,0.329693,-1.56201,15.3154,3.80476,0.335343,-0.20733,4.26322,9.24274,-0.783658,1.32328,9.81974,9.02698,-0.190034,1.09525,13.8294,8.16852,-1.2455,0.182941,4.36282,12.7245,-0.677738,0.769859,11.646,11.489,1.75466,-0.547428,14.1116,10.9829,-0.950283,-1.08505,5.71843,16.8859,0.764202,0.942004
0.95,5.4024,3.3681,0.423728,-0.665037,10.3132,2.51595,0.329692,-1.562,15.3188,3.80268,0.335338,-0.207325,4.25539,9.25597,-0.783655,1.32331,9.81784,9.03793,-0.189963,1.09532,13.817,8.17035,-1.24551,0.183118,4.35604,12.7322,-0.677736,0.769827,11.6636,11.4835,1.75499,-0.547595,14.1021,10.9721,-0.950681,-1.08514,5.72607,16.8954,0.764199,0.941996
0.96,5.40664,3.36145,0.423732,-0.665037,10.3165,2.50033,0.329692,-1.562,15.3221,3.80061,0.335334,-0.20732,4.24755,9.26921,-0.783652,1.32335,9.81594,9.04889,-0.189891,1.09539,13.8045,8.17219,-1.24551,0.183301,4.34926,12.7399,-0.677735,0.769795,11.6811,11.478,1.75535,-0.54777,14.0926,10.9612,-0.951108,-1.08523,5.73372,16.9048,0.764197,0.941988
0.97,5.41087,3.3548,0.423735,-0.665036,10.3198,2.48471,0.329691,-1.562,15.3255,3.79854,0.33533,-0.207315,4.23971,9.28244,-0.783649,1.32339,9.81404,9.05984,-0.189818,1.09547,13.7921,8.17402,-1.24551,0.18349,4.34248,12.7476,-0.677733,0.769762,11.6987,11.4726,1.75573,-0.547953,14.0831,10.9504,-0.951565,-1.08532,5.74136,16.9142,0.764195,0.941981
0.98,5.41511,3.34815,0.423738,-0.665036,10.3231,2.46909,0.32969,-1.562,15.3288,3.79647,0.335325,-0.207311,4.23188,9.29567,-0.783646,1.32343,9.81215,9.0708,-0.189744,1.09554,13.7796,8.17586,-1.24551,0.183685,4.33571,12.7553,-0.677731,0.769729,11.7162,11.4671,1.75615,-0.548146,14.0736,10.9395,-0.952055,-1.0854,5.749,16.9236,0.764193,0.941974
0.99,5.41935,3.3415,0.423741,-0.665035,10.3264,2.45347,0.32969,-1.562,15.3322,3.79439,0.335321,-0.207306,4.22404,9.30891,-0.783643,1.32347,9.81025,9.08175,-0.189668,1.09561,13.7672,8.17769,-1.24551,0.183887,4.32893,12.763,-0.677729,0.769695,11.7338,11.4616,1.7566,-0.548349,14.064,10.9287,-0.952581,-1.08548,5.75664,16.933,0.76419,0.941966
1,5.42359,3.33485,0.423744,-0.665035,10.3297,2.43785,0.329689,-1.56199,15.3355,3.79232,0.335317,-0.207302,4.2162,9.32214,-0.78364,1.32351,9.80835,9.09271,-0.189592,1.09569,13.7547,8.17953,-1.24551,0.184095,4.32215,12.7707,-0.677727,0.769661,11.7514,11.4561,1.75709,-0.548564,14.0545,10.9178,-0.953145,-1.08555,5.76428,16.9425,0.764188,0.941959
1.01,5.42782,3.3282,0.423747,-0.665034,10.333,2.42223,0.329689,-1.56199,15.3389,3.79025,0.335313,-0.207297,4.20837,9.33538,-0.783636,1.32355,9.80646,9.10367,-0.189515,1.09576,13.7422,8.18138,-1.24551,0.184311,4.31537,12.7784,-0.677726,0.769626,11.7689,11.4506,1.75761,-0.548791,14.045,10.907,-0.953751,-1.08562,5.77193,16.9519,0.764186,0.941952
1.02,5.43206,3.32155,0.42375,-0.665034,10.3363,2.40661,0.329688,-1.56199,15.3423,3.78817,0.335309,-0.207293,4.20053,9.34861,-0.783633,1.32359,9.80456,9.11463,-0.189437,1.09583,13.7298,8.18322,-1.24551,0.184534,4.3086,12.7861,-0.677724,0.769591,11.7865,11.4451,1.75819,-0.549032,14.0354,10.8961,-0.954402,-1.08567,5.77957,16.9613,0.764183,0.941945
1.03,5.4363,3.3149,0.423754,-0.665034,10.3396,2.39099,0.329687,-1.56199,15.3456,3.7861,0.335304,-0.207288,4.1927,9.36185,-0.78363,1.32363,9.80267,9.12558,-0.189358,1.0959,13.7173,8.18507,-1.24551,0.184764,4.30182,12.7938,-0.677722,0.769555,11.8041,11.4396,1.7588,-0.549289,14.0259,10.8853,-0.955102,-1.08572,5.78721,16.9707,0.764181,0.941938
1.04,5.44054,3.30825,0.423757,-0.665033,10.3429,2.37537,0.329687,-1.56199,15.349,3.78403,0.3353,-0.207284,4.18486,9.37509,-0.783627,1.32368,9.80078,9.13654,-0.189278,1.09597,13.7049,8.18691,-1.24551,0.185002,4.29504,12.8015,-0.677721,0.769518,11.8217,11.4341,1.75947,-0.549562,14.0163,10.8744,-0.955855,-1.08577,5.79485,16.9801,0.764179,0.941931
1.05,5.44477,3.3016,0.42376,-0.665033,10.3462,2.35975,0.329686,-1.56198,15.3523,3.78195,0.335296,-0.20728,4.17702,9.38832,-0.783624,1.32372,9.79888,9.1475,-0.189197,1.09604,13.6924,8.18877,-1.24551,0.185248,4.28826,12.8092,-0.677719,0.769481,11.8393,11.4286,1.7602,-0.549854,14.0068,10.8635,-0.956665,-1.08579,5.80249,16.9896,0.764176,0.941924
1.06,5.44901,3.29495,0.423763,-0.665033,10.3495,2.34413,0.329685,-1.56198,15.3557,3.77988,0.335292,-0.207276,4.16919,9.40156,-0.783621,1.32376,9.79699,9.15846,-0.189115,1.09611,13.68,8.19062,-1.2455,0.185502,4.28149,12.8169,-0.677718,0.769444,11.8569,11.4231,1.76099,-0.550167,13.9972,10.8527,-0.957538,-1.08581,5.81014,16.999,0.764174,0.941917
1.07,5.45325,3.28829,0.423766,-0.665032,10.3528,2.32851,0.329685,-1.56198,15.359,3.77781,0.335288,-0.207272,4.16135,9.4148,-0.783618,1.32381,9.7951,9.16943,-0.189033,1.09618,13.6675,8.19248,-1.2455,0.185765,4.27471,12.8245,-0.677716,0.769405,11.8745,11.4176,1.76184,-0.550504,13.9876,10.8418,-0.958478,-1.08581,5.81778,17.0084,0.764172,0.94191
1.08,5.45749,3.28164,0.423769,-0.665032,10.3561,2.31289,0.329684,-1.56198,15.3624,3.77574,0.335284,-0.207268,4.15351,9.42804,-0.783615,1.32385,9.79321,9.18039,-0.188949,1.09625,13.6551,8.19433,-1.2455,0.186037,4.26793,12.8322,-0.677715,0.769367,11.8921,11.4121,1.76277,-0.550865,13.978,10.831,-0.959492,-1.08579,5.82542,17.0178,0.76417,0.941904
1.09,5.46172,3.27499,0.423772,-0.665032,10.3594,2.29727,0.329683,-1.56198,15.3657,3.77366,0.33528,-0.207264,4.14568,9.44128,-0.783611,1.32389,9.79132,9.19135,-0.188866,1.09631,13.6426,8.1962,-1.24549,0.186318,4.26116,12.8399,-0.677714,0.769327,11.9098,11.4066,1.76377,-0.551255,13.9684,10.8201,-0.960586,-1.08576,5.83306,17.0272,0.764167,0.941897
1.1,5.46596,3.26834,0.423775,-0.665032,10.3627,2.28165,0.329683,-1.56197,15.3691,3.77159,0.335276,-0.20726,4.13784,9.45451,-0.783608,1.32394,9.78943,9.20231,-0.188781,1.09638,13.6302,8.19806,-1.24548,0.186609,4.25438,12.8476,-0.677712,0.769288,11.9274,11.4011,1.76486,-0.551677,13.9588,10.8092,-0.961767,-1.0857,5.8407,17.0367,0.764165,0.941891
1.11,5.4702,3.26169,0.423778,-0.665031,10.366,2.26603,0.329682,-1.56197,15.3724,3.76952,0.335272,-0.207256,4.13001,9.46775,-0.783605,1.32399,9.78755,9.21328,-0.188696,1.09645,13.6177,8.19993,-1.24548,0.18691,4.2476,12.8553,-0.677711,0.769247,11.9451,11.3956,1.76604,-0.552134,13.9492,10.7984,-0.963043,-1.08561,5.84834,17.0461,0.764163,0.941884
1.12,5.47444,3.25504,0.423782,-0.665031,10.3693,2.25041,0.329681,-1.56197,15.3758,3.76745,0.335268,-0.207253,4.12217,9.48099,-0.783602,1.32403,9.78566,9.22424,-0.18861,1.09651,13.6052,8.2018,-1.24547,0.187221,4.24082,12.863,-0.67771,0.769206,11.9627,11.3901,1.76733,-0.55263,13.9395,10.7875,-0.964422,-1.08549,5.85599,17.0555,0.764161,0.941878
1.13,5.47868,3.24839,0.423785,-0.665031,10.3726,2.23479,0.32968,-1.56197,15.3791,3.76537,0.335264,-0.207249,4.11433,9.49424,-0.783598,1.32408,9.78377,9.23521,-0.188523,1.09657,13.5928,8.20367,-1.24546,0.187543,4.23405,12.8707,-0.677709,0.769164,11.9804,11.3845,1.76872,-0.55317,13.9299,10.7767,-0.965913,-1.08534,5.86363,17.0649,0.764158,0.941871
1.14,5.48291,3.24174,0.423788,-0.665031,10.3759,2.21917,0.32968,-1.56197,15.3825,3.7633,0.33526,-0.207245,4.1065,9.50748,-0.783595,1.32413,9.78189,9.24617,-0.188436,1.09664,13.5803,8.20555,-1.24545,0.187876,4.22727,12.8784,-0.677707,0.769122,11.9981,11.379,1.77024,-0.553758,13.9202,10.7658,-0.967527,-1.08516,5.87127,17.0743,0.764156,0.941865
1.15,5.48715,3.23509,0.423791,-0.665031,10.3792,2.20355,0.329679,-1.56196,15.3858,3.76123,0.335256,-0.207242,4.09866,9.52072,-0.783592,1.32417,9.78,9.25714,-0.188349,1.0967,13.5679,8.20743,-1.24544,0.188221,4.22049,12.8861,-0.677706,0.769079,12.0158,11.3735,1.77188,-0.554401,13.9105,10.755,-0.969274,-1.08492,5.87891,17.0837,0.764154,0.941859
1.16,5.49139,3.22844,0.423794,-0.665031,10.3825,2.18793,0.329678,-1.56196,15.3892,3.75916,0.335253,-0.207238,4.09083,9.53396,-0.783588,1.32422,9.77812,9.26811,-0.188261,1.09676,13.5554,8.20931,-1.24542,0.188578,4.21372,12.8938,-0.677705,0.769036,12.0335,11.3679,1.77367,-0.555104,13.9008,10.7441,-0.971167,-1.08464,5.88655,17.0932,0.764152,0.941853
1.17,5.49563,3.22179,0.423797,-0.665031,10.3858,2.17231,0.329677,-1.56196,15.3925,3.75708,0.335249,-0.207235,4.08299,9.5472,-0.783585,1.32427,9.77624,9.27908,-0.188172,1.09682,13.543,8.2112,-1.24541,0.188947,4.20694,12.9015,-0.677704,0.768991,12.0513,11.3624,1.77562,-0.555874,13.8911,10.7333,-0.973218,-1.08431,5.89419,17.1026,0.764149,0.941847
1.18,5.49987,3.21514,0.4238,-0.665031,10.389,2.15669,0.329677,-1.56196,15.3959,3.75501,0.335245,-0.207231,4.07515,9.56045,-0.783582,1.32432,9.77436,9.29004,-0.188083,1.09687,13.5305,8.21309,-1.24539,0.189329,4.20016,12.9092,-0.677703,0.768947,12.0691,11.3568,1.77774,-0.556721,13.8814,10.7224,-0.975443,-1.0839,5.90183,17.112,0.764147,0.941841
1.19,5.5041,3.20849,0.423803,-0.665031,10.3923,2.14108,0.329676,-1.56196,15.3993,3.75294,0.335241,-0.207228,4.06732,9.57369,-0.783578,1.32437,9.77248,9.30101,-0.187994,1.09693,13.5181,8.21499,-1.24537,0.189725,4.19339,12.9168,-0.677702,0.768901,12.0869,11.3512,1.78005,-0.557652,13.8716,10.7116,-0.977858,-1.08343,5.90948,17.1214,0.764145,0.941835
1.2,5.50834,3.20184,0.423806,-0.665031,10.3956,2.12546,0.329675,-1.56195,15.4026,3.75087,0.335237,-0.207225,4.05948,9.58693,-0.783575,1.32442,9.7706,9.31198,-0.187904,1.09699,13.5056,8.21689,-1.24535,0.190134,4.18661,12.9245,-0.677702,0.768855,12.1047,11.3456,1.78256,-0.558677,13.8618,10.7008,-0.980479,-1.08287,5.91712,17.1308,0.764143,0.941829
1.21,5.51258,3.19519,0.423809,-0.665031,10.3989,2.10984,0.329674,-1.56195,15.406,3.74879,0.335234,-0.207221,4.05165,9.60018,-0.783571,1.32448,9.76872,9.32295,-0.187814,1.09704,13.4932,8.21879,-1.24533,0.190558,4.17983,12.9322,-0.677701,0.768808,12.1225,11.3401,1.78529,-0.559809,13.852,10.69,-0.983327,-1.08223,5.92476,17.1403,0.764141,0.941824
1.22,5.51682,3.18854,0.423812,-0.665031,10.4022,2.09422,0.329673,-1.56195,15.4093,3.74672,0.33523,-0.207218,4.04381,9.61342,-0.783568,1.32453,9.76684,9.33392,-0.187724,1.0971,13.4807,8.2207,-1.24531,0.190997,4.17305,12.9399,-0.6777,0.768761,12.1404,11.3344,1.78827,-0.561059,13.8422,10.6791,-0.986421,-1.08147,5.9324,17.1497,0.764138,0.941818
1.23,5.52106,3.18189,0.423815,-0.665031,10.4055,2.0786,0.329673,-1.56195,15.4127,3.74465,0.335226,-0.207215,4.03598,9.62667,-0.783564,1.32458,9.76497,9.3449,-0.187634,1.09715,13.4682,8.22261,-1.24528,0.191452,4.16628,12.9476,-0.677699,0.768713,12.1583,11.3288,1.79152,-0.562443,13.8323,10.6683,-0.989786,-1.0806,5.94004,17.1591,0.764136,0.941812
1.24,5.52529,3.17524,0.423818,-0.665031,10.4088,2.06298,0.329672,-1.56195,15.416,3.74258,0.335223,-0.207212,4.02814,9.63991,-0.783561,1.32463,9.76309,9.35587,-0.187543,1.0972,13.4558,8.22453,-1.24526,0.191923,4.1595,12.9553,-0.677699,0.768664,12.1762,11.3232,1.79506,-0.563976,13.8224,10.6575,-0.993446,-1.07959,5.94768,17.1685,0.764134,0.941807
1.25,5.52953,3.16859,0.423821,-0.665031,10.4121,2.04736,0.329671,-1.56194,15.4194,3.74051,0.335219,-0.207209,4.0203,9.65316,-0.783557,1.32469,9.76121,9.36684,-0.187452,1.09725,13.4433,8.22645,-1.24523,0.192411,4.15272,12.963,-0.677698,0.768615,12.1942,11.3176,1.79892,-0.565676,13.8124,10.6467,-0.997428,-1.07843,5.95532,17.1779,0.764132,0.941801
1.26,5.53377,3.16194,0.423824,-0.665031,10.4154,2.03174,0.32967,-1.56194,15.4227,3.73843,0.335215,-0.207206,4.01247,9.66641,-0.783553,1.32474,9.75934,9.37781,-0.187361,1.0973,13.4309,8.22838,-1.24519,0.192916,4.14595,12.9707,-0.677698,0.768564,12.2122,11.3119,1.80314,-0.567565,13.8024,10.636,-1.00176,-1.0771,5.96297,17.1873,0.76413,0.941796
1.27,5.53801,3.15529,0.423827,-0.665031,10.4187,2.01612,0.329669,-1.56194,15.4261,3.73636,0.335212,-0.207203,4.00463,9.67966,-0.78355,1.3248,9.75747,9.38879,-0.18727,1.09735,13.4184,8.23031,-1.24516,0.19344,4.13917,12.9783,-0.677697,0.768513,12.2302,11.3062,1.80773,-0.569664,13.7924,10.6252,-1.00648,-1.07558,5.97061,17.1968,0.764128,0.94179
1.28,5.54225,3.14864,0.42383,-0.665031,10.422,2.0005,0.329668,-1.56194,15.4294,3.73429,0.335208,-0.2072,3.9968,9.6929,-0.783546,1.32485,9.7556,9.39976,-0.187179,1.09739,13.406,8.23225,-1.24512,0.193982,4.13239,12.986,-0.677697,0.768462,12.2483,11.3005,1.81274,-0.572,13.7823,10.6144,-1.01163,-1.07384,5.97825,17.2062,0.764125,0.941785
1.29,5.54649,3.14199,0.423833,-0.665031,10.4253,1.98488,0.329667,-1.56194,15.4328,3.73222,0.335205,-0.207198,3.98896,9.70615,-0.783542,1.32491,9.75372,9.41073,-0.187088,1.09744,13.3935,8.23419,-1.24508,0.194544,4.12562,12.9937,-0.677697,0.76841,12.2665,11.2948,1.81821,-0.574602,13.7721,10.6037,-1.01723,-1.07185,5.98589,17.2156,0.764123,0.94178
1.3,5.55072,3.13534,0.423836,-0.665031,10.4286,1.96926,0.329666,-1.56194,15.4361,3.73015,0.335201,-0.207195,3.98113,9.7194,-0.783538,1.32497,9.75185,9.42171,-0.186997,1.09748,13.3811,8.23614,-1.24503,0.195126,4.11884,13.0014,-0.677696,0.768357,12.2847,11.289,1.82418,-0.577503,13.7619,10.593,-1.02333,-1.06957,5.99353,17.225,0.764121,0.941775
1.31,5.55496,3.12869,0.423839,-0.665031,10.4319,1.95364,0.329666,-1.56193,15.4395,3.72807,0.335198,-0.207192,3.97329,9.73265,-0.783535,1.32503,9.74998,9.43268,-0.186905,1.09752,13.3686,8.23809,-1.24499,0.19573,4.11206,13.0091,-0.677696,0.768303,12.303,11.2832,1.83069,-0.580738,13.7517,10.5823,-1.02998,-1.06699,6.00117,17.2344,0.764119,0.94177
1.32,5.5592,3.12204,0.423842,-0.665031,10.4352,1.93802,0.329665,-1.56193,15.4428,3.726,0.335194,-0.207189,3.96546,9.7459,-0.783531,1.32508,9.74812,9.44366,-0.186814,1.09757,13.3562,8.24005,-1.24493,0.196355,4.10528,13.0168,-0.677696,0.768248,12.3213,11.2774,1.83779,-0.584349,13.7413,10.5717,-1.03722,-1.06405,6.00881,17.2439,0.764117,0.941765
1.33,5.56344,3.11539,0.423845,-0.665032,10.4385,1.9224,0.329664,-1.56193,15.4462,3.72393,0.335191,-0.207187,3.95762,9.75915,-0.783527,1.32514,9.74625,9.45463,-0.186723,1.09761,13.3437,8.24202,-1.24488,0.197004,4.09851,13.0244,-0.677696,0.768193,12.3397,11.2715,1.84553,-0.58838,13.7309,10.561,-1.04511,-1.06071,6.01645,17.2533,0.764115,0.94176
1.34,5.56768,3.10874,0.423848,-0.665032,10.4418,1.90678,0.329663,-1.56193,15.4495,3.72186,0.335188,-0.207184,3.94979,9.7724,-0.783523,1.3252,9.74438,9.46561,-0.186632,1.09764,13.3313,8.24399,-1.24482,0.197676,4.09173,13.0321,-0.677696,0.768137,12.3582,11.2656,1.85397,-0.592882,13.7204,10.5505,-1.0537,-1.05692,6.0241,17.2627,0.764113,0.941755
1.35,5.57192,3.10209,0.423851,-0.665032,10.4451,1.89116,0.329662,-1.56193,15.4529,3.71979,0.335184,-0.207182,3.94195,9.78566,-0.783519,1.32527,9.74252,9.47659,-0.186541,1.09768,13.3188,8.24597,-1.24476,0.198372,4.08495,13.0398,-0.677696,0.76808,12.3768,11.2597,1.86316,-0.59791,13.7098,10.5399,-1.06305,-1.05263,6.03174,17.2721,0.764111,0.94175
1.36,5.57615,3.09544,0.423854,-0.665032,10.4484,1.87555,0.329661,-1.56192,15.4562,3.71771,0.335181,-0.207179,3.93412,9.79891,-0.783515,1.32533,9.74065,9.48756,-0.18645,1.09772,13.3064,8.24796,-1.24469,0.199095,4.07818,13.0475,-0.677696,0.768022,12.3955,11.2537,1.87316,-0.603524,13.6992,10.5294,-1.07321,-1.04778,6.03938,17.2815,0.764109,0.941745
1.37,5.58039,3.08879,0.423857,-0.665032,10.4517,1.85993,0.32966,-1.56192,15.4596,3.71564,0.335178,-0.207177,3.92628,9.81216,-0.783511,1.32539,9.73879,9.49854,-0.186359,1.09775,13.2939,8.24995,-1.24462,0.199844,4.0714,13.0552,-0.677697,0.767964,12.4143,11.2476,1.88403,-0.609789,13.6884,10.519,-1.08424,-1.0423,6.04702,17.2909,0.764107,0.94174
1.38,5.58463,3.08214,0.42386,-0.665033,10.455,1.84431,0.329659,-1.56192,15.4629,3.71357,0.335174,-0.207174,3.91845,9.82542,-0.783506,1.32545,9.73692,9.50952,-0.186268,1.09779,13.2815,8.25196,-1.24454,0.20062,4.06462,13.0628,-0.677697,0.767905,12.4332,11.2415,1.89583,-0.616774,13.6775,10.5086,-1.09621,-1.03613,6.05466,17.3004,0.764105,0.941736
1.39,5.58887,3.07548,0.423863,-0.665033,10.4583,1.82869,0.329658,-1.56192,15.4663,3.7115,0.335171,-0.207172,3.91061,9.83867,-0.783502,1.32552,9.73506,9.5205,-0.186178,1.09782,13.2691,8.25397,-1.24446,0.201425,4.05785,13.0705,-0.677697,0.767845,12.4522,11.2352,1.90859,-0.624552,13.6664,10.4982,-1.10915,-1.02919,6.0623,17.3098,0.764103,0.941731
1.4,5.59311,3.06883,0.423866,-0.665033,10.4616,1.81307,0.329657,-1.56192,15.4696,3.70943,0.335168,-0.207169,3.90278,9.85193,-0.783498,1.32558,9.7332,9.53148,-0.186088,1.09785,13.2566,8.25598,-1.24437,0.20226,4.05107,13.0782,-0.677698,0.767784,12.4714,11.229,1.92238,-0.633193,13.6553,10.488,-1.12311,-1.02142,6.06994,17.3192,0.764101,0.941726
1.41,5.59735,3.06218,0.423869,-0.665033,10.4649,1.79745,0.329656,-1.56191,15.473,3.70736,0.335165,-0.207167,3.89494,9.86518,-0.783494,1.32565,9.73134,9.54245,-0.185998,1.09788,13.2442,8.25801,-1.24427,0.203125,4.04429,13.0859,-0.677698,0.767722,12.4907,11.2226,1.9372,-0.642765,13.644,10.4778,-1.13812,-1.01275,6.07758,17.3286,0.764099,0.941722
1.42,5.60159,3.05553,0.423872,-0.665034,10.4682,1.78183,0.329655,-1.56191,15.4763,3.70528,0.335161,-0.207165,3.88711,9.87844,-0.783489,1.32571,9.72948,9.55343,-0.185908,1.09791,13.2317,8.26005,-1.24418,0.204022,4.03751,13.0936,-0.677699,0.76766,12.5101,11.2161,1.95307,-0.653327,13.6325,10.4677,-1.15418,-1.00311,6.08522,17.338,0.764097,0.941717
1.43,5.60583,3.04888,0.423875,-0.665034,10.4715,1.76621,0.329654,-1.56191,15.4797,3.70321,0.335158,-0.207163,3.87927,9.8917,-0.783485,1.32578,9.72762,9.56441,-0.185818,1.09793,13.2193,8.26209,-1.24407,0.204953,4.03074,13.1012,-0.6777,0.767596,12.5297,11.2095,1.96994,-0.664912,13.6209,10.4577,-1.17124,-0.992489,6.09286,17.3474,0.764095,0.941713
1.44,5.61006,3.04223,0.423878,-0.665034,10.4748,1.75059,0.329653,-1.56191,15.483,3.70114,0.335155,-0.20716,3.87144,9.90496,-0.78348,1.32585,9.72576,9.57539,-0.185729,1.09796,13.2068,8.26415,-1.24396,0.205917,4.02396,13.1089,-0.677701,0.767532,12.5495,11.2028,1.98771,-0.67752,13.6091,10.4479,-1.18922,-0.980875,6.10051,17.3569,0.764093,0.941709
1.45,5.6143,3.03558,0.423881,-0.665034,10.4781,1.73497,0.329652,-1.56191,15.4864,3.69907,0.335152,-0.207158,3.8636,9.91822,-0.783476,1.32592,9.72391,9.58637,-0.185639,1.09799,13.1944,8.26621,-1.24384,0.206917,4.01718,13.1166,-0.677701,0.767467,12.5695,11.196,2.00621,-0.691086,13.5971,10.4381,-1.20792,-0.968337,6.10815,17.3663,0.764091,0.941704
1.46,5.61854,3.02893,0.423884,-0.665035,10.4814,1.71935,0.329651,-1.5619,15.4898,3.697,0.335149,-0.207156,3.85577,9.93148,-0.783471,1.32599,9.72205,9.59735,-0.18555,1.09801,13.182,8.26828,-1.24371,0.207953,4.01041,13.1243,-0.677702,0.767401,12.5896,11.189,2.02512,-0.705444,13.5849,10.4285,-1.22705,-0.955042,6.11579,17.3757,0.764089,0.9417
1.47,5.62278,3.02228,0.423887,-0.665035,10.4847,1.70374,0.32965,-1.5619,15.4931,3.69493,0.335146,-0.207154,3.84793,9.94474,-0.783467,1.32606,9.7202,9.60833,-0.185462,1.09803,13.1695,8.27037,-1.24358,0.209028,4.00363,13.1319,-0.677703,0.767334,12.61,11.1818,2.04396,-0.720271,13.5726,10.419,-1.24612,-0.941314,6.12343,17.3851,0.764087,0.941696
1.48,5.62702,3.01563,0.42389,-0.665035,10.4879,1.68812,0.329649,-1.5619,15.4965,3.69286,0.335143,-0.207152,3.8401,9.958,-0.783462,1.32613,9.71834,9.61931,-0.185373,1.09805,13.1571,8.27247,-1.24344,0.210141,3.99685,13.1396,-0.677705,0.767266,12.6305,11.1746,2.062,-0.735004,13.56,10.4097,-1.26439,-0.927719,6.13107,17.3945,0.764085,0.941692
1.49,5.63126,3.00898,0.423893,-0.665036,10.4912,1.6725,0.329648,-1.5619,15.4998,3.69078,0.33514,-0.20715,3.83226,9.97126,-0.783457,1.3262,9.71649,9.63029,-0.185285,1.09807,13.1447,8.27457,-1.24329,0.211295,3.99008,13.1473,-0.677706,0.767198,12.6512,11.1672,2.07815,-0.748713,13.5473,10.4005,-1.28077,-0.915186,6.13871,17.4039,0.764083,0.941688
1.5,5.6355,3.00233,0.423895,-0.665036,10.4945,1.65688,0.329647,-1.5619,15.5032,3.68871,0.335137,-0.207148,3.82443,9.98452,-0.783452,1.32627,9.71464,9.64127,-0.185197,1.09809,13.1322,8.27669,-1.24313,0.212491,3.9833,13.1549,-0.677707,0.767128,12.6721,11.1596,2.09081,-0.759934,13.5344,10.3914,-1.29368,-0.905183,6.14635,17.4134,0.764081,0.941683
1.51,5.63974,2.99568,0.423898,-0.665037,10.4978,1.64126,0.329646,-1.5619,15.5065,3.68664,0.335134,-0.207146,3.81659,9.99778,-0.783447,1.32635,9.71278,9.65225,-0.185109,1.09811,13.1198,8.27882,-1.24297,0.213729,3.97652,13.1626,-0.677708,0.767057,12.693,11.152,2.09778,-0.766428,13.5214,10.3824,-1.3009,-0.899947,6.15399,17.4228,0.76408,0.941679
1.52,5.64398,2.98903,0.423901,-0.665037,10.5011,1.62564,0.329645,-1.56189,15.5099,3.68457,0.335131,-0.207144,3.80876,10.011,-0.783442,1.32642,9.71093,9.66324,-0.185021,1.09813,13.1074,8.28097,-1.24279,0.215012,3.96974,13.1703,-0.67771,0.766986,12.714,11.1443,2.09602,-0.764905,13.5084,10.3734,-1.2994,-0.902772,6.16163,17.4322,0.764078,0.941676
1.53,5.64821,2.98238,0.423904,-0.665037,10.5044,1.61002,0.329644,-1.56189,15.5132,3.6825,0.335128,-0.207142,3.80092,10.0243,-0.783437,1.3265,9.70908,9.67422,-0.184934,1.09814,13.0949,8.28312,-1.24261,0.216342,3.96297,13.178,-0.677712,0.766913,12.7349,11.1367,2.0816,-0.750732,13.4955,10.3643,-1.28526,-0.918294,6.16927,17.4416,0.764076,0.941672
1.54,5.65245,2.97573,0.423907,-0.665038,10.5077,1.5944,0.329643,-1.56189,15.5166,3.68043,0.335125,-0.20714,3.79309,10.0376,-0.783432,1.32657,9.70723,9.6852,-0.184847,1.09815,13.0825,8.28529,-1.24242,0.217721,3.95619,13.1856,-0.677713,0.76684,12.7556,11.1293,2.04983,-0.7178,13.4828,10.3549,-1.25376,-0.952621,6.17691,17.451,0.764074,0.941668
1.55,5.65669,2.96908,0.42391,-0.665038,10.511,1.57878,0.329642,-1.56189,15.5199,3.67835,0.335122,-0.207139,3.78526,10.0508,-0.783427,1.32665,9.70539,9.69618,-0.18476,1.09817,13.0701,8.28748,-1.24221,0.219152,3.94941,13.1933,-0.677715,0.766765,12.7758,11.1224,1.99574,-0.658848,13.4705,10.3451,-1.19996,-1.01302,6.18455,17.4604,0.764072,0.941664
1.56,5.66093,2.96243,0.423913,-0.665038,10.5143,1.56316,0.329641,-1.56189,15.5233,3.67628,0.335119,-0.207137,3.77742,10.0641,-0.783422,1.32673,9.70354,9.70716,-0.184673,1.09818,13.0577,8.28968,-1.24199,0.220638,3.94264,13.201,-0.677717,0.76669,12.7954,11.1163,1.91543,-0.566716,13.4589,10.3346,-1.11996,-1.10665,6.1922,17.4699,0.76407,0.94166
1.57,5.66517,2.95578,0.423915,-0.665039,10.5176,1.54755,0.329639,-1.56188,15.5266,3.67421,0.335116,-0.207135,3.76959,10.0774,-0.783416,1.32681,9.70169,9.71814,-0.184586,1.09819,13.0453,8.29189,-1.24176,0.222185,3.93586,13.2086,-0.677719,0.766613,12.814,11.1112,1.80811,-0.436905,13.4482,10.3229,-1.01296,-1.23802,6.19984,17.4793,0.764069,0.941656
1.58,5.66941,2.94913,0.423918,-0.665039,10.5209,1.53193,0.329638,-1.56188,15.53,3.67214,0.335114,-0.207133,3.76175,10.0906,-0.783411,1.32689,9.69985,9.72913,-0.184499,1.0982,13.0328,8.29412,-1.24151,0.2238,3.92908,13.2163,-0.677721,0.766536,12.8315,11.1077,1.6783,-0.271093,13.4387,10.3097,-0.883488,-1.40546,6.20748,17.4887,0.764067,0.941653
1.59,5.67365,2.94248,0.423921,-0.66504,10.5242,1.51631,0.329637,-1.56188,15.5333,3.67007,0.335111,-0.207132,3.75392,10.1039,-0.783405,1.32697,9.698,9.74011,-0.184413,1.09821,13.0204,8.29637,-1.24124,0.225492,3.9223,13.224,-0.677723,0.766457,12.8476,11.1059,1.53665,-0.0797296,13.4305,10.2947,-0.742196,-1.59853,6.21512,17.4981,0.764065,0.941649
1.6,5.67789,2.93583,0.423924,-0.66504,10.5275,1.50069,0.329636,-1.56188,15.5367,3.668,0.335108,-0.20713,3.74609,10.1172,-0.7834,1.32706,9.69616,9.75109,-0.184326,1.09822,13.008,8.29863,-1.24095,0.227274,3.91553,13.2316,-0.677725,0.766377,12.8622,11.1061,1.39777,0.118962,13.4238,10.2777,-0.603692,-1.79901,6.22276,17.5075,0.764063,0.941646
1.61,5.68213,2.92918,0.423927,-0.665041,10.5308,1.48507,0.329635,-1.56188,15.54,3.66593,0.335105,-0.207128,3.73825,10.1305,-0.783394,1.32714,9.69432,9.76207,-0.18424,1.09822,12.9956,8.30091,-1.24062,0.229158,3.90875,13.2393,-0.677728,0.766297,12.8756,11.1082,1.27547,0.304388,13.4184,10.2587,-0.481809,-1.98633,6.2304,17.5169,0.764062,0.941642
1.62,5.68637,2.92253,0.42393,-0.665041,10.5341,1.46945,0.329634,-1.56187,15.5434,3.66386,0.335102,-0.207127,3.73042,10.1437,-0.783388,1.32722,9.69247,9.77305,-0.184154,1.09823,12.9832,8.30321,-1.24025,0.23116,3.90197,13.247,-0.67773,0.766215,12.8878,11.1121,1.17841,0.460407,13.4141,10.2381,-0.385208,-2.14436,6.23804,17.5264,0.76406,0.941639
1.63,5.69061,2.91588,0.423932,-0.665042,10.5374,1.45383,0.329633,-1.56187,15.5467,3.66178,0.3351,-0.207125,3.72258,10.157,-0.783382,1.32731,9.69063,9.78404,-0.184067,1.09824,12.9708,8.30554,-1.23984,0.233297,3.8952,13.2546,-0.677733,0.766132,12.8992,11.1173,1.10869,0.579247,13.4106,10.216,-0.31598,-2.26535,6.24568,17.5358,0.764058,0.941635
1.64,5.69485,2.90923,0.423935,-0.665042,10.5407,1.43821,0.329632,-1.56187,15.5501,3.65971,0.335097,-0.207124,3.71475,10.1703,-0.783376,1.3274,9.68879,9.79502,-0.183981,1.09824,12.9584,8.30788,-1.23938,0.235586,3.88842,13.2623,-0.677736,0.766048,12.9101,11.1235,1.06339,0.661063,13.4077,10.1929,-0.271227,-2.34946,6.25332,17.5452,0.764056,0.941632
1.65,5.69908,2.90258,0.423938,-0.665043,10.544,1.4226,0.329631,-1.56187,15.5534,3.65764,0.335094,-0.207122,3.70692,10.1835,-0.78337,1.32748,9.68695,9.806,-0.183896,1.09825,12.946,8.31025,-1.23886,0.238044,3.88164,13.2699,-0.677738,0.765962,12.9206,11.1304,1.03728,0.710959,13.4051,10.1691,-0.245727,-2.40182,6.26096,17.5546,0.764055,0.941628
1.66,5.70332,2.89592,0.423941,-0.665043,10.5473,1.40698,0.329629,-1.56187,15.5568,3.65557,0.335092,-0.20712,3.69908,10.1968,-0.783364,1.32757,9.68512,9.81698,-0.18381,1.09825,12.9336,8.31264,-1.23827,0.24069,3.87486,13.2776,-0.677741,0.765876,12.9309,11.1377,1.0249,0.735889,13.4027,10.1449,-0.234026,-2.4294,6.2686,17.564,0.764053,0.941625
1.67,5.70756,2.88927,0.423943,-0.665043,10.5506,1.39136,0.329628,-1.56187,15.5601,3.6535,0.335089,-0.207119,3.69125,10.2101,-0.783358,1.32766,9.68328,9.82797,-0.183725,1.09825,12.9213,8.31506,-1.2376,0.243542,3.86809,13.2853,-0.677744,0.765789,12.9411,11.1451,1.02163,0.742635,13.4004,10.1206,-0.231515,-2.439,6.27624,17.5734,0.764051,0.941622
1.68,5.7118,2.88262,0.423946,-0.665044,10.5539,1.37574,0.329627,-1.56186,15.5635,3.65143,0.335087,-0.207117,3.68342,10.2234,-0.783352,1.32775,9.68144,9.83895,-0.183639,1.09825,12.9089,8.31751,-1.23684,0.246619,3.86131,13.2929,-0.677748,0.7657,12.9513,11.1525,1.02401,0.736877,13.3981,10.0962,-0.234732,-2.43633,6.28388,17.5829,0.76405,0.941618
1.69,5.71604,2.87597,0.423949,-0.665044,10.5572,1.36012,0.329626,-1.56186,15.5668,3.64936,0.335084,-0.207116,3.67558,10.2367,-0.783345,1.32785,9.6796,9.84993,-0.183554,1.09825,12.8965,8.32,-1.23598,0.249941,3.85453,13.3006,-0.677751,0.76561,12.9616,11.1598,1.02959,0.722989,13.3957,10.0719,-0.24126,-2.42577,6.29152,17.5923,0.764048,0.941615
1.7,5.72028,2.86932,0.423952,-0.665045,10.5605,1.3445,0.329625,-1.56186,15.5702,3.64729,0.335081,-0.207115,3.66775,10.2499,-0.783339,1.32794,9.67777,9.86091,-0.183469,1.09825,12.8842,8.32251,-1.23502,0.253528,3.84775,13.3082,-0.677754,0.765519,12.9719,11.1669,1.03678,0.704162,13.3933,10.0477,-0.249499,-2.41053,6.29916,17.6017,0.764047,0.941612
1.71,5.72452,2.86267,0.423954,-0.665046,10.5638,1.32888,0.329624,-1.56186,15.5735,3.64521,0.335079,-0.207113,3.65992,10.2632,-0.783332,1.32804,9.67594,9.8719,-0.183384,1.09825,12.8718,8.32507,-1.23393,0.257401,3.84098,13.3159,-0.677758,0.765427,12.9823,11.1739,1.04455,0.682639,13.3907,10.0237,-0.258441,-2.39288,6.3068,17.6111,0.764045,0.941609
1.72,5.72876,2.85602,0.423957,-0.665046,10.5671,1.31327,0.329622,-1.56186,15.5769,3.64314,0.335076,-0.207112,3.65208,10.2765,-0.783325,1.32813,9.6741,9.88288,-0.183299,1.09825,12.8595,8.32766,-1.2327,0.261583,3.8342,13.3235,-0.677762,0.765333,12.9928,11.1806,1.05227,0.659955,13.3881,9.99982,-0.267477,-2.37438,6.31444,17.6205,0.764043,0.941606
1.73,5.733,2.84937,0.42396,-0.665047,10.5704,1.29765,0.329621,-1.56185,15.5802,3.64107,0.335074,-0.20711,3.64425,10.2898,-0.783319,1.32823,9.67227,9.89386,-0.183215,1.09825,12.8472,8.3303,-1.23133,0.266098,3.82742,13.3312,-0.677766,0.765238,13.0034,11.1871,1.0596,0.637131,13.3854,9.97616,-0.276265,-2.35607,6.32209,17.6299,0.764042,0.941603
1.74,5.73724,2.84272,0.423963,-0.665047,10.5737,1.28203,0.32962,-1.56185,15.5836,3.639,0.335071,-0.207109,3.63642,10.3031,-0.783312,1.32833,9.67044,9.90484,-0.183131,1.09824,12.8349,8.33299,-1.22978,0.270971,3.82064,13.3388,-0.677769,0.765142,13.014,11.1933,1.06634,0.614829,13.3826,9.95269,-0.284637,-2.33864,6.32973,17.6394,0.76404,0.9416
1.75,5.74148,2.83607,0.423965,-0.665048,10.5769,1.26641,0.329619,-1.56185,15.5869,3.63693,0.335069,-0.207108,3.62858,10.3163,-0.783304,1.32843,9.66861,9.91583,-0.183046,1.09824,12.8226,8.33572,-1.22805,0.276227,3.81387,13.3465,-0.677774,0.765045,13.0247,11.1994,1.07242,0.593457,13.3797,9.92939,-0.292529,-2.32252,6.33737,17.6488,0.764039,0.941597
1.76,5.74572,2.82942,0.423968,-0.665048,10.5802,1.25079,0.329618,-1.56185,15.5903,3.63486,0.335067,-0.207106,3.62075,10.3296,-0.783297,1.32853,9.66678,9.92681,-0.182962,1.09824,12.8103,8.33851,-1.22611,0.281896,3.80709,13.3541,-0.677778,0.764946,13.0354,11.2052,1.07782,0.573254,13.3767,9.90624,-0.299946,-2.30798,6.34501,17.6582,0.764037,0.941594
1.77,5.74996,2.82277,0.423971,-0.665049,10.5835,1.23517,0.329617,-1.56185,15.5936,3.63279,0.335064,-0.207105,3.61292,10.3429,-0.78329,1.32863,9.66495,9.93779,-0.182879,1.09823,12.798,8.34136,-1.22395,0.288007,3.80031,13.3618,-0.677782,0.764846,13.0462,11.2108,1.08255,0.554341,13.3737,9.88322,-0.306935,-2.29518,6.35265,17.6676,0.764036,0.941591
1.78,5.7542,2.81612,0.423973,-0.665049,10.5868,1.21955,0.329615,-1.56185,15.597,3.63072,0.335062,-0.207104,3.60508,10.3562,-0.783282,1.32873,9.66312,9.94877,-0.182795,1.09822,12.7858,8.34427,-1.22153,0.294591,3.79353,13.3694,-0.677787,0.764744,13.0571,11.2163,1.08668,0.536762,13.3706,9.86033,-0.313562,-2.28418,6.36029,17.677,0.764034,0.941588
1.79,5.75844,2.80947,0.423976,-0.66505,10.5901,1.20394,0.329614,-1.56184,15.6003,3.62865,0.335059,-0.207102,3.59725,10.3695,-0.783275,1.32884,9.66129,9.95976,-0.182711,1.09822,12.7736,8.34725,-1.21883,0.301681,3.78675,13.3771,-0.677791,0.764642,13.068,11.2216,1.09024,0.52051,13.3674,9.83753,-0.319909,-2.27501,6.36793,17.6864,0.764033,0.941585
1.8,5.76268,2.80282,0.423979,-0.66505,10.5934,1.18832,0.329613,-1.56184,15.6037,3.62658,0.335057,-0.207101,3.58942,10.3828,-0.783267,1.32895,9.65946,9.97074,-0.182628,1.09821,12.7614,8.35031,-1.21582,0.309311,3.77998,13.3847,-0.677796,0.764537,13.0789,11.2267,1.0933,0.505545,13.3642,9.81482,-0.326061,-2.26767,6.37557,17.6959,0.764031,0.941583
1.81,5.76692,2.79617,0.423981,-0.665051,10.5967,1.1727,0.329612,-1.56184,15.607,3.6245,0.335055,-0.2071,3.58159,10.3961,-0.783259,1.32905,9.65764,9.98172,-0.182545,1.0982,12.7493,8.35344,-1.21246,0.317517,3.7732,13.3924,-0.677801,0.764432,13.0898,11.2317,1.09591,0.491807,13.3609,9.79217,-0.332108,-2.26213,6.38321,17.7053,0.76403,0.94158
1.82,5.77116,2.78952,0.423984,-0.665052,10.6,1.15708,0.32961,-1.56184,15.6104,3.62243,0.335052,-0.207098,3.57375,10.4094,-0.783251,1.32916,9.65581,9.9927,-0.182462,1.09819,12.7372,8.35666,-1.20874,0.326336,3.76642,13.4,-0.677806,0.764325,13.1008,11.2365,1.09812,0.479226,13.3575,9.76957,-0.338137,-2.25836,6.39085,17.7147,0.764028,0.941577
1.83,5.7754,2.78287,0.423987,-0.665052,10.6033,1.14146,0.329609,-1.56184,15.6137,3.62036,0.33505,-0.207097,3.56592,10.4227,-0.783243,1.32927,9.65399,10.0037,-0.182379,1.09818,12.7251,8.35997,-1.20459,0.335807,3.75964,13.4077,-0.677812,0.764216,13.1118,11.2413,1.1,0.467725,13.3541,9.747,-0.344236,-2.25632,6.39849,17.7241,0.764027,0.941575
1.84,5.77964,2.77622,0.423989,-0.665053,10.6066,1.12584,0.329608,-1.56183,15.6171,3.61829,0.335048,-0.207096,3.55809,10.4359,-0.783235,1.32939,9.65217,10.0147,-0.182297,1.09817,12.7131,8.36338,-1.19999,0.345968,3.75286,13.4153,-0.677817,0.764106,13.1228,11.2459,1.10157,0.457226,13.3507,9.72444,-0.350491,-2.25597,6.40613,17.7335,0.764025,0.941572
1.85,5.78388,2.76957,0.423992,-0.665053,10.6099,1.11023,0.329607,-1.56183,15.6204,3.61622,0.335045,-0.207095,3.55026,10.4492,-0.783227,1.3295,9.65034,10.0256,-0.182214,1.09816,12.7011,8.36689,-1.19489,0.356857,3.74609,13.4229,-0.677823,0.763995,13.1338,11.2504,1.10288,0.447652,13.3471,9.70188,-0.356986,-2.25728,6.41377,17.7429,0.764024,0.941569
1.86,5.78812,2.76292,0.423994,-0.665054,10.6132,1.09461,0.329606,-1.56183,15.6238,3.61415,0.335043,-0.207094,3.54242,10.4625,-0.783218,1.32961,9.64852,10.0366,-0.182132,1.09814,12.6892,8.37052,-1.18925,0.368513,3.73931,13.4306,-0.677829,0.763882,13.1449,11.2549,1.10397,0.438929,13.3435,9.67929,-0.363804,-2.2602,6.42141,17.7523,0.764022,0.941567
1.87,5.79236,2.75626,0.423997,-0.665055,10.6165,1.07899,0.329604,-1.56183,15.6271,3.61208,0.335041,-0.207092,3.53459,10.4758,-0.783209,1.32973,9.6467,10.0476,-0.18205,1.09813,12.6773,8.37427,-1.183,0.38097,3.73253,13.4382,-0.677835,0.763767,13.1559,11.2592,1.10487,0.430986,13.3398,9.65667,-0.371026,-2.2647,6.42905,17.7618,0.764021,0.941564
1.88,5.7966,2.74961,0.424,-0.665055,10.6198,1.06337,0.329603,-1.56183,15.6305,3.61001,0.335039,-0.207091,3.52676,10.4891,-0.783201,1.32985,9.64488,10.0586,-0.181968,1.09812,12.6655,8.37814,-1.17611,0.394261,3.72575,13.4459,-0.677841,0.763651,13.167,11.2635,1.1056,0.423756,13.3361,9.63399,-0.378731,-2.27075,6.43669,17.7712,0.76402,0.941562
1.89,5.80084,2.74296,0.424002,-0.665056,10.6231,1.04775,0.329602,-1.56183,15.6338,3.60794,0.335036,-0.20709,3.51893,10.5024,-0.783192,1.32997,9.64306,10.0696,-0.181886,1.0981,12.6538,8.38215,-1.16852,0.408411,3.71897,13.4535,-0.677847,0.763533,13.178,11.2677,1.10619,0.417179,13.3323,9.61125,-0.386994,-2.27831,6.44433,17.7806,0.764018,0.941559
1.9,5.80508,2.73631,0.424005,-0.665056,10.6264,1.03213,0.329601,-1.56182,15.6372,3.60587,0.335034,-0.207089,3.5111,10.5157,-0.783182,1.33009,9.64124,10.0806,-0.181805,1.09808,12.6422,8.38631,-1.16018,0.423437,3.71219,13.4611,-0.677853,0.763414,13.1891,11.2718,1.10666,0.411197,13.3284,9.58842,-0.395888,-2.28734,6.45197,17.79,0.764017,0.941557
1.91,5.80932,2.72966,0.424007,-0.665057,10.6297,1.01652,0.329599,-1.56182,15.6405,3.60379,0.335032,-0.207088,3.50326,10.529,-0.783173,1.33021,9.63943,10.0915,-0.181724,1.09807,12.6306,8.39063,-1.15104,0.439343,3.70541,13.4688,-0.67786,0.763293,13.2001,11.2759,1.10702,0.405756,13.3243,9.56549,-0.405478,-2.29779,6.45961,17.7994,0.764016,0.941554
1.92,5.81356,2.72301,0.42401,-0.665058,10.633,1.0009,0.329598,-1.56182,15.6439,3.60172,0.33503,-0.207087,3.49543,10.5423,-0.783164,1.33034,9.63761,10.1025,-0.181643,1.09805,12.6192,8.3951,-1.14106,0.456115,3.69864,13.4764,-0.677867,0.76317,13.2112,11.2799,1.1073,0.400808,13.3202,9.54246,-0.415818,-2.3096,6.46725,17.8088,0.764014,0.941552
1.93,5.8178,2.71636,0.424013,-0.665058,10.6363,0.985279,0.329597,-1.56182,15.6472,3.59965,0.335028,-0.207085,3.4876,10.5556,-0.783154,1.33046,9.63579,10.1135,-0.181562,1.09803,12.6078,8.39975,-1.13021,0.47371,3.69186,13.484,-0.677874,0.763046,13.2223,11.2839,1.10751,0.396309,13.316,9.5193,-0.426948,-2.32268,6.47489,17.8183,0.764013,0.941549
1.94,5.82204,2.70971,0.424015,-0.665059,10.6396,0.969661,0.329596,-1.56182,15.6506,3.59758,0.335026,-0.207084,3.47977,10.5689,-0.783144,1.33059,9.63398,10.1245,-0.181481,1.09801,12.5966,8.40458,-1.11851,0.492053,3.68508,13.4917,-0.677881,0.76292,13.2334,11.2879,1.10765,0.392217,13.3117,9.496,-0.438884,-2.33691,6.48253,17.8277,0.764012,0.941547
1.95,5.82628,2.70306,0.424018,-0.66506,10.6429,0.954043,0.329594,-1.56182,15.6539,3.59551,0.335024,-0.207083,3.47194,10.5822,-0.783134,1.33072,9.63216,10.1355,-0.181401,1.098,12.5854,8.40959,-1.10596,0.511016,3.6783,13.4993,-0.677889,0.762792,13.2444,11.2918,1.10775,0.388496,13.3072,9.47256,-0.451606,-2.35214,6.49017,17.8371,0.76401,0.941545
1.96,5.83052,2.69641,0.42402,-0.66506,10.6462,0.938425,0.329593,-1.56181,15.6573,3.59344,0.335021,-0.207082,3.46411,10.5956,-0.783124,1.33085,9.63035,10.1464,-0.181321,1.09798,12.5744,8.4148,-1.09265,0.530409,3.67152,13.5069,-0.677896,0.762663,13.2555,11.2956,1.1078,0.385111,13.3027,9.44896,-0.465042,-2.36813,6.49781,17.8465,0.764009,0.941543
1.97,5.83476,2.68976,0.424023,-0.665061,10.6495,0.922807,0.329592,-1.56181,15.6606,3.59137,0.335019,-0.207081,3.45628,10.6089,-0.783114,1.33099,9.62854,10.1574,-0.181241,1.09795,12.5636,8.4202,-1.07875,0.549945,3.66474,13.5145,-0.677904,0.762531,13.2666,11.2995,1.10781,0.382032,13.2979,9.42519,-0.479042,-2.38457,6.50545,17.8559,0.764008,0.94154
1.98,5.839,2.68311,0.424025,-0.665062,10.6528,0.907189,0.329591,-1.56181,15.664,3.5893,0.335017,-0.20708,3.44844,10.6222,-0.783103,1.33112,9.62672,10.1684,-0.181161,1.09793,12.5529,8.4258,-1.06451,0.569222,3.65796,13.5222,-0.677912,0.762398,13.2777,11.3033,1.1078,0.37923,13.2931,9.40126,-0.493349,-2.40102,6.51309,17.8653,0.764006,0.941538
1.99,5.84324,2.67646,0.424028,-0.665062,10.6561,0.89157,0.329589,-1.56181,15.6673,3.58723,0.335015,-0.207079,3.44061,10.6355,-0.783092,1.33126,9.62491,10.1794,-0.181082,1.09791,12.5423,8.43158,-1.05035,0.587673,3.65118,13.5298,-0.677921,0.762263,13.2888,11.3071,1.10776,0.376679,13.2881,9.37717,-0.507547,-2.4169,6.52073,17.8747,0.764005,0.941536
2,5.84748,2.66981,0.42403,-0.665063,10.6593,0.875952,0.329588,-1.56181,15.6707,3.58516,0.335013,-0.207078,3.43278,10.6488,-0.783081,1.3314,9.6231,10.1904,-0.181002,1.09789,12.5319,8.43755,-1.03692,0.604525,3.6444,13.5374,-0.677929,0.762126,13.2998,11.3108,1.1077,0.374356,13.2829,9.35293,-0.521001,-2.43141,6.52837,17.8842,0.764004,0.941534
2.01,5.85172,2.66316,0.424033,-0.665064,10.6626,0.860334,0.329587,-1.56181,15.674,3.58309,0.335011,-0.207077,3.42495,10.6621,-0.78307,1.33154,9.62129,10.2013,-0.180923,1.09787,12.5216,8.44367,-1.02515,0.618736,3.63763,13.545,-0.677938,0.761988,13.3109,11.3146,1.10763,0.372239,13.2777,9.32855,-0.532774,-2.44348,6.53601,17.8936,0.764003,0.941532
2.02,5.85596,2.65651,0.424035,-0.665064,10.6659,0.844716,0.329586,-1.5618,15.6774,3.58102,0.335009,-0.207075,3.41712,10.6754,-0.783059,1.33168,9.61948,10.2123,-0.180845,1.09784,12.5113,8.44991,-1.01639,0.628939,3.63085,13.5526,-0.677947,0.761847,13.322,11.3183,1.10754,0.370309,13.2723,9.30407,-0.541529,-2.45173,6.54365,17.903,0.764001,0.94153
2.03,5.8602,2.64986,0.424038,-0.665065,10.6692,0.829098,0.329584,-1.5618,15.6807,3.57895,0.335007,-0.207074,3.40929,10.6887,-0.783047,1.33182,9.61768,10.2233,-0.180766,1.09782,12.5012,8.45623,-1.01249,0.633387,3.62407,13.5603,-0.677956,0.761704,13.3331,11.322,1.10745,0.368548,13.2668,9.27954,-0.545408,-2.4544,6.55129,17.9124,0.764,0.941527
2.04,5.86444,2.6432,0.42404,-0.665066,10.6725,0.81348,0.329583,-1.5618,15.6841,3.57687,0.335005,-0.207073,3.40146,10.7021,-0.783035,1.33197,9.61587,10.2343,-0.180688,1.09779,12.4911,8.46255,-1.01594,0.629932,3.61729,13.5679,-0.677965,0.76156,13.3441,11.3256,1.10734,0.36694,13.2614,9.25501,-0.541932,-2.44931,6.55893,17.9218,0.763999,0.941525
2.05,5.86868,2.63655,0.424042,-0.665066,10.6758,0.797862,0.329582,-1.5618,15.6874,3.5748,0.335003,-0.207072,3.39363,10.7154,-0.783023,1.33212,9.61406,10.2452,-0.18061,1.09777,12.4809,8.46879,-1.02989,0.616092,3.61051,13.5755,-0.677975,0.761413,13.3552,11.3293,1.10723,0.365469,13.256,9.23059,-0.527953,-2.43397,6.56657,17.9312,0.763998,0.941523
2.06,5.87292,2.6299,0.424045,-0.665067,10.6791,0.782244,0.329581,-1.5618,15.6908,3.57273,0.335001,-0.207071,3.3858,10.7287,-0.783011,1.33227,9.61226,10.2562,-0.180532,1.09774,12.4704,8.47483,-1.05806,0.589254,3.60373,13.5831,-0.677985,0.761264,13.3663,11.3329,1.10712,0.364121,13.2509,9.20637,-0.499752,-2.40576,6.57421,17.9407,0.763997,0.941521
2.07,5.87716,2.62325,0.424047,-0.665068,10.6824,0.766626,0.329579,-1.56179,15.6941,3.57066,0.334999,-0.20707,3.37797,10.742,-0.782999,1.33242,9.61045,10.2672,-0.180454,1.09771,12.4596,8.48052,-1.10435,0.547111,3.59695,13.5907,-0.677995,0.761113,13.3774,11.3366,1.10701,0.362883,13.2461,9.18252,-0.45342,-2.36236,6.58185,17.9501,0.763995,0.941519
2.08,5.8814,2.6166,0.42405,-0.665068,10.6857,0.751008,0.329578,-1.56179,15.6975,3.56859,0.334997,-0.207069,3.37014,10.7554,-0.782986,1.33257,9.60865,10.2782,-0.180377,1.09768,12.4483,8.48572,-1.1721,0.488357,3.59017,13.5983,-0.678005,0.76096,13.3884,11.3402,1.10689,0.361745,13.2419,9.15918,-0.385635,-2.30244,6.58949,17.9595,0.763994,0.941517
2.09,5.88564,2.60995,0.424052,-0.665069,10.689,0.73539,0.329577,-1.56179,15.7008,3.56652,0.334995,-0.207068,3.36231,10.7687,-0.782973,1.33273,9.60684,10.2892,-0.1803,1.09766,12.4361,8.49024,-1.26282,0.413552,3.58339,13.6059,-0.678016,0.760805,13.3995,11.3438,1.10677,0.360694,13.2385,9.13652,-0.294876,-2.22656,6.59713,17.9689,0.763993,0.941515
2.1,5.88988,2.6033,0.424055,-0.66507,10.6923,0.719773,0.329576,-1.56179,15.7042,3.56445,0.334994,-0.207067,3.35448,10.782,-0.78296,1.33289,9.60504,10.3001,-0.180223,1.09763,12.4229,8.49394,-1.3749,0.325844,3.57661,13.6135,-0.678027,0.760648,13.4106,11.3474,1.10666,0.359721,13.2361,9.11469,-0.182758,-2.13785,6.60477,17.9783,0.763992,0.941514
2.11,5.89412,2.59665,0.424057,-0.66507,10.6956,0.704155,0.329574,-1.56179,15.7075,3.56238,0.334992,-0.207066,3.34665,10.7953,-0.782946,1.33305,9.60324,10.3111,-0.180147,1.0976,12.4086,8.49673,-1.50275,0.23104,3.56983,13.6211,-0.678038,0.760488,13.4216,11.351,1.10654,0.358818,13.2349,9.09379,-0.0548733,-2.04211,6.61241,17.9877,0.763991,0.941512
2.12,5.89836,2.59,0.424059,-0.665071,10.6989,0.688537,0.329573,-1.56179,15.7109,3.56031,0.33499,-0.207065,3.33882,10.8087,-0.782933,1.33321,9.60144,10.3221,-0.18007,1.09757,12.3929,8.49857,-1.63724,0.136663,3.56305,13.6288,-0.67805,0.760327,13.4327,11.3546,1.10643,0.357976,13.235,9.07385,0.0796524,-1.94687,6.62005,17.9971,0.76399,0.94151
2.13,5.90261,2.58335,0.424062,-0.665072,10.7022,0.672919,0.329572,-1.56178,15.7142,3.55824,0.334988,-0.207064,3.33099,10.822,-0.782919,1.33338,9.59964,10.3331,-0.179994,1.09754,12.3758,8.49949,-1.76763,0.0501706,3.55627,13.6364,-0.678061,0.760163,13.4438,11.3582,1.10632,0.357189,13.2364,9.05483,0.210078,-1.85956,6.62769,18.0066,0.763989,0.941508
2.14,5.90685,2.5767,0.424064,-0.665072,10.7055,0.657301,0.32957,-1.56178,15.7176,3.55617,0.334986,-0.207063,3.32316,10.8353,-0.782904,1.33355,9.59784,10.344,-0.179918,1.0975,12.3576,8.49961,-1.88422,-0.0228708,3.54949,13.644,-0.678073,0.759996,13.4548,11.3617,1.10622,0.356451,13.2391,9.03661,0.326704,-1.78575,6.63533,18.016,0.763988,0.941506
2.15,5.91109,2.57005,0.424067,-0.665073,10.7088,0.641683,0.329569,-1.56178,15.7209,3.5541,0.334984,-0.207062,3.31533,10.8487,-0.78289,1.33372,9.59604,10.355,-0.179843,1.09747,12.3382,8.49909,-1.98047,-0.0797683,3.5427,13.6516,-0.678086,0.759827,13.4659,11.3653,1.10611,0.355757,13.2429,9.01906,0.422973,-1.72812,6.64297,18.0254,0.763987,0.941504
2.16,5.91533,2.5634,0.424069,-0.665074,10.7121,0.626065,0.329568,-1.56178,15.7243,3.55203,0.334982,-0.20706,3.3075,10.862,-0.782875,1.33389,9.59424,10.366,-0.179767,1.09744,12.318,8.49807,-2.05366,-0.120577,3.53592,13.6592,-0.678098,0.759656,13.4769,11.3689,1.10601,0.355103,13.2475,9.002,0.496193,-1.68663,6.65061,18.0348,0.763985,0.941503
2.17,5.91957,2.55675,0.424071,-0.665075,10.7154,0.610448,0.329567,-1.56178,15.7276,3.54996,0.33498,-0.207059,3.29968,10.8754,-0.78286,1.33407,9.59245,10.377,-0.179692,1.0974,12.2972,8.49672,-2.1044,-0.147232,3.52914,13.6667,-0.678111,0.759483,13.488,11.3724,1.10591,0.354487,13.2528,8.98528,0.546953,-1.65933,6.65825,18.0442,0.763984,0.941501
2.18,5.92381,2.55009,0.424074,-0.665075,10.7187,0.59483,0.329565,-1.56178,15.731,3.54789,0.334978,-0.207058,3.29185,10.8887,-0.782844,1.33424,9.59065,10.3879,-0.179616,1.09737,12.276,8.49517,-2.13535,-0.162532,3.52236,13.6743,-0.678124,0.759306,13.4991,11.3759,1.10581,0.353904,13.2584,8.96877,0.57793,-1.64341,6.66589,18.0536,0.763983,0.941499
2.19,5.92805,2.54344,0.424076,-0.665076,10.722,0.579212,0.329564,-1.56177,15.7343,3.54581,0.334977,-0.207057,3.28402,10.902,-0.782829,1.33442,9.58885,10.3989,-0.179541,1.09733,12.2546,8.4935,-2.15012,-0.169364,3.51558,13.6819,-0.678138,0.759128,13.5101,11.3795,1.10572,0.353354,13.2643,8.95238,0.592711,-1.63599,6.67353,18.0631,0.763982,0.941497
2.2,5.93229,2.53679,0.424078,-0.665077,10.7253,0.563594,0.329563,-1.56177,15.7377,3.54374,0.334975,-0.207056,3.27619,10.9154,-0.782813,1.3346,9.58706,10.4099,-0.179466,1.09729,12.233,8.4918,-2.15236,-0.170263,3.5088,13.6895,-0.678152,0.758946,13.5212,11.383,1.10563,0.352834,13.2702,8.93603,0.594963,-1.63454,6.68117,18.0725,0.763981,0.941496
2.21,5.93653,2.53014,0.424081,-0.665077,10.7286,0.547977,0.329562,-1.56177,15.741,3.54167,0.334973,-0.207055,3.26836,10.9287,-0.782796,1.33479,9.58526,10.4208,-0.179391,1.09726,12.2115,8.49011,-2.14535,-0.167257,3.50202,13.6971,-0.678166,0.758763,13.5322,11.3865,1.10555,0.352341,13.2761,8.91968,0.587969,-1.63701,6.68881,18.0819,0.76398,0.941494
2.22,5.94077,2.52349,0.424083,-0.665078,10.7319,0.532359,0.32956,-1.56177,15.7444,3.5396,0.334971,-0.207054,3.26054,10.9421,-0.78278,1.33498,9.58347,10.4318,-0.179316,1.09722,12.1902,8.48846,-2.13182,-0.161862,3.49523,13.7047,-0.678181,0.758576,13.5433,11.3901,1.10546,0.351875,13.282,8.90329,0.57445,-1.64191,6.69645,18.0913,0.763979,0.941492
2.23,5.94501,2.51684,0.424085,-0.665079,10.7352,0.516741,0.329559,-1.56177,15.7477,3.53753,0.334969,-0.207053,3.25271,10.9554,-0.782763,1.33517,9.58168,10.4428,-0.17924,1.09718,12.1689,8.48687,-2.11392,-0.155162,3.48845,13.7123,-0.678195,0.758387,13.5543,11.3936,1.10538,0.351434,13.2876,8.88684,0.556553,-1.64813,6.70409,18.1007,0.763978,0.941491
2.24,5.94925,2.51019,0.424087,-0.665079,10.7384,0.501124,0.329558,-1.56177,15.7511,3.53546,0.334967,-0.207052,3.24488,10.9688,-0.782746,1.33536,9.57989,10.4538,-0.179165,1.09714,12.1479,8.48536,-2.09327,-0.147902,3.48167,13.7199,-0.678211,0.758195,13.5654,11.3971,1.1053,0.351016,13.2931,8.87032,0.53591,-1.65493,6.71173,18.1101,0.763977,0.941489
2.25,5.95349,2.50354,0.42409,-0.66508,10.7417,0.514056,0.329556,1.56177,15.7544,3.53339,0.334966,-0.207051,3.23705,10.9821,-0.782728,1.33556,9.57809,10.4647,-0.17909,1.09709,12.1271,8.48392,-2.07109,-0.140572,3.47489,13.7274,-0.678226,0.758,13.5764,11.4006,1.10523,0.35062,13.2983,8.85374,0.513729,-1.66182,6.71937,18.1195,0.763976,0.941488
2.26,5.95774,2.49689,0.424092,-0.665081,10.745,0.529674,0.329555,1.56177,15.7578,3.53132,0.334964,-0.207049,3.22923,10.9955,-0.78271,1.33576,9.5763,10.4757,-0.179015,1.09705,12.1065,8.48255,-2.04825,-0.133485,3.46811,13.735,-0.678242,0.757803,13.5875,11.4041,1.10515,0.350245,13.3034,8.83709,0.490889,-1.66849,6.72701,18.129,0.763975,0.941486
2.27,5.96198,2.49024,0.424094,-0.665082,10.7483,0.545291,0.329554,1.56177,15.7611,3.52925,0.334962,-0.207048,3.2214,11.0089,-0.782692,1.33596,9.57451,10.4867,-0.17894,1.09701,12.0861,8.48125,-2.02538,-0.126824,3.46132,13.7426,-0.678259,0.757602,13.5985,11.4076,1.10508,0.34989,13.3081,8.82037,0.468013,-1.67476,6.73465,18.1384,0.763974,0.941484
2.28,5.96622,2.48359,0.424097,-0.665082,10.7516,0.560909,0.329552,1.56177,15.7645,3.52718,0.33496,-0.207047,3.21357,11.0222,-0.782673,1.33616,9.57272,10.4976,-0.178866,1.09696,12.066,8.48001,-2.00291,-0.120691,3.45454,13.7502,-0.678275,0.757399,13.6096,11.4111,1.10501,0.349554,13.3127,8.80359,0.445532,-1.68051,6.74229,18.1478,0.763974,0.941483
2.29,5.97046,2.47694,0.424099,-0.665083,10.7549,0.576527,0.329551,1.56177,15.7678,3.52511,0.334958,-0.207046,3.20574,11.0356,-0.782654,1.33637,9.57094,10.5086,-0.178791,1.09692,12.046,8.47883,-1.98112,-0.115127,3.44776,13.7578,-0.678292,0.757193,13.6206,11.4146,1.10494,0.349235,13.3171,8.78676,0.423739,-1.68571,6.74993,18.1572,0.763973,0.941481
2.3,5.9747,2.47029,0.424102,-0.665084,10.7582,0.592145,0.32955,1.56178,15.7712,3.52304,0.334956,-0.207045,3.19792,11.0489,-0.782634,1.33658,9.56915,10.5196,-0.178716,1.09687,12.0263,8.4777,-1.96021,-0.11014,3.44098,13.7653,-0.67831,0.756983,13.6317,11.4181,1.10488,0.348933,13.3212,8.76988,0.402823,-1.69035,6.75757,18.1666,0.763972,0.94148
2.31,5.97894,2.46363,0.424104,-0.665085,10.7615,0.607762,0.329548,1.56178,15.7745,3.52097,0.334955,-0.207044,3.19009,11.0623,-0.782614,1.33679,9.56736,10.5306,-0.178641,1.09682,12.0068,8.47663,-1.9403,-0.105711,3.43419,13.7729,-0.678328,0.756771,13.6427,11.4216,1.10482,0.348646,13.3251,8.75296,0.382899,-1.69445,6.76521,18.176,0.763971,0.941478
2.32,5.98318,2.45698,0.424107,-0.665085,10.7648,0.62338,0.329547,1.56178,15.7779,3.5189,0.334953,-0.207043,3.18227,11.0757,-0.782594,1.33701,9.56558,10.5415,-0.178567,1.09677,11.9875,8.47559,-1.92144,-0.101809,3.42741,13.7805,-0.678346,0.756555,13.6538,11.4251,1.10475,0.348374,13.3289,8.73599,0.364027,-1.69803,6.77285,18.1854,0.76397,0.941477
2.33,5.98742,2.45033,0.424109,-0.665086,10.7681,0.638998,0.329545,1.56178,15.7812,3.51683,0.334951,-0.207042,3.17444,11.0891,-0.782574,1.33723,9.56379,10.5525,-0.178493,1.09672,11.9684,8.47459,-1.90366,-0.0983969,3.42063,13.788,-0.678365,0.756336,13.6648,11.4285,1.10469,0.348116,13.3324,8.719,0.346229,-1.70114,6.78049,18.1949,0.763969,0.941476
2.34,5.99166,2.44368,0.424112,-0.665087,10.7714,0.654616,0.329544,1.56178,15.7846,3.51476,0.334949,-0.207041,3.16661,11.1024,-0.782552,1.33745,9.56201,10.5635,-0.178418,1.09667,11.9494,8.47362,-1.88695,-0.0954313,3.41384,13.7956,-0.678384,0.756114,13.6759,11.432,1.10464,0.347872,13.3358,8.70197,0.329502,-1.70381,6.78813,18.2043,0.763968,0.941474
2.35,5.9959,2.43703,0.424114,-0.665088,10.7747,0.670234,0.329543,1.56179,15.7879,3.51269,0.334947,-0.207039,3.15879,11.1158,-0.782531,1.33768,9.56022,10.5744,-0.178344,1.09662,11.9307,8.47268,-1.87129,-0.0928703,3.40706,13.8031,-0.678404,0.755889,13.6869,11.4355,1.10458,0.347639,13.339,8.68492,0.313824,-1.70609,6.79577,18.2137,0.763967,0.941473
2.36,6.00015,2.43038,0.424117,-0.665088,10.778,0.685851,0.329541,1.56179,15.7913,3.51062,0.334945,-0.207038,3.15096,11.1292,-0.782509,1.33791,9.55844,10.5854,-0.17827,1.09657,11.912,8.47176,-1.85665,-0.0906725,3.40027,13.8107,-0.678424,0.75566,13.698,11.439,1.10453,0.347419,13.3421,8.66785,0.299159,-1.70801,6.80341,18.2231,0.763966,0.941471
2.37,6.00439,2.42373,0.42412,-0.665089,10.7813,0.701469,0.329539,1.56179,15.7946,3.50855,0.334943,-0.207037,3.14314,11.1426,-0.782487,1.33814,9.55666,10.5964,-0.178197,1.09652,11.8935,8.47086,-1.84297,-0.0887986,3.39349,13.8183,-0.678444,0.755428,13.709,11.4424,1.10447,0.347209,13.345,8.65076,0.285465,-1.70963,6.81104,18.2325,0.763965,0.94147
2.38,6.00863,2.41708,0.424123,-0.66509,10.7846,0.717087,0.329538,1.56179,15.798,3.50648,0.334941,-0.207036,3.13531,11.1559,-0.782464,1.33838,9.55488,10.6073,-0.178123,1.09646,11.8752,8.46998,-1.83023,-0.0872118,3.3867,13.8258,-0.678465,0.755193,13.7201,11.4459,1.10442,0.347011,13.3478,8.63366,0.272695,-1.71096,6.81868,18.2419,0.763965,0.941469
2.39,6.01287,2.41043,0.424125,-0.665091,10.7879,0.732705,0.329536,1.56179,15.8013,3.50441,0.334939,-0.207035,3.12749,11.1693,-0.78244,1.33862,9.55309,10.6183,-0.17805,1.09641,11.8569,8.46912,-1.81835,-0.0858786,3.37992,13.8334,-0.678487,0.754953,13.7311,11.4494,1.10437,0.346821,13.3504,8.61654,0.260798,-1.71205,6.82632,18.2513,0.763964,0.941467
2.4,6.01711,2.40378,0.424128,-0.665091,10.7912,0.748323,0.329535,1.56179,15.8047,3.50234,0.334937,-0.207034,3.11967,11.1827,-0.782417,1.33886,9.55131,10.6292,-0.177977,1.09635,11.8388,8.46826,-1.8073,-0.0847683,3.37313,13.8409,-0.678509,0.754711,13.7422,11.4529,1.10433,0.346642,13.353,8.59942,0.249724,-1.71293,6.83396,18.2608,0.763963,0.941466
2.41,6.02135,2.39713,0.424131,-0.665092,10.7945,0.763941,0.329533,1.5618,15.808,3.50026,0.334935,-0.207033,3.11184,11.1961,-0.782392,1.33911,9.54953,10.6402,-0.177904,1.09629,11.8208,8.46742,-1.79703,-0.0838532,3.36635,13.8485,-0.678531,0.754464,13.7532,11.4563,1.10428,0.346471,13.3554,8.58229,0.239422,-1.71362,6.8416,18.2702,0.763962,0.941465
2.42,6.02559,2.39047,0.424134,-0.665093,10.7978,0.779559,0.329532,1.5618,15.8114,3.49819,0.334933,-0.207031,3.10402,11.2095,-0.782367,1.33936,9.54776,10.6512,-0.177832,1.09624,11.8028,8.46659,-1.78748,-0.0831082,3.35956,13.856,-0.678554,0.754214,13.7642,11.4598,1.10423,0.346309,13.3578,8.56515,0.229844,-1.71415,6.84924,18.2796,0.763961,0.941463
2.43,6.02983,2.38382,0.424137,-0.665094,10.8011,0.795177,0.32953,1.5618,15.8147,3.49612,0.334931,-0.20703,3.09619,11.2229,-0.782342,1.33962,9.54598,10.6621,-0.177759,1.09618,11.785,8.46576,-1.7786,-0.0825113,3.35278,13.8635,-0.678578,0.75396,13.7753,11.4632,1.10419,0.346154,13.36,8.548,0.220942,-1.71453,6.85688,18.289,0.76396,0.941462
2.44,6.03408,2.37717,0.42414,-0.665094,10.8044,0.810795,0.329528,1.5618,15.8181,3.49405,0.334929,-0.207029,3.08837,11.2363,-0.782316,1.33987,9.5442,10.6731,-0.177687,1.09612,11.7673,8.46494,-1.77036,-0.0820425,3.34599,13.8711,-0.678602,0.753702,13.7863,11.4667,1.10415,0.346007,13.3622,8.53086,0.21267,-1.7148,6.86452,18.2984,0.76396,0.941461
2.45,6.03832,2.37052,0.424143,-0.665095,10.8077,0.826413,0.329526,1.5618,15.8214,3.49198,0.334926,-0.207028,3.08055,11.2497,-0.78229,1.34014,9.54242,10.6841,-0.177616,1.09606,11.7496,8.46412,-1.76271,-0.0816842,3.33921,13.8786,-0.678627,0.753441,13.7974,11.4702,1.10411,0.345867,13.3643,8.51371,0.204986,-1.71496,6.87216,18.3078,0.763959,0.94146
2.46,6.04256,2.36387,0.424146,-0.665096,10.8109,0.842031,0.329525,1.5618,15.8248,3.48991,0.334924,-0.207027,3.07272,11.2631,-0.782263,1.3404,9.54065,10.695,-0.177545,1.096,11.732,8.4633,-1.7556,-0.0814209,3.33242,13.8861,-0.678652,0.753175,13.8084,11.4736,1.10407,0.345734,13.3663,8.49656,0.197847,-1.71503,6.8798,18.3173,0.763958,0.941458
2.47,6.0468,2.35722,0.424149,-0.665097,10.8142,0.857649,0.329523,1.56181,15.8281,3.48784,0.334922,-0.207025,3.0649,11.2765,-0.782235,1.34067,9.53887,10.706,-0.177474,1.09594,11.7145,8.46249,-1.749,-0.0812389,3.32563,13.8937,-0.678678,0.752905,13.8194,11.4771,1.10403,0.345607,13.3682,8.47941,0.191217,-1.71503,6.88744,18.3267,0.763957,0.941457
2.48,6.05104,2.35057,0.424152,-0.665097,10.8175,0.873267,0.329521,1.56181,15.8315,3.48577,0.33492,-0.207024,3.05708,11.2899,-0.782207,1.34095,9.5371,10.7169,-0.177403,1.09588,11.697,8.46168,-1.74288,-0.081126,3.31885,13.9012,-0.678704,0.752631,13.8305,11.4805,1.10399,0.345486,13.3701,8.46226,0.185058,-1.71496,6.89508,18.3361,0.763957,0.941456
2.49,6.05528,2.34392,0.424155,-0.665098,10.8208,0.888885,0.329519,1.56181,15.8348,3.4837,0.334918,-0.207023,3.04926,11.3033,-0.782179,1.34123,9.53533,10.7279,-0.177333,1.09582,11.6796,8.46087,-1.73719,-0.0810716,3.31206,13.9087,-0.678731,0.752353,13.8415,11.484,1.10395,0.345371,13.372,8.44511,0.179337,-1.71484,6.90272,18.3455,0.763956,0.941455
2.5,6.05952,2.33727,0.424158,-0.665099,10.8241,0.904503,0.329518,1.56181,15.8382,3.48163,0.334915,-0.207022,3.04144,11.3167,-0.782149,1.34151,9.53355,10.7389,-0.177263,1.09575,11.6623,8.46006,-1.73191,-0.0810664,3.30527,13.9163,-0.678759,0.752071,13.8526,11.4874,1.10392,0.345261,13.3737,8.42796,0.174023,-1.71467,6.91036,18.3549,0.763955,0.941454
2.51,6.06377,2.33062,0.424161,-0.6651,10.8274,0.920121,0.329516,1.56181,15.8415,3.47956,0.334913,-0.207021,3.03362,11.3301,-0.782119,1.3418,9.53178,10.7498,-0.177194,1.09569,11.645,8.45925,-1.72701,-0.0811023,3.29848,13.9238,-0.678787,0.751784,13.8636,11.4909,1.10388,0.345157,13.3754,8.41082,0.169085,-1.71447,6.918,18.3643,0.763954,0.941452
2.52,6.06801,2.32396,0.424164,-0.6651,10.8307,0.93574,0.329514,1.56182,15.8449,3.47749,0.334911,-0.207019,3.02579,11.3436,-0.782089,1.34209,9.53001,10.7608,-0.177125,1.09563,11.6277,8.45843,-1.72245,-0.0811722,3.2917,13.9313,-0.678816,0.751493,13.8746,11.4943,1.10385,0.345057,13.3771,8.39367,0.164497,-1.71424,6.92564,18.3737,0.763954,0.941451
2.53,6.07225,2.31731,0.424168,-0.665101,10.834,0.951358,0.329512,1.56182,15.8482,3.47542,0.334909,-0.207018,3.01797,11.357,-0.782058,1.34239,9.52824,10.7717,-0.177057,1.09556,11.6105,8.45762,-1.71822,-0.0812698,3.28491,13.9388,-0.678845,0.751197,13.8857,11.4978,1.10382,0.344962,13.3787,8.37653,0.160233,-1.71399,6.93328,18.3832,0.763953,0.94145
2.54,6.07649,2.31066,0.424171,-0.665102,10.8373,0.966976,0.32951,1.56182,15.8516,3.47335,0.334906,-0.207017,3.01015,11.3704,-0.782026,1.34269,9.52647,10.7827,-0.176989,1.0955,11.5934,8.45681,-1.7143,-0.0813899,3.27812,13.9463,-0.678875,0.750897,13.8967,11.5012,1.10379,0.344871,13.3803,8.35939,0.156269,-1.71371,6.94092,18.3926,0.763952,0.941449
2.55,6.08073,2.30401,0.424174,-0.665102,10.8406,0.982594,0.329508,1.56182,15.8549,3.47128,0.334904,-0.207015,3.00233,11.3838,-0.781993,1.34299,9.5247,10.7936,-0.176922,1.09543,11.5763,8.45599,-1.71065,-0.0815278,3.27133,13.9538,-0.678906,0.750591,13.9078,11.5047,1.10375,0.344784,13.3818,8.34226,0.152583,-1.71342,6.94856,18.402,0.763951,0.941448
2.56,6.08497,2.29736,0.424178,-0.665103,10.8439,0.998212,0.329506,1.56182,15.8583,3.46921,0.334902,-0.207014,2.99451,11.3973,-0.78196,1.3433,9.52293,10.8046,-0.176855,1.09537,11.5592,8.45518,-1.70726,-0.0816794,3.26454,13.9613,-0.678938,0.750281,13.9188,11.5081,1.10373,0.344702,13.3834,8.32512,0.149156,-1.71313,6.9562,18.4114,0.763951,0.941447
2.57,6.08922,2.29071,0.424181,-0.665104,10.8472,1.01383,0.329504,1.56182,15.8616,3.46714,0.334899,-0.207013,2.98669,11.4107,-0.781926,1.34362,9.52116,10.8155,-0.176788,1.0953,11.5421,8.45436,-1.70411,-0.0818413,3.25775,13.9688,-0.67897,0.749967,13.9298,11.5116,1.1037,0.344623,13.3848,8.30799,0.145967,-1.71282,6.96384,18.4208,0.76395,0.941446
2.58,6.09346,2.28406,0.424184,-0.665105,10.8505,1.02945,0.329503,1.56183,15.865,3.46507,0.334897,-0.207011,2.97887,11.4241,-0.781892,1.34394,9.51939,10.8265,-0.176722,1.09523,11.5251,8.45354,-1.70118,-0.0820105,3.25096,13.9763,-0.679003,0.749647,13.9409,11.515,1.10367,0.344547,13.3863,8.29087,0.143001,-1.71251,6.97148,18.4302,0.763949,0.941445
2.59,6.0977,2.27741,0.424188,-0.665105,10.8538,1.04507,0.329501,1.56183,15.8683,3.463,0.334894,-0.20701,2.97106,11.4376,-0.781856,1.34427,9.51763,10.8374,-0.176657,1.09517,11.5081,8.45272,-1.69846,-0.0821846,3.24417,13.9838,-0.679037,0.749322,13.9519,11.5185,1.10364,0.344475,13.3877,8.27374,0.140239,-1.7122,6.97912,18.4396,0.763949,0.941443
2.6,6.10194,2.27076,0.424191,-0.665106,10.8571,1.06069,0.329499,1.56183,15.8717,3.46093,0.334892,-0.207009,2.96324,11.451,-0.78182,1.3446,9.51586,10.8484,-0.176592,1.0951,11.4911,8.4519,-1.69592,-0.0823613,3.23738,13.9913,-0.679072,0.748992,13.9629,11.5219,1.10361,0.344406,13.3891,8.25662,0.137669,-1.71189,6.98675,18.4491,0.763948,0.941442
2.61,6.10618,2.26411,0.424195,-0.665107,10.8604,1.0763,0.329497,1.56183,15.875,3.45886,0.334889,-0.207007,2.95542,11.4645,-0.781783,1.34493,9.51409,10.8593,-0.176528,1.09503,11.4742,8.45107,-1.69357,-0.0825387,3.23059,13.9988,-0.679107,0.748657,13.974,11.5254,1.10359,0.344341,13.3904,8.23951,0.135275,-1.71158,6.99439,18.4585,0.763947,0.941441
2.62,6.11043,2.25745,0.424199,-0.665107,10.8637,1.09192,0.329494,1.56183,15.8784,3.45679,0.334887,-0.207006,2.9476,11.4779,-0.781745,1.34527,9.51233,10.8703,-0.176464,1.09496,11.4572,8.45025,-1.69138,-0.0827155,3.2238,14.0063,-0.679143,0.748316,13.985,11.5288,1.10356,0.344278,13.3918,8.22239,0.133045,-1.71127,7.00203,18.4679,0.763947,0.94144
2.63,6.11467,2.2508,0.424202,-0.665108,10.867,1.10754,0.329492,1.56184,15.8817,3.45472,0.334884,-0.207004,2.93978,11.4914,-0.781707,1.34562,9.51057,10.8812,-0.176401,1.09489,11.4403,8.44942,-1.68934,-0.0828902,3.21701,14.0138,-0.67918,0.74797,13.996,11.5323,1.10354,0.344218,13.3931,8.20528,0.130966,-1.71097,7.00967,18.4773,0.763946,0.941439
2.64,6.11891,2.24415,0.424206,-0.665109,10.8703,1.12316,0.32949,1.56184,15.8851,3.45265,0.334882,-0.207003,2.93197,11.5048,-0.781667,1.34597,9.5088,10.8922,-0.176339,1.09482,11.4235,8.44859,-1.68744,-0.0830618,3.21022,14.0212,-0.679218,0.747618,14.0071,11.5357,1.10352,0.34416,13.3944,8.18817,0.129029,-1.71068,7.01731,18.4867,0.763945,0.941438
2.65,6.12315,2.2375,0.424209,-0.665109,10.8736,1.13878,0.329488,1.56184,15.8884,3.45058,0.334879,-0.207002,2.92415,11.5183,-0.781627,1.34633,9.50704,10.9031,-0.176277,1.09475,11.4066,8.44776,-1.68567,-0.0832294,3.20342,14.0287,-0.679257,0.747261,14.0181,11.5391,1.10349,0.344105,13.3957,8.17107,0.127223,-1.71039,7.02495,18.4961,0.763945,0.941437
2.66,6.12739,2.23085,0.424213,-0.66511,10.8768,1.1544,0.329486,1.56184,15.8918,3.44851,0.334876,-0.207,2.91634,11.5318,-0.781586,1.34669,9.50528,10.9141,-0.176216,1.09468,11.3897,8.44692,-1.68402,-0.0833924,3.19663,14.0362,-0.679297,0.746898,14.0292,11.5426,1.10347,0.344052,13.397,8.15396,0.125538,-1.7101,7.03259,18.5055,0.763944,0.941436
2.67,6.13164,2.2242,0.424217,-0.665111,10.8801,1.17001,0.329484,1.56184,15.8951,3.44644,0.334874,-0.206999,2.90852,11.5452,-0.781544,1.34706,9.50351,10.925,-0.176156,1.09461,11.3729,8.44609,-1.68249,-0.0835501,3.18984,14.0437,-0.679337,0.746529,14.0402,11.546,1.10345,0.344002,13.3982,8.13687,0.123965,-1.70983,7.04023,18.515,0.763943,0.941435
2.68,6.13588,2.21755,0.424221,-0.665111,10.8834,1.18563,0.329482,1.56185,15.8985,3.44437,0.334871,-0.206997,2.9007,11.5587,-0.781501,1.34744,9.50175,10.936,-0.176096,1.09454,11.3561,8.44525,-1.68106,-0.0837021,3.18304,14.0511,-0.679379,0.746154,14.0512,11.5495,1.10343,0.343954,13.3994,8.11977,0.122498,-1.70956,7.04787,18.5244,0.763943,0.941434
2.69,6.14012,2.2109,0.424225,-0.665112,10.8867,1.20125,0.32948,1.56185,15.9018,3.4423,0.334868,-0.206995,2.89289,11.5722,-0.781457,1.34782,9.49999,10.9469,-0.176037,1.09447,11.3393,8.44442,-1.67973,-0.083848,3.17625,14.0586,-0.679421,0.745773,14.0623,11.5529,1.10341,0.343907,13.4007,8.10267,0.121127,-1.7093,7.05551,18.5338,0.763942,0.941433
2.7,6.14436,2.20425,0.424228,-0.665112,10.89,1.21687,0.329478,1.56185,15.9052,3.44023,0.334866,-0.206994,2.88508,11.5857,-0.781412,1.34821,9.49823,10.9579,-0.175978,1.0944,11.3225,8.44358,-1.67849,-0.0839876,3.16946,14.066,-0.679465,0.745385,14.0733,11.5563,1.10339,0.343863,13.4019,8.08558,0.119847,-1.70905,7.06315,18.5432,0.763942,0.941433
2.71,6.14861,2.19759,0.424232,-0.665113,10.8933,1.23249,0.329475,1.56185,15.9085,3.43816,0.334863,-0.206992,2.87726,11.5991,-0.781366,1.3486,9.49647,10.9688,-0.175921,1.09433,11.3057,8.44274,-1.67733,-0.0841208,3.16266,14.0735,-0.679509,0.744992,14.0843,11.5598,1.10337,0.343821,13.403,8.06849,0.11865,-1.7088,7.07079,18.5526,0.763941,0.941432
2.72,6.15285,2.19094,0.424236,-0.665114,10.8966,1.24811,0.329473,1.56185,15.9119,3.43609,0.33486,-0.206991,2.86945,11.6126,-0.781319,1.349,9.49471,10.9798,-0.175863,1.09426,11.2889,8.44189,-1.67625,-0.0842475,3.15586,14.0809,-0.679555,0.744591,14.0954,11.5632,1.10335,0.34378,13.4042,8.05141,0.117532,-1.70857,7.07843,18.562,0.76394,0.941431
2.73,6.15709,2.18429,0.42424,-0.665114,10.8999,1.26372,0.329471,1.56186,15.9152,3.43402,0.334857,-0.206989,2.86163,11.6261,-0.781271,1.34941,9.49296,10.9907,-0.175807,1.09419,11.2722,8.44105,-1.67524,-0.0843675,3.14907,14.0884,-0.679601,0.744184,14.1064,11.5666,1.10333,0.343741,13.4054,8.03432,0.116486,-1.70834,7.08607,18.5714,0.76394,0.94143
2.74,6.16133,2.17764,0.424244,-0.665115,10.9032,1.27934,0.329469,1.56186,15.9185,3.43195,0.334854,-0.206987,2.85382,11.6396,-0.781222,1.34983,9.4912,11.0016,-0.175752,1.09412,11.2554,8.44021,-1.6743,-0.0844809,3.14227,14.0958,-0.679649,0.743771,14.1174,11.5701,1.10332,0.343704,13.4066,8.01724,0.115508,-1.70812,7.09371,18.5809,0.763939,0.941429
2.75,6.16558,2.17099,0.424248,-0.665115,10.9065,1.29496,0.329466,1.56186,15.9219,3.42988,0.334851,-0.206986,2.84601,11.6531,-0.781172,1.35025,9.48944,11.0126,-0.175697,1.09405,11.2387,8.43936,-1.67342,-0.0845878,3.13548,14.1033,-0.679697,0.74335,14.1285,11.5735,1.1033,0.343668,13.4077,8.00016,0.114592,-1.70791,7.10135,18.5903,0.763939,0.941428
2.76,6.16982,2.16434,0.424252,-0.665116,10.9098,1.31058,0.329464,1.56186,15.9252,3.42781,0.334848,-0.206984,2.8382,11.6666,-0.781121,1.35067,9.48768,11.0235,-0.175642,1.09398,11.222,8.43851,-1.6726,-0.0846881,3.12868,14.1107,-0.679747,0.742923,14.1395,11.577,1.10328,0.343634,13.4089,7.98308,0.113735,-1.70771,7.10899,18.5997,0.763938,0.941427
2.77,6.17406,2.15769,0.424256,-0.665116,10.9131,1.3262,0.329462,1.56186,15.9286,3.42574,0.334845,-0.206982,2.83039,11.6801,-0.781068,1.35111,9.48593,11.0345,-0.175589,1.0939,11.2053,8.43767,-1.67184,-0.0847822,3.12188,14.1181,-0.679798,0.742488,14.1505,11.5804,1.10327,0.343601,13.41,7.96601,0.112933,-1.70751,7.11663,18.6091,0.763938,0.941426
2.78,6.1783,2.15104,0.42426,-0.665117,10.9164,1.34182,0.32946,1.56186,15.9319,3.42367,0.334842,-0.206981,2.82258,11.6937,-0.781015,1.35155,9.48417,11.0454,-0.175536,1.09383,11.1885,8.43682,-1.67112,-0.0848699,3.11508,14.1255,-0.679851,0.742046,14.1616,11.5838,1.10325,0.343569,13.4111,7.94893,0.112181,-1.70732,7.12426,18.6185,0.763937,0.941425
2.79,6.18255,2.14439,0.424264,-0.665117,10.9197,1.35744,0.329457,1.56187,15.9353,3.4216,0.334839,-0.206979,2.81477,11.7072,-0.78096,1.352,9.48242,11.0563,-0.175484,1.09376,11.1718,8.43597,-1.67045,-0.0849516,3.10828,14.133,-0.679904,0.741596,14.1726,11.5873,1.10324,0.343539,13.4122,7.93186,0.111476,-1.70714,7.1319,18.6279,0.763937,0.941425
2.8,6.18679,2.13773,0.424269,-0.665118,10.923,1.37306,0.329455,1.56187,15.9386,3.41953,0.334836,-0.206977,2.80696,11.7207,-0.780904,1.35246,9.48066,11.0673,-0.175433,1.09369,11.1551,8.43512,-1.66983,-0.0850273,3.10148,14.1404,-0.679959,0.741139,14.1836,11.5907,1.10322,0.34351,13.4133,7.91479,0.110815,-1.70697,7.13954,18.6373,0.763936,0.941424
2.81,6.19103,2.13108,0.424273,-0.665118,10.9263,1.38867,0.329453,1.56187,15.942,3.41746,0.334833,-0.206975,2.79915,11.7342,-0.780847,1.35293,9.47891,11.0782,-0.175383,1.09362,11.1384,8.43427,-1.66925,-0.0850973,3.09468,14.1478,-0.680015,0.740674,14.1946,11.5941,1.10321,0.343482,13.4144,7.89772,0.110196,-1.7068,7.14718,18.6468,0.763935,0.941423
2.82,6.19527,2.12443,0.424277,-0.665119,10.9296,1.40429,0.32945,1.56187,15.9453,3.41539,0.33483,-0.206973,2.79134,11.7478,-0.780788,1.3534,9.47715,11.0891,-0.175333,1.09355,11.1217,8.43342,-1.6687,-0.0851617,3.08788,14.1552,-0.680072,0.740201,14.2057,11.5976,1.10319,0.343455,13.4155,7.88065,0.109614,-1.70664,7.15482,18.6562,0.763935,0.941422
2.83,6.19952,2.11778,0.424281,-0.665119,10.9329,1.41991,0.329448,1.56187,15.9487,3.41332,0.334827,-0.206971,2.78353,11.7613,-0.780728,1.35388,9.4754,11.1001,-0.175284,1.09348,11.1051,8.43257,-1.66819,-0.0852207,3.08108,14.1626,-0.680131,0.73972,14.2167,11.601,1.10318,0.343429,13.4166,7.86359,0.109068,-1.70649,7.16246,18.6656,0.763934,0.941421
2.84,6.20376,2.11113,0.424286,-0.66512,10.9362,1.43553,0.329446,1.56188,15.952,3.41125,0.334823,-0.206969,2.77573,11.7748,-0.780667,1.35437,9.47365,11.111,-0.175236,1.09341,11.0884,8.43171,-1.66771,-0.0852745,3.07428,14.17,-0.680191,0.739231,14.2277,11.6044,1.10317,0.343405,13.4177,7.84652,0.108556,-1.70634,7.1701,18.675,0.763934,0.94142
2.85,6.208,2.10448,0.42429,-0.66512,10.9394,1.45115,0.329443,1.56188,15.9554,3.40918,0.33482,-0.206968,2.76792,11.7884,-0.780604,1.35487,9.4719,11.122,-0.175189,1.09333,11.0717,8.43086,-1.66726,-0.0853233,3.06748,14.1774,-0.680252,0.738733,14.2388,11.6079,1.10315,0.343381,13.4188,7.82946,0.108075,-1.7062,7.17774,18.6844,0.763933,0.94142
2.86,6.21224,2.09783,0.424294,-0.66512,10.9427,1.46677,0.329441,1.56188,15.9587,3.40711,0.334817,-0.206966,2.76011,11.8019,-0.78054,1.35538,9.47015,11.1329,-0.175142,1.09326,11.055,8.43001,-1.66684,-0.0853674,3.06068,14.1847,-0.680315,0.738226,14.2498,11.6113,1.10314,0.343358,13.4199,7.8124,0.107623,-1.70607,7.18538,18.6938,0.763933,0.941419
2.87,6.21649,2.09118,0.424299,-0.665121,10.946,1.48239,0.329439,1.56188,15.9621,3.40504,0.334813,-0.206964,2.75231,11.8155,-0.780474,1.35589,9.46839,11.1438,-0.175097,1.09319,11.0384,8.42915,-1.66645,-0.0854068,3.05387,14.1921,-0.68038,0.737711,14.2608,11.6147,1.10313,0.343336,13.421,7.79534,0.107197,-1.70594,7.19302,18.7032,0.763932,0.941418
2.88,6.22073,2.08452,0.424303,-0.665121,10.9493,1.49801,0.329436,1.56188,15.9654,3.40297,0.33481,-0.206961,2.74451,11.829,-0.780407,1.35642,9.46664,11.1547,-0.175052,1.09312,11.0217,8.4283,-1.66608,-0.0854418,3.04707,14.1995,-0.680446,0.737187,14.2719,11.6182,1.10312,0.343315,13.422,7.77828,0.106798,-1.70582,7.20066,18.7127,0.763932,0.941417
2.89,6.22497,2.07787,0.424307,-0.665121,10.9526,1.51362,0.329434,1.56189,15.9688,3.4009,0.334807,-0.206959,2.7367,11.8426,-0.780338,1.35695,9.46489,11.1657,-0.175007,1.09305,11.005,8.42744,-1.66574,-0.0854726,3.04026,14.2069,-0.680513,0.736654,14.2829,11.6216,1.1031,0.343295,13.4231,7.76122,0.106422,-1.7057,7.2083,18.7221,0.763931,0.941416
2.9,6.22922,2.07122,0.424312,-0.665122,10.9559,1.52924,0.329431,1.56189,15.9721,3.39884,0.334803,-0.206957,2.7289,11.8562,-0.780267,1.35749,9.46314,11.1766,-0.174964,1.09298,10.9884,8.42659,-1.66542,-0.0854994,3.03346,14.2142,-0.680582,0.736111,14.2939,11.625,1.10309,0.343275,13.4242,7.74417,0.106068,-1.70558,7.21594,18.7315,0.763931,0.941416
2.91,6.23346,2.06457,0.424316,-0.665122,10.9592,1.54486,0.329429,1.56189,15.9755,3.39677,0.3348,-0.206955,2.7211,11.8698,-0.780195,1.35805,9.46139,11.1875,-0.174921,1.09291,10.9717,8.42573,-1.66512,-0.0855223,3.02665,14.2216,-0.680653,0.735558,14.305,11.6285,1.10308,0.343256,13.4252,7.72711,0.105735,-1.70548,7.22358,18.7409,0.76393,0.941415
2.92,6.2377,2.05792,0.424321,-0.665122,10.9625,1.56048,0.329427,1.56189,15.9788,3.3947,0.334796,-0.206953,2.71329,11.8833,-0.780121,1.35861,9.45964,11.1985,-0.17488,1.09284,10.9551,8.42488,-1.66483,-0.0855416,3.01985,14.2289,-0.680726,0.734996,14.316,11.6319,1.10307,0.343238,13.4263,7.71006,0.105422,-1.70537,7.23122,18.7503,0.76393,0.941414
2.93,6.24195,2.05127,0.424325,-0.665123,10.9658,1.5761,0.329424,1.56189,15.9822,3.39263,0.334792,-0.206951,2.70549,11.8969,-0.780046,1.35918,9.4579,11.2094,-0.174838,1.09277,10.9384,8.42402,-1.66457,-0.0855574,3.01304,14.2363,-0.6808,0.734424,14.327,11.6353,1.10306,0.343221,13.4273,7.693,0.105126,-1.70527,7.23885,18.7597,0.763929,0.941413
2.94,6.24619,2.04462,0.42433,-0.665123,10.9691,1.59172,0.329422,1.5619,15.9855,3.39056,0.334789,-0.206948,2.69769,11.9105,-0.779968,1.35976,9.45615,11.2203,-0.174798,1.09271,10.9218,8.42317,-1.66432,-0.0855698,3.00623,14.2436,-0.680876,0.733841,14.3381,11.6388,1.10305,0.343204,13.4284,7.67595,0.104848,-1.70518,7.24649,18.7691,0.763929,0.941413
2.95,6.25043,2.03797,0.424335,-0.665123,10.9724,1.60734,0.329419,1.5619,15.9889,3.38849,0.334785,-0.206946,2.68989,11.9241,-0.779889,1.36036,9.4544,11.2312,-0.174759,1.09264,10.9052,8.42231,-1.66409,-0.0855792,2.99942,14.251,-0.680954,0.733248,14.3491,11.6422,1.10304,0.343188,13.4294,7.6589,0.104586,-1.70509,7.25413,18.7786,0.763929,0.941412
2.96,6.25468,2.03131,0.424339,-0.665123,10.9757,1.62296,0.329417,1.5619,15.9922,3.38642,0.334781,-0.206944,2.6821,11.9377,-0.779808,1.36096,9.45265,11.2422,-0.17472,1.09257,10.8885,8.42146,-1.66387,-0.0855856,2.99261,14.2583,-0.681034,0.732645,14.3601,11.6456,1.10303,0.343173,13.4305,7.64185,0.104338,-1.705,7.26177,18.788,0.763928,0.941411
2.97,6.25892,2.02466,0.424344,-0.665123,10.979,1.63858,0.329415,1.5619,15.9956,3.38435,0.334777,-0.206941,2.6743,11.9513,-0.779725,1.36158,9.45091,11.2531,-0.174682,1.0925,10.8719,8.4206,-1.66366,-0.0855892,2.9858,14.2656,-0.681116,0.73203,14.3711,11.6491,1.10302,0.343158,13.4315,7.6248,0.104105,-1.70492,7.26941,18.7974,0.763928,0.94141
2.98,6.26316,2.01801,0.424348,-0.665124,10.9823,1.65419,0.329412,1.5619,15.9989,3.38228,0.334774,-0.206939,2.6665,11.965,-0.77964,1.3622,9.44916,11.264,-0.174645,1.09243,10.8552,8.41974,-1.66347,-0.0855901,2.97899,14.2729,-0.6812,0.731404,14.3822,11.6525,1.10301,0.343143,13.4326,7.60775,0.103885,-1.70484,7.27705,18.8068,0.763927,0.94141
2.99,6.26741,2.01136,0.424353,-0.665124,10.9856,1.66981,0.32941,1.5619,16.0023,3.38021,0.33477,-0.206937,2.65871,11.9786,-0.779553,1.36284,9.44741,11.2749,-0.174608,1.09237,10.8386,8.41889,-1.66329,-0.0855885,2.97218,14.2803,-0.681286,0.730767,14.3932,11.6559,1.103,0.343129,13.4336,7.5907,0.103677,-1.70477,7.28469,18.8162,0.763927,0.941409
3,6.27165,2.00471,0.424358,-0.665124,10.9889,1.68543,0.329407,1.56191,16.0056,3.37814,0.334766,-0.206934,2.65091,11.9922,-0.779464,1.36349,9.44567,11.2859,-0.174573,1.0923,10.822,8.41803,-1.66312,-0.0855845,2.96536,14.2876,-0.681374,0.730118,14.4042,11.6594,1.103,0.343116,13.4346,7.57365,0.103481,-1.7047,7.29233,18.8256,0.763926,0.941408
3.01,6.27589,1.99806,0.424362,-0.665124,10.9922,1.70105,0.329405,1.56191,16.0089,3.37607,0.334762,-0.206931,2.64312,12.0059,-0.779373,1.36415,9.44392,11.2968,-0.174538,1.09224,10.8053,8.41718,-1.66296,-0.0855783,2.95855,14.2949,-0.681464,0.729457,14.4153,11.6628,1.10299,0.343103,13.4357,7.55661,0.103296,-1.70463,7.29997,18.835,0.763926,0.941408
3.02,6.28014,1.99141,0.424367,-0.665124,10.9954,1.71667,0.329403,1.56191,16.0123,3.374,0.334758,-0.206929,2.63532,12.0195,-0.779279,1.36482,9.44218,11.3077,-0.174504,1.09217,10.7887,8.41632,-1.66281,-0.08557,2.95173,14.3021,-0.681556,0.728784,14.4263,11.6662,1.10298,0.343091,13.4367,7.53956,0.103121,-1.70456,7.30761,18.8445,0.763926,0.941407
3.03,6.28438,1.98476,0.424372,-0.665124,10.9987,1.73229,0.3294,1.56191,16.0156,3.37193,0.334754,-0.206926,2.62753,12.0332,-0.779183,1.36551,9.44043,11.3186,-0.17447,1.0921,10.7721,8.41547,-1.66267,-0.0855597,2.94492,14.3094,-0.681651,0.728099,14.4373,11.6697,1.10297,0.343079,13.4377,7.52252,0.102956,-1.7045,7.31525,18.8539,0.763925,0.941406
3.04,6.28863,1.9781,0.424377,-0.665124,11.002,1.74791,0.329398,1.56191,16.019,3.36986,0.334749,-0.206924,2.61974,12.0468,-0.779085,1.36621,9.43869,11.3296,-0.174438,1.09204,10.7555,8.41461,-1.66253,-0.0855476,2.9381,14.3167,-0.681748,0.7274,14.4484,11.6731,1.10296,0.343068,13.4388,7.50547,0.1028,-1.70444,7.32289,18.8633,0.763925,0.941406
3.05,6.29287,1.97145,0.424381,-0.665124,11.0053,1.76353,0.329396,1.56192,16.0223,3.36779,0.334745,-0.206921,2.61195,12.0605,-0.778985,1.36692,9.43694,11.3405,-0.174406,1.09198,10.7388,8.41375,-1.66241,-0.0855338,2.93128,14.324,-0.681847,0.726689,14.4594,11.6765,1.10296,0.343056,13.4398,7.48843,0.102652,-1.70438,7.33053,18.8727,0.763924,0.941405
3.06,6.29711,1.9648,0.424386,-0.665124,11.0086,1.77915,0.329393,1.56192,16.0257,3.36573,0.334741,-0.206918,2.60416,12.0742,-0.778882,1.36764,9.4352,11.3514,-0.174375,1.09191,10.7222,8.4129,-1.66229,-0.0855183,2.92446,14.3312,-0.681949,0.725964,14.4704,11.6799,1.10295,0.343046,13.4408,7.47138,0.102512,-1.70433,7.33816,18.8821,0.763924,0.941404
3.07,6.30136,1.95815,0.424391,-0.665124,11.0119,1.79477,0.329391,1.56192,16.029,3.36366,0.334737,-0.206915,2.59637,12.0878,-0.778776,1.36838,9.43345,11.3623,-0.174344,1.09185,10.7056,8.41204,-1.66218,-0.0855013,2.91764,14.3385,-0.682054,0.725225,14.4814,11.6834,1.10294,0.343035,13.4418,7.45434,0.10238,-1.70427,7.3458,18.8915,0.763924,0.941404
3.08,6.3056,1.9515,0.424396,-0.665124,11.0152,1.81039,0.329389,1.56192,16.0324,3.36159,0.334732,-0.206912,2.58858,12.1015,-0.778668,1.36914,9.43171,11.3732,-0.174315,1.09179,10.689,8.41119,-1.66208,-0.0854829,2.91082,14.3457,-0.682161,0.724473,14.4925,11.6868,1.10293,0.343026,13.4429,7.4373,0.102255,-1.70423,7.35344,18.9009,0.763923,0.941403
3.09,6.30984,1.94485,0.4244,-0.665124,11.0185,1.82601,0.329386,1.56192,16.0357,3.35952,0.334728,-0.206909,2.5808,12.1152,-0.778557,1.3699,9.42997,11.3842,-0.174286,1.09172,10.6724,8.41033,-1.66198,-0.0854631,2.904,14.353,-0.682271,0.723706,14.5035,11.6902,1.10293,0.343016,13.4439,7.42026,0.102137,-1.70418,7.36108,18.9104,0.763923,0.941402
3.1,6.31409,1.9382,0.424405,-0.665124,11.0218,1.84162,0.329384,1.56193,16.0391,3.35745,0.334723,-0.206907,2.57301,12.1289,-0.778443,1.37069,9.42823,11.3951,-0.174257,1.09166,10.6557,8.40948,-1.66189,-0.0854422,2.89718,14.3602,-0.682383,0.722924,14.5145,11.6937,1.10292,0.343007,13.4449,7.40322,0.102025,-1.70413,7.36872,18.9198,0.763922,0.941402
3.11,6.31833,1.93155,0.42441,-0.665124,11.0251,1.85724,0.329382,1.56193,16.0424,3.35538,0.334719,-0.206903,2.56523,12.1426,-0.778326,1.37148,9.42648,11.406,-0.17423,1.0916,10.6391,8.40863,-1.6618,-0.0854201,2.89035,14.3674,-0.682499,0.722127,14.5256,11.6971,1.10291,0.342998,13.4459,7.38617,0.101919,-1.70409,7.37636,18.9292,0.763922,0.941401
3.12,6.32258,1.92489,0.424415,-0.665124,11.0284,1.87286,0.32938,1.56193,16.0458,3.35331,0.334714,-0.2069,2.55745,12.1564,-0.778207,1.3723,9.42474,11.4169,-0.174203,1.09154,10.6225,8.40777,-1.66172,-0.085397,2.88353,14.3747,-0.682617,0.721315,14.5366,11.7005,1.10291,0.342989,13.4469,7.36913,0.101818,-1.70405,7.384,18.9386,0.763922,0.941401
3.13,6.32682,1.91824,0.42442,-0.665124,11.0317,1.88848,0.329377,1.56193,16.0491,3.35124,0.33471,-0.206897,2.54967,12.1701,-0.778084,1.37312,9.423,11.4278,-0.174176,1.09148,10.6059,8.40692,-1.66165,-0.0853729,2.8767,14.3819,-0.682739,0.720487,14.5476,11.704,1.1029,0.342981,13.4479,7.35209,0.101723,-1.70401,7.39164,18.948,0.763921,0.9414
3.14,6.33107,1.91159,0.424425,-0.665124,11.035,1.9041,0.329375,1.56193,16.0525,3.34917,0.334705,-0.206894,2.54188,12.1838,-0.777959,1.37397,9.42126,11.4387,-0.174151,1.09142,10.5893,8.40606,-1.66157,-0.0853479,2.86987,14.3891,-0.682863,0.719642,14.5586,11.7074,1.1029,0.342973,13.449,7.33505,0.101633,-1.70397,7.39928,18.9574,0.763921,0.941399
3.15,6.33531,1.90494,0.424429,-0.665123,11.0383,1.91972,0.329373,1.56194,16.0558,3.3471,0.3347,-0.206891,2.53411,12.1976,-0.77783,1.37483,9.41952,11.4496,-0.174126,1.09136,10.5726,8.40521,-1.66151,-0.0853222,2.86304,14.3963,-0.682991,0.718781,14.5697,11.7108,1.10289,0.342965,13.45,7.31801,0.101547,-1.70394,7.40692,18.9668,0.76392,0.941399
3.16,6.33955,1.89829,0.424434,-0.665123,11.0416,1.93534,0.329371,1.56194,16.0592,3.34503,0.334695,-0.206888,2.52633,12.2113,-0.777698,1.37571,9.41778,11.4606,-0.174102,1.09131,10.556,8.40436,-1.66144,-0.0852956,2.85621,14.4034,-0.683122,0.717903,14.5807,11.7142,1.10288,0.342957,13.451,7.30097,0.101466,-1.7039,7.41456,18.9762,0.76392,0.941398
3.17,6.3438,1.89164,0.424439,-0.665123,11.0449,1.95096,0.329369,1.56194,16.0625,3.34297,0.33469,-0.206884,2.51855,12.2251,-0.777562,1.3766,9.41603,11.4715,-0.174078,1.09125,10.5394,8.40351,-1.66138,-0.0852684,2.84938,14.4106,-0.683257,0.717008,14.5917,11.7177,1.10288,0.34295,13.452,7.28394,0.101389,-1.70387,7.4222,18.9857,0.76392,0.941398
3.18,6.34804,1.88499,0.424444,-0.665123,11.0481,1.96658,0.329367,1.56194,16.0659,3.3409,0.334686,-0.206881,2.51078,12.2388,-0.777423,1.37752,9.41429,11.4824,-0.174055,1.09119,10.5228,8.40265,-1.66133,-0.0852407,2.84255,14.4178,-0.683395,0.716095,14.6028,11.7211,1.10287,0.342943,13.453,7.2669,0.101316,-1.70384,7.42984,18.9951,0.763919,0.941397
3.19,6.35229,1.87834,0.424449,-0.665122,11.0514,1.9822,0.329365,1.56194,16.0692,3.33883,0.334681,-0.206877,2.503,12.2526,-0.77728,1.37845,9.41255,11.4933,-0.174033,1.09114,10.5062,8.4018,-1.66127,-0.0852123,2.83571,14.4249,-0.683537,0.715163,14.6138,11.7245,1.10287,0.342936,13.454,7.24986,0.101247,-1.70381,7.43747,19.0045,0.763919,0.941396
3.2,6.35653,1.87169,0.424454,-0.665122,11.0547,1.99782,0.329363,1.56195,16.0725,3.33676,0.334675,-0.206874,2.49523,12.2664,-0.777134,1.3794,9.41081,11.5042,-0.174011,1.09108,10.4896,8.40095,-1.66122,-0.0851835,2.82888,14.4321,-0.683682,0.714213,14.6248,11.728,1.10286,0.34293,13.4551,7.23282,0.101181,-1.70378,7.44511,19.0139,0.763919,0.941396
3.21,6.36078,1.86503,0.424459,-0.665122,11.058,2.01344,0.329361,1.56195,16.0759,3.33469,0.33467,-0.20687,2.48746,12.2802,-0.776983,1.38037,9.40907,11.5151,-0.17399,1.09103,10.473,8.4001,-1.66117,-0.0851542,2.82204,14.4392,-0.683831,0.713243,14.6359,11.7314,1.10286,0.342924,13.4561,7.21578,0.101119,-1.70376,7.45275,19.0233,0.763918,0.941395
3.22,6.36502,1.85838,0.424464,-0.665121,11.0613,2.02906,0.329359,1.56195,16.0792,3.33262,0.334665,-0.206867,2.47969,12.294,-0.776829,1.38136,9.40733,11.526,-0.173969,1.09097,10.4564,8.39925,-1.66113,-0.0851246,2.8152,14.4464,-0.683985,0.712253,14.6469,11.7348,1.10285,0.342918,13.4571,7.19875,0.10106,-1.70373,7.46039,19.0327,0.763918,0.941395
3.23,6.36927,1.85173,0.424469,-0.665121,11.0646,2.04468,0.329357,1.56195,16.0826,3.33055,0.33466,-0.206863,2.47192,12.3078,-0.776671,1.38237,9.40559,11.5369,-0.173949,1.09092,10.4397,8.39839,-1.66108,-0.0850946,2.80836,14.4535,-0.684142,0.711243,14.6579,11.7382,1.10285,0.342912,13.4581,7.18171,0.101004,-1.70371,7.46803,19.0421,0.763918,0.941394
3.24,6.37351,1.84508,0.424473,-0.66512,11.0679,2.0603,0.329355,1.56195,16.0859,3.32848,0.334654,-0.206859,2.46416,12.3217,-0.776508,1.3834,9.40385,11.5478,-0.17393,1.09086,10.4231,8.39754,-1.66104,-0.0850643,2.80152,14.4606,-0.684304,0.710213,14.6689,11.7417,1.10284,0.342906,13.4591,7.16467,0.10095,-1.70369,7.47567,19.0516,0.763917,0.941393
3.25,6.37775,1.83843,0.424478,-0.66512,11.0712,2.07592,0.329353,1.56196,16.0893,3.32642,0.334649,-0.206855,2.45639,12.3355,-0.776341,1.38445,9.40212,11.5588,-0.173911,1.09081,10.4065,8.39669,-1.66101,-0.0850338,2.79467,14.4677,-0.684469,0.709161,14.68,11.7451,1.10284,0.3429,13.4601,7.14764,0.1009,-1.70367,7.48331,19.061,0.763917,0.941393
3.26,6.382,1.83178,0.424483,-0.66512,11.0745,2.09154,0.329351,1.56196,16.0926,3.32435,0.334643,-0.206851,2.44863,12.3494,-0.77617,1.38553,9.40038,11.5697,-0.173893,1.09076,10.3899,8.39584,-1.66097,-0.0850031,2.78783,14.4748,-0.68464,0.708086,14.691,11.7485,1.10283,0.342895,13.4611,7.1306,0.100852,-1.70365,7.49095,19.0704,0.763917,0.941392
3.27,6.38624,1.82513,0.424488,-0.665119,11.0778,2.10715,0.329349,1.56196,16.096,3.32228,0.334638,-0.206847,2.44087,12.3632,-0.775994,1.38662,9.39864,11.5806,-0.173875,1.09071,10.3733,8.39499,-1.66094,-0.0849723,2.78098,14.4818,-0.684815,0.70699,14.702,11.752,1.10283,0.34289,13.4621,7.11356,0.100806,-1.70363,7.49859,19.0798,0.763916,0.941392
3.28,6.39049,1.81848,0.424493,-0.665119,11.0811,2.12277,0.329347,1.56196,16.0993,3.32021,0.334632,-0.206843,2.43311,12.3771,-0.775813,1.38774,9.3969,11.5915,-0.173858,1.09066,10.3567,8.39414,-1.6609,-0.0849413,2.77413,14.4889,-0.684995,0.70587,14.713,11.7554,1.10282,0.342885,13.4631,7.09653,0.100763,-1.70361,7.50623,19.0892,0.763916,0.941391
3.29,6.39473,1.81182,0.424498,-0.665118,11.0844,2.13839,0.329346,1.56197,16.1027,3.31814,0.334626,-0.206839,2.42535,12.391,-0.775628,1.38889,9.39516,11.6024,-0.173841,1.09061,10.3401,8.39329,-1.66087,-0.0849103,2.76728,14.496,-0.685179,0.704727,14.7241,11.7588,1.10282,0.34288,13.4641,7.07949,0.100722,-1.70359,7.51387,19.0986,0.763916,0.941391
3.3,6.39898,1.80517,0.424503,-0.665118,11.0877,2.15401,0.329344,1.56197,16.106,3.31607,0.334621,-0.206835,2.4176,12.4049,-0.775437,1.39006,9.39342,11.6133,-0.173825,1.09056,10.3235,8.39244,-1.66084,-0.0848792,2.76043,14.503,-0.685369,0.703559,14.7351,11.7623,1.10282,0.342875,13.4651,7.06245,0.100682,-1.70358,7.52151,19.108,0.763916,0.94139
3.31,6.40322,1.79852,0.424508,-0.665117,11.091,2.16963,0.329342,1.56197,16.1094,3.31401,0.334615,-0.206831,2.40985,12.4188,-0.775241,1.39125,9.39168,11.6242,-0.173809,1.09051,10.3069,8.3916,-1.66082,-0.084848,2.75357,14.51,-0.685564,0.702366,14.7461,11.7657,1.10281,0.342871,13.4661,7.04542,0.100645,-1.70356,7.52914,19.1175,0.763915,0.94139
3.32,6.40747,1.79187,0.424512,-0.665116,11.0943,2.18525,0.329341,1.56197,16.1127,3.31194,0.334609,-0.206826,2.40209,12.4327,-0.77504,1.39247,9.38995,11.6351,-0.173794,1.09046,10.2903,8.39075,-1.66079,-0.0848169,2.74672,14.517,-0.685764,0.701147,14.7572,11.7691,1.10281,0.342867,13.4672,7.02838,0.10061,-1.70355,7.53678,19.1269,0.763915,0.941389
3.33,6.41171,1.78522,0.424517,-0.665116,11.0976,2.20087,0.329339,1.56198,16.116,3.30987,0.334603,-0.206822,2.39435,12.4466,-0.774833,1.39371,9.38821,11.646,-0.17378,1.09042,10.2737,8.3899,-1.66077,-0.0847859,2.73986,14.524,-0.68597,0.699901,14.7682,11.7725,1.1028,0.342862,13.4682,7.01135,0.100576,-1.70353,7.54442,19.1363,0.763915,0.941389
3.34,6.41596,1.77857,0.424522,-0.665115,11.1008,2.21649,0.329338,1.56198,16.1194,3.3078,0.334597,-0.206817,2.3866,12.4606,-0.77462,1.39499,9.38647,11.6569,-0.173766,1.09037,10.257,8.38905,-1.66074,-0.0847549,2.733,14.531,-0.686182,0.698629,14.7792,11.776,1.1028,0.342858,13.4692,6.99431,0.100545,-1.70352,7.55206,19.1457,0.763914,0.941388
3.35,6.42021,1.77192,0.424527,-0.665114,11.1041,2.23211,0.329337,1.56198,16.1227,3.30573,0.33459,-0.206813,2.37885,12.4745,-0.774401,1.39629,9.38473,11.6678,-0.173752,1.09033,10.2404,8.3882,-1.66072,-0.084724,2.72613,14.538,-0.6864,0.697328,14.7902,11.7794,1.1028,0.342854,13.4702,6.97728,0.100514,-1.70351,7.5597,19.1551,0.763914,0.941388
3.36,6.42445,1.76527,0.424532,-0.665114,11.1074,2.24773,0.329335,1.56198,16.1261,3.30366,0.334584,-0.206808,2.37111,12.4885,-0.774176,1.39762,9.38299,11.6787,-0.173739,1.09028,10.2238,8.38736,-1.6607,-0.0846932,2.71927,14.545,-0.686624,0.695998,14.8013,11.7828,1.10279,0.34285,13.4712,6.96024,0.100486,-1.7035,7.56734,19.1645,0.763914,0.941387
3.37,6.4287,1.75862,0.424537,-0.665113,11.1107,2.26335,0.329334,1.56199,16.1294,3.3016,0.334578,-0.206803,2.36337,12.5025,-0.773945,1.39898,9.38126,11.6896,-0.173726,1.09024,10.2072,8.38651,-1.66068,-0.0846625,2.7124,14.5519,-0.686854,0.694639,14.8123,11.7863,1.10279,0.342847,13.4722,6.94321,0.100458,-1.70349,7.57498,19.1739,0.763913,0.941387
3.38,6.43294,1.75196,0.424541,-0.665112,11.114,2.27897,0.329333,1.56199,16.1328,3.29953,0.334571,-0.206799,2.35563,12.5165,-0.773707,1.40037,9.37952,11.7005,-0.173713,1.09019,10.1906,8.38566,-1.66066,-0.0846321,2.70553,14.5589,-0.687091,0.693249,14.8233,11.7897,1.10279,0.342843,13.4732,6.92617,0.100432,-1.70348,7.58262,19.1834,0.763913,0.941386
3.39,6.43719,1.74531,0.424546,-0.665112,11.1173,2.29459,0.329332,1.56199,16.1361,3.29746,0.334565,-0.206794,2.3479,12.5305,-0.773463,1.40179,9.37778,11.7114,-0.173701,1.09015,10.174,8.38482,-1.66064,-0.0846018,2.69866,14.5658,-0.687335,0.691828,14.8344,11.7931,1.10278,0.342839,13.4742,6.90914,0.100408,-1.70347,7.59026,19.1928,0.763913,0.941386
3.4,6.44143,1.73866,0.424551,-0.665111,11.1206,2.31021,0.329331,1.56199,16.1395,3.29539,0.334558,-0.206789,2.34016,12.5445,-0.773211,1.40324,9.37605,11.7223,-0.17369,1.09011,10.1574,8.38397,-1.66062,-0.0845717,2.69179,14.5727,-0.687586,0.690374,14.8454,11.7965,1.10278,0.342836,13.4752,6.8921,0.100384,-1.70347,7.5979,19.2022,0.763913,0.941385
3.41,6.44568,1.73201,0.424556,-0.66511,11.1239,2.32583,0.32933,1.562,16.1428,3.29333,0.334551,-0.206784,2.33243,12.5585,-0.772952,1.40473,9.37431,11.7332,-0.173679,1.09006,10.1408,8.38313,-1.66061,-0.0845418,2.68491,14.5796,-0.687844,0.688887,14.8564,11.8,1.10278,0.342833,13.4762,6.87507,0.100362,-1.70346,7.60554,19.2116,0.763912,0.941385
3.42,6.44992,1.72536,0.42456,-0.665109,11.1272,2.34145,0.329329,1.562,16.1462,3.29126,0.334545,-0.206779,2.3247,12.5726,-0.772686,1.40625,9.37257,11.7441,-0.173668,1.09002,10.1242,8.38228,-1.66059,-0.0845121,2.67803,14.5865,-0.688109,0.687366,14.8674,11.8034,1.10277,0.34283,13.4772,6.85803,0.100341,-1.70345,7.61318,19.221,0.763912,0.941384
3.43,6.45417,1.71871,0.424565,-0.665108,11.1305,2.35707,0.329328,1.562,16.1495,3.28919,0.334538,-0.206773,2.31698,12.5867,-0.772411,1.40781,9.37084,11.755,-0.173658,1.08998,10.1076,8.38144,-1.66058,-0.0844827,2.67115,14.5934,-0.688383,0.685809,14.8785,11.8068,1.10277,0.342827,13.4782,6.841,0.100321,-1.70345,7.62081,19.2304,0.763912,0.941384
3.44,6.45841,1.71206,0.42457,-0.665108,11.1338,2.37269,0.329327,1.56201,16.1529,3.28712,0.334531,-0.206768,2.30925,12.6008,-0.772129,1.4094,9.3691,11.7659,-0.173648,1.08994,10.091,8.38059,-1.66056,-0.0844535,2.66426,14.6002,-0.688664,0.684216,14.8895,11.8103,1.10277,0.342824,13.4792,6.82396,0.100302,-1.70344,7.62845,19.2398,0.763912,0.941383
3.45,6.46266,1.70541,0.424575,-0.665107,11.1371,2.38831,0.329327,1.56201,16.1562,3.28505,0.334524,-0.206763,2.30153,12.6149,-0.771838,1.41103,9.36736,11.7768,-0.173638,1.0899,10.0744,8.37975,-1.66055,-0.0844246,2.65737,14.607,-0.688954,0.682585,14.9005,11.8137,1.10276,0.342821,13.4802,6.80693,0.100284,-1.70344,7.63609,19.2493,0.763911,0.941383
3.46,6.46691,1.69876,0.424579,-0.665106,11.1404,2.40393,0.329326,1.56201,16.1595,3.28299,0.334516,-0.206757,2.29382,12.629,-0.771539,1.4127,9.36563,11.7877,-0.173629,1.08987,10.0578,8.3789,-1.66053,-0.084396,2.65048,14.6139,-0.689253,0.680916,14.9116,11.8171,1.10276,0.342818,13.4812,6.7899,0.100266,-1.70343,7.64373,19.2587,0.763911,0.941382
3.47,6.47115,1.6921,0.424584,-0.665105,11.1437,2.41955,0.329326,1.56202,16.1629,3.28092,0.334509,-0.206752,2.2861,12.6431,-0.77123,1.41441,9.36389,11.7986,-0.17362,1.08983,10.0412,8.37806,-1.66052,-0.0843677,2.64359,14.6207,-0.689561,0.679206,14.9226,11.8205,1.10276,0.342815,13.4822,6.77286,0.10025,-1.70343,7.65137,19.2681,0.763911,0.941382
3.48,6.4754,1.68545,0.424589,-0.665104,11.147,2.43517,0.329325,1.56202,16.1662,3.27885,0.334502,-0.206746,2.27839,12.6573,-0.770912,1.41616,9.36215,11.8095,-0.173611,1.08979,10.0246,8.37722,-1.66051,-0.0843397,2.63669,14.6274,-0.689878,0.677455,14.9336,11.824,1.10276,0.342812,13.4832,6.75583,0.100235,-1.70343,7.65901,19.2775,0.763911,0.941381
3.49,6.47964,1.6788,0.424593,-0.665103,11.1502,2.45079,0.329325,1.56202,16.1696,3.27678,0.334494,-0.20674,2.27069,12.6714,-0.770585,1.41795,9.36042,11.8204,-0.173603,1.08975,10.008,8.37637,-1.6605,-0.084312,2.62979,14.6342,-0.690204,0.675662,14.9446,11.8274,1.10275,0.34281,13.4842,6.73879,0.10022,-1.70343,7.66665,19.2869,0.76391,0.941381
3.5,6.48389,1.67215,0.424598,-0.665102,11.1535,2.46641,0.329325,1.56203,16.1729,3.27472,0.334486,-0.206734,2.26298,12.6856,-0.770247,1.41979,9.35868,11.8313,-0.173595,1.08972,9.99135,8.37553,-1.66049,-0.0842846,2.62289,14.641,-0.690541,0.673825,14.9557,11.8308,1.10275,0.342807,13.4852,6.72176,0.100206,-1.70343,7.67429,19.2963,0.76391,0.94138
3.51,6.48814,1.6655,0.424602,-0.665101,11.1568,2.48203,0.329325,1.56203,16.1763,3.27265,0.334479,-0.206728,2.25528,12.6998,-0.769899,1.42167,9.35695,11.8422,-0.173588,1.08968,9.97475,8.37469,-1.66047,-0.0842576,2.61598,14.6477,-0.690888,0.671942,14.9667,11.8342,1.10275,0.342805,13.4862,6.70472,0.100193,-1.70343,7.68193,19.3057,0.76391,0.94138
3.52,6.49238,1.65885,0.424607,-0.6651,11.1601,2.49765,0.329325,1.56204,16.1796,3.27058,0.334471,-0.206722,2.24758,12.7141,-0.76954,1.4236,9.35521,11.8531,-0.17358,1.08965,9.95814,8.37384,-1.66046,-0.0842308,2.60907,14.6544,-0.691246,0.670012,14.9777,11.8377,1.10274,0.342803,13.4872,6.68769,0.10018,-1.70343,7.68957,19.3151,0.76391,0.941379
3.53,6.49663,1.6522,0.424611,-0.665099,11.1634,2.51327,0.329325,1.56204,16.183,3.26851,0.334463,-0.206716,2.23989,12.7283,-0.76917,1.42558,9.35347,11.864,-0.173573,1.08961,9.94154,8.373,-1.66045,-0.0842044,2.60215,14.6611,-0.691615,0.668034,14.9887,11.8411,1.10274,0.3428,13.4882,6.67066,0.100168,-1.70343,7.69721,19.3246,0.763909,0.941379
3.54,6.50087,1.64555,0.424616,-0.665098,11.1667,2.52889,0.329326,1.56204,16.1863,3.26645,0.334455,-0.20671,2.2322,12.7426,-0.768789,1.42761,9.35174,11.8749,-0.173567,1.08958,9.92493,8.37216,-1.66044,-0.0841784,2.59524,14.6678,-0.691996,0.666006,14.9998,11.8445,1.10274,0.342798,13.4892,6.65362,0.100157,-1.70343,7.70484,19.334,0.763909,0.941378
3.55,6.50512,1.6389,0.42462,-0.665097,11.17,2.54451,0.329326,1.56205,16.1896,3.26438,0.334447,-0.206703,2.22451,12.7569,-0.768395,1.42969,9.35,11.8858,-0.17356,1.08955,9.90833,8.37132,-1.66044,-0.0841527,2.58831,14.6744,-0.692389,0.663926,15.0108,11.848,1.10274,0.342796,13.4902,6.63659,0.100146,-1.70343,7.71248,19.3434,0.763909,0.941378
3.56,6.50937,1.63225,0.424625,-0.665096,11.1733,2.56014,0.329327,1.56205,16.193,3.26231,0.334438,-0.206697,2.21683,12.7712,-0.767989,1.43182,9.34827,11.8967,-0.173554,1.08951,9.89172,8.37048,-1.66043,-0.0841274,2.58139,14.681,-0.692795,0.661793,15.0218,11.8514,1.10274,0.342794,13.4912,6.61955,0.100136,-1.70343,7.72012,19.3528,0.763909,0.941378
3.57,6.51361,1.62559,0.424629,-0.665095,11.1766,2.57576,0.329328,1.56206,16.1963,3.26025,0.33443,-0.20669,2.20915,12.7855,-0.767569,1.43401,9.34653,11.9076,-0.173548,1.08948,9.87512,8.36964,-1.66042,-0.0841024,2.57446,14.6876,-0.693213,0.659604,15.0329,11.8548,1.10273,0.342792,13.4922,6.60252,0.100126,-1.70344,7.72776,19.3622,0.763909,0.941377
3.58,6.51786,1.61894,0.424634,-0.665094,11.1799,2.59138,0.329329,1.56206,16.1997,3.25818,0.334422,-0.206684,2.20148,12.7998,-0.767136,1.43626,9.3448,11.9185,-0.173543,1.08945,9.85852,8.3688,-1.66041,-0.0840778,2.56752,14.6942,-0.693645,0.657358,15.0439,11.8582,1.10273,0.34279,13.4932,6.58548,0.100117,-1.70344,7.7354,19.3716,0.763908,0.941377
3.59,6.52211,1.61229,0.424638,-0.665093,11.1832,2.607,0.32933,1.56207,16.203,3.25611,0.334413,-0.206677,2.19381,12.8142,-0.766689,1.43857,9.34306,11.9294,-0.173537,1.08942,9.84191,8.36795,-1.6604,-0.0840535,2.56059,14.7008,-0.694092,0.655052,15.0549,11.8617,1.10273,0.342788,13.4942,6.56845,0.100108,-1.70344,7.74304,19.381,0.763908,0.941376
3.6,6.52635,1.60564,0.424642,-0.665091,11.1865,2.62262,0.329331,1.56207,16.2064,3.25405,0.334404,-0.20667,2.18615,12.8286,-0.766227,1.44093,9.34133,11.9403,-0.173532,1.08939,9.82531,8.36711,-1.66039,-0.0840296,2.55364,14.7073,-0.694553,0.652685,15.0659,11.8651,1.10273,0.342786,13.4952,6.55142,0.1001,-1.70345,7.75068,19.3905,0.763908,0.941376
3.61,6.5306,1.59899,0.424647,-0.66509,11.1898,2.63824,0.329333,1.56208,16.2097,3.25198,0.334395,-0.206663,2.17849,12.843,-0.76575,1.44336,9.33959,11.9512,-0.173527,1.08936,9.8087,8.36627,-1.66039,-0.0840061,2.54669,14.7138,-0.69503,0.650255,15.077,11.8685,1.10272,0.342784,13.4962,6.53438,0.100092,-1.70345,7.75832,19.3999,0.763908,0.941375
3.62,6.53484,1.59234,0.424651,-0.665089,11.1931,2.65386,0.329334,1.56209,16.2131,3.24991,0.334386,-0.206656,2.17083,12.8575,-0.765256,1.44586,9.33786,11.9621,-0.173523,1.08933,9.7921,8.36543,-1.66038,-0.0839829,2.53974,14.7203,-0.695522,0.647758,15.088,11.872,1.10272,0.342782,13.4972,6.51735,0.100085,-1.70346,7.76596,19.4093,0.763907,0.941375
3.63,6.53909,1.58569,0.424655,-0.665088,11.1964,2.66948,0.329336,1.56209,16.2164,3.24785,0.334377,-0.206649,2.16318,12.872,-0.764747,1.44842,9.33612,11.9729,-0.173518,1.0893,9.7755,8.36459,-1.66037,-0.0839601,2.53278,14.7268,-0.696031,0.645193,15.099,11.8754,1.10272,0.342781,13.4982,6.50031,0.100078,-1.70347,7.7736,19.4187,0.763907,0.941375
3.64,6.54334,1.57904,0.42466,-0.665087,11.1996,2.6851,0.329338,1.5621,16.2197,3.24578,0.334368,-0.206641,2.15554,12.8865,-0.764219,1.45106,9.33439,11.9838,-0.173514,1.08927,9.75889,8.36376,-1.66036,-0.0839377,2.52582,14.7332,-0.696558,0.642557,15.11,11.8788,1.10272,0.342779,13.4992,6.48328,0.100071,-1.70347,7.78124,19.4281,0.763907,0.941374
3.65,6.54758,1.57239,0.424664,-0.665086,11.2029,2.70072,0.32934,1.5621,16.2231,3.24371,0.334358,-0.206634,2.1479,12.901,-0.763674,1.45377,9.33265,11.9947,-0.17351,1.08924,9.74229,8.36292,-1.66036,-0.0839156,2.51885,14.7397,-0.697102,0.639847,15.1211,11.8822,1.10272,0.342778,13.5002,6.46624,0.100064,-1.70348,7.78887,19.4375,0.763907,0.941374
3.66,6.55183,1.56574,0.424668,-0.665084,11.2062,2.71634,0.329343,1.56211,16.2264,3.24165,0.334349,-0.206626,2.14026,12.9155,-0.76311,1.45656,9.33092,12.0056,-0.173506,1.08922,9.72569,8.36208,-1.66035,-0.083894,2.51188,14.746,-0.697666,0.637061,15.1321,11.8857,1.10271,0.342776,13.5012,6.44921,0.100058,-1.70349,7.79651,19.4469,0.763907,0.941373
3.67,6.55608,1.55909,0.424672,-0.665083,11.2095,2.73196,0.329346,1.56212,16.2298,3.23958,0.334339,-0.206619,2.13264,12.9301,-0.762526,1.45942,9.32918,12.0165,-0.173502,1.08919,9.70908,8.36124,-1.66034,-0.0838726,2.5049,14.7524,-0.698249,0.634195,15.1431,11.8891,1.10271,0.342774,13.5022,6.43217,0.100052,-1.7035,7.80415,19.4564,0.763906,0.941373
3.68,6.56032,1.55243,0.424676,-0.665082,11.2128,2.74759,0.329349,1.56213,16.2331,3.23752,0.334329,-0.206611,2.12501,12.9447,-0.761921,1.46237,9.32745,12.0274,-0.173499,1.08916,9.69248,8.3604,-1.66034,-0.0838517,2.49791,14.7587,-0.698853,0.631247,15.1542,11.8925,1.10271,0.342773,13.5032,6.41514,0.100046,-1.70351,7.81179,19.4658,0.763906,0.941372
3.69,6.56457,1.54578,0.42468,-0.665081,11.2161,2.76321,0.329352,1.56213,16.2365,3.23545,0.334319,-0.206603,2.1174,12.9594,-0.761295,1.46541,9.32571,12.0383,-0.173496,1.08914,9.67588,8.35956,-1.66033,-0.0838311,2.49092,14.765,-0.699478,0.628213,15.1652,11.8959,1.10271,0.342772,13.5042,6.3981,0.100041,-1.70352,7.81943,19.4752,0.763906,0.941372
3.7,6.56882,1.53913,0.424684,-0.665079,11.2194,2.77883,0.329356,1.56214,16.2398,3.23338,0.334309,-0.206595,2.10979,12.974,-0.760647,1.46853,9.32398,12.0492,-0.173493,1.08911,9.65927,8.35872,-1.66033,-0.0838108,2.48392,14.7713,-0.700126,0.62509,15.1762,11.8994,1.10271,0.34277,13.5052,6.38107,0.100036,-1.70353,7.82707,19.4846,0.763906,0.941372
3.71,6.57306,1.53248,0.424688,-0.665078,11.2227,2.79445,0.329359,1.56215,16.2431,3.23132,0.334299,-0.206587,2.10218,12.9887,-0.759975,1.47174,9.32224,12.0601,-0.17349,1.08909,9.64267,8.35788,-1.66032,-0.083791,2.47692,14.7775,-0.700797,0.621874,15.1872,11.9028,1.10271,0.342769,13.5062,6.36403,0.10003,-1.70354,7.83471,19.494,0.763906,0.941371
3.72,6.57731,1.52583,0.424692,-0.665077,11.226,2.81007,0.329364,1.56216,16.2465,3.22925,0.334289,-0.206578,2.09459,13.0035,-0.759278,1.47506,9.32051,12.071,-0.173487,1.08906,9.62607,8.35705,-1.66031,-0.0837715,2.46991,14.7837,-0.701493,0.618561,15.1983,11.9062,1.1027,0.342767,13.5072,6.347,0.100025,-1.70355,7.84235,19.4972,0.763905,-0.941371
3.73,6.58156,1.51918,0.424696,-0.665076,11.2293,2.82569,0.329368,1.56217,16.2498,3.22719,0.334278,-0.20657,2.087,13.0182,-0.758556,1.47847,9.31877,12.0819,-0.173484,1.08904,9.60946,8.35621,-1.66031,-0.0837523,2.46289,14.7899,-0.702214,0.615148,15.2093,11.9097,1.1027,0.342766,13.5082,6.32996,0.10002,-1.70356,7.84999,19.4878,0.763905,-0.941372
3.74,6.58581,1.51253,0.4247,-0.665074,11.2326,2.84131,0.329373,1.56218,16.2532,3.22512,0.334267,-0.206561,2.07942,13.033,-0.757807,1.48199,9.31704,12.0928,-0.173482,1.08902,9.59286,8.35537,-1.6603,-0.0837335,2.45586,14.796,-0.702963,0.611629,15.2203,11.9131,1.1027,0.342765,13.5092,6.31292,0.100015,-1.70358,7.85763,19.4783,0.763905,-0.941372
3.75,6.59005,1.50588,0.424704,-0.665073,11.2359,2.85694,0.329378,1.56219,16.2565,3.22305,0.334257,-0.206553,2.07184,13.0479,-0.757029,1.48562,9.3153,12.1036,-0.17348,1.08899,9.57626,8.35453,-1.6603,-0.0837151,2.44883,14.8021,-0.703739,0.608002,15.2313,11.9165,1.1027,0.342764,13.5102,6.29589,0.100011,-1.70359,7.86526,19.4689,0.763905,-0.941372
3.76,6.5943,1.49923,0.424708,-0.665072,11.2392,2.87256,0.329384,1.5622,16.2599,3.22099,0.334246,-0.206544,2.06428,13.0627,-0.756222,1.48936,9.31357,12.1145,-0.173477,1.08897,9.55965,8.3537,-1.66029,-0.083697,2.44179,14.8082,-0.704546,0.60426,15.2424,11.9199,1.1027,0.342762,13.5112,6.27885,0.100006,-1.70361,7.8729,19.4595,0.763905,-0.941373
3.77,6.59855,1.49258,0.424712,-0.66507,11.2425,2.88818,0.32939,1.56221,16.2632,3.21892,0.334234,-0.206535,2.05672,13.0777,-0.755384,1.49322,9.31183,12.1254,-0.173475,1.08895,9.54305,8.35286,-1.66029,-0.0836792,2.43474,14.8142,-0.705383,0.6004,15.2534,11.9234,1.1027,0.342761,13.5122,6.26182,0.100001,-1.70362,7.88054,19.4501,0.763905,-0.941373
3.78,6.60279,1.48593,0.424716,-0.665069,11.2458,2.9038,0.329396,1.56222,16.2665,3.21686,0.334223,-0.206526,2.04917,13.0926,-0.754514,1.4972,9.3101,12.1363,-0.173473,1.08893,9.52645,8.35202,-1.66028,-0.0836618,2.42768,14.8202,-0.706253,0.596415,15.2644,11.9268,1.10269,0.34276,13.5132,6.24478,0.0999963,-1.70364,7.88818,19.4407,0.763904,-0.941374
3.79,6.60704,1.47928,0.424719,-0.665068,11.249,2.91943,0.329403,1.56223,16.2699,3.21479,0.334211,-0.206517,2.04163,13.1076,-0.753609,1.50132,9.30836,12.1472,-0.173472,1.08891,9.50985,8.35119,-1.66028,-0.0836448,2.42061,14.8261,-0.707157,0.5923,15.2754,11.9302,1.10269,0.342759,13.5142,6.22774,0.0999914,-1.70366,7.89582,19.4313,0.763904,-0.941374
3.8,6.61129,1.47263,0.424723,-0.665066,11.2523,2.93505,0.329411,1.56224,16.2732,3.21273,0.3342,-0.206507,2.0341,13.1226,-0.752668,1.50557,9.30663,12.1581,-0.17347,1.08889,9.49324,8.35035,-1.66027,-0.0836281,2.41354,14.832,-0.708097,0.58805,15.2865,11.9337,1.10269,0.342758,13.5152,6.21071,0.0999864,-1.70367,7.90346,19.4219,0.763904,-0.941374
3.81,6.61554,1.46597,0.424727,-0.665065,11.2556,2.95067,0.329418,1.56226,16.2766,3.21066,0.334188,-0.206498,2.02658,13.1377,-0.75169,1.50996,9.30489,12.169,-0.173469,1.08887,9.47664,8.34951,-1.66027,-0.0836117,2.40645,14.8379,-0.709075,0.583658,15.2975,11.9371,1.10269,0.342757,13.5162,6.19367,0.0999813,-1.70369,7.9111,19.4125,0.763904,-0.941375
3.82,6.61978,1.45932,0.424731,-0.665063,11.2589,2.96629,0.329427,1.56227,16.2799,3.2086,0.334176,-0.206488,2.01906,13.1528,-0.750671,1.5145,9.30316,12.1799,-0.173467,1.08885,9.46004,8.34868,-1.66026,-0.0835956,2.39936,14.8437,-0.710092,0.579117,15.3085,11.9405,1.10269,0.342756,13.5172,6.17663,0.0999761,-1.70371,7.91874,19.403,0.763904,-0.941375
3.83,6.62403,1.45267,0.424734,-0.665062,11.2622,2.98192,0.329436,1.56229,16.2833,3.20653,0.334164,-0.206478,2.01156,13.168,-0.749611,1.5192,9.30142,12.1908,-0.173466,1.08883,9.44343,8.34784,-1.66026,-0.0835799,2.39225,14.8495,-0.711152,0.57442,15.3196,11.9439,1.10269,0.342755,13.5182,6.1596,0.0999707,-1.70373,7.92638,19.3936,0.763903,-0.941376
3.84,6.62828,1.44602,0.424738,-0.665061,11.2655,2.99754,0.329445,1.5623,16.2866,3.20447,0.334151,-0.206468,2.00407,13.1832,-0.748507,1.52406,9.29969,12.2016,-0.173465,1.08881,9.42683,8.34701,-1.66025,-0.0835645,2.38513,14.8552,-0.712255,0.56956,15.3306,11.9474,1.10269,0.342754,13.5192,6.14256,0.099965,-1.70375,7.93402,19.3842,0.763903,-0.941376
3.85,6.63253,1.43937,0.424741,-0.665059,11.2688,3.01316,0.329456,1.56232,16.2899,3.2024,0.334139,-0.206458,1.99659,13.1985,-0.747356,1.52909,9.29795,12.2125,-0.173464,1.08879,9.41023,8.34617,-1.66025,-0.0835494,2.378,14.8609,-0.713405,0.56453,15.3416,11.9508,1.10268,0.342753,13.5202,6.12552,0.099959,-1.70378,7.94166,19.3748,0.763903,-0.941377
3.86,6.63677,1.43272,0.424745,-0.665058,11.2721,3.02878,0.329467,1.56233,16.2933,3.20034,0.334126,-0.206448,1.98912,13.2138,-0.746157,1.5343,9.29622,12.2234,-0.173463,1.08877,9.39363,8.34534,-1.66025,-0.0835346,2.37086,14.8665,-0.714604,0.55932,15.3526,11.9542,1.10268,0.342752,13.5212,6.10848,0.0999528,-1.7038,7.94929,19.3654,0.763903,-0.941377
3.87,6.64102,1.42607,0.424748,-0.665056,11.2754,3.04441,0.329478,1.56235,16.2966,3.19827,0.334113,-0.206438,1.98167,13.2292,-0.744905,1.5397,9.29448,12.2343,-0.173462,1.08875,9.37702,8.3445,-1.66024,-0.0835201,2.36371,14.8721,-0.715855,0.553922,15.3637,11.9576,1.10268,0.342751,13.5222,6.09145,0.0999462,-1.70382,7.95693,19.356,0.763903,-0.941378
3.88,6.64527,1.41942,0.424752,-0.665055,11.2787,3.06003,0.329491,1.56237,16.3,3.19621,0.3341,-0.206427,1.97423,13.2446,-0.743599,1.54529,9.29275,12.2452,-0.173461,1.08874,9.36042,8.34367,-1.66024,-0.083506,2.35655,14.8776,-0.71716,0.548325,15.3747,11.9611,1.10268,0.34275,13.5232,6.07441,0.0999392,-1.70385,7.96457,19.3466,0.763902,-0.941378
3.89,6.64951,1.41277,0.424755,-0.665054,11.282,3.07566,0.329504,1.56239,16.3033,3.19415,0.334087,-0.206417,1.9668,13.2601,-0.742235,1.5511,9.29102,12.2561,-0.17346,1.08872,9.34382,8.34283,-1.66023,-0.0834921,2.34937,14.883,-0.718524,0.542521,15.3857,11.9645,1.10268,0.34275,13.5242,6.05737,0.0999317,-1.70387,7.97221,19.3371,0.763902,-0.941378
3.9,6.65376,1.40612,0.424759,-0.665052,11.2853,3.09128,0.329518,1.56241,16.3066,3.19208,0.334073,-0.206406,1.95938,13.2756,-0.74081,1.55712,9.28928,12.267,-0.173459,1.0887,9.32722,8.342,-1.66023,-0.0834786,2.34218,14.8884,-0.719948,0.536498,15.3967,11.9679,1.10268,0.342749,13.5252,6.04033,0.0999237,-1.7039,7.97985,19.3277,0.763902,-0.941379
3.91,6.65801,1.39947,0.424762,-0.665051,11.2886,3.1069,0.329533,1.56243,16.31,3.19002,0.334059,-0.206395,1.95198,13.2912,-0.73932,1.56337,9.28755,12.2779,-0.173459,1.08869,9.31062,8.34116,-1.66022,-0.0834653,2.33497,14.8937,-0.721437,0.530244,15.4078,11.9714,1.10268,0.342748,13.5262,6.02329,0.0999152,-1.70393,7.98749,19.3183,0.763902,-0.941379
3.92,6.66226,1.39282,0.424765,-0.665049,11.2919,3.12253,0.329549,1.56245,16.3133,3.18795,0.334045,-0.206384,1.9446,13.3069,-0.737762,1.56987,9.28581,12.2887,-0.173458,1.08867,9.29401,8.34033,-1.66022,-0.0834524,2.32775,14.899,-0.722995,0.523748,15.4188,11.9748,1.10268,0.342747,13.5272,6.00625,0.0999061,-1.70396,7.99513,19.3089,0.763902,-0.94138
3.93,6.66651,1.38617,0.424769,-0.665048,11.2952,3.13815,0.329566,1.56247,16.3167,3.18589,0.334031,-0.206372,1.93723,13.3226,-0.736131,1.57662,9.28408,12.2996,-0.173458,1.08865,9.27741,8.33949,-1.66022,-0.0834397,2.32051,14.9042,-0.724625,0.516995,15.4298,11.9782,1.10267,0.342746,13.5282,5.98921,0.0998963,-1.70399,8.00277,19.2995,0.763902,-0.94138
3.94,6.67075,1.37952,0.424772,-0.665047,11.2985,3.15378,0.329584,1.5625,16.32,3.18383,0.334017,-0.206361,1.92987,13.3384,-0.734423,1.58365,9.28234,12.3105,-0.173458,1.08864,9.26081,8.33866,-1.66021,-0.0834273,2.31325,14.9094,-0.726332,0.509973,15.4409,11.9816,1.10267,0.342746,13.5292,5.97217,0.0998857,-1.70402,8.01041,19.2901,0.763901,-0.941381
3.95,6.675,1.37287,0.424775,-0.665045,11.3018,3.1694,0.329603,1.56252,16.3233,3.18176,0.334002,-0.20635,1.92254,13.3543,-0.732633,1.59095,9.28061,12.3214,-0.173457,1.08862,9.24421,8.33782,-1.66021,-0.0834152,2.30598,14.9144,-0.728122,0.502665,15.4519,11.9851,1.10267,0.342745,13.5302,5.95513,0.0998743,-1.70406,8.01805,19.2807,0.763901,-0.941381
3.96,6.67925,1.36622,0.424778,-0.665044,11.3051,3.18503,0.329623,1.56255,16.3267,3.1797,0.333987,-0.206338,1.91522,13.3702,-0.730755,1.59856,9.27887,12.3323,-0.173457,1.08861,9.2276,8.33699,-1.66021,-0.0834034,2.29869,14.9194,-0.729998,0.495055,15.4629,11.9885,1.10267,0.342744,13.5312,5.93809,0.0998621,-1.70409,8.02568,19.2712,0.763901,-0.941382
3.97,6.6835,1.35957,0.424781,-0.665042,11.3084,3.20065,0.329645,1.56258,16.33,3.17764,0.333972,-0.206326,1.90792,13.3863,-0.728786,1.60649,9.27714,12.3432,-0.173457,1.08859,9.211,8.33616,-1.6602,-0.0833918,2.29138,14.9243,-0.731968,0.487127,15.4739,11.9919,1.10267,0.342744,13.5322,5.92105,0.0998488,-1.70413,8.03332,19.2618,0.763901,-0.941382
3.98,6.68774,1.35292,0.424784,-0.665041,11.3117,3.21628,0.329668,1.5626,16.3334,3.17557,0.333957,-0.206314,1.90065,13.4024,-0.726717,1.61476,9.2754,12.3541,-0.173457,1.08858,9.1944,8.33532,-1.6602,-0.0833805,2.28405,14.9292,-0.734035,0.478862,15.485,11.9953,1.10267,0.342743,13.5332,5.90401,0.0998345,-1.70417,8.04096,19.2524,0.763901,-0.941383
3.99,6.69199,1.34627,0.424787,-0.665039,11.315,3.23191,0.329693,1.56263,16.3367,3.17351,0.333942,-0.206302,1.89339,13.4186,-0.724544,1.62338,9.27367,12.3649,-0.173457,1.08857,9.1778,8.33449,-1.66019,-0.0833695,2.2767,14.9339,-0.736208,0.470241,15.496,11.9988,1.10267,0.342742,13.5342,5.88697,0.0998191,-1.70421,8.0486,19.243,0.7639,-0.941383
4,6.69624,1.33962,0.42479,-0.665038,11.3182,3.24753,0.329719,1.56267,16.34,3.17145,0.333926,-0.206289,1.88616,13.4348,-0.722258,1.63238,9.27193,12.3758,-0.173457,1.08855,9.1612,8.33365,-1.66019,-0.0833587,2.26933,14.9386,-0.738493,0.46124,15.507,12.0022,1.10267,0.342742,13.5352,5.86992,0.0998025,-1.70425,8.05624,19.2336,0.7639,-0.941384
4.01,6.70049,1.33296,0.424793,-0.665037,11.3215,3.26316,0.329747,1.5627,16.3434,3.16938,0.33391,-0.206277,1.87894,13.4512,-0.719854,1.64178,9.2702,12.3867,-0.173457,1.08854,9.14459,8.33282,-1.66019,-0.0833482,2.26193,14.9431,-0.740897,0.45184,15.518,12.0056,1.10267,0.342741,13.5362,5.85288,0.0997845,-1.70429,8.06388,19.2242,0.7639,-0.941384
4.02,6.70474,1.32631,0.424796,-0.665035,11.3248,3.27879,0.329777,1.56274,16.3467,3.16732,0.333894,-0.206264,1.87176,13.4677,-0.717322,1.65161,9.26847,12.3976,-0.173457,1.08853,9.12799,8.33199,-1.66018,-0.0833379,2.25451,14.9476,-0.743428,0.442014,15.5291,12.0091,1.10266,0.34274,13.5372,5.83584,0.099765,-1.70434,8.07152,19.2148,0.7639,-0.941385
4.03,6.70898,1.31966,0.424799,-0.665034,11.3281,3.29441,0.329808,1.56277,16.3501,3.16526,0.333877,-0.206251,1.8646,13.4842,-0.714653,1.66188,9.26673,12.4085,-0.173457,1.08851,9.11139,8.33115,-1.66018,-0.0833279,2.24706,14.952,-0.746096,0.431737,15.5401,12.0125,1.10266,0.34274,13.5382,5.81879,0.099744,-1.70439,8.07916,19.2053,0.7639,-0.941385
4.04,6.71323,1.31301,0.424802,-0.665032,11.3314,3.31004,0.329842,1.56281,16.3534,3.1632,0.333861,-0.206238,1.85747,13.5009,-0.71184,1.67264,9.265,12.4194,-0.173458,1.0885,9.09479,8.33032,-1.66018,-0.0833181,2.23959,14.9562,-0.748909,0.420982,15.5511,12.0159,1.10266,0.342739,13.5392,5.80175,0.0997213,-1.70444,8.0868,19.1959,0.7639,-0.941386
4.05,6.71748,1.30636,0.424805,-0.665031,11.3347,3.32567,0.329878,1.56285,16.3567,3.16113,0.333844,-0.206225,1.85036,13.5177,-0.708871,1.6839,9.26326,12.4303,-0.173458,1.08849,9.07819,8.32949,-1.66017,-0.0833085,2.23208,14.9604,-0.751877,0.409719,15.5621,12.0193,1.10266,0.342739,13.5402,5.7847,0.0996968,-1.70449,8.09444,19.1865,0.763899,-0.941387
4.06,6.72173,1.29971,0.424808,-0.665029,11.338,3.3413,0.329916,1.56289,16.3601,3.15907,0.333826,-0.206212,1.84329,13.5346,-0.705735,1.6957,9.26153,12.4411,-0.173458,1.08848,9.06159,8.32865,-1.66017,-0.0832992,2.22455,14.9644,-0.755012,0.397917,15.5732,12.0228,1.10266,0.342738,13.5412,5.76766,0.0996703,-1.70454,8.10207,19.1771,0.763899,-0.941387
4.07,6.72598,1.29306,0.424811,-0.665028,11.3413,3.35693,0.329956,1.56294,16.3634,3.15701,0.333809,-0.206198,1.83625,13.5516,-0.702423,1.70808,9.25979,12.452,-0.173458,1.08847,9.04498,8.32782,-1.66017,-0.0832902,2.21698,14.9683,-0.758324,0.385543,15.5842,12.0262,1.10266,0.342737,13.5422,5.75061,0.0996416,-1.7046,8.10971,19.1677,0.763899,-0.941388
4.08,6.73022,1.28641,0.424813,-0.665027,11.3446,3.37256,0.329999,1.56299,16.3667,3.15495,0.333791,-0.206185,1.82924,13.5688,-0.69892,1.72106,9.25806,12.4629,-0.173459,1.08845,9.02838,8.32699,-1.66016,-0.0832813,2.20938,14.9721,-0.761826,0.372563,15.5952,12.0296,1.10266,0.342737,13.5432,5.73357,0.0996107,-1.70466,8.11735,19.1583,0.763899,-0.941388
4.09,6.73447,1.27976,0.424816,-0.665025,11.3479,3.38819,0.330045,1.56304,16.3701,3.15289,0.333773,-0.206171,1.82227,13.586,-0.695215,1.73468,9.25632,12.4738,-0.173459,1.08844,9.01178,8.32616,-1.66016,-0.0832727,2.20175,14.9758,-0.76553,0.358941,15.6063,12.033,1.10266,0.342736,13.5442,5.71652,0.0995774,-1.70472,8.12499,19.1489,0.763899,-0.941389
4.1,6.73872,1.27311,0.424819,-0.665024,11.3512,3.40382,0.330095,1.56309,16.3734,3.15082,0.333755,-0.206157,1.81534,13.6035,-0.691293,1.74898,9.25459,12.4847,-0.17346,1.08843,8.99518,8.32532,-1.66016,-0.0832642,2.19407,14.9793,-0.769451,0.344639,15.6173,12.0365,1.10266,0.342736,13.5452,5.69947,0.0995414,-1.70478,8.13263,19.1395,0.763899,-0.941389
4.11,6.74297,1.26646,0.424821,-0.665022,11.3545,3.41945,0.330147,1.56314,16.3768,3.14876,0.333736,-0.206143,1.80845,13.621,-0.687142,1.764,9.25285,12.4956,-0.17346,1.08842,8.97858,8.32449,-1.66015,-0.083256,2.18636,14.9827,-0.773602,0.32962,15.6283,12.0399,1.10266,0.342735,13.5462,5.68243,0.0995026,-1.70485,8.14027,19.13,0.763898,-0.94139
4.12,6.74722,1.25981,0.424824,-0.665021,11.3578,3.43508,0.330202,1.5632,16.3801,3.1467,0.333718,-0.206128,1.8016,13.6387,-0.682746,1.77977,9.25112,12.5065,-0.173461,1.08841,8.96198,8.32366,-1.66015,-0.083248,2.1786,14.9859,-0.777997,0.313847,15.6393,12.0433,1.10266,0.342735,13.5472,5.66538,0.0994607,-1.70492,8.14791,19.1206,0.763898,-0.941391
4.13,6.75147,1.25316,0.424827,-0.66502,11.3611,3.45071,0.330262,1.56326,16.3834,3.14464,0.333699,-0.206114,1.79479,13.6566,-0.678091,1.79634,9.24939,12.5173,-0.173461,1.0884,8.94537,8.32283,-1.66015,-0.0832402,2.17079,14.9889,-0.782652,0.297285,15.6504,12.0468,1.10265,0.342734,13.5482,5.64833,0.0994156,-1.70499,8.15555,19.1112,0.763898,-0.941391
4.14,6.75571,1.24651,0.424829,-0.665018,11.3644,3.46635,0.330325,1.56333,16.3868,3.14258,0.333679,-0.206099,1.78803,13.6747,-0.673163,1.81372,9.24765,12.5282,-0.173462,1.08839,8.92877,8.32199,-1.66014,-0.0832327,2.16294,14.9918,-0.787578,0.279901,15.6614,12.0502,1.10265,0.342734,13.5492,5.63128,0.0993669,-1.70507,8.16319,19.1018,0.763898,-0.941392
4.15,6.75996,1.23986,0.424832,-0.665017,11.3678,3.48198,0.330392,1.56339,16.3901,3.14052,0.33366,-0.206084,1.78133,13.6929,-0.667951,1.83195,9.24592,12.5391,-0.173462,1.08838,8.91217,8.32116,-1.66014,-0.0832253,2.15504,14.9945,-0.79279,0.261669,15.6724,12.0536,1.10265,0.342734,13.5502,5.61423,0.0993145,-1.70515,8.17083,19.0924,0.763898,-0.941392
4.16,6.76421,1.23321,0.424834,-0.665015,11.3711,3.49761,0.330463,1.56346,16.3934,3.13846,0.33364,-0.206069,1.77468,13.7113,-0.662444,1.85105,9.24418,12.55,-0.173463,1.08837,8.89557,8.32033,-1.66014,-0.0832181,2.14709,14.9971,-0.798296,0.242575,15.6834,12.057,1.10265,0.342733,13.5512,5.59717,0.0992581,-1.70523,8.17846,19.083,0.763898,-0.941393
4.17,6.76846,1.22656,0.424837,-0.665014,11.3744,3.51325,0.33054,1.56354,16.3968,3.1364,0.333619,-0.206054,1.76808,13.7299,-0.656637,1.871,9.24245,12.5609,-0.173464,1.08836,8.87897,8.3195,-1.66013,-0.0832111,2.13908,14.9994,-0.804102,0.222617,15.6945,12.0605,1.10265,0.342733,13.5522,5.58012,0.0991973,-1.70532,8.1861,19.0736,0.763897,-0.941394
4.18,6.77271,1.21991,0.424839,-0.665013,11.3777,3.52888,0.330621,1.56361,16.4001,3.13434,0.333599,-0.206039,1.76155,13.7487,-0.650532,1.8918,9.24071,12.5718,-0.173464,1.08835,8.86237,8.31866,-1.66013,-0.0832042,2.131,15.0015,-0.810207,0.201822,15.7055,12.0639,1.10265,0.342732,13.5531,5.56307,0.0991319,-1.70541,8.19374,19.0641,0.763897,-0.941394
4.19,6.77696,1.21326,0.424842,-0.665011,11.381,3.54452,0.330708,1.56369,16.4035,3.13228,0.333578,-0.206023,1.75507,13.7678,-0.644139,1.91337,9.23898,12.5826,-0.173465,1.08835,8.84577,8.31783,-1.66013,-0.0831976,2.12287,15.0034,-0.816599,0.180248,15.7165,12.0673,1.10265,0.342732,13.5541,5.54601,0.0990615,-1.7055,8.20138,19.0547,0.763897,-0.941395
4.2,6.7812,1.20661,0.424844,-0.66501,11.3843,3.56016,0.3308,1.56378,16.4068,3.13022,0.333557,-0.206008,1.74866,13.787,-0.637488,1.93561,9.23724,12.5935,-0.173466,1.08834,8.82917,8.317,-1.66012,-0.0831911,2.11467,15.0051,-0.82325,0.158007,15.7275,12.0707,1.10265,0.342731,13.5551,5.52896,0.0989858,-1.7056,8.20902,19.0453,0.763897,-0.941396
4.21,6.78545,1.19996,0.424846,-0.665008,11.3876,3.5758,0.330899,1.56387,16.4101,3.12816,0.333535,-0.205992,1.74232,13.8065,-0.630628,1.95833,9.23551,12.6044,-0.173466,1.08833,8.81256,8.31617,-1.66012,-0.0831849,2.1064,15.0066,-0.830109,0.135286,15.7386,12.0742,1.10265,0.342731,13.5561,5.5119,0.0989045,-1.70571,8.21666,19.0359,0.763897,-0.941396
4.22,6.7897,1.19331,0.424848,-0.665007,11.3909,3.59144,0.331003,1.56396,16.4135,3.1261,0.333513,-0.205976,1.73605,13.8262,-0.623645,1.98124,9.23377,12.6153,-0.173467,1.08832,8.79596,8.31534,-1.66012,-0.0831787,2.09807,15.0078,-0.837091,0.112383,15.7496,12.0776,1.10265,0.342731,13.5571,5.49484,0.098817,-1.70581,8.2243,19.0265,0.763897,-0.941397
4.23,6.79395,1.18666,0.424851,-0.665006,11.3942,3.60708,0.331115,1.56406,16.4168,3.12404,0.333491,-0.205959,1.72985,13.8461,-0.616676,2.00387,9.23204,12.6262,-0.173468,1.08831,8.77936,8.31451,-1.66011,-0.0831728,2.08966,15.0088,-0.84406,0.0897489,15.7606,12.081,1.10265,0.34273,13.5581,5.47778,0.098723,-1.70593,8.23194,19.0171,0.763896,-0.941398
4.24,6.7982,1.18001,0.424853,-0.665004,11.3975,3.62272,0.331234,1.56416,16.4201,3.12198,0.333469,-0.205943,1.72372,13.8662,-0.60993,2.02556,9.2303,12.6371,-0.173469,1.08831,8.76276,8.31367,-1.66011,-0.083167,2.08119,15.0096,-0.850805,0.068061,15.7716,12.0845,1.10265,0.34273,13.5591,5.46072,0.0986221,-1.70604,8.23958,19.0077,0.763896,-0.941398
4.25,6.80245,1.17336,0.424855,-0.665003,11.4008,3.63836,0.331361,1.56427,16.4235,3.11992,0.333446,-0.205926,1.71765,13.8866,-0.603724,2.04531,9.22857,12.6479,-0.173469,1.0883,8.74616,8.31284,-1.66011,-0.0831614,2.07265,15.0102,-0.85701,0.0483122,15.7827,12.0879,1.10265,0.34273,13.5601,5.44366,0.0985137,-1.70617,8.24722,18.9982,0.763896,-0.941399
4.26,6.80669,1.16671,0.424857,-0.665002,11.4041,3.654,0.331497,1.56438,16.4268,3.11786,0.333423,-0.20591,1.71164,13.9071,-0.598524,2.06168,9.22683,12.6588,-0.17347,1.08829,8.72956,8.31201,-1.6601,-0.083156,2.06405,15.0106,-0.86221,0.0319399,15.7937,12.0913,1.10264,0.342729,13.561,5.4266,0.0983974,-1.70629,8.25485,18.9888,0.763896,-0.9414
4.27,6.81094,1.16006,0.424859,-0.665,11.4075,3.66965,0.331641,1.5645,16.4301,3.1158,0.333399,-0.205893,1.70567,13.9278,-0.595011,2.07263,9.2251,12.6697,-0.173471,1.08828,8.71296,8.31118,-1.6601,-0.0831507,2.05541,15.0109,-0.865722,0.0209935,15.8047,12.0947,1.10264,0.342729,13.562,5.40954,0.0982727,-1.70643,8.26249,18.9794,0.763896,-0.941401
4.28,6.81519,1.15341,0.424862,-0.664999,11.4108,3.68529,0.331794,1.56462,16.4335,3.11374,0.333375,-0.205876,1.69973,13.9486,-0.594152,2.07528,9.22337,12.6806,-0.173472,1.08828,8.69636,8.31035,-1.6601,-0.0831455,2.04675,15.011,-0.86658,0.0183411,15.8158,12.0982,1.10264,0.342729,13.563,5.39247,0.0981389,-1.70657,8.27013,18.97,0.763896,-0.941401
4.29,6.81944,1.14676,0.424864,-0.664998,11.4141,3.70094,0.331958,1.56475,16.4368,3.11168,0.333351,-0.205858,1.69378,13.9693,-0.597295,2.06573,9.22163,12.6915,-0.173473,1.08827,8.67976,8.30952,-1.6601,-0.0831405,2.03809,15.0113,-0.863437,0.0278936,15.8268,12.1016,1.10264,0.342728,13.564,5.37541,0.0979954,-1.70671,8.27777,18.9606,0.763896,-0.941402
4.3,6.82369,1.14011,0.424866,-0.664996,11.4174,3.71659,0.332132,1.56489,16.4401,3.10962,0.333326,-0.205841,1.68777,13.9898,-0.606238,2.03884,9.2199,12.7023,-0.173474,1.08826,8.66315,8.30868,-1.66009,-0.0831357,2.0295,15.0117,-0.854493,0.054778,15.8378,12.105,1.10264,0.342728,13.565,5.35834,0.0978417,-1.70686,8.28541,18.9512,0.763895,-0.941403
4.31,6.82794,1.13346,0.424868,-0.664995,11.4207,3.73224,0.332318,1.56503,16.4435,3.10757,0.333301,-0.205823,1.68163,14.01,-0.62325,1.98831,9.21816,12.7132,-0.173474,1.08826,8.64655,8.30785,-1.66009,-0.0831309,2.02103,15.0124,-0.83748,0.105308,15.8488,12.1084,1.10264,0.342728,13.566,5.34127,0.0976771,-1.70702,8.29305,18.9418,0.763895,-0.941404
4.32,6.83219,1.12681,0.42487,-0.664994,11.4241,3.74789,0.332515,1.56517,16.4468,3.10551,0.333276,-0.205806,1.67526,14.0295,-0.650917,1.90714,9.21643,12.7241,-0.173475,1.08825,8.62995,8.30702,-1.66009,-0.0831264,2.01278,15.0139,-0.809813,0.186476,15.8599,12.1119,1.10264,0.342727,13.5669,5.3242,0.0975009,-1.70718,8.30069,18.9323,0.763895,-0.941405
4.33,6.83644,1.12016,0.424872,-0.664992,11.4274,3.76354,0.332726,1.56533,16.4501,3.10345,0.333251,-0.205788,1.66856,14.048,-0.691699,1.78901,9.21469,12.735,-0.173476,1.08824,8.61335,8.30619,-1.66008,-0.0831219,2.00488,15.0163,-0.76903,0.304613,15.8709,12.1153,1.10264,0.342727,13.5679,5.30712,0.0973122,-1.70735,8.30833,18.9229,0.763895,-0.941405
4.34,6.84068,1.11351,0.424874,-0.664991,11.4307,3.77919,0.33295,1.56549,16.4535,3.10139,0.333224,-0.205769,1.66138,14.0651,-0.747081,1.63064,9.21296,12.7459,-0.173477,1.08824,8.59675,8.30536,-1.66008,-0.0831176,1.99745,15.0201,-0.713648,0.462979,15.8819,12.1187,1.10264,0.342727,13.5689,5.29005,0.0971105,-1.70753,8.31597,18.9135,0.763895,-0.941406
4.35,6.84493,1.10686,0.424876,-0.66499,11.4341,3.79485,0.333188,1.56565,16.4568,3.09933,0.333198,-0.205751,1.65358,14.0805,-0.816443,1.43488,9.21122,12.7568,-0.173478,1.08823,8.58015,8.30453,-1.66008,-0.0831134,1.99065,15.0257,-0.644285,0.658736,15.8929,12.1222,1.10264,0.342726,13.5698,5.27297,0.0968948,-1.70771,8.3236,18.9041,0.763895,-0.941407
4.36,6.84918,1.10021,0.424877,-0.664989,11.4374,3.81051,0.333442,1.56583,16.4601,3.09728,0.333171,-0.205733,1.64502,14.0937,-0.89619,1.21277,9.20949,12.7676,-0.173479,1.08823,8.56355,8.3037,-1.66008,-0.0831094,1.9846,15.0334,-0.564537,0.880847,15.904,12.1256,1.10264,0.342726,13.5708,5.2559,0.0966642,-1.7079,8.33124,18.8947,0.763895,-0.941408
4.37,6.85343,1.09356,0.424879,-0.664987,11.4407,3.82617,0.333711,1.56601,16.4635,3.09522,0.333144,-0.205714,1.63564,14.1047,-0.979943,0.982561,9.20775,12.7785,-0.17348,1.08822,8.54695,8.30287,-1.66007,-0.0831055,1.97937,15.0433,-0.480784,1.11106,15.915,12.129,1.10264,0.342726,13.5718,5.23882,0.096418,-1.7081,8.33888,18.8853,0.763895,-0.941409
4.38,6.85768,1.08691,0.424881,-0.664986,11.4441,3.84183,0.333998,1.5662,16.4668,3.09316,0.333116,-0.205695,1.62543,14.1134,-1.06014,0.764964,9.20602,12.7894,-0.17348,1.08821,8.53035,8.30204,-1.66007,-0.0831017,1.97497,15.0555,-0.400581,1.32866,15.926,12.1324,1.10264,0.342725,13.5727,5.22173,0.0961551,-1.70831,8.34652,18.8759,0.763894,-0.94141
4.39,6.86193,1.08026,0.424883,-0.664985,11.4474,3.85749,0.334303,1.56639,16.4701,3.09111,0.333088,-0.205676,1.61447,14.1201,-1.13034,0.576936,9.20428,12.8003,-0.173481,1.08821,8.51375,8.3012,-1.66007,-0.083098,1.97133,15.0698,-0.330386,1.51668,15.937,12.1359,1.10264,0.342725,13.5737,5.20465,0.0958747,-1.70852,8.35416,18.8664,0.763894,-0.941411
4.4,6.86618,1.07361,0.424885,-0.664983,11.4507,3.87316,0.334627,1.5666,16.4735,3.08905,0.33306,-0.205657,1.60287,14.1251,-1.18677,0.427637,9.20255,12.8112,-0.173482,1.0882,8.49715,8.30037,-1.66006,-0.0830944,1.96832,15.0857,-0.273951,1.66598,15.9481,12.1393,1.10264,0.342725,13.5747,5.18756,0.0955756,-1.70874,8.3618,18.857,0.763894,-0.941412
4.41,6.87043,1.06696,0.424887,-0.664982,11.4541,3.88882,0.334971,1.56681,16.4768,3.08699,0.333031,-0.205638,1.59078,14.1288,-1.22861,0.31827,9.20081,12.8221,-0.173483,1.0882,8.48055,8.29954,-1.66006,-0.083091,1.9658,15.103,-0.23211,1.77535,15.9591,12.1427,1.10264,0.342725,13.5756,5.17048,0.0952568,-1.70897,8.36944,18.8476,0.763894,-0.941412
4.42,6.87467,1.06031,0.424888,-0.664981,11.4574,3.90449,0.335336,1.56702,16.4801,3.08494,0.333002,-0.205619,1.57834,14.1316,-1.25713,0.244585,9.19908,12.8329,-0.173484,1.08819,8.46395,8.29871,-1.66006,-0.0830876,1.96363,15.1211,-0.203594,1.84904,15.9701,12.1461,1.10264,0.342724,13.5766,5.15338,0.0949174,-1.7092,8.37708,18.8382,0.763894,-0.941413
4.43,6.87892,1.05366,0.42489,-0.66498,11.4608,3.92016,0.335723,1.56725,16.4834,3.08288,0.332972,-0.205599,1.56568,14.1338,-1.27462,0.199887,9.19734,12.8438,-0.173485,1.08819,8.44734,8.29788,-1.66006,-0.0830844,1.96169,15.1399,-0.186103,1.89373,15.9812,12.1496,1.10263,0.342724,13.5775,5.13629,0.094556,-1.70945,8.38472,18.8288,0.763894,-0.941414
4.44,6.88317,1.04701,0.424892,-0.664979,11.4642,3.93584,0.336134,1.56748,16.4868,3.08082,0.332942,-0.205579,1.55288,14.1357,-1.28358,0.17722,9.19561,12.8547,-0.173486,1.08819,8.43074,8.29705,-1.66005,-0.0830812,1.95988,15.1589,-0.17714,1.9164,15.9922,12.153,1.10263,0.342724,13.5785,5.1192,0.0941717,-1.7097,8.39236,18.8194,0.763894,-0.941415
4.45,6.88742,1.04036,0.424893,-0.664977,11.4675,3.95151,0.33657,1.56772,16.4901,3.07877,0.332912,-0.205559,1.54002,14.1374,-1.28626,0.1705,9.19387,12.8656,-0.173487,1.08818,8.41414,8.29622,-1.66005,-0.0830782,1.95813,15.1781,-0.174458,1.92312,16.0032,12.1564,1.10263,0.342724,13.5794,5.1021,0.0937632,-1.70996,8.39999,18.81,0.763894,-0.941416
4.46,6.89167,1.03371,0.424895,-0.664976,11.4709,3.96719,0.337031,1.56797,16.4934,3.07671,0.332881,-0.205539,1.52717,14.1391,-1.28449,0.174882,9.19214,12.8765,-0.173488,1.08818,8.39754,8.29539,-1.66005,-0.0830753,1.95638,15.1974,-0.176229,1.91874,16.0142,12.1599,1.10263,0.342723,13.5803,5.085,0.0933293,-1.71023,8.40763,18.8005,0.763894,-0.941417
4.47,6.89592,1.02706,0.424897,-0.664975,11.4743,3.98287,0.33752,1.56823,16.4968,3.07466,0.33285,-0.205519,1.51434,14.1409,-1.27967,0.186718,9.1904,12.8873,-0.173489,1.08817,8.38094,8.29456,-1.66005,-0.0830724,1.95459,15.2165,-0.181053,1.9069,16.0253,12.1633,1.10263,0.342723,13.5813,5.06789,0.0928688,-1.7105,8.41527,18.7911,0.763893,-0.941419
4.48,6.90017,1.02041,0.424898,-0.664974,11.4776,3.99856,0.338037,1.56849,16.5001,3.0726,0.332818,-0.205499,1.50158,14.1429,-1.27282,0.203358,9.18867,12.8982,-0.17349,1.08817,8.36434,8.29373,-1.66004,-0.0830697,1.95275,15.2355,-0.187895,1.89026,16.0363,12.1667,1.10263,0.342723,13.5822,5.05079,0.0923805,-1.71078,8.42291,18.7817,0.763893,-0.94142
4.49,6.90442,1.01376,0.4249,-0.664973,11.481,4.01424,0.338583,1.56876,16.5034,3.07055,0.332786,-0.205478,1.48889,14.145,-1.26471,0.222925,9.18693,12.9091,-0.17349,1.08816,8.34774,8.2929,-1.66004,-0.083067,1.95083,15.2543,-0.19601,1.8707,16.0473,12.1701,1.10263,0.342723,13.5831,5.03368,0.091863,-1.71107,8.43055,18.7723,0.763893,-0.941421
4.5,6.90867,1.00711,0.424901,-0.664971,11.4844,4.02993,0.33916,1.56904,16.5067,3.06849,0.332753,-0.205458,1.47629,14.1473,-1.25585,0.244113,9.1852,12.92,-0.173491,1.08816,8.33114,8.29207,-1.66004,-0.0830645,1.94883,15.2729,-0.204869,1.84951,16.0583,12.1736,1.10263,0.342723,13.584,5.01656,0.0913153,-1.71137,8.43819,18.7629,0.763893,-0.941422
4.51,6.91292,1.00046,0.424903,-0.66497,11.4878,4.04562,0.339769,1.56932,16.5101,3.06644,0.33272,-0.205437,1.46378,14.1499,-1.24661,0.266025,9.18346,12.9309,-0.173492,1.08816,8.31454,8.29123,-1.66003,-0.083062,1.94673,15.2913,-0.214104,1.8276,16.0694,12.177,1.10263,0.342722,13.5849,4.99945,0.0907358,-1.71167,8.44583,18.7535,0.763893,-0.941423
4.52,6.91716,0.993814,0.424904,-0.664969,11.4912,4.06132,0.340412,1.56961,16.5134,3.06438,0.332686,-0.205416,1.45136,14.1526,-1.23726,0.288055,9.18173,12.9418,-0.173493,1.08815,8.29794,8.2904,-1.66003,-0.0830596,1.94454,15.3094,-0.223461,1.80557,16.0804,12.1804,1.10263,0.342722,13.5858,4.98233,0.0901236,-1.71197,8.45347,18.7441,0.763893,-0.941424
4.53,6.92141,0.987164,0.424906,-0.664968,11.4946,4.07702,0.341089,1.5699,16.5167,3.06233,0.332652,-0.205395,1.43903,14.1556,-1.22795,0.309802,9.17999,12.9526,-0.173494,1.08815,8.28134,8.28957,-1.66003,-0.0830573,1.94226,15.3274,-0.232766,1.78382,16.0914,12.1838,1.10263,0.342722,13.5867,4.96521,0.0894772,-1.71229,8.46111,18.7346,0.763893,-0.941425
4.54,6.92566,0.980515,0.424907,-0.664967,11.498,4.09272,0.341802,1.5702,16.5201,3.06028,0.332618,-0.205374,1.4268,14.1588,-1.21881,0.331007,9.17826,12.9635,-0.173495,1.08815,8.26474,8.28874,-1.66003,-0.0830551,1.93989,15.3451,-0.241905,1.76261,16.1024,12.1873,1.10263,0.342722,13.5876,4.94809,0.0887955,-1.7126,8.46874,18.7252,0.763893,-0.941427
4.55,6.92991,0.973865,0.424909,-0.664966,11.5015,4.10842,0.342552,1.5705,16.5234,3.05822,0.332583,-0.205352,1.41465,14.1622,-1.20991,0.35151,9.17652,12.9744,-0.173496,1.08814,8.24814,8.28791,-1.66002,-0.083053,1.93743,15.3626,-0.250803,1.74211,16.1135,12.1907,1.10263,0.342721,13.5885,4.93096,0.0880774,-1.71293,8.47638,18.7158,0.763893,-0.941428
4.56,6.93416,0.967215,0.42491,-0.664965,11.5049,4.12413,0.34334,1.5708,16.5267,3.05617,0.332547,-0.205331,1.4026,14.1659,-1.2013,0.371218,9.17479,12.9853,-0.173497,1.08814,8.23154,8.28708,-1.66002,-0.0830509,1.93487,15.38,-0.259414,1.7224,16.1245,12.1941,1.10263,0.342721,13.5894,4.91383,0.0873217,-1.71325,8.48402,18.7064,0.763892,-0.941429
4.57,6.93841,0.960566,0.424911,-0.664963,11.5083,4.13984,0.344167,1.57111,16.53,3.05412,0.332512,-0.205309,1.39063,14.1697,-1.193,0.390086,9.17305,12.9962,-0.173498,1.08814,8.21494,8.28625,-1.66002,-0.0830489,1.93224,15.3971,-0.267712,1.70353,16.1355,12.1976,1.10263,0.342721,13.5903,4.89669,0.0865273,-1.71358,8.49166,18.697,0.763892,-0.941431
4.58,6.94266,0.953916,0.424913,-0.664962,11.5118,4.15555,0.345034,1.57142,16.5334,3.05206,0.332475,-0.205288,1.37874,14.1737,-1.18503,0.408099,9.17132,13.007,-0.173499,1.08814,8.19834,8.28542,-1.66002,-0.083047,1.92952,15.414,-0.275685,1.68552,16.1465,12.201,1.10263,0.342721,13.5911,4.87956,0.0856933,-1.71391,8.4993,18.6876,0.763892,-0.941432
4.59,6.94691,0.947266,0.424914,-0.664961,11.5152,4.17126,0.345943,1.57173,16.5367,3.05001,0.332438,-0.205266,1.36693,14.1778,-1.17738,0.425263,9.16958,13.0179,-0.1735,1.08813,8.18174,8.28459,-1.66001,-0.0830452,1.92673,15.4308,-0.28333,1.66836,16.1576,12.2044,1.10263,0.342721,13.592,4.86241,0.0848187,-1.71424,8.50694,18.6782,0.763892,-0.941433
4.6,6.95116,0.940617,0.424915,-0.66496,11.5187,4.18698,0.346893,1.57204,16.54,3.04796,0.332401,-0.205244,1.35519,14.1822,-1.17006,0.4416,9.16785,13.0288,-0.1735,1.08813,8.16514,8.28376,-1.66001,-0.0830434,1.92386,15.4474,-0.290651,1.65202,16.1686,12.2078,1.10263,0.342721,13.5928,4.84527,0.0839028,-1.71457,8.51458,18.6687,0.763892,-0.941435
4.61,6.95541,0.933967,0.424917,-0.664959,11.5222,4.2027,0.347886,1.57235,16.5433,3.04591,0.332363,-0.205222,1.34352,14.1867,-1.16306,0.457138,9.16611,13.0397,-0.173501,1.08813,8.14854,8.28293,-1.66001,-0.0830417,1.92091,15.4638,-0.297654,1.63648,16.1796,12.2113,1.10263,0.34272,13.5936,4.82812,0.0829448,-1.7149,8.52222,18.6593,0.763892,-0.941436
4.62,6.95966,0.927318,0.424918,-0.664958,11.5256,4.21843,0.348921,1.57265,16.5467,3.04385,0.332325,-0.2052,1.33193,14.1913,-1.15636,0.471911,9.16438,13.0506,-0.173502,1.08813,8.13194,8.2821,-1.66001,-0.08304,1.9179,15.4801,-0.304351,1.62171,16.1907,12.2147,1.10263,0.34272,13.5945,4.81097,0.0819441,-1.71522,8.52986,18.6499,0.763892,-0.941438
4.63,6.9639,0.920668,0.424919,-0.664957,11.5291,4.23416,0.350001,1.57295,16.55,3.0418,0.332286,-0.205177,1.3204,14.1961,-1.14996,0.485956,9.16264,13.0614,-0.173503,1.08812,8.11534,8.28127,-1.66,-0.0830384,1.91483,15.4963,-0.310754,1.60766,16.2017,12.2181,1.10263,0.34272,13.5953,4.79382,0.0809004,-1.71554,8.53749,18.6405,0.763892,-0.941439
4.64,6.96815,0.914018,0.42492,-0.664956,11.5326,4.24989,0.351124,1.57325,16.5533,3.03975,0.332247,-0.205155,1.30893,14.201,-1.14383,0.49931,9.16091,13.0723,-0.173504,1.08812,8.09874,8.28044,-1.66,-0.0830369,1.91169,15.5123,-0.316876,1.59431,16.2127,12.2215,1.10263,0.34272,13.5961,4.77666,0.0798132,-1.71586,8.54513,18.6311,0.763892,-0.941441
4.65,6.9724,0.907369,0.424922,-0.664955,11.5362,4.26562,0.352292,1.57354,16.5566,3.0377,0.332207,-0.205133,1.29752,14.2061,-1.13798,0.512012,9.15917,13.0832,-0.173505,1.08812,8.08214,8.27961,-1.66,-0.0830355,1.90849,15.5282,-0.32273,1.58161,16.2237,12.225,1.10263,0.34272,13.5969,4.7595,0.0786826,-1.71617,8.55277,18.6217,0.763892,-0.941442
4.66,6.97665,0.900719,0.424923,-0.664954,11.5397,4.28136,0.353503,1.57382,16.5599,3.03565,0.332167,-0.20511,1.28617,14.2113,-1.13238,0.524099,9.15744,13.0941,-0.173506,1.08812,8.06554,8.27878,-1.66,-0.0830341,1.90524,15.5439,-0.328329,1.56952,16.2348,12.2284,1.10262,0.342719,13.5977,4.74234,0.0775084,-1.71647,8.56041,18.6123,0.763892,-0.941444
4.67,6.9809,0.89407,0.424924,-0.664953,11.5432,4.2971,0.354758,1.57409,16.5633,3.0336,0.332127,-0.205088,1.27487,14.2166,-1.12702,0.535605,9.1557,13.105,-0.173507,1.08811,8.04894,8.27795,-1.65999,-0.0830327,1.90193,15.5596,-0.333688,1.55802,16.2458,12.2318,1.10262,0.342719,13.5984,4.72517,0.076291,-1.71677,8.56805,18.6028,0.763891,-0.941445
4.68,6.98515,0.88742,0.424925,-0.664952,11.5468,4.31284,0.356057,1.57435,16.5666,3.03155,0.332085,-0.205065,1.26363,14.222,-1.12189,0.546565,9.15397,13.1159,-0.173508,1.08811,8.03234,8.27712,-1.65999,-0.0830314,1.89856,15.5751,-0.338817,1.54706,16.2568,12.2353,1.10262,0.342719,13.5992,4.708,0.0750308,-1.71705,8.57569,18.5934,0.763891,-0.941447
4.69,6.9894,0.880771,0.424926,-0.664951,11.5503,4.32859,0.357398,1.5746,16.5699,3.02949,0.332044,-0.205042,1.25243,14.2275,-1.11698,0.557012,9.15223,13.1267,-0.173508,1.08811,8.01574,8.27629,-1.65999,-0.0830302,1.89515,15.5905,-0.343731,1.53661,16.2678,12.2387,1.10262,0.342719,13.5999,4.69083,0.0737284,-1.71732,8.58333,18.584,0.763891,-0.941449
4.7,6.99365,0.874121,0.424928,-0.66495,11.5539,4.34433,0.358781,1.57483,16.5732,3.02744,0.332001,-0.205019,1.24128,14.2331,-1.11227,0.566974,9.1505,13.1376,-0.173509,1.08811,7.99914,8.27546,-1.65999,-0.083029,1.89169,15.6058,-0.348439,1.52665,16.2789,12.2421,1.10262,0.342719,13.6007,4.67366,0.0723846,-1.71757,8.59097,18.5746,0.763891,-0.941451
4.71,6.9979,0.867472,0.424929,-0.664949,11.5575,4.36008,0.360205,1.57505,16.5765,3.02539,0.331959,-0.204996,1.23018,14.2388,-1.10775,0.576482,9.14876,13.1485,-0.17351,1.08811,7.98254,8.27463,-1.65998,-0.0830278,1.88818,15.621,-0.352955,1.51714,16.2899,12.2455,1.10262,0.342719,13.6014,4.65648,0.0710005,-1.71781,8.59861,18.5652,0.763891,-0.941453
4.72,7.00215,0.860822,0.42493,-0.664948,11.5611,4.37583,0.361669,1.57525,16.5799,3.02334,0.331916,-0.204973,1.21913,14.2446,-1.10342,0.585562,9.14703,13.1594,-0.173511,1.08811,7.96594,8.2738,-1.65998,-0.0830268,1.88463,15.6362,-0.357286,1.50806,16.3009,12.249,1.10262,0.342718,13.6021,4.6393,0.0695773,-1.71803,8.60625,18.5558,0.763891,-0.941454
4.73,7.0064,0.854173,0.424931,-0.664947,11.5648,4.39159,0.36317,1.57543,16.5832,3.02129,0.331872,-0.20495,1.20812,14.2505,-1.09926,0.594239,9.14529,13.1703,-0.173512,1.08811,7.94934,8.27297,-1.65998,-0.0830257,1.88104,15.6512,-0.361445,1.49938,16.3119,12.2524,1.10262,0.342718,13.6028,4.62212,0.0681167,-1.71824,8.61388,18.5464,0.763891,-0.941456
4.74,7.01065,0.847523,0.424932,-0.664946,11.5684,4.40734,0.364708,1.57559,16.5865,3.01925,0.331828,-0.204927,1.19714,14.2565,-1.09526,0.602536,9.14356,13.1811,-0.173513,1.08811,7.93274,8.27214,-1.65998,-0.0830247,1.8774,15.6662,-0.36544,1.49108,16.323,12.2558,1.10262,0.342718,13.6034,4.60494,0.0666203,-1.71842,8.62152,18.5369,0.763891,-0.941458
4.75,7.0149,0.840874,0.424933,-0.664945,11.5721,4.4231,0.36628,1.57573,16.5898,3.0172,0.331783,-0.204904,1.18621,14.2626,-1.09142,0.610475,9.14182,13.192,-0.173514,1.0881,7.91614,8.27131,-1.65998,-0.0830237,1.87373,15.681,-0.369279,1.48314,16.334,12.2592,1.10262,0.342718,13.6041,4.58775,0.0650901,-1.71858,8.62916,18.5275,0.763891,-0.94146
4.76,7.01914,0.834224,0.424934,-0.664944,11.5757,4.43886,0.367885,1.57585,16.5931,3.01515,0.331738,-0.204881,1.17531,14.2687,-1.08773,0.618078,9.14009,13.2029,-0.173514,1.0881,7.89954,8.27047,-1.65997,-0.0830228,1.87002,15.6958,-0.372972,1.47554,16.345,12.2627,1.10262,0.342718,13.6047,4.57056,0.0635282,-1.71872,8.6368,18.5181,0.763891,-0.941462
4.77,7.02339,0.827575,0.424935,-0.664943,11.5794,4.45462,0.369519,1.57594,16.5965,3.0131,0.331692,-0.204858,1.16446,14.2749,-1.08418,0.625361,9.13835,13.2138,-0.173515,1.0881,7.88294,8.26964,-1.65997,-0.0830219,1.86627,15.7105,-0.376525,1.46826,16.356,12.2661,1.10262,0.342718,13.6054,4.55338,0.061937,-1.71884,8.64444,18.5087,0.763891,-0.941464
4.78,7.02764,0.820926,0.424936,-0.664942,11.5831,4.47038,0.37118,1.57601,16.5998,3.01105,0.331646,-0.204835,1.15363,14.2812,-1.08076,0.632345,9.13662,13.2247,-0.173516,1.0881,7.86634,8.26881,-1.65997,-0.0830211,1.86249,15.7252,-0.379945,1.46128,16.3671,12.2695,1.10262,0.342718,13.606,4.53619,0.0603192,-1.71893,8.65208,18.4993,0.763891,-0.941467
4.79,7.03189,0.814276,0.424937,-0.664941,11.5868,4.48614,0.372866,1.57605,16.6031,3.009,0.331599,-0.204812,1.14284,14.2876,-1.07746,0.639044,9.13488,13.2355,-0.173517,1.0881,7.84974,8.26798,-1.65997,-0.0830203,1.85867,15.7398,-0.383241,1.45458,16.3781,12.273,1.10262,0.342717,13.6066,4.519,0.0586774,-1.71899,8.65972,18.4899,0.763891,-0.941469
4.8,7.03614,0.807627,0.424938,-0.66494,11.5906,4.5019,0.374573,1.57607,16.6064,3.00695,0.331552,-0.204788,1.13208,14.294,-1.07428,0.645475,9.13315,13.2464,-0.173518,1.0881,7.83314,8.26715,-1.65996,-0.0830195,1.85482,15.7543,-0.386417,1.44814,16.3891,12.2764,1.10262,0.342717,13.6072,4.50181,0.0570147,-1.71903,8.66736,18.4805,0.763891,-0.941471
4.81,7.04039,0.800977,0.424939,-0.664939,11.5943,4.51766,0.376299,1.57605,16.6097,3.00491,0.331505,-0.204765,1.12135,14.3005,-1.07122,0.651653,9.13141,13.2573,-0.173519,1.0881,7.81654,8.26632,-1.65996,-0.0830188,1.85094,15.7687,-0.38948,1.44197,16.4001,12.2798,1.10262,0.342717,13.6077,4.48462,0.055334,-1.71904,8.675,18.471,0.763891,-0.941473
4.82,7.04464,0.794328,0.42494,-0.664938,11.5981,4.53342,0.37804,1.57601,16.613,3.00286,0.331457,-0.204742,1.11066,14.307,-1.06826,0.657589,9.12968,13.2682,-0.173519,1.0881,7.79994,8.26549,-1.65996,-0.0830181,1.84703,15.7831,-0.392435,1.43603,16.4112,12.2832,1.10262,0.342717,13.6083,4.46743,0.0536387,-1.71902,8.68263,18.4616,0.763891,-0.941476
4.83,7.04889,0.787679,0.424941,-0.664938,11.6019,4.54918,0.379792,1.57594,16.6163,3.00081,0.331408,-0.204719,1.09999,14.3136,-1.06541,0.663298,9.12794,13.2791,-0.17352,1.0881,7.78334,8.26466,-1.65996,-0.0830175,1.84309,15.7974,-0.395288,1.43032,16.4222,12.2867,1.10262,0.342717,13.6088,4.45024,0.051932,-1.71897,8.69027,18.4522,0.763891,-0.941478
4.84,7.05314,0.781029,0.424942,-0.664937,11.6057,4.56494,0.381553,1.57584,16.6197,2.99876,0.331359,-0.204696,1.08935,14.3203,-1.06265,0.668791,9.12621,13.29,-0.173521,1.0881,7.76674,8.26383,-1.65995,-0.0830168,1.83913,15.8117,-0.398044,1.42483,16.4332,12.2901,1.10262,0.342717,13.6093,4.43305,0.0502174,-1.71889,8.69791,18.4428,0.763891,-0.941481
4.85,7.05739,0.77438,0.424943,-0.664936,11.6095,4.58069,0.383319,1.57571,16.623,2.99672,0.331309,-0.204672,1.07873,14.327,-1.05999,0.674078,9.12447,13.3008,-0.173522,1.0881,7.75014,8.263,-1.65995,-0.0830162,1.83513,15.8259,-0.400707,1.41954,16.4443,12.2935,1.10262,0.342717,13.6098,4.41586,0.0484984,-1.71878,8.70555,18.4334,0.763891,-0.941483
4.86,7.06164,0.76773,0.424944,-0.664935,11.6134,4.59645,0.385087,1.57555,16.6263,2.99467,0.331259,-0.204649,1.06815,14.3338,-1.05742,0.679171,9.12274,13.3117,-0.173523,1.0881,7.73354,8.26217,-1.65995,-0.0830156,1.83111,15.8401,-0.403281,1.41445,16.4553,12.2969,1.10262,0.342717,13.6103,4.39867,0.0467785,-1.71864,8.71319,18.424,0.763891,-0.941486
4.87,7.06589,0.761081,0.424945,-0.664934,11.6172,4.61221,0.386852,1.57536,16.6296,2.99262,0.331209,-0.204626,1.05759,14.3406,-1.05493,0.684079,9.121,13.3226,-0.173524,1.0881,7.71694,8.26134,-1.65995,-0.0830151,1.82707,15.8542,-0.405771,1.40954,16.4663,12.3004,1.10262,0.342716,13.6107,4.38149,0.0450613,-1.71847,8.72083,18.4146,0.76389,-0.941489
4.88,7.07014,0.754432,0.424946,-0.664933,11.6211,4.62796,0.388612,1.57514,16.6329,2.99058,0.331158,-0.204603,1.04705,14.3475,-1.05252,0.688811,9.11927,13.3335,-0.173524,1.0881,7.70035,8.26051,-1.65995,-0.0830146,1.823,15.8683,-0.408181,1.40481,16.4773,12.3038,1.10262,0.342716,13.6112,4.3643,0.0433502,-1.71828,8.72847,18.4051,0.76389,-0.941492
4.89,7.07439,0.747782,0.424946,-0.664932,11.625,4.64371,0.390362,1.57489,16.6362,2.98853,0.331106,-0.20458,1.03654,14.3544,-1.05018,0.693375,9.11753,13.3444,-0.173525,1.0881,7.68375,8.25968,-1.65994,-0.0830141,1.8189,15.8823,-0.410514,1.40024,16.4884,12.3072,1.10262,0.342716,13.6116,4.34712,0.0416489,-1.71805,8.73611,18.3957,0.76389,-0.941495
4.9,7.07864,0.741133,0.424947,-0.664932,11.6289,4.65946,0.392099,1.57462,16.6395,2.98649,0.331055,-0.204557,1.02604,14.3613,-1.04792,0.69778,9.1158,13.3552,-0.173526,1.0881,7.66715,8.25885,-1.65994,-0.0830136,1.81479,15.8963,-0.412773,1.39584,16.4994,12.3107,1.10262,0.342716,13.612,4.32994,0.0399606,-1.7178,8.74375,18.3863,0.76389,-0.941498
4.91,7.08289,0.734484,0.424948,-0.664931,11.6328,4.6752,0.393821,1.57432,16.6428,2.98444,0.331002,-0.204534,1.01558,14.3683,-1.04573,0.702033,9.11406,13.3661,-0.173527,1.08811,7.65055,8.25802,-1.65994,-0.0830132,1.81065,15.9103,-0.414962,1.39159,16.5104,12.3141,1.10262,0.342716,13.6124,4.31277,0.0382889,-1.71752,8.75138,18.3769,0.76389,-0.941501
4.92,7.08714,0.727835,0.424949,-0.66493,11.6368,4.69094,0.395524,1.57399,16.6462,2.9824,0.330949,-0.204511,1.00513,14.3754,-1.04361,0.706141,9.11233,13.377,-0.173528,1.08811,7.63395,8.25719,-1.65994,-0.0830128,1.80649,15.9241,-0.417083,1.38748,16.5214,12.3175,1.10262,0.342716,13.6128,4.29559,0.0366368,-1.71722,8.75902,18.3675,0.76389,-0.941504
4.93,7.09139,0.721185,0.42495,-0.664929,11.6407,4.70668,0.397204,1.57364,16.6495,2.98035,0.330896,-0.204489,0.994704,14.3825,-1.04155,0.710111,9.11059,13.3879,-0.173528,1.08811,7.61735,8.25636,-1.65994,-0.0830124,1.80231,15.938,-0.41914,1.38351,16.5325,12.3209,1.10262,0.342716,13.6131,4.27842,0.0350075,-1.71689,8.76666,18.3581,0.76389,-0.941507
4.94,7.09563,0.714536,0.424951,-0.664928,11.6447,4.72241,0.398858,1.57327,16.6528,2.97831,0.330843,-0.204466,0.984299,14.3896,-1.03956,0.71395,9.10885,13.3988,-0.173529,1.08811,7.60075,8.25553,-1.65993,-0.083012,1.79811,15.9518,-0.421136,1.37967,16.5435,12.3244,1.10262,0.342716,13.6135,4.26125,0.033404,-1.71654,8.7743,18.3486,0.76389,-0.94151
4.95,7.09988,0.707887,0.424951,-0.664927,11.6487,4.73815,0.400485,1.57287,16.6561,2.97626,0.330788,-0.204443,0.973913,14.3967,-1.03762,0.717662,9.10712,13.4096,-0.17353,1.08811,7.58415,8.2547,-1.65993,-0.0830116,1.79389,15.9656,-0.423073,1.37596,16.5545,12.3278,1.10262,0.342715,13.6138,4.24409,0.031829,-1.71616,8.78194,18.3392,0.76389,-0.941514
4.96,7.10413,0.701237,0.424952,-0.664927,11.6527,4.75387,0.402081,1.57246,16.6594,2.97422,0.330734,-0.204421,0.963546,14.4039,-1.03574,0.721253,9.10538,13.4205,-0.173531,1.08811,7.56755,8.25387,-1.65993,-0.0830113,1.78965,15.9793,-0.424953,1.37237,16.5655,12.3312,1.10262,0.342715,13.6141,4.22693,0.0302851,-1.71577,8.78958,18.3298,0.76389,-0.941517
4.97,7.10838,0.694588,0.424953,-0.664926,11.6568,4.76959,0.403644,1.57203,16.6627,2.97217,0.330679,-0.204399,0.953198,14.4112,-1.03391,0.724729,9.10365,13.4314,-0.173531,1.08811,7.55095,8.25304,-1.65993,-0.083011,1.78539,15.993,-0.426778,1.36889,16.5766,12.3346,1.10261,0.342715,13.6144,4.20978,0.0287746,-1.71536,8.79722,18.3204,0.76389,-0.941521
4.98,7.11263,0.687939,0.424954,-0.664925,11.6608,4.78531,0.405172,1.57158,16.666,2.97013,0.330624,-0.204376,0.942868,14.4184,-1.03214,0.728096,9.10191,13.4423,-0.173532,1.08812,7.53435,8.25221,-1.65992,-0.0830107,1.78111,16.0067,-0.428551,1.36552,16.5876,12.3381,1.10261,0.342715,13.6147,4.19262,0.0272999,-1.71493,8.80486,18.311,0.76389,-0.941525
4.99,7.11688,0.68129,0.424954,-0.664924,11.6649,4.80103,0.406663,1.57111,16.6693,2.96809,0.330568,-0.204354,0.932555,14.4257,-1.03042,0.731356,9.10018,13.4532,-0.173533,1.08812,7.51775,8.25138,-1.65992,-0.0830104,1.77682,16.0204,-0.430275,1.36226,16.5986,12.3415,1.10261,0.342715,13.615,4.17548,0.0258627,-1.71449,8.8125,18.3016,0.76389,-0.941528
5,7.12113,0.67464,0.424955,-0.664924,11.6689,4.81673,0.408114,1.57063,16.6726,2.96604,0.330512,-0.204332,0.922259,14.4331,-1.02874,0.734516,9.09844,13.464,-0.173534,1.08812,7.50115,8.25055,-1.65992,-0.0830101,1.7725,16.034,-0.43195,1.3591,16.6096,12.3449,1.10261,0.342715,13.6152,4.15833,0.0244649,-1.71403,8.82013,18.2922,0.76389,-0.941532
5.01,7.12538,0.667991,0.424956,-0.664923,11.673,4.83244,0.409526,1.57014,16.6759,2.964,0.330455,-0.20431,0.91198,14.4404,-1.02711,0.737578,9.09671,13.4749,-0.173534,1.08812,7.48455,8.24972,-1.65992,-0.0830098,1.76818,16.0475,-0.433578,1.35604,16.6207,12.3484,1.10261,0.342715,13.6154,4.1412,0.0231079,-1.71356,8.82777,18.2827,0.76389,-0.941536
5.02,7.12963,0.661342,0.424957,-0.664922,11.6771,4.84814,0.410895,1.56964,16.6792,2.96196,0.330398,-0.204288,0.901717,14.4478,-1.02553,0.740548,9.09497,13.4858,-0.173535,1.08812,7.46795,8.24889,-1.65992,-0.0830096,1.76383,16.0611,-0.435162,1.35307,16.6317,12.3518,1.10261,0.342715,13.6157,4.12406,0.0217931,-1.71308,8.83541,18.2733,0.76389,-0.941541
5.03,7.13388,0.654693,0.424957,-0.664921,11.6812,4.86383,0.412222,1.56914,16.6825,2.95991,0.330341,-0.204267,0.891469,14.4552,-1.02398,0.743428,9.09324,13.4967,-0.173536,1.08813,7.45136,8.24806,-1.65991,-0.0830094,1.75947,16.0746,-0.436704,1.35019,16.6427,12.3552,1.10261,0.342715,13.6159,4.10694,0.0205213,-1.7126,8.84305,18.2639,0.76389,-0.941545
5.04,7.13813,0.648043,0.424958,-0.664921,11.6854,4.87952,0.413505,1.56862,16.6858,2.95787,0.330283,-0.204245,0.881237,14.4627,-1.02248,0.746223,9.0915,13.5076,-0.173537,1.08813,7.43476,8.24723,-1.65991,-0.0830092,1.7551,16.0881,-0.438204,1.3474,16.6538,12.3586,1.10261,0.342714,13.6161,4.08981,0.0192936,-1.7121,8.85069,18.2545,0.76389,-0.941549
5.05,7.14238,0.641394,0.424959,-0.66492,11.6895,4.8952,0.414744,1.56811,16.6891,2.95583,0.330225,-0.204224,0.871019,14.4702,-1.02102,0.748935,9.08977,13.5185,-0.173537,1.08813,7.41816,8.2464,-1.65991,-0.083009,1.75071,16.1015,-0.439664,1.34468,16.6648,12.3621,1.10261,0.342714,13.6163,4.07269,0.0181104,-1.71161,8.85833,18.2451,0.76389,-0.941554
5.06,7.14663,0.634745,0.42496,-0.664919,11.6937,4.91088,0.415938,1.56759,16.6924,2.95379,0.330167,-0.204203,0.860816,14.4777,-1.0196,0.751569,9.08803,13.5293,-0.173538,1.08814,7.40156,8.24557,-1.65991,-0.0830088,1.74631,16.115,-0.441086,1.34205,16.6758,12.3655,1.10261,0.342714,13.6164,4.05558,0.0169722,-1.71111,8.86597,18.2357,0.76389,-0.941559
5.07,7.15088,0.628096,0.42496,-0.664918,11.6978,4.92656,0.417088,1.56706,16.6957,2.95174,0.330108,-0.204182,0.850627,14.4852,-1.01822,0.754127,9.0863,13.5402,-0.173539,1.08814,7.38496,8.24474,-1.65991,-0.0830086,1.74189,16.1284,-0.442471,1.33949,16.6868,12.3689,1.10261,0.342714,13.6166,4.03847,0.0158791,-1.7106,8.87361,18.2262,0.76389,-0.941564
5.08,7.15513,0.621447,0.424961,-0.664918,11.702,4.94222,0.418193,1.56654,16.699,2.9497,0.330049,-0.204161,0.840452,14.4927,-1.01687,0.756612,9.08456,13.5511,-0.17354,1.08814,7.36836,8.24391,-1.6599,-0.0830084,1.73746,16.1418,-0.44382,1.33701,16.6979,12.3723,1.10261,0.342714,13.6168,4.02137,0.0148312,-1.7101,8.88125,18.2168,0.76389,-0.941568
5.09,7.15938,0.614798,0.424962,-0.664917,11.7062,4.95789,0.419253,1.56602,16.7023,2.94766,0.32999,-0.204141,0.83029,14.5003,-1.01555,0.759026,9.08282,13.562,-0.17354,1.08815,7.35176,8.24308,-1.6599,-0.0830083,1.73301,16.1551,-0.445135,1.33459,16.7089,12.3758,1.10261,0.342714,13.6169,4.00427,0.0138282,-1.7096,8.88888,18.2074,0.76389,-0.941574
5.1,7.16363,0.608148,0.424962,-0.664916,11.7104,4.97354,0.420269,1.56551,16.7056,2.94562,0.32993,-0.20412,0.820141,14.5079,-1.01427,0.761373,9.08109,13.5729,-0.173541,1.08815,7.33516,8.24225,-1.6599,-0.0830081,1.72855,16.1685,-0.446417,1.33225,16.7199,12.3792,1.10261,0.342714,13.617,3.98718,0.0128698,-1.70911,8.89652,18.198,0.76389,-0.941579
5.11,7.16788,0.601499,0.424963,-0.664916,11.7146,4.9892,0.421241,1.56499,16.7089,2.94358,0.32987,-0.2041,0.810004,14.5155,-1.01302,0.763655,9.07935,13.5837,-0.173542,1.08815,7.31856,8.24142,-1.6599,-0.083008,1.72408,16.1818,-0.447666,1.32996,16.7309,12.3826,1.10261,0.342714,13.6172,3.97009,0.0119555,-1.70861,8.90416,18.1886,0.76389,-0.941584
5.12,7.17213,0.59485,0.424964,-0.664915,11.7188,5.00484,0.42217,1.56449,16.7122,2.94154,0.32981,-0.20408,0.79988,14.5232,-1.0118,0.765874,9.07762,13.5946,-0.173542,1.08816,7.30196,8.24059,-1.6599,-0.0830078,1.7196,16.1951,-0.448885,1.32775,16.742,12.3861,1.10261,0.342714,13.6173,3.953,0.0110847,-1.70813,8.9118,18.1792,0.76389,-0.94159
5.13,7.17638,0.588201,0.424964,-0.664914,11.723,5.02049,0.423057,1.56399,16.7155,2.9395,0.32975,-0.20406,0.789768,14.5309,-1.01061,0.768032,9.07588,13.6055,-0.173543,1.08816,7.28537,8.23976,-1.6599,-0.0830077,1.71511,16.2083,-0.450074,1.32559,16.753,12.3895,1.10261,0.342714,13.6174,3.93592,0.0102565,-1.70765,8.91944,18.1698,0.76389,-0.941596
5.14,7.18063,0.581552,0.424965,-0.664914,11.7273,5.03612,0.423902,1.5635,16.7188,2.93746,0.329689,-0.204041,0.779668,14.5385,-1.00945,0.770132,9.07415,13.6164,-0.173544,1.08817,7.26877,8.23893,-1.65989,-0.0830076,1.7106,16.2216,-0.451234,1.32349,16.764,12.3929,1.10261,0.342713,13.6175,3.91885,0.0094702,-1.70717,8.92708,18.1603,0.76389,-0.941602
5.15,7.18488,0.574903,0.424965,-0.664913,11.7315,5.05176,0.424706,1.56301,16.7221,2.93542,0.329628,-0.204021,0.769579,14.5463,-1.00832,0.772176,9.07241,13.6273,-0.173544,1.08817,7.25217,8.2381,-1.65989,-0.0830075,1.70608,16.2348,-0.452365,1.32144,16.775,12.3963,1.10261,0.342713,13.6176,3.90178,0.0087247,-1.70671,8.93472,18.1509,0.76389,-0.941608
5.16,7.18913,0.568254,0.424966,-0.664912,11.7358,5.06738,0.425471,1.56254,16.7254,2.93338,0.329566,-0.204002,0.759502,14.554,-1.00721,0.774166,9.07068,13.6382,-0.173545,1.08818,7.23557,8.23727,-1.65989,-0.0830074,1.70155,16.248,-0.45347,1.31945,16.7861,12.3998,1.10261,0.342713,13.6177,3.88472,0.00801897,-1.70625,8.94236,18.1415,0.76389,-0.941614
5.17,7.19338,0.561604,0.424967,-0.664912,11.74,5.08301,0.426198,1.56208,16.7287,2.93134,0.329505,-0.203983,0.749435,14.5617,-1.00613,0.776104,9.06894,13.649,-0.173546,1.08818,7.21897,8.23644,-1.65989,-0.0830073,1.69701,16.2612,-0.454549,1.31752,16.7971,12.4032,1.10261,0.342713,13.6177,3.86766,0.00735187,-1.70581,8.95,18.1321,0.76389,-0.941621
5.18,7.19762,0.554955,0.424967,-0.664911,11.7443,5.09863,0.426887,1.56162,16.732,2.9293,0.329443,-0.203965,0.739379,14.5695,-1.00508,0.777991,9.06721,13.6599,-0.173546,1.08819,7.20237,8.23561,-1.65989,-0.0830072,1.69246,16.2744,-0.455602,1.31563,16.8081,12.4066,1.10261,0.342713,13.6178,3.8506,0.0067222,-1.70537,8.95763,18.1227,0.76389,-0.941628
5.19,7.20187,0.548306,0.424968,-0.66491,11.7486,5.11424,0.427541,1.56118,16.7353,2.92726,0.329381,-0.203946,0.729333,14.5773,-1.00405,0.779829,9.06547,13.6708,-0.173547,1.08819,7.18577,8.23478,-1.65988,-0.0830071,1.6879,16.2875,-0.456631,1.31379,16.8191,12.41,1.10261,0.342713,13.6179,3.83355,0.00612874,-1.70495,8.96527,18.1133,0.76389,-0.941635
5.2,7.20612,0.541657,0.424969,-0.66491,11.7529,5.12985,0.42816,1.56075,16.7386,2.92522,0.329319,-0.203928,0.719298,14.5851,-1.00304,0.78162,9.06373,13.6817,-0.173547,1.0882,7.16917,8.23395,-1.65988,-0.083007,1.68333,16.3006,-0.457636,1.312,16.8302,12.4135,1.10261,0.342713,13.6179,3.8165,0.0055702,-1.70454,8.97291,18.1038,0.76389,-0.941642
5.21,7.21037,0.535008,0.424969,-0.664909,11.7571,5.14545,0.428745,1.56033,16.7419,2.92318,0.329256,-0.20391,0.709272,14.5929,-1.00206,0.783365,9.062,13.6926,-0.173548,1.08821,7.15257,8.23312,-1.65988,-0.083007,1.67875,16.3137,-0.458617,1.31025,16.8412,12.4169,1.10261,0.342713,13.618,3.79946,0.00504528,-1.70414,8.98055,18.0944,0.76389,-0.94165
5.22,7.21462,0.528359,0.42497,-0.664908,11.7614,5.16106,0.429298,1.55993,16.7452,2.92114,0.329194,-0.203892,0.699256,14.6008,-1.0011,0.785067,9.06026,13.7034,-0.173548,1.08821,7.13598,8.23229,-1.65988,-0.0830069,1.67416,16.3268,-0.459577,1.30855,16.8522,12.4203,1.10261,0.342713,13.618,3.78242,0.00455266,-1.70375,8.98819,18.085,0.76389,-0.941657
5.23,7.21887,0.52171,0.42497,-0.664908,11.7657,5.17665,0.429821,1.55954,16.7485,2.9191,0.329131,-0.203875,0.68925,14.6086,-1.00016,0.786726,9.05853,13.7143,-0.173549,1.08822,7.11938,8.23146,-1.65988,-0.0830068,1.66956,16.3399,-0.460515,1.30689,16.8632,12.4238,1.10261,0.342713,13.6181,3.76538,0.00409102,-1.70337,8.99583,18.0756,0.76389,-0.941665
5.24,7.22312,0.515061,0.424971,-0.664907,11.77,5.19225,0.430314,1.55916,16.7518,2.91706,0.329068,-0.203858,0.679253,14.6165,-0.999247,0.788343,9.05679,13.7252,-0.17355,1.08823,7.10278,8.23063,-1.65988,-0.0830068,1.66495,16.353,-0.461431,1.30528,16.8743,12.4272,1.10261,0.342713,13.6181,3.74835,0.00365904,-1.70301,9.00347,18.0662,0.76389,-0.941673
5.25,7.22737,0.508412,0.424971,-0.664907,11.7743,5.20784,0.430779,1.55879,16.7551,2.91502,0.329005,-0.203841,0.669265,14.6244,-0.99835,0.789921,9.05506,13.7361,-0.17355,1.08823,7.08618,8.2298,-1.65987,-0.0830067,1.66033,16.366,-0.462328,1.3037,16.8853,12.4306,1.10261,0.342712,13.6181,3.73132,0.00325539,-1.70266,9.01111,18.0568,0.76389,-0.941682
5.26,7.23162,0.501763,0.424972,-0.664906,11.7786,5.22342,0.431217,1.55843,16.7583,2.91299,0.328942,-0.203824,0.659286,14.6323,-0.997473,0.79146,9.05332,13.747,-0.173551,1.08824,7.06958,8.22897,-1.65987,-0.0830067,1.6557,16.379,-0.463204,1.30216,16.8963,12.434,1.10261,0.342712,13.6182,3.7143,0.00287878,-1.70232,9.01875,18.0473,0.76389,-0.941691
5.27,7.23587,0.504654,0.424973,0.664906,11.783,5.23901,0.431629,1.55809,16.7616,2.91095,0.328878,-0.203808,0.649316,14.6402,-0.996615,0.792961,9.05159,13.7579,-0.173551,1.08825,7.05298,8.22814,-1.65987,-0.0830066,1.65106,16.3921,-0.464062,1.30066,16.9074,12.4375,1.10261,0.342712,13.6182,3.69728,0.00252792,-1.70199,9.02638,18.0379,0.76389,-0.9417
5.28,7.24012,0.511303,0.424973,0.664907,11.7873,5.25458,0.432017,1.55776,16.7649,2.90891,0.328815,-0.203792,0.639354,14.6482,-0.995776,0.794427,9.04985,13.7687,-0.173551,1.08826,7.03638,8.22731,-1.65987,-0.0830066,1.64642,16.4051,-0.4649,1.29919,16.9184,12.4409,1.10261,0.342712,13.6182,3.68026,0.00220156,-1.70168,9.03402,18.0285,0.763889,-0.941709
5.29,7.24437,0.517952,0.424974,0.664907,11.7916,5.27016,0.432382,1.55744,16.7682,2.90687,0.328751,-0.203776,0.6294,14.6561,-0.994955,0.795857,9.04812,13.7796,-0.173552,1.08827,7.01978,8.22648,-1.65987,-0.0830065,1.64177,16.418,-0.465721,1.29776,16.9294,12.4443,1.10261,0.342712,13.6182,3.66324,0.00189847,-1.70137,9.04166,18.0191,0.763889,-0.941719
5.3,7.24862,0.524602,0.424974,0.664908,11.7959,5.28573,0.432725,1.55714,16.7715,2.90483,0.328688,-0.20376,0.619455,14.6641,-0.994151,0.797254,9.04638,13.7905,-0.173552,1.08828,7.00319,8.22565,-1.65987,-0.0830065,1.6371,16.431,-0.466524,1.29636,16.9404,12.4477,1.10261,0.342712,13.6183,3.64623,0.00161745,-1.70108,9.0493,18.0097,0.763889,-0.941729
5.31,7.25287,0.531251,0.424975,0.664909,11.8002,5.3013,0.433047,1.55684,16.7748,2.9028,0.328624,-0.203745,0.609517,14.6721,-0.993365,0.798617,9.04464,13.8014,-0.173553,1.08828,6.98659,8.22482,-1.65987,-0.0830064,1.63244,16.444,-0.46731,1.295,16.9515,12.4512,1.10261,0.342712,13.6183,3.62922,0.00135734,-1.70081,9.05694,18.0003,0.763889,-0.941739
5.32,7.25712,0.5379,0.424975,0.664909,11.8046,5.31687,0.433349,1.55656,16.7781,2.90076,0.32856,-0.20373,0.599587,14.6801,-0.992595,0.799948,9.04291,13.8123,-0.173553,1.08829,6.96999,8.22399,-1.65986,-0.0830064,1.62776,16.4569,-0.468079,1.29367,16.9625,12.4546,1.10261,0.342712,13.6183,3.61221,0.00111702,-1.70054,9.06458,17.9908,0.763889,-0.94175
5.33,7.26137,0.544549,0.424976,0.66491,11.8089,5.33243,0.433633,1.55629,16.7814,2.89872,0.328496,-0.203716,0.589665,14.6881,-0.991842,0.801249,9.04117,13.8232,-0.173553,1.0883,6.95339,8.22316,-1.65986,-0.0830064,1.62307,16.4698,-0.468832,1.29237,16.9735,12.458,1.10261,0.342712,13.6183,3.59521,0.000895397,-1.70028,9.07222,17.9814,0.763888,-0.941761
5.34,7.26562,0.551198,0.424977,0.66491,11.8133,5.348,0.433899,1.55603,16.7846,2.89668,0.328432,-0.203701,0.57975,14.6961,-0.991104,0.802519,9.03944,13.834,-0.173553,1.08832,6.93679,8.22233,-1.65986,-0.0830063,1.61838,16.4828,-0.469569,1.2911,16.9845,12.4614,1.10261,0.342712,13.6183,3.57821,0.000691437,-1.70004,9.07986,17.972,0.763888,-0.941772
5.35,7.26987,0.557847,0.424977,0.664911,11.8176,5.36356,0.434149,1.55579,16.7879,2.89465,0.328368,-0.203687,0.569843,14.7041,-0.990382,0.80376,9.0377,13.8449,-0.173554,1.08833,6.92019,8.2215,-1.65986,-0.0830063,1.61368,16.4957,-0.470291,1.28986,16.9956,12.4649,1.10261,0.342712,13.6183,3.56121,0.000504133,-1.6998,9.0875,17.9626,0.763888,-0.941784
5.36,7.27412,0.564496,0.424978,0.664912,11.8219,5.37911,0.434383,1.55555,16.7912,2.89261,0.328304,-0.203674,0.559943,14.7122,-0.989674,0.804973,9.03597,13.8558,-0.173554,1.08834,6.90359,8.22067,-1.65986,-0.0830063,1.60898,16.5086,-0.470998,1.28864,17.0066,12.4683,1.10261,0.342712,13.6183,3.54421,0.000332523,-1.69958,9.09513,17.9532,0.763887,-0.941796
5.37,7.27837,0.571145,0.424978,0.664912,11.8263,5.39467,0.434602,1.55532,16.7945,2.89057,0.32824,-0.20366,0.550049,14.7202,-0.988981,0.806158,9.03423,13.8667,-0.173554,1.08835,6.887,8.21984,-1.65986,-0.0830063,1.60426,16.5214,-0.471691,1.28746,17.0176,12.4717,1.10261,0.342711,13.6183,3.52722,0.000175689,-1.69937,9.10277,17.9437,0.763887,-0.941809
5.38,7.28262,0.577794,0.424979,0.664913,11.8306,5.41022,0.434807,1.55511,16.7978,2.88854,0.328176,-0.203647,0.540163,14.7283,-0.988302,0.807317,9.0325,13.8776,-0.173554,1.08836,6.8704,8.21901,-1.65986,-0.0830063,1.59954,16.5343,-0.47237,1.2863,17.0286,12.4752,1.10261,0.342711,13.6183,3.51022,3.2753e-05,-1.69916,9.11041,17.9343,0.763887,-0.941822
5.39,7.28687,0.584444,0.42498,0.664913,11.835,5.42577,0.435,1.5549,16.8011,2.8865,0.328112,-0.203634,0.530283,14.7364,-0.987637,0.80845,9.03076,13.8885,-0.173554,1.08837,6.8538,8.21818,-1.65985,-0.0830063,1.59482,16.5472,-0.473035,1.28517,17.0397,12.4786,1.10261,0.342711,13.6183,3.49323,-9.71228e-05,-1.69897,9.11805,17.9249,0.763886,-0.941836
5.4,7.29112,0.591093,0.42498,0.664914,11.8393,5.44132,0.43518,1.5547,16.8043,2.88446,0.328047,-0.203622,0.52041,14.7445,-0.986985,0.809557,9.02902,13.8993,-0.173554,1.08839,6.8372,8.21735,-1.65985,-0.0830062,1.59008,16.56,-0.473686,1.28406,17.0507,12.482,1.10261,0.342711,13.6183,3.47624,-0.000214734,-1.69878,9.12569,17.9155,0.763886,-0.94185
5.41,7.29537,0.597742,0.424981,0.664915,11.8437,5.45686,0.435348,1.55452,16.8076,2.88243,0.327983,-0.20361,0.510543,14.7526,-0.986346,0.81064,9.02729,13.9102,-0.173554,1.0884,6.8206,8.21652,-1.65985,-0.0830062,1.58534,16.5728,-0.474325,1.28298,17.0617,12.4854,1.10261,0.342711,13.6183,3.45926,-0.000320837,-1.69861,9.13333,17.9061,0.763885,-0.941864
5.42,7.29962,0.604391,0.424981,0.664915,11.848,5.47241,0.435506,1.55434,16.8109,2.88039,0.327919,-0.203598,0.500683,14.7607,-0.985719,0.811699,9.02555,13.9211,-0.173554,1.08842,6.804,8.21569,-1.65985,-0.0830062,1.5806,16.5857,-0.47495,1.28192,17.0727,12.4889,1.10261,0.342711,13.6183,3.44227,-0.00041615,-1.69844,9.14097,17.8967,0.763885,-0.941879
5.43,7.30387,0.61104,0.424982,0.664916,11.8524,5.48795,0.435653,1.55416,16.8142,2.87836,0.327855,-0.203586,0.508874,14.7688,0.986276,0.812752,9.02382,13.932,-0.173554,1.08843,6.7874,8.21486,-1.65985,-0.0830062,1.57584,16.5985,-0.475569,1.28087,17.0838,12.4923,1.1026,0.342711,13.6183,3.42529,-0.000501353,-1.69828,9.14861,17.8872,0.763884,-0.941895
5.44,7.30812,0.617689,0.424982,0.664916,11.8567,5.50349,0.435791,1.554,16.8175,2.87632,0.327791,-0.203575,0.51874,14.7769,0.986894,0.81382,9.02208,13.9429,-0.173554,1.08845,6.77081,8.21403,-1.65985,-0.0830062,1.57108,16.6113,-0.476186,1.2798,17.0948,12.4957,1.1026,0.342711,13.6183,3.40831,-0.000577089,-1.69813,9.15625,17.8778,0.763883,-0.941911
5.45,7.31237,0.624338,0.424983,0.664917,11.8611,5.51903,0.43592,1.55385,16.8207,2.87429,0.327728,-0.203564,0.528612,14.7851,0.987511,0.814903,9.02035,13.9538,-0.173554,1.08846,6.75421,8.2132,-1.65985,-0.0830062,1.56632,16.6241,-0.476802,1.27871,17.1058,12.4991,1.1026,0.342711,13.6183,3.39133,-0.000643967,-1.69798,9.16388,17.8684,0.763883,-0.941928
5.46,7.31662,0.630988,0.424984,0.664918,11.8655,5.53457,0.436041,1.5537,16.824,2.87225,0.327664,-0.203553,0.53849,14.7932,0.988126,0.816002,9.01861,13.9646,-0.173553,1.08848,6.73761,8.21237,-1.65984,-0.0830062,1.56155,16.6369,-0.477417,1.27761,17.1168,12.5026,1.1026,0.342711,13.6183,3.37435,-0.000702562,-1.69785,9.17152,17.859,0.763882,-0.941945
5.47,7.32087,0.637637,0.424984,0.664918,11.8698,5.5501,0.436154,1.55356,16.8273,2.87021,0.3276,-0.203543,0.548374,14.8014,0.988739,0.817117,9.01688,13.9755,-0.173553,1.0885,6.72101,8.21154,-1.65984,-0.0830062,1.55677,16.6496,-0.47803,1.2765,17.1279,12.506,1.1026,0.342711,13.6183,3.35737,-0.000753416,-1.69772,9.17916,17.8496,0.763881,-0.941963
5.48,7.32512,0.644286,0.424985,0.664919,11.8742,5.56564,0.43626,1.55342,16.8306,2.86818,0.327537,-0.203533,0.558265,14.8096,0.989351,0.818247,9.01514,13.9864,-0.173552,1.08851,6.70441,8.21071,-1.65984,-0.0830062,1.55199,16.6624,-0.478641,1.27537,17.1389,12.5094,1.1026,0.342711,13.6183,3.34039,-0.00079704,-1.69759,9.1868,17.8401,0.76388,-0.941982
5.49,7.32937,0.650935,0.424985,0.66492,11.8785,5.58117,0.436358,1.5533,16.8338,2.86614,0.327473,-0.203523,0.568161,14.8177,0.98996,0.819392,9.0134,13.9973,-0.173552,1.08853,6.68781,8.20988,-1.65984,-0.0830062,1.5472,16.6751,-0.47925,1.27422,17.1499,12.5129,1.1026,0.342711,13.6183,3.32342,-0.000833915,-1.69747,9.19444,17.8307,0.763879,-0.942001
5.5,7.33362,0.657584,0.424986,0.66492,11.8829,5.5967,0.436451,1.55318,16.8371,2.86411,0.32741,-0.203514,0.578064,14.8259,0.990566,0.820552,9.01167,14.0082,-0.173551,1.08855,6.67121,8.20905,-1.65984,-0.0830062,1.5424,16.6879,-0.479856,1.27306,17.161,12.5163,1.1026,0.34271,13.6183,3.30644,-0.000864495,-1.69736,9.20208,17.8213,0.763878,-0.942021
5.51,7.33787,0.664234,0.424987,0.664921,11.8873,5.61224,0.436537,1.55306,16.8404,2.86207,0.327347,-0.203505,0.587973,14.8342,0.99117,0.821727,9.00993,14.0191,-0.173551,1.08857,6.65462,8.20822,-1.65984,-0.0830062,1.5376,16.7006,-0.480459,1.27189,17.172,12.5197,1.1026,0.34271,13.6182,3.28947,-0.000889205,-1.69725,9.20972,17.8119,0.763876,-0.942042
5.52,7.34212,0.670883,0.424987,0.664921,11.8916,5.62777,0.436618,1.55295,16.8437,2.86004,0.327284,-0.203496,0.597887,14.8424,0.99177,0.822917,9.0082,14.03,-0.17355,1.08859,6.63802,8.20739,-1.65984,-0.0830062,1.53279,16.7133,-0.481058,1.2707,17.183,12.5231,1.1026,0.34271,13.6182,3.2725,-0.000908445,-1.69715,9.21736,17.8025,0.763875,-0.942063
5.53,7.34637,0.677532,0.424988,0.664922,11.896,5.64329,0.436693,1.55285,16.8469,2.858,0.327221,-0.203488,0.607808,14.8506,0.992366,0.824121,9.00646,14.0408,-0.173549,1.08861,6.62142,8.20656,-1.65984,-0.0830062,1.52798,16.726,-0.481654,1.2695,17.194,12.5266,1.1026,0.34271,13.6182,3.25553,-0.000922593,-1.69706,9.22499,17.793,0.763874,-0.942086
5.54,7.35062,0.684181,0.424988,0.664923,11.9004,5.65882,0.436764,1.55275,16.8502,2.85597,0.327158,-0.20348,0.617735,14.8589,0.992959,0.825339,9.00473,14.0517,-0.173548,1.08864,6.60482,8.20573,-1.65983,-0.0830062,1.52316,16.7387,-0.482246,1.26828,17.2051,12.53,1.1026,0.34271,13.6182,3.23856,-0.000932,-1.69697,9.23263,17.7836,0.763872,-0.942109
5.55,7.35487,0.69083,0.424989,0.664923,11.9047,5.67435,0.43683,1.55265,16.8535,2.85393,0.327095,-0.203472,0.627667,14.8671,0.993547,0.826572,9.00299,14.0626,-0.173546,1.08866,6.58822,8.2049,-1.65983,-0.0830062,1.51833,16.7514,-0.482834,1.26704,17.2161,12.5334,1.1026,0.34271,13.6182,3.22159,-0.000937,-1.69688,9.24027,17.7742,0.763871,-0.942133
5.56,7.35912,0.69748,0.42499,0.664924,11.9091,5.68988,0.436891,1.55256,16.8567,2.8519,0.327033,-0.203465,0.637606,14.8754,0.99413,0.827818,9.00126,14.0735,-0.173545,1.08868,6.57162,8.20407,-1.65983,-0.0830062,1.5135,16.764,-0.483417,1.2658,17.2271,12.5368,1.1026,0.34271,13.6182,3.20462,-0.000937901,-1.6968,9.24791,17.7648,0.763869,-0.942157
5.57,7.36337,0.704129,0.42499,0.664924,11.9135,5.7054,0.436949,1.55248,16.86,2.84986,0.326971,-0.203457,0.64755,14.8837,0.994709,0.829077,8.99952,14.0844,-0.173544,1.08871,6.55503,8.20324,-1.65983,-0.0830062,1.50867,16.7767,-0.483996,1.26454,17.2381,12.5403,1.1026,0.34271,13.6182,3.18765,-0.000934997,-1.69672,9.25555,17.7554,0.763867,-0.942183
5.58,7.36762,0.710778,0.424991,0.664925,11.9179,5.72092,0.437003,1.5524,16.8633,2.84783,0.326909,-0.203451,0.6575,14.892,0.995283,0.83035,8.99779,14.0953,-0.173542,1.08873,6.53843,8.20241,-1.65983,-0.0830062,1.50382,16.7893,-0.484569,1.26327,17.2492,12.5437,1.1026,0.34271,13.6182,3.17069,-0.000928559,-1.69665,9.26319,17.7459,0.763865,-0.94221
5.59,7.37187,0.717427,0.424991,0.664926,11.9222,5.73645,0.437054,1.55232,16.8665,2.8458,0.326847,-0.203444,0.667455,14.9003,0.995851,0.831636,8.99605,14.1062,-0.17354,1.08876,6.52183,8.20158,-1.65983,-0.0830062,1.49897,16.802,-0.485136,1.26198,17.2602,12.5471,1.1026,0.34271,13.6182,3.15372,-0.000918844,-1.69657,9.27083,17.7365,0.763863,-0.942238
5.6,7.37612,0.724077,0.424992,0.664926,11.9266,5.75197,0.437101,1.55225,16.8698,2.84376,0.326786,-0.203438,0.677417,14.9086,0.996413,0.832934,8.99431,14.117,-0.173538,1.08879,6.50523,8.20075,-1.65983,-0.0830062,1.49412,16.8146,-0.485698,1.26068,17.2712,12.5506,1.1026,0.34271,13.6182,3.13675,-0.000906093,-1.69651,9.27847,17.7271,0.76386,-0.942267
5.61,7.38037,0.730726,0.424993,0.664927,11.931,5.76749,0.437145,1.55218,16.8731,2.84173,0.326724,-0.203432,0.687384,14.9169,0.996969,0.834245,8.99258,14.1279,-0.173536,1.08882,6.48863,8.19992,-1.65983,-0.0830063,1.48926,16.8272,-0.486254,1.25937,17.2822,12.554,1.1026,0.34271,13.6182,3.11979,-0.000890528,-1.69644,9.2861,17.7177,0.763858,-0.942297
5.62,7.38462,0.737375,0.424993,0.664927,11.9353,5.78301,0.437186,1.55211,16.8764,2.83969,0.326663,-0.203426,0.697356,14.9253,0.997519,0.835568,8.99084,14.1388,-0.173534,1.08885,6.47204,8.19909,-1.65983,-0.0830063,1.4844,16.8398,-0.486803,1.25805,17.2933,12.5574,1.1026,0.34271,13.6181,3.10282,-0.000872362,-1.69638,9.29374,17.7082,0.763855,-0.942328
5.63,7.38887,0.744024,0.424994,0.664928,11.9397,5.79854,0.437225,1.55205,16.8796,2.83766,0.326603,-0.203421,0.707334,14.9337,0.998062,0.836902,8.98911,14.1497,-0.173532,1.08888,6.45544,8.19826,-1.65982,-0.0830063,1.47952,16.8523,-0.487346,1.25671,17.3043,12.5608,1.1026,0.34271,13.6181,3.08586,-0.00085179,-1.69633,9.30138,17.6988,0.763852,-0.94236
5.64,7.39312,0.750674,0.424995,0.664929,11.9441,5.81406,0.437261,1.55199,16.8829,2.83562,0.326542,-0.203416,0.717317,14.942,0.998598,0.838248,8.98737,14.1606,-0.173529,1.08891,6.43884,8.19743,-1.65982,-0.0830063,1.47465,16.8649,-0.487881,1.25537,17.3153,12.5643,1.1026,0.342709,13.6181,3.0689,-0.000828997,-1.69627,9.30902,17.6894,0.763849,-0.942393
5.65,7.39737,0.757323,0.424995,0.664929,11.9485,5.82958,0.437295,1.55193,16.8861,2.83359,0.326482,-0.203411,0.727306,14.9504,0.999126,0.839605,8.98564,14.1715,-0.173526,1.08895,6.42224,8.1966,-1.65982,-0.0830063,1.46977,16.8774,-0.48841,1.25401,17.3263,12.5677,1.1026,0.342709,13.6181,3.05194,-0.000804155,-1.69622,9.31666,17.68,0.763845,-0.942428
5.66,7.40162,0.763972,0.424996,0.66493,11.9528,5.84509,0.437327,1.55188,16.8894,2.83156,0.326422,-0.203407,0.7373,14.9588,0.999648,0.840972,8.9839,14.1824,-0.173523,1.08898,6.40564,8.19577,-1.65982,-0.0830063,1.46488,16.89,-0.48893,1.25264,17.3374,12.5711,1.1026,0.342709,13.6181,3.03497,-0.000777426,-1.69617,9.3243,17.6705,0.763842,-0.942464
5.67,7.40587,0.770622,0.424997,0.66493,11.9572,5.86061,0.437357,1.55183,16.8927,2.82952,0.326362,-0.203403,0.747299,14.9672,1.00016,0.84235,8.98217,14.1933,-0.173519,1.08902,6.38904,8.19494,-1.65982,-0.0830063,1.45999,16.9025,-0.489443,1.25127,17.3484,12.5745,1.1026,0.342709,13.6181,3.01801,-0.000748961,-1.69612,9.33193,17.6611,0.763838,-0.942502
5.68,7.41012,0.777271,0.424997,0.664931,11.9616,5.87613,0.437385,1.55178,16.8959,2.82749,0.326303,-0.203399,0.757303,14.9757,1.00067,0.843737,8.98043,14.2042,-0.173516,1.08906,6.37245,8.19411,-1.65982,-0.0830063,1.45509,16.915,-0.489948,1.24988,17.3594,12.578,1.1026,0.342709,13.6181,3.00105,-0.000718901,-1.69608,9.33957,17.6517,0.763834,-0.942541
5.69,7.41437,0.78392,0.424998,0.664932,11.9659,5.89165,0.437411,1.55173,16.8992,2.82545,0.326244,-0.203395,0.767312,14.9841,1.00116,0.845134,8.9787,14.2151,-0.173512,1.0891,6.35585,8.19328,-1.65982,-0.0830063,1.45019,16.9275,-0.490444,1.24848,17.3704,12.5814,1.1026,0.342709,13.6181,2.98409,-0.000687379,-1.69604,9.34721,17.6423,0.763829,-0.942581
5.7,7.41862,0.79057,0.424999,0.664932,11.9703,5.90717,0.437435,1.55169,16.9025,2.82342,0.326185,-0.203392,0.777326,14.9926,1.00165,0.846539,8.97696,14.2259,-0.173507,1.08914,6.33925,8.19245,-1.65982,-0.0830063,1.44528,16.94,-0.490932,1.24708,17.3815,12.5848,1.1026,0.342709,13.6181,2.96713,-0.000654518,-1.696,9.35485,17.6328,0.763825,-0.942623
5.71,7.42287,0.797219,0.424999,0.664933,11.9747,5.92268,0.437458,1.55165,16.9057,2.82139,0.326126,-0.203389,0.787345,15.001,1.00213,0.847954,8.97523,14.2368,-0.173503,1.08918,6.32265,8.19162,-1.65982,-0.0830063,1.44037,16.9524,-0.491411,1.24566,17.3925,12.5883,1.1026,0.342709,13.6181,2.95017,-0.000620435,-1.69596,9.36249,17.6234,0.76382,-0.942667
5.72,7.42712,0.803868,0.425,0.664933,11.9791,5.9382,0.43748,1.55161,16.909,2.81935,0.326068,-0.203387,0.797369,15.0095,1.0026,0.849376,8.97349,14.2477,-0.173498,1.08923,6.30605,8.19079,-1.65982,-0.0830063,1.43545,16.9649,-0.491881,1.24424,17.4035,12.5917,1.1026,0.342709,13.6181,2.93321,-0.000585236,-1.69592,9.37013,17.614,0.763814,-0.942713
5.73,7.43137,0.810518,0.425001,0.664934,11.9834,5.95371,0.4375,1.55157,16.9122,2.81732,0.32601,-0.203384,0.807397,15.018,1.00306,0.850806,8.97176,14.2586,-0.173492,1.08928,6.28945,8.18996,-1.65981,-0.0830063,1.43053,16.9773,-0.492342,1.24281,17.4145,12.5951,1.1026,0.342709,13.6181,2.91625,-0.000549025,-1.69588,9.37776,17.6046,0.763808,-0.94276
5.74,7.43562,0.817167,0.425001,0.664934,11.9878,5.96923,0.437519,1.55154,16.9155,2.81528,0.325953,-0.203382,0.81743,15.0266,1.00351,0.852243,8.97002,14.2695,-0.173487,1.08932,6.27286,8.18913,-1.65981,-0.0830063,1.42561,16.9897,-0.492793,1.24137,17.4256,12.5985,1.1026,0.342709,13.6181,2.89929,-0.000511896,-1.69585,9.3854,17.5951,0.763802,-0.942809
5.75,7.43987,0.823816,0.425002,0.664935,11.9922,5.98475,0.437537,1.5515,16.9188,2.81325,0.325896,-0.20338,0.827467,15.0351,1.00395,0.853687,8.96829,14.2804,-0.17348,1.08938,6.25626,8.1883,-1.65981,-0.0830063,1.42068,17.0021,-0.493234,1.23993,17.4366,12.602,1.1026,0.342709,13.6181,2.88234,-0.000473938,-1.69582,9.39304,17.5857,0.763796,-0.94286
5.76,7.44412,0.830466,0.425003,0.664936,11.9966,6.00026,0.437553,1.55147,16.922,2.81122,0.325839,-0.203378,0.837509,15.0436,1.00439,0.855138,8.96655,14.2913,-0.173474,1.08943,6.23966,8.18747,-1.65981,-0.0830063,1.41574,17.0145,-0.493665,1.23848,17.4476,12.6054,1.1026,0.342709,13.6181,2.86538,-0.000435234,-1.69579,9.40068,17.5763,0.763789,-0.942913
5.77,7.44837,0.837115,0.425003,0.664936,12.0009,6.01577,0.437569,1.55144,16.9253,2.80918,0.325783,-0.203377,0.847555,15.0522,1.00481,0.856594,8.96482,14.3022,-0.173467,1.08948,6.22306,8.18664,-1.65981,-0.0830064,1.4108,17.0269,-0.494086,1.23702,17.4587,12.6088,1.1026,0.342709,13.618,2.84842,-0.000395862,-1.69576,9.40832,17.5668,0.763781,-0.942969
5.78,7.45262,0.843764,0.425004,0.664937,12.0053,6.03129,0.437584,1.55141,16.9285,2.80715,0.325727,-0.203376,0.857605,15.0608,1.00522,0.858055,8.96308,14.3131,-0.173459,1.08954,6.20646,8.18581,-1.65981,-0.0830064,1.40586,17.0393,-0.494497,1.23556,17.4697,12.6122,1.1026,0.342708,13.618,2.83146,-0.000355894,-1.69573,9.41595,17.5574,0.763773,-0.943026
5.79,7.45687,0.850414,0.425005,0.664937,12.0097,6.0468,0.437597,1.55138,16.9318,2.80512,0.325671,-0.203375,0.867659,15.0693,1.00562,0.859522,8.96135,14.324,-0.173451,1.0896,6.18987,8.18498,-1.65981,-0.0830064,1.40091,17.0516,-0.494897,1.23409,17.4807,12.6157,1.1026,0.342708,13.618,2.81451,-0.000315399,-1.6957,9.42359,17.548,0.763764,-0.943086
5.8,7.46112,0.857063,0.425005,0.664938,12.0141,6.06232,0.43761,1.55135,16.9351,2.80308,0.325616,-0.203375,0.877718,15.0779,1.00601,0.860992,8.95961,14.3349,-0.173442,1.08966,6.17327,8.18415,-1.65981,-0.0830064,1.39596,17.064,-0.495286,1.23262,17.4917,12.6191,1.1026,0.342708,13.618,2.79755,-0.000274441,-1.69568,9.43123,17.5386,0.763755,-0.943149
5.81,7.46537,0.863712,0.425006,0.664939,12.0185,6.07783,0.437622,1.55133,16.9383,2.80105,0.325561,-0.203374,0.88778,15.0866,1.00639,0.862467,8.95788,14.3458,-0.173433,1.08973,6.15667,8.18332,-1.65981,-0.0830064,1.39101,17.0763,-0.495665,1.23115,17.5028,12.6225,1.1026,0.342708,13.618,2.78059,-0.00023308,-1.69565,9.43887,17.5291,0.763745,-0.943213
5.82,7.46962,0.870362,0.425007,0.664939,12.0228,6.09334,0.437634,1.55131,16.9416,2.79901,0.325506,-0.203374,0.897845,15.0952,1.00676,0.863945,8.95615,14.3567,-0.173423,1.08979,6.14007,8.18249,-1.65981,-0.0830064,1.38605,17.0886,-0.496033,1.22967,17.5138,12.626,1.1026,0.342708,13.618,2.76364,-0.000191371,-1.69563,9.4465,17.5197,0.763735,-0.943281
5.83,7.47387,0.877011,0.425007,0.66494,12.0272,6.10886,0.437645,1.55128,16.9448,2.79698,0.325452,-0.203374,0.907915,15.1038,1.00711,0.865425,8.95441,14.3676,-0.173412,1.08986,6.12347,8.18166,-1.65981,-0.0830064,1.38109,17.1009,-0.496389,1.22819,17.5248,12.6294,1.1026,0.342708,13.618,2.74668,-0.000149366,-1.6956,9.45414,17.5103,0.763724,-0.943351
5.84,7.47812,0.883661,0.425008,0.66494,12.0316,6.12437,0.437655,1.55126,16.9481,2.79495,0.325399,-0.203375,0.917988,15.1125,1.00746,0.866908,8.95268,14.3785,-0.1734,1.08994,6.10688,8.18083,-1.65981,-0.0830064,1.37612,17.1131,-0.496734,1.22671,17.5358,12.6328,1.1026,0.342708,13.618,2.72972,-0.000107116,-1.69558,9.46178,17.5008,0.763712,-0.943424
5.85,7.48237,0.89031,0.425009,0.664941,12.036,6.13988,0.437664,1.55124,16.9513,2.79291,0.325345,-0.203375,0.928064,15.1212,1.00779,0.868393,8.95094,14.3894,-0.173388,1.09001,6.09028,8.18,-1.6598,-0.0830064,1.37115,17.1254,-0.497068,1.22522,17.5469,12.6362,1.1026,0.342708,13.618,2.71277,-6.46663e-05,-1.69556,9.46942,17.4914,0.763699,-0.9435
5.86,7.48662,0.896959,0.42501,0.664942,12.0403,6.15539,0.437673,1.55122,16.9546,2.79088,0.325292,-0.203376,0.938143,15.1299,1.00812,0.869879,8.94921,14.4003,-0.173375,1.09009,6.07368,8.17917,-1.6598,-0.0830064,1.36618,17.1377,-0.497391,1.22373,17.5579,12.6397,1.1026,0.342708,13.618,2.69581,-2.20591e-05,-1.69554,9.47705,17.482,0.763686,-0.94358
5.87,7.49087,0.903609,0.42501,0.664942,12.0447,6.17091,0.437682,1.5512,16.9578,2.78885,0.32524,-0.203377,0.948226,15.1386,1.00843,0.871366,8.94748,14.4112,-0.173361,1.09017,6.05708,8.17834,-1.6598,-0.0830064,1.36121,17.1499,-0.497702,1.22225,17.5689,12.6431,1.1026,0.342708,13.618,2.67886,2.06648e-05,-1.69552,9.48469,17.4725,0.763671,-0.943662
5.88,7.49512,0.910258,0.425011,0.664943,12.0491,6.18642,0.437689,1.55118,16.9611,2.78681,0.325188,-0.203378,0.958312,15.1473,1.00873,0.872854,8.94574,14.4221,-0.173346,1.09026,6.04048,8.17751,-1.6598,-0.0830064,1.35623,17.1621,-0.498001,1.22076,17.5799,12.6465,1.1026,0.342708,13.618,2.6619,6.34678e-05,-1.6955,9.49233,17.4631,0.763656,-0.943748
5.89,7.49937,0.916908,0.425012,0.664943,12.0535,6.20193,0.437697,1.55117,16.9643,2.78478,0.325136,-0.20338,0.968401,15.156,1.00902,0.874341,8.94401,14.433,-0.17333,1.09035,6.02389,8.17668,-1.6598,-0.0830064,1.35125,17.1743,-0.498289,1.21927,17.591,12.6499,1.1026,0.342708,13.618,2.64495,0.000106314,-1.69548,9.49996,17.4536,0.763639,-0.943838
5.9,7.50362,0.923557,0.425012,0.664944,12.0578,6.21744,0.437704,1.55115,16.9676,2.78274,0.325085,-0.203382,0.978492,15.1648,1.00929,0.875827,8.94228,14.4439,-0.173313,1.09044,6.00729,8.17585,-1.6598,-0.0830064,1.34626,17.1865,-0.498565,1.21779,17.602,12.6534,1.1026,0.342708,13.618,2.62799,0.000149172,-1.69546,9.5076,17.4442,0.763622,-0.943931
5.91,7.50787,0.930207,0.425013,0.664945,12.0622,6.23295,0.43771,1.55113,16.9708,2.78071,0.325034,-0.203383,0.988586,15.1736,1.00956,0.877312,8.94054,14.4548,-0.173295,1.09054,5.99069,8.17502,-1.6598,-0.0830064,1.34127,17.1987,-0.498829,1.2163,17.613,12.6568,1.1026,0.342708,13.618,2.61104,0.000192009,-1.69545,9.51523,17.4348,0.763603,-0.944028
5.92,7.51212,0.936856,0.425014,0.664945,12.0666,6.24846,0.437717,1.55112,16.9741,2.77868,0.324984,-0.203386,0.998683,15.1823,1.00981,0.878795,8.93881,14.4657,-0.173275,1.09064,5.97409,8.17419,-1.6598,-0.0830064,1.33629,17.2108,-0.499081,1.21482,17.624,12.6602,1.1026,0.342707,13.618,2.59408,0.000234797,-1.69543,9.52287,17.4253,0.763583,-0.944129
5.93,7.51637,0.943506,0.425015,0.664946,12.071,6.26397,0.437723,1.5511,16.9773,2.77664,0.324934,-0.203388,1.00878,15.1911,1.01005,0.880276,8.93708,14.4766,-0.173254,1.09074,5.95749,8.17336,-1.6598,-0.0830064,1.33129,17.223,-0.499322,1.21334,17.6351,12.6636,1.1026,0.342707,13.618,2.57713,0.000277508,-1.69541,9.53051,17.4159,0.763562,-0.944235
5.94,7.52062,0.950155,0.425015,0.664946,12.0754,6.27949,0.437728,1.55109,16.9806,2.77461,0.324885,-0.20339,1.01888,15.1999,1.01028,0.881754,8.93534,14.4875,-0.173232,1.09085,5.9409,8.17252,-1.6598,-0.0830065,1.3263,17.2351,-0.499551,1.21186,17.6461,12.6671,1.1026,0.342707,13.618,2.56017,0.000320118,-1.6954,9.53814,17.4064,0.76354,-0.944345
5.95,7.52487,0.956804,0.425016,0.664947,12.0797,6.295,0.437733,1.55108,16.9838,2.77257,0.324836,-0.203393,1.02899,15.2088,1.0105,0.883229,8.93361,14.4984,-0.173209,1.09097,5.9243,8.17169,-1.6598,-0.0830065,1.3213,17.2472,-0.499768,1.21038,17.6571,12.6705,1.1026,0.342707,13.618,2.54322,0.000362602,-1.69538,9.54578,17.397,0.763516,-0.94446
5.96,7.52912,0.963454,0.425017,0.664947,12.0841,6.31051,0.437738,1.55107,16.9871,2.77054,0.324787,-0.203396,1.03909,15.2176,1.0107,0.8847,8.93188,14.5093,-0.173183,1.09109,5.9077,8.17086,-1.6598,-0.0830065,1.3163,17.2593,-0.499973,1.20891,17.6681,12.6739,1.1026,0.342707,13.618,2.52627,0.000404939,-1.69536,9.55341,17.3876,0.76349,-0.944579
5.97,7.53337,0.970103,0.425018,0.664948,12.0885,6.32602,0.437743,1.55105,16.9903,2.76851,0.324739,-0.203399,1.0492,15.2265,1.0109,0.886167,8.93015,14.5202,-0.173156,1.09121,5.8911,8.17003,-1.6598,-0.0830065,1.3113,17.2714,-0.500166,1.20745,17.6792,12.6774,1.1026,0.342707,13.6181,2.50931,0.000447108,-1.69535,9.56105,17.3781,0.763463,-0.944703
5.98,7.53762,0.976753,0.425019,0.664949,12.0929,6.34153,0.437747,1.55104,16.9936,2.76647,0.324691,-0.203402,1.05931,15.2353,1.01108,0.887629,8.92842,14.5312,-0.173128,1.09134,5.8745,8.1692,-1.6598,-0.0830065,1.3063,17.2834,-0.500348,1.20598,17.6902,12.6808,1.1026,0.342707,13.6181,2.49236,0.000489088,-1.69534,9.56868,17.3687,0.763434,-0.944833
5.99,7.54187,0.983402,0.425019,0.664949,12.0972,6.35704,0.437751,1.55103,16.9968,2.76444,0.324644,-0.203406,1.06942,15.2442,1.01125,0.889086,8.92669,14.5421,-0.173097,1.09147,5.85791,8.16837,-1.65979,-0.0830065,1.3013,17.2955,-0.500518,1.20453,17.7012,12.6842,1.1026,0.342707,13.6181,2.47541,0.000530864,-1.69532,9.57632,17.3592,0.763403,-0.944968
6,7.54612,0.990052,0.42502,0.66495,12.1016,6.37255,0.437755,1.55102,17.0001,2.7624,0.324597,-0.203409,1.07954,15.2531,1.01141,0.890537,8.92496,14.553,-0.173065,1.09161,5.84131,8.16754,-1.65979,-0.0830065,1.29629,17.3075,-0.500676,1.20307,17.7123,12.6876,1.1026,0.342707,13.6181,2.45845,0.000572417,-1.69531,9.58395,17.3498,0.76337,-0.94511
6.01,7.55037,0.996701,0.425021,0.66495,12.106,6.38806,0.437759,1.55101,17.0033,2.76037,0.324551,-0.203413,1.08965,15.262,1.01156,0.891982,8.92322,14.5639,-0.17303,1.09176,5.82471,8.16671,-1.65979,-0.0830065,1.29128,17.3195,-0.500823,1.20163,17.7233,12.6911,1.1026,0.342707,13.6181,2.4415,0.000613731,-1.69529,9.59158,17.3403,0.763335,-0.945257
6.02,7.55462,1.00335,0.425022,0.664951,12.1104,6.40357,0.437762,1.551,17.0066,2.75834,0.324505,-0.203417,1.09977,15.2709,1.01169,0.893421,8.92149,14.5748,-0.172993,1.09191,5.80811,8.16588,-1.65979,-0.0830065,1.28627,17.3316,-0.500958,1.20019,17.7343,12.6945,1.1026,0.342707,13.6181,2.42455,0.000654793,-1.69528,9.59922,17.3309,0.763297,-0.94541
6.03,7.55887,1.01,0.425023,0.664951,12.1147,6.41908,0.437766,1.55099,17.0098,2.7563,0.32446,-0.203421,1.10989,15.2799,1.01182,0.894852,8.91977,14.5857,-0.172953,1.09207,5.79151,8.16505,-1.65979,-0.0830065,1.28126,17.3436,-0.501082,1.19876,17.7453,12.6979,1.1026,0.342707,13.6181,2.4076,0.000695588,-1.69527,9.60685,17.3214,0.763257,-0.94557
6.04,7.56312,1.01665,0.425023,0.664952,12.1191,6.43459,0.437769,1.55098,17.0131,2.75427,0.324415,-0.203425,1.12,15.2888,1.01193,0.896276,8.91804,14.5967,-0.172911,1.09224,5.77492,8.16422,-1.65979,-0.0830065,1.27625,17.3555,-0.501195,1.19734,17.7564,12.7013,1.1026,0.342707,13.6181,2.39064,0.000736104,-1.69525,9.61448,17.3119,0.763215,-0.945737
6.05,7.56737,1.0233,0.425024,0.664953,12.1235,6.4501,0.437772,1.55097,17.0163,2.75223,0.324371,-0.203429,1.13012,15.2978,1.01203,0.897692,8.91631,14.6076,-0.172867,1.09241,5.75832,8.16339,-1.65979,-0.0830065,1.27124,17.3675,-0.501297,1.19592,17.7674,12.7048,1.10259,0.342707,13.6181,2.37369,0.00077633,-1.69524,9.62211,17.3025,0.76317,-0.945911
6.06,7.57162,1.02995,0.425025,0.664953,12.1279,6.46561,0.437774,1.55097,17.0195,2.7502,0.324327,-0.203434,1.14024,15.3068,1.01212,0.899099,8.91458,14.6185,-0.172819,1.09259,5.74172,8.16256,-1.65979,-0.0830065,1.26623,17.3795,-0.501387,1.19451,17.7784,12.7082,1.10259,0.342707,13.6181,2.35674,0.000816253,-1.69523,9.62974,17.293,0.763122,-0.946092
6.07,7.57587,1.0366,0.425026,0.664954,12.1323,6.48112,0.437777,1.55096,17.0228,2.74816,0.324283,-0.203438,1.15037,15.3158,1.0122,0.900498,8.91285,14.6294,-0.172768,1.09278,5.72512,8.16173,-1.65979,-0.0830065,1.26121,17.3914,-0.501467,1.19311,17.7894,12.7116,1.10259,0.342706,13.6181,2.33979,0.000855865,-1.69522,9.63738,17.2836,0.76307,-0.946281
6.08,7.58012,1.04325,0.425027,0.664954,12.1366,6.49663,0.437779,1.55095,17.026,2.74613,0.32424,-0.203443,1.16049,15.3248,1.01227,0.901888,8.91112,14.6404,-0.172714,1.09298,5.70852,8.1609,-1.65979,-0.0830065,1.2562,17.4033,-0.501536,1.19172,17.8005,12.7151,1.10259,0.342706,13.6181,2.32283,0.000895155,-1.69521,9.64501,17.2741,0.763016,-0.946479
6.09,7.58437,1.0499,0.425027,0.664955,12.141,6.51214,0.437782,1.55095,17.0293,2.7441,0.324197,-0.203448,1.17061,15.3338,1.01233,0.903268,8.9094,14.6513,-0.172656,1.09319,5.69193,8.16007,-1.65979,-0.0830065,1.25118,17.4152,-0.501594,1.19034,17.8115,12.7185,1.10259,0.342706,13.6181,2.30588,0.000934115,-1.69519,9.65264,17.2646,0.762958,-0.946684
6.1,7.58862,1.05655,0.425028,0.664955,12.1454,6.52765,0.437784,1.55094,17.0325,2.74206,0.324155,-0.203453,1.18074,15.3429,1.01238,0.904638,8.90767,14.6622,-0.172595,1.0934,5.67533,8.15924,-1.65979,-0.0830066,1.24616,17.4271,-0.501642,1.18897,17.8225,12.7219,1.10259,0.342706,13.6181,2.28893,0.000972738,-1.69518,9.66027,17.2552,0.762896,-0.946899
6.11,7.59287,1.0632,0.425029,0.664956,12.1498,6.54316,0.437786,1.55093,17.0358,2.74003,0.324113,-0.203458,1.19086,15.3519,1.01242,0.905998,8.90594,14.6732,-0.172529,1.09362,5.65873,8.15841,-1.65979,-0.0830066,1.24115,17.439,-0.50168,1.18761,17.8335,12.7253,1.10259,0.342706,13.6182,2.27198,0.00101102,-1.69517,9.66789,17.2457,0.76283,-0.947123
6.12,7.59712,1.06985,0.42503,0.664956,12.1541,6.55867,0.437788,1.55093,17.039,2.73799,0.324072,-0.203463,1.20098,15.361,1.01244,0.907347,8.90422,14.6841,-0.17246,1.09386,5.64213,8.15758,-1.65979,-0.0830066,1.23613,17.4509,-0.501707,1.18626,17.8446,12.7288,1.10259,0.342706,13.6182,2.25503,0.00104894,-1.69516,9.67552,17.2362,0.76276,-0.947357
6.13,7.60137,1.0765,0.425031,0.664957,12.1585,6.57417,0.43779,1.55092,17.0422,2.73596,0.324032,-0.203468,1.21111,15.3701,1.01246,0.908685,8.9025,14.695,-0.172386,1.0941,5.62554,8.15675,-1.65979,-0.0830066,1.23111,17.4627,-0.501725,1.18493,17.8556,12.7322,1.10259,0.342706,13.6182,2.23807,0.00108651,-1.69515,9.68315,17.2267,0.762686,-0.947601
6.14,7.60562,1.08315,0.425032,0.664958,12.1629,6.58968,0.437792,1.55091,17.0455,2.73392,0.323991,-0.203474,1.22123,15.3792,1.01247,0.910012,8.90077,14.706,-0.172307,1.09436,5.60894,8.15592,-1.65979,-0.0830066,1.2261,17.4746,-0.501732,1.1836,17.8666,12.7356,1.10259,0.342706,13.6182,2.22112,0.00112371,-1.69514,9.69078,17.2173,0.762606,-0.947855
6.15,7.60987,1.08979,0.425033,0.664958,12.1673,6.60519,0.437794,1.55091,17.0487,2.73189,0.323951,-0.203479,1.23136,15.3883,1.01247,0.911327,8.89905,14.7169,-0.172223,1.09462,5.59234,8.15509,-1.65979,-0.0830066,1.22108,17.4864,-0.50173,1.18228,17.8776,12.739,1.10259,0.342706,13.6182,2.20417,0.00116055,-1.69513,9.6984,17.2078,0.762522,-0.94812
6.16,7.61412,1.09644,0.425034,0.664959,12.1717,6.6207,0.437795,1.5509,17.052,2.72985,0.323912,-0.203485,1.24148,15.3974,1.01246,0.91263,8.89733,14.7279,-0.172133,1.0949,5.57574,8.15426,-1.65979,-0.0830066,1.21606,17.4982,-0.501719,1.18098,17.8887,12.7425,1.10259,0.342706,13.6182,2.18722,0.00119701,-1.69512,9.70603,17.1983,0.762432,-0.948397
6.17,7.61837,1.10309,0.425034,0.664959,12.176,6.63621,0.437797,1.5509,17.0552,2.72782,0.323873,-0.203491,1.25161,15.4065,1.01244,0.913921,8.89561,14.7388,-0.172038,1.09519,5.55914,8.15343,-1.65978,-0.0830066,1.21105,17.51,-0.501699,1.17969,17.8997,12.7459,1.10259,0.342706,13.6182,2.17027,0.00123309,-1.6951,9.71365,17.1888,0.762337,-0.948686
6.18,7.62262,1.10974,0.425035,0.66496,12.1804,6.65172,0.437798,1.55089,17.0584,2.72578,0.323835,-0.203497,1.26173,15.4157,1.01241,0.9152,8.89389,14.7498,-0.171937,1.09549,5.54255,8.1526,-1.65978,-0.0830066,1.20603,17.5218,-0.501669,1.17841,17.9107,12.7493,1.10259,0.342706,13.6182,2.15332,0.0012688,-1.69509,9.72127,17.1793,0.762235,-0.948987
6.19,7.62687,1.11639,0.425036,0.66496,12.1848,6.66723,0.4378,1.55089,17.0617,2.72375,0.323797,-0.203502,1.27185,15.4248,1.01237,0.916465,8.89217,14.7607,-0.171829,1.0958,5.52595,8.15177,-1.65978,-0.0830066,1.20101,17.5336,-0.501631,1.17714,17.9217,12.7528,1.10259,0.342706,13.6182,2.13637,0.00130412,-1.69508,9.72889,17.1698,0.762127,-0.949301
6.2,7.63112,1.12304,0.425037,0.664961,12.1892,6.68274,0.437801,1.55088,17.0649,2.72171,0.323759,-0.203508,1.28198,15.434,1.01232,0.917718,8.89045,14.7717,-0.171714,1.09613,5.50935,8.15094,-1.65978,-0.0830066,1.196,17.5454,-0.501584,1.17589,17.9328,12.7562,1.10259,0.342706,13.6183,2.11942,0.00133905,-1.69507,9.73652,17.1603,0.762012,-0.949629
6.21,7.63537,1.12969,0.425038,0.664961,12.1936,6.69825,0.437802,1.55088,17.0681,2.71968,0.323722,-0.203515,1.2921,15.4432,1.01227,0.918957,8.88873,14.7827,-0.171592,1.09647,5.49275,8.15011,-1.65978,-0.0830066,1.19098,17.5571,-0.501529,1.17465,17.9438,12.7596,1.10259,0.342706,13.6183,2.10247,0.00137359,-1.69506,9.74413,17.1508,0.761889,-0.949971
6.22,7.63962,1.13634,0.425039,0.664962,12.1979,6.71376,0.437803,1.55088,17.0714,2.71764,0.323685,-0.203521,1.30222,15.4524,1.01221,0.920183,8.88702,14.7936,-0.171463,1.09683,5.47615,8.14928,-1.65978,-0.0830066,1.18597,17.5688,-0.501466,1.17343,17.9548,12.763,1.10259,0.342705,13.6183,2.08552,0.00140774,-1.69505,9.75175,17.1413,0.761759,-0.950327
6.23,7.64388,1.14299,0.42504,0.664962,12.2023,6.72926,0.437804,1.55087,17.0746,2.71561,0.323649,-0.203527,1.31235,15.4616,1.01214,0.921395,8.8853,14.8046,-0.171325,1.0972,5.45956,8.14845,-1.65978,-0.0830067,1.18095,17.5806,-0.501395,1.17221,17.9658,12.7665,1.10259,0.342705,13.6183,2.06857,0.0014415,-1.69504,9.75937,17.1318,0.761621,-0.950699
6.24,7.64813,1.14964,0.425041,0.664963,12.2067,6.74477,0.437805,1.55087,17.0779,2.71357,0.323614,-0.203533,1.32247,15.4708,1.01206,0.922593,8.88359,14.8156,-0.171178,1.09758,5.44296,8.14762,-1.65978,-0.0830067,1.17594,17.5923,-0.501316,1.17102,17.9769,12.7699,1.10259,0.342705,13.6183,2.05161,0.00147486,-1.69503,9.76699,17.1223,0.761474,-0.951087
6.25,7.65238,1.15629,0.425042,0.664963,12.2111,6.76028,0.437807,1.55086,17.0811,2.71154,0.323578,-0.203539,1.33259,15.48,1.01197,0.923777,8.88188,14.8265,-0.171022,1.09799,5.42636,8.14679,-1.65978,-0.0830067,1.17092,17.604,-0.50123,1.16983,17.9879,12.7733,1.10259,0.342705,13.6183,2.03466,0.00150783,-1.69502,9.7746,17.1128,0.761317,-0.951491
6.26,7.65663,1.16294,0.425043,0.664964,12.2154,6.77579,0.437807,1.55086,17.0843,2.7095,0.323543,-0.203546,1.34271,15.4893,1.01188,0.924947,8.88017,14.8375,-0.170856,1.09841,5.40976,8.14596,-1.65978,-0.0830067,1.16591,17.6157,-0.501137,1.16866,17.9989,12.7767,1.10259,0.342705,13.6183,2.01771,0.00154039,-1.69501,9.78221,17.1033,0.761151,-0.951913
6.27,7.66088,1.16959,0.425044,0.664964,12.2198,6.7913,0.437808,1.55086,17.0876,2.70747,0.323509,-0.203552,1.35282,15.4985,1.01178,0.926102,8.87846,14.8485,-0.170679,1.09885,5.39317,8.14513,-1.65978,-0.0830067,1.1609,17.6274,-0.501037,1.16751,18.01,12.7802,1.10259,0.342705,13.6184,2.00076,0.00157256,-1.695,9.78982,17.0938,0.760974,-0.952352
6.28,7.66513,1.17624,0.425045,0.664965,12.2242,6.80681,0.437809,1.55085,17.0908,2.70543,0.323475,-0.203559,1.36294,15.5078,1.01167,0.927243,8.87676,14.8595,-0.170492,1.09931,5.37657,8.1443,-1.65978,-0.0830067,1.15589,17.639,-0.50093,1.16637,18.021,12.7836,1.10259,0.342705,13.6184,1.98381,0.00160434,-1.69499,9.79743,17.0843,0.760786,-0.952811
6.29,7.66938,1.18289,0.425045,0.664965,12.2286,6.82232,0.43781,1.55085,17.094,2.7034,0.323442,-0.203565,1.37306,15.5171,1.01156,0.928369,8.87505,14.8705,-0.170292,1.09979,5.35997,8.14347,-1.65978,-0.0830067,1.15088,17.6507,-0.500816,1.16524,18.032,12.787,1.10259,0.342705,13.6184,1.96686,0.00163571,-1.69498,9.80504,17.0747,0.760586,-0.953289
6.3,7.67363,1.18954,0.425046,0.664966,12.233,6.83782,0.437811,1.55085,17.0973,2.70136,0.323409,-0.203572,1.38317,15.5264,1.01144,0.92948,8.87335,14.8815,-0.17008,1.10028,5.34337,8.14264,-1.65978,-0.0830067,1.14588,17.6623,-0.500697,1.16413,18.043,12.7904,1.10259,0.342705,13.6184,1.94991,0.00166669,-1.69497,9.81264,17.0652,0.760374,-0.953787
6.31,7.67788,1.19619,0.425047,0.664966,12.2373,6.85333,0.437812,1.55085,17.1005,2.69932,0.323376,-0.203579,1.39329,15.5357,1.01132,0.930576,8.87165,14.8925,-0.169855,1.1008,5.32677,8.14181,-1.65978,-0.0830067,1.14087,17.674,-0.500571,1.16303,18.0541,12.7939,1.10259,0.342705,13.6184,1.93296,0.00169727,-1.69496,9.82025,17.0556,0.760149,-0.954306
6.32,7.68213,1.20284,0.425048,0.664967,12.2417,6.86884,0.437812,1.55084,17.1037,2.69729,0.323344,-0.203585,1.4034,15.545,1.01119,0.931657,8.86995,14.9035,-0.169616,1.10134,5.31018,8.14098,-1.65978,-0.0830067,1.13586,17.6856,-0.500439,1.16195,18.0651,12.7973,1.10259,0.342705,13.6184,1.91602,0.00172745,-1.69495,9.82785,17.0461,0.759909,-0.954847
6.33,7.68638,1.20949,0.425049,0.664967,12.2461,6.88435,0.437813,1.55084,17.107,2.69525,0.323312,-0.203592,1.41351,15.5543,1.01105,0.932723,8.86826,14.9145,-0.169362,1.10191,5.29358,8.14015,-1.65978,-0.0830068,1.13086,17.6972,-0.500302,1.16089,18.0761,12.8007,1.10259,0.342705,13.6185,1.89907,0.00175724,-1.69495,9.83544,17.0366,0.759655,-0.95541
6.34,7.69063,1.21614,0.42505,0.664968,12.2505,6.89986,0.437814,1.55084,17.1102,2.69322,0.323281,-0.203599,1.42362,15.5636,1.01091,0.933773,8.86657,14.9256,-0.169092,1.10249,5.27698,8.13932,-1.65978,-0.0830068,1.12586,17.7088,-0.50016,1.15983,18.0871,12.8042,1.10259,0.342705,13.6185,1.88212,0.00178663,-1.69494,9.84304,17.027,0.759384,-0.955997
6.35,7.69488,1.22279,0.425051,0.664968,12.2548,6.91537,0.437814,1.55083,17.1134,2.69118,0.32325,-0.203605,1.43373,15.573,1.01076,0.934808,8.86488,14.9366,-0.168806,1.1031,5.26038,8.13849,-1.65978,-0.0830068,1.12086,17.7204,-0.500012,1.1588,18.0982,12.8076,1.10259,0.342705,13.6185,1.86517,0.00181562,-1.69493,9.85063,17.0174,0.759097,-0.956608
6.36,7.69913,1.22944,0.425052,0.664969,12.2592,6.93087,0.437815,1.55083,17.1167,2.68914,0.323219,-0.203612,1.44384,15.5823,1.01061,0.935828,8.86319,14.9476,-0.168502,1.10374,5.24379,8.13766,-1.65978,-0.0830068,1.11586,17.732,-0.49986,1.15778,18.1092,12.811,1.10259,0.342705,13.6185,1.84822,0.00184423,-1.69492,9.85822,17.0079,0.758793,-0.957245
6.37,7.70338,1.23609,0.425053,0.664969,12.2636,6.94638,0.437816,1.55083,17.1199,2.68711,0.323189,-0.203619,1.45394,15.5917,1.01045,0.936833,8.86151,14.9587,-0.168179,1.1044,5.22719,8.13683,-1.65978,-0.0830068,1.11086,17.7436,-0.499703,1.15677,18.1202,12.8144,1.10259,0.342704,13.6185,1.83127,0.00187244,-1.69491,9.86581,16.9983,0.75847,-0.957907
6.38,7.70763,1.24274,0.425054,0.66497,12.268,6.96189,0.437816,1.55083,17.1231,2.68507,0.323159,-0.203626,1.46404,15.6011,1.01029,0.937822,8.85983,14.9697,-0.167836,1.10509,5.21059,8.136,-1.65978,-0.0830068,1.10586,17.7551,-0.499542,1.15579,18.1312,12.8179,1.10259,0.342704,13.6186,1.81432,0.00190026,-1.6949,9.87339,16.9887,0.758127,-0.958597
6.39,7.71188,1.24939,0.425055,0.66497,12.2724,6.9774,0.437817,1.55083,17.1264,2.68304,0.32313,-0.203633,1.47415,15.6105,1.01013,0.938796,8.85815,14.9808,-0.167473,1.10581,5.19399,8.13517,-1.65978,-0.0830068,1.10087,17.7667,-0.499377,1.15481,18.1423,12.8213,1.10259,0.342704,13.6186,1.79737,0.0019277,-1.69489,9.88097,16.9791,0.757763,-0.959315
6.4,7.71613,1.25604,0.425056,0.664971,12.2767,6.99291,0.437817,1.55082,17.1296,2.681,0.323101,-0.20364,1.48425,15.6198,1.00996,0.939755,8.85648,14.9918,-0.167087,1.10656,5.17739,8.13434,-1.65978,-0.0830068,1.09588,17.7782,-0.499207,1.15385,18.1533,12.8247,1.10259,0.342704,13.6186,1.78042,0.00195474,-1.69488,9.88855,16.9695,0.757377,-0.960061
6.41,7.72038,1.26269,0.425057,0.664971,12.2811,7.00842,0.437818,1.55082,17.1328,2.67896,0.323073,-0.203647,1.49435,15.6292,1.00978,0.940698,8.85481,15.0029,-0.166678,1.10733,5.1608,8.13351,-1.65977,-0.0830068,1.09089,17.7898,-0.499034,1.15291,18.1643,12.8281,1.10259,0.342704,13.6186,1.76347,0.00198141,-1.69487,9.89612,16.9599,0.756968,-0.960838
6.42,7.72463,1.26934,0.425058,0.664972,12.2855,7.02392,0.437818,1.55082,17.1361,2.67693,0.323045,-0.203654,1.50444,15.6387,1.00961,0.941625,8.85315,15.014,-0.166245,1.10814,5.1442,8.13268,-1.65977,-0.0830068,1.0859,17.8013,-0.498858,1.15198,18.1753,12.8316,1.10259,0.342704,13.6186,1.74652,0.00200769,-1.69486,9.90368,16.9503,0.756534,-0.961645
6.43,7.72889,1.27599,0.425059,0.664972,12.2899,7.03943,0.437818,1.55082,17.1393,2.67489,0.323017,-0.203661,1.51454,15.6481,1.00943,0.942537,8.85149,15.0251,-0.165785,1.10898,5.1276,8.13185,-1.65977,-0.0830069,1.08091,17.8128,-0.498678,1.15107,18.1864,12.835,1.10259,0.342704,13.6187,1.72958,0.0020336,-1.69485,9.91125,16.9407,0.756074,-0.962485
6.44,7.73314,1.28263,0.425061,0.664972,12.2942,7.05494,0.437819,1.55082,17.1425,2.67285,0.32299,-0.203667,1.52463,15.6575,1.00925,0.943434,8.84983,15.0361,-0.165298,1.10985,5.111,8.13102,-1.65977,-0.0830069,1.07592,17.8243,-0.498495,1.15017,18.1974,12.8384,1.10259,0.342704,13.6187,1.71263,0.00205912,-1.69485,9.91881,16.9311,0.755586,-0.963357
6.45,7.73739,1.28928,0.425062,0.664973,12.2986,7.07045,0.437819,1.55081,17.1457,2.67082,0.322963,-0.203674,1.53472,15.667,1.00906,0.944316,8.84818,15.0473,-0.164782,1.11076,5.09441,8.13019,-1.65977,-0.0830069,1.07094,17.8358,-0.498309,1.14929,18.2084,12.8419,1.10259,0.342704,13.6187,1.69568,0.00208427,-1.69484,9.92636,16.9214,0.75507,-0.964263
6.46,7.74164,1.29593,0.425063,0.664973,12.303,7.08596,0.43782,1.55081,17.149,2.66878,0.322936,-0.203681,1.54481,15.6764,1.00887,0.945182,8.84653,15.0584,-0.164236,1.1117,5.07781,8.12936,-1.65977,-0.0830069,1.06596,17.8473,-0.498121,1.14842,18.2194,12.8453,1.10259,0.342704,13.6187,1.67873,0.00210905,-1.69483,9.93391,16.9118,0.754523,-0.965204
6.47,7.74589,1.30258,0.425064,0.664974,12.3074,7.10146,0.43782,1.55081,17.1522,2.66674,0.32291,-0.203688,1.5549,15.6859,1.00868,0.946034,8.84489,15.0695,-0.163658,1.11267,5.06121,8.12853,-1.65977,-0.0830069,1.06098,17.8588,-0.49793,1.14757,18.2305,12.8487,1.10259,0.342704,13.6187,1.66178,0.00213346,-1.69482,9.94145,16.9021,0.753945,-0.96618
6.48,7.75014,1.30923,0.425065,0.664974,12.3118,7.11697,0.43782,1.55081,17.1554,2.66471,0.322885,-0.203695,1.56499,15.6953,1.00849,0.94687,8.84326,15.0806,-0.163045,1.11369,5.04461,8.1277,-1.65977,-0.0830069,1.056,17.8702,-0.497737,1.14674,18.2415,12.8521,1.10259,0.342704,13.6188,1.64483,0.00215751,-1.69481,9.94899,16.8924,0.753332,-0.967194
6.49,7.75439,1.31588,0.425066,0.664975,12.3161,7.13248,0.437821,1.55081,17.1587,2.66267,0.322859,-0.203702,1.57507,15.7048,1.0083,0.947691,8.84163,15.0918,-0.162398,1.11474,5.02801,8.12687,-1.65977,-0.0830069,1.05102,17.8817,-0.497542,1.14591,18.2525,12.8556,1.10259,0.342704,13.6188,1.62789,0.00218119,-1.6948,9.95652,16.8828,0.752684,-0.968246
6.5,7.75864,1.32253,0.425067,0.664975,12.3205,7.14799,0.437821,1.55081,17.1619,2.66063,0.322834,-0.203709,1.58515,15.7143,1.0081,0.948497,8.84001,15.1029,-0.161712,1.11583,5.01142,8.12604,-1.65977,-0.0830069,1.04605,17.8932,-0.497345,1.14511,18.2635,12.859,1.10259,0.342704,13.6188,1.61094,0.00220451,-1.69479,9.96404,16.8731,0.751998,-0.969336
6.51,7.76289,1.32918,0.425068,0.664975,12.3249,7.1635,0.437821,1.5508,17.1651,2.65859,0.32281,-0.203716,1.59523,15.7238,1.0079,0.949289,8.8384,15.1141,-0.160988,1.11696,4.99482,8.12521,-1.65977,-0.083007,1.04107,17.9046,-0.497146,1.14432,18.2746,12.8624,1.10259,0.342704,13.6188,1.59399,0.00222747,-1.69479,9.97156,16.8634,0.751273,-0.970466
6.52,7.76714,1.33583,0.425069,0.664976,12.3293,7.17901,0.437822,1.5508,17.1683,2.65656,0.322785,-0.203723,1.60531,15.7333,1.0077,0.950065,8.83679,15.1253,-0.160222,1.11813,4.97822,8.12438,-1.65977,-0.083007,1.0361,17.9161,-0.496946,1.14354,18.2856,12.8658,1.10259,0.342703,13.6188,1.57704,0.00225008,-1.69478,9.97907,16.8537,0.750507,-0.971637
6.53,7.77139,1.34248,0.42507,0.664976,12.3337,7.19451,0.437822,1.5508,17.1716,2.65452,0.322761,-0.20373,1.61539,15.7428,1.0075,0.950827,8.8352,15.1364,-0.159413,1.11934,4.96162,8.12355,-1.65977,-0.083007,1.03114,17.9275,-0.496745,1.14278,18.2966,12.8693,1.10259,0.342703,13.6189,1.56009,0.00227234,-1.69477,9.98657,16.8439,0.749698,-0.972849
6.54,7.77564,1.34913,0.425071,0.664977,12.338,7.21002,0.437822,1.5508,17.1748,2.65248,0.322738,-0.203737,1.62546,15.7523,1.0073,0.951575,8.83361,15.1476,-0.158559,1.12059,4.94503,8.12272,-1.65977,-0.083007,1.02617,17.9389,-0.496542,1.14203,18.3077,12.8727,1.10259,0.342703,13.6189,1.54315,0.00229425,-1.69476,9.99406,16.8342,0.748843,-0.974104
6.55,7.77989,1.35578,0.425072,0.664977,12.3424,7.22553,0.437822,1.5508,17.178,2.65045,0.322715,-0.203744,1.63553,15.7618,1.0071,0.952308,8.83202,15.1589,-0.157657,1.12189,4.92843,8.12189,-1.65977,-0.083007,1.0212,17.9503,-0.496339,1.1413,18.3187,12.8761,1.10259,0.342703,13.6189,1.5262,0.00231581,-1.69475,10.0015,16.8245,0.747941,-0.975402
6.56,7.78414,1.36243,0.425073,0.664977,12.3468,7.24104,0.437823,1.5508,17.1813,2.64841,0.322692,-0.20375,1.6456,15.7713,1.00689,0.953027,8.83045,15.1701,-0.156705,1.12323,4.91183,8.12106,-1.65977,-0.083007,1.01624,17.9617,-0.496134,1.14058,18.3297,12.8796,1.10259,0.342703,13.6189,1.50925,0.00233703,-1.69474,10.009,16.8147,0.746989,-0.976744
6.57,7.78839,1.36908,0.425075,0.664978,12.3512,7.25655,0.437823,1.5508,17.1845,2.64637,0.322669,-0.203757,1.65567,15.7809,1.00669,0.953732,8.82889,15.1813,-0.155702,1.12462,4.89523,8.12023,-1.65977,-0.083007,1.01128,17.9731,-0.495929,1.13987,18.3407,12.883,1.10259,0.342703,13.619,1.4923,0.00235791,-1.69474,10.0165,16.8049,0.745984,-0.978131
6.58,7.79265,1.37573,0.425076,0.664978,12.3555,7.27205,0.437823,1.55079,17.1877,2.64433,0.322647,-0.203764,1.66574,15.7904,1.00648,0.954423,8.82734,15.1926,-0.154643,1.12605,4.87864,8.1194,-1.65977,-0.083007,1.00632,17.9845,-0.495724,1.13918,18.3518,12.8864,1.10259,0.342703,13.619,1.47536,0.00237846,-1.69473,10.0239,16.7951,0.744926,-0.979563
6.59,7.7969,1.38238,0.425077,0.664978,12.3599,7.28756,0.437823,1.55079,17.1909,2.64229,0.322626,-0.203771,1.6758,15.7999,1.00628,0.9551,8.8258,15.2038,-0.153528,1.12753,4.86204,8.11857,-1.65977,-0.083007,1.00137,17.9959,-0.495518,1.1385,18.3628,12.8898,1.10259,0.342703,13.619,1.45841,0.00239868,-1.69472,10.0314,16.7853,0.74381,-0.981042
6.6,7.80115,1.38903,0.425078,0.664979,12.3643,7.30307,0.437824,1.55079,17.1942,2.64026,0.322604,-0.203778,1.68586,15.8095,1.00607,0.955764,8.82427,15.2151,-0.152353,1.12906,4.84544,8.11774,-1.65977,-0.0830071,0.996413,18.0073,-0.495312,1.13784,18.3738,12.8933,1.10259,0.342703,13.619,1.44146,0.00241857,-1.69471,10.0388,16.7755,0.742635,-0.982567
6.61,7.8054,1.39568,0.425079,0.664979,12.3687,7.31858,0.437824,1.55079,17.1974,2.63822,0.322583,-0.203784,1.69592,15.8191,1.00587,0.956414,8.82275,15.2264,-0.151117,1.13063,4.82884,8.11691,-1.65977,-0.0830071,0.991461,18.0187,-0.495106,1.13719,18.3848,12.8967,1.10259,0.342703,13.6191,1.42452,0.00243813,-1.69471,10.0462,16.7657,0.741398,-0.984139
6.62,7.80965,1.40233,0.42508,0.66498,12.3731,7.33408,0.437824,1.55079,17.2006,2.63618,0.322562,-0.203791,1.70598,15.8286,1.00566,0.95705,8.82125,15.2377,-0.149816,1.13225,4.81224,8.11608,-1.65977,-0.0830071,0.986511,18.03,-0.4949,1.13655,18.3959,12.9001,1.10259,0.342703,13.6191,1.40757,0.00245737,-1.6947,10.0536,16.7558,0.740097,-0.985759
6.63,7.8139,1.40898,0.425081,0.66498,12.3774,7.34959,0.437824,1.55079,17.2038,2.63414,0.322542,-0.203798,1.71603,15.8382,1.00545,0.957673,8.81975,15.2491,-0.148448,1.13392,4.79565,8.11525,-1.65977,-0.0830071,0.981563,18.0414,-0.494694,1.13593,18.4069,12.9035,1.10259,0.342703,13.6191,1.39062,0.0024763,-1.69469,10.061,16.746,0.738728,-0.987427
6.64,7.81815,1.41563,0.425083,0.66498,12.3818,7.3651,0.437824,1.55079,17.2071,2.63211,0.322521,-0.203804,1.72609,15.8478,1.00525,0.958284,8.81828,15.2604,-0.14701,1.13563,4.77905,8.11442,-1.65977,-0.0830071,0.976617,18.0528,-0.494488,1.13532,18.4179,12.907,1.10259,0.342703,13.6191,1.37367,0.00249491,-1.69468,10.0684,16.7361,0.73729,-0.989143
6.65,7.8224,1.42228,0.425084,0.664981,12.3862,7.38061,0.437825,1.55079,17.2103,2.63007,0.322502,-0.203811,1.73614,15.8574,1.00504,0.958881,8.81681,15.2718,-0.145499,1.1374,4.76245,8.11359,-1.65977,-0.0830071,0.971673,18.0641,-0.494283,1.13472,18.4289,12.9104,1.10259,0.342703,13.6192,1.35673,0.00251321,-1.69467,10.0758,16.7262,0.735779,-0.990908
6.66,7.82665,1.42893,0.425085,0.664981,12.3906,7.39612,0.437825,1.55079,17.2135,2.62803,0.322482,-0.203817,1.74619,15.867,1.00484,0.959466,8.81537,15.2832,-0.143913,1.13921,4.74585,8.11276,-1.65977,-0.0830071,0.966731,18.0755,-0.494078,1.13414,18.44,12.9138,1.10259,0.342703,13.6192,1.33978,0.0025312,-1.69467,10.0831,16.7163,0.734193,-0.99272
6.67,7.8309,1.43558,0.425086,0.664981,12.3949,7.41162,0.437825,1.55079,17.2167,2.62599,0.322463,-0.203824,1.75624,15.8766,1.00464,0.960038,8.81394,15.2946,-0.14225,1.14107,4.72926,8.11193,-1.65977,-0.0830071,0.961792,18.0868,-0.493874,1.13357,18.451,12.9172,1.10259,0.342703,13.6192,1.32283,0.00254889,-1.69466,10.0905,16.7063,0.732528,-0.994581
6.68,7.83515,1.44223,0.425087,0.664981,12.3993,7.42713,0.437825,1.55078,17.22,2.62395,0.322444,-0.203831,1.76628,15.8862,1.00443,0.960598,8.81252,15.306,-0.140505,1.14298,4.71266,8.1111,-1.65977,-0.0830072,0.956854,18.0981,-0.493671,1.13301,18.462,12.9207,1.10259,0.342702,13.6192,1.30589,0.00256629,-1.69465,10.0978,16.6964,0.730783,-0.99649
6.69,7.8394,1.44888,0.425088,0.664982,12.4037,7.44264,0.437825,1.55078,17.2232,2.62191,0.322425,-0.203837,1.77632,15.8958,1.00423,0.961145,8.81113,15.3174,-0.138677,1.14493,4.69606,8.11027,-1.65977,-0.0830072,0.951918,18.1095,-0.493469,1.13246,18.473,12.9241,1.10259,0.342702,13.6193,1.28894,0.00258338,-1.69464,10.1051,16.6864,0.728955,-0.998446
6.7,7.84366,1.45553,0.425089,0.664982,12.4081,7.45815,0.437825,1.55078,17.2264,2.61988,0.322407,-0.203843,1.78637,15.9054,1.00403,0.961681,8.80975,15.3289,-0.136763,1.14694,4.67946,8.10944,-1.65977,-0.0830072,0.946984,18.1208,-0.493268,1.13192,18.4841,12.9275,1.10259,0.342702,13.6193,1.272,0.00260018,-1.69464,10.1124,16.6764,0.72704,-1.00045
6.71,7.84791,1.46218,0.425091,0.664982,12.4125,7.47366,0.437826,1.55078,17.2296,2.61784,0.322389,-0.20385,1.7964,15.915,1.00383,0.962205,8.80839,15.3404,-0.134759,1.14899,4.66287,8.10861,-1.65977,-0.0830072,0.942053,18.1321,-0.493067,1.1314,18.4951,12.931,1.10259,0.342702,13.6193,1.25505,0.0026167,-1.69463,10.1196,16.6664,0.725036,-1.0025
6.72,7.85216,1.46883,0.425092,0.664983,12.4168,7.48916,0.437826,1.55078,17.2329,2.6158,0.322371,-0.203856,1.80644,15.9246,1.00363,0.962717,8.80705,15.3519,-0.132664,1.15108,4.64627,8.10778,-1.65977,-0.0830072,0.937123,18.1434,-0.492868,1.13089,18.5061,12.9344,1.10259,0.342702,13.6193,1.2381,0.00263292,-1.69462,10.1269,16.6564,0.722941,-1.00459
6.73,7.85641,1.47548,0.425093,0.664983,12.4212,7.50467,0.437826,1.55078,17.2361,2.61376,0.322354,-0.203863,1.81648,15.9343,1.00344,0.963218,8.80574,15.3634,-0.130475,1.15322,4.62967,8.10695,-1.65977,-0.0830072,0.932195,18.1547,-0.49267,1.13038,18.5171,12.9378,1.10259,0.342702,13.6194,1.22116,0.00264887,-1.69462,10.1341,16.6463,0.720751,-1.00673
6.74,7.86066,1.48213,0.425094,0.664983,12.4256,7.52018,0.437826,1.55078,17.2393,2.61172,0.322337,-0.203869,1.82651,15.9439,1.00324,0.963707,8.80445,15.3749,-0.128188,1.1554,4.61307,8.10612,-1.65977,-0.0830072,0.92727,18.166,-0.492474,1.1299,18.5282,12.9412,1.10259,0.342702,13.6194,1.20421,0.00266454,-1.69461,10.1413,16.6362,0.718464,-1.00892
6.75,7.86491,1.48878,0.425095,0.664983,12.43,7.53569,0.437826,1.55078,17.2425,2.60968,0.32232,-0.203875,1.83654,15.9535,1.00305,0.964185,8.80318,15.3865,-0.125802,1.15763,4.59647,8.10529,-1.65976,-0.0830073,0.922346,18.1773,-0.492278,1.12942,18.5392,12.9447,1.10258,0.342702,13.6194,1.18726,0.00267993,-1.6946,10.1484,16.6261,0.716077,-1.01114
6.76,7.86916,1.49543,0.425097,0.664984,12.4344,7.55119,0.437826,1.55078,17.2457,2.60764,0.322303,-0.203881,1.84657,15.9632,1.00285,0.964653,8.80193,15.3981,-0.123314,1.15989,4.57988,8.10446,-1.65976,-0.0830073,0.917424,18.1886,-0.492084,1.12895,18.5502,12.9481,1.10258,0.342702,13.6194,1.17032,0.00269506,-1.69459,10.1556,16.616,0.713589,-1.01341
6.77,7.87341,1.50208,0.425098,0.664984,12.4387,7.5667,0.437826,1.55078,17.249,2.60561,0.322287,-0.203887,1.8566,15.9728,1.00266,0.965109,8.80071,15.4097,-0.120721,1.1622,4.56328,8.10363,-1.65976,-0.0830073,0.912504,18.1999,-0.491892,1.12849,18.5612,12.9515,1.10258,0.342702,13.6195,1.15337,0.00270991,-1.69459,10.1627,16.6059,0.710996,-1.01571
6.78,7.87766,1.50873,0.425099,0.664984,12.4431,7.58221,0.437826,1.55078,17.2522,2.60357,0.322271,-0.203894,1.86663,15.9825,1.00247,0.965555,8.79952,15.4213,-0.118022,1.16454,4.54668,8.1028,-1.65976,-0.0830073,0.907586,18.2112,-0.491701,1.12805,18.5723,12.9549,1.10258,0.342702,13.6195,1.13643,0.00272451,-1.69458,10.1698,16.5957,0.708296,-1.01805
6.79,7.88191,1.51538,0.4251,0.664984,12.4475,7.59772,0.437827,1.55078,17.2554,2.60153,0.322255,-0.2039,1.87665,15.9921,1.00228,0.965991,8.79835,15.433,-0.115214,1.16692,4.53008,8.10197,-1.65976,-0.0830073,0.90267,18.2224,-0.491512,1.12761,18.5833,12.9584,1.10258,0.342702,13.6195,1.11948,0.00273884,-1.69457,10.1769,16.5855,0.705487,-1.02043
6.8,7.88616,1.52203,0.425101,0.664985,12.4519,7.61323,0.437827,1.55078,17.2586,2.59949,0.322239,-0.203906,1.88667,16.0018,1.00209,0.966417,8.79721,15.4447,-0.112295,1.16933,4.51349,8.10114,-1.65976,-0.0830073,0.897756,18.2337,-0.491325,1.12718,18.5943,12.9618,1.10258,0.342702,13.6196,1.10254,0.00275292,-1.69457,10.1839,16.5753,0.702568,-1.02284
6.81,7.89042,1.52868,0.425102,0.664985,12.4562,7.62873,0.437827,1.55078,17.2619,2.59745,0.322224,-0.203912,1.89669,16.0115,1.00191,0.966832,8.7961,15.4564,-0.109262,1.17177,4.49689,8.10031,-1.65976,-0.0830073,0.892844,18.245,-0.491139,1.12677,18.6053,12.9652,1.10258,0.342702,13.6196,1.08559,0.00276674,-1.69456,10.1909,16.565,0.699535,-1.02528
6.82,7.89467,1.53533,0.425104,0.664985,12.4606,7.64424,0.437827,1.55078,17.2651,2.59541,0.322209,-0.203918,1.90671,16.0211,1.00173,0.967238,8.79503,15.4681,-0.106116,1.17424,4.48029,8.09948,-1.65976,-0.0830073,0.887933,18.2563,-0.490956,1.12636,18.6164,12.9687,1.10258,0.342702,13.6196,1.06864,0.00278032,-1.69455,10.1979,16.5548,0.696388,-1.02775
6.83,7.89892,1.54198,0.425105,0.664985,12.465,7.65975,0.437827,1.55077,17.2683,2.59337,0.322194,-0.203924,1.91673,16.0308,1.00154,0.967634,8.79398,15.4798,-0.102853,1.17673,4.46369,8.09865,-1.65976,-0.0830074,0.883025,18.2675,-0.490774,1.12597,18.6274,12.9721,1.10258,0.342701,13.6196,1.0517,0.00279365,-1.69455,10.2049,16.5445,0.693125,-1.03025
6.84,7.90317,1.54863,0.425106,0.664986,12.4694,7.67526,0.437827,1.55077,17.2715,2.59133,0.32218,-0.203929,1.92674,16.0405,1.00137,0.968021,8.79297,15.4916,-0.0994725,1.17925,4.4471,8.09782,-1.65976,-0.0830074,0.878118,18.2788,-0.490593,1.12558,18.6384,12.9755,1.10258,0.342701,13.6197,1.03475,0.00280673,-1.69454,10.2118,16.5342,0.689744,-1.03276
6.85,7.90742,1.55528,0.425107,0.664986,12.4738,7.69076,0.437827,1.55077,17.2747,2.58929,0.322165,-0.203935,1.93675,16.0502,1.00119,0.968399,8.79199,15.5034,-0.0959733,1.18179,4.4305,8.09699,-1.65976,-0.0830074,0.873213,18.29,-0.490415,1.1252,18.6495,12.9789,1.10258,0.342701,13.6197,1.01781,0.00281958,-1.69453,10.2187,16.5238,0.686244,-1.0353
6.86,7.91167,1.56193,0.425108,0.664986,12.4781,7.70627,0.437827,1.55077,17.278,2.58725,0.322151,-0.203941,1.94676,16.0599,1.00101,0.968767,8.79105,15.5153,-0.0923544,1.18434,4.4139,8.09616,-1.65976,-0.0830074,0.868309,18.3013,-0.490239,1.12483,18.6605,12.9824,1.10258,0.342701,13.6197,1.00086,0.0028322,-1.69453,10.2255,16.5135,0.682625,-1.03786
6.87,7.91592,1.56858,0.42511,0.664986,12.4825,7.72178,0.437827,1.55077,17.2812,2.58521,0.322137,-0.203947,1.95677,16.0695,1.00084,0.969126,8.79015,15.5271,-0.088615,1.18691,4.3973,8.09533,-1.65976,-0.0830074,0.863408,18.3125,-0.490065,1.12447,18.6715,12.9858,1.10258,0.342701,13.6197,0.983917,0.00284458,-1.69452,10.2323,16.5031,0.678885,-1.04042
6.88,7.92017,1.57523,0.425111,0.664986,12.4869,7.73729,0.437827,1.55077,17.2844,2.58317,0.322124,-0.203952,1.96678,16.0792,1.00067,0.969477,8.78928,15.539,-0.0847547,1.18948,4.38071,8.0945,-1.65976,-0.0830074,0.858508,18.3238,-0.489893,1.12412,18.6825,12.9892,1.10258,0.342701,13.6198,0.966972,0.00285673,-1.69451,10.2391,16.4927,0.675024,-1.043
6.89,7.92442,1.58188,0.425112,0.664987,12.4913,7.7528,0.437828,1.55077,17.2876,2.58113,0.32211,-0.203958,1.97679,16.0889,1.0005,0.969819,8.78845,15.5509,-0.0807731,1.19206,4.36411,8.09367,-1.65976,-0.0830074,0.85361,18.335,-0.489722,1.12378,18.6936,12.9926,1.10258,0.342701,13.6198,0.950027,0.00286866,-1.69451,10.2458,16.4822,0.671042,-1.04558
6.9,7.92868,1.58853,0.425113,0.664987,12.4956,7.7683,0.437828,1.55077,17.2909,2.5791,0.322097,-0.203963,1.98679,16.0986,1.00033,0.970153,8.78766,15.5628,-0.0766704,1.19465,4.34751,8.09284,-1.65976,-0.0830074,0.848714,18.3462,-0.489554,1.12345,18.7046,12.9961,1.10258,0.342701,13.6198,0.933082,0.00288037,-1.6945,10.2525,16.4717,0.666939,-1.04816
6.91,7.93293,1.59518,0.425115,0.664987,12.5,7.78381,0.437828,1.55077,17.2941,2.57706,0.322084,-0.203969,1.99679,16.1083,1.00016,0.970479,8.78692,15.5748,-0.0724467,1.19723,4.33091,8.09201,-1.65976,-0.0830074,0.843819,18.3575,-0.489388,1.12312,18.7156,12.9995,1.10258,0.342701,13.6199,0.916137,0.00289185,-1.6945,10.2591,16.4612,0.662714,-1.05074
6.92,7.93718,1.60183,0.425116,0.664987,12.5044,7.79932,0.437828,1.55077,17.2973,2.57502,0.322071,-0.203974,2.00679,16.118,1,0.970796,8.78622,15.5868,-0.0681026,1.19981,4.31432,8.09118,-1.65976,-0.0830075,0.838926,18.3687,-0.489224,1.1228,18.7266,13.0029,1.10258,0.342701,13.6199,0.899192,0.00290313,-1.69449,10.2658,16.4507,0.65837,-1.05332
6.93,7.94143,1.60848,0.425117,0.664987,12.5088,7.81483,0.437828,1.55077,17.3005,2.57298,0.322059,-0.20398,2.01679,16.1277,0.999839,0.971106,8.78556,15.5988,-0.0636391,1.20237,4.29772,8.09035,-1.65976,-0.0830075,0.834034,18.3799,-0.489062,1.12249,18.7377,13.0064,1.10258,0.342701,13.6199,0.882247,0.00291419,-1.69448,10.2723,16.4402,0.653906,-1.05589
6.94,7.94568,1.61513,0.425118,0.664987,12.5132,7.83033,0.437828,1.55077,17.3037,2.57094,0.322047,-0.203985,2.02679,16.1375,0.99968,0.971408,8.78494,15.6108,-0.0590572,1.20492,4.28112,8.08952,-1.65976,-0.0830075,0.829145,18.3912,-0.488903,1.12219,18.7487,13.0098,1.10258,0.342701,13.62,0.865302,0.00292504,-1.69448,10.2788,16.4296,0.649324,-1.05844
6.95,7.94993,1.62178,0.425119,0.664987,12.5175,7.84584,0.437828,1.55077,17.307,2.5689,0.322035,-0.203991,2.03679,16.1472,0.999523,0.971703,8.78438,15.6229,-0.0543585,1.20746,4.26452,8.08869,-1.65976,-0.0830075,0.824256,18.4024,-0.488745,1.1219,18.7597,13.0132,1.10258,0.342701,13.62,0.848358,0.00293569,-1.69447,10.2853,16.419,0.644624,-1.06097
6.96,7.95418,1.62843,0.425121,0.664988,12.5219,7.86135,0.437828,1.55077,17.3102,2.56686,0.322023,-0.203996,2.04678,16.1569,0.999368,0.97199,8.78386,15.635,-0.0495446,1.20997,4.24792,8.08786,-1.65976,-0.0830075,0.81937,18.4136,-0.48859,1.12161,18.7707,13.0166,1.10258,0.342701,13.62,0.831413,0.00294614,-1.69447,10.2917,16.4084,0.63981,-1.06348
6.97,7.95843,1.63508,0.425122,0.664988,12.5263,7.87686,0.437828,1.55077,17.3134,2.56482,0.322011,-0.204001,2.05677,16.1666,0.999216,0.97227,8.78339,15.6471,-0.0446177,1.21245,4.23133,8.08703,-1.65976,-0.0830075,0.814485,18.4248,-0.488436,1.12133,18.7818,13.0201,1.10258,0.342701,13.62,0.814468,0.00295639,-1.69446,10.2981,16.3977,0.634883,-1.06597
6.98,7.96268,1.64173,0.425123,0.664988,12.5307,7.89236,0.437828,1.55077,17.3166,2.56278,0.321999,-0.204006,2.06677,16.1763,0.999065,0.972542,8.78296,15.6592,-0.0395802,1.21491,4.21473,8.0862,-1.65976,-0.0830075,0.809601,18.436,-0.488285,1.12106,18.7928,13.0235,1.10258,0.3427,13.6201,0.797524,0.00296644,-1.69445,10.3044,16.3871,0.629844,-1.06842
6.99,7.96694,1.64837,0.425124,0.664988,12.5351,7.90787,0.437828,1.55077,17.3198,2.56074,0.321988,-0.204011,2.07675,16.1861,0.998917,0.972808,8.78259,15.6714,-0.0344347,1.21732,4.19813,8.08537,-1.65976,-0.0830075,0.804719,18.4472,-0.488136,1.12079,18.8038,13.0269,1.10258,0.3427,13.6201,0.780579,0.00297631,-1.69445,10.3107,16.3764,0.624698,-1.07084
7,7.97119,1.65502,0.425125,0.664988,12.5394,7.92338,0.437828,1.55077,17.3231,2.5587,0.321977,-0.204016,2.08674,16.1958,0.998771,0.973068,8.78228,15.6836,-0.0291842,1.2197,4.18153,8.08454,-1.65976,-0.0830076,0.799838,18.4584,-0.487989,1.12053,18.8148,13.0303,1.10258,0.3427,13.6201,0.763635,0.00298598,-1.69444,10.3169,16.3657,0.619448,-1.07322
7.01,7.97544,1.66167,0.425127,0.664988,12.5438,7.93889,0.437828,1.55077,17.3263,2.55666,0.321966,-0.204021,2.09673,16.2055,0.998627,0.97332,8.78201,15.6958,-0.0238322,1.22204,4.16494,8.08371,-1.65976,-0.0830076,0.794959,18.4696,-0.487845,1.12028,18.8259,13.0338,1.10258,0.3427,13.6202,0.74669,0.00299546,-1.69444,10.3231,16.3549,0.614095,-1.07555
7.02,7.97969,1.66832,0.425128,0.664988,12.5482,7.9544,0.437828,1.55077,17.3295,2.55462,0.321955,-0.204026,2.10672,16.2153,0.998485,0.973566,8.7818,15.708,-0.0183822,1.22432,4.14834,8.08288,-1.65976,-0.0830076,0.790081,18.4808,-0.487702,1.12003,18.8369,13.0372,1.10258,0.3427,13.6202,0.729746,0.00300477,-1.69443,10.3292,16.3441,0.608644,-1.07784
7.03,7.98394,1.67497,0.425129,0.664988,12.5526,7.9699,0.437829,1.55077,17.3327,2.55258,0.321945,-0.204031,2.1167,16.225,0.998345,0.973806,8.78164,15.7203,-0.0128381,1.22655,4.13174,8.08205,-1.65976,-0.0830076,0.785205,18.492,-0.487562,1.11979,18.8479,13.0406,1.10258,0.3427,13.6202,0.712802,0.00301389,-1.69443,10.3353,16.3334,0.6031,-1.08007
7.04,7.98819,1.68162,0.42513,0.664988,12.5569,7.98541,0.437829,1.55077,17.3359,2.55053,0.321935,-0.204036,2.12668,16.2347,0.998207,0.97404,8.78154,15.7326,-0.00720416,1.22873,4.11514,8.08122,-1.65976,-0.0830076,0.78033,18.5032,-0.487424,1.11956,18.8589,13.044,1.10258,0.3427,13.6202,0.695858,0.00302284,-1.69442,10.3413,16.3225,0.597465,-1.08225
7.05,7.99244,1.68827,0.425132,0.664988,12.5613,8.00092,0.437829,1.55077,17.3392,2.54849,0.321924,-0.204041,2.13666,16.2445,0.998072,0.974268,8.7815,15.7449,-0.00148486,1.23085,4.09855,8.08039,-1.65976,-0.0830076,0.775457,18.5144,-0.487288,1.11933,18.87,13.0475,1.10258,0.3427,13.6203,0.678913,0.00303161,-1.69441,10.3472,16.3117,0.591745,-1.08437
7.06,7.9967,1.69492,0.425133,0.664988,12.5657,8.01643,0.437829,1.55077,17.3424,2.54645,0.321914,-0.204046,2.14664,16.2542,0.997939,0.974489,8.78151,15.7572,0.00431506,1.2329,4.08195,8.07956,-1.65976,-0.0830076,0.770584,18.5256,-0.487154,1.11911,18.881,13.0509,1.10258,0.3427,13.6203,0.661969,0.00304021,-1.69441,10.3531,16.3009,0.585945,-1.08642
7.07,8.00095,1.70157,0.425134,0.664989,12.5701,8.03193,0.437829,1.55077,17.3456,2.54441,0.321905,-0.20405,2.15662,16.264,0.997808,0.974706,8.78159,15.7695,0.0101906,1.23489,4.06535,8.07873,-1.65976,-0.0830076,0.765713,18.5368,-0.487022,1.11889,18.892,13.0543,1.10258,0.3427,13.6203,0.645025,0.00304865,-1.6944,10.3589,16.29,0.580069,-1.0884
7.08,8.0052,1.70822,0.425135,0.664989,12.5745,8.04744,0.437829,1.55076,17.3488,2.54237,0.321895,-0.204055,2.1666,16.2737,0.997679,0.974916,8.78172,15.7819,0.0161364,1.2368,4.04875,8.0779,-1.65976,-0.0830076,0.760844,18.548,-0.486893,1.11868,18.903,13.0578,1.10258,0.3427,13.6204,0.628081,0.00305691,-1.6944,10.3647,16.2791,0.574123,-1.09032
7.09,8.00945,1.71487,0.425136,0.664989,12.5788,8.06295,0.437829,1.55076,17.352,2.54033,0.321885,-0.20406,2.17658,16.2835,0.997552,0.975121,8.78191,15.7942,0.0221471,1.23864,4.03216,8.07707,-1.65976,-0.0830077,0.755976,18.5592,-0.486765,1.11848,18.9141,13.0612,1.10258,0.3427,13.6204,0.611137,0.00306502,-1.69439,10.3704,16.2682,0.568111,-1.09216
7.1,8.0137,1.72152,0.425138,0.664989,12.5832,8.07846,0.437829,1.55076,17.3553,2.53829,0.321876,-0.204064,2.18655,16.2932,0.997427,0.975321,8.78216,15.8066,0.0282169,1.24041,4.01556,8.07624,-1.65976,-0.0830077,0.751109,18.5704,-0.48664,1.11828,18.9251,13.0646,1.10258,0.3427,13.6204,0.594193,0.00307297,-1.69439,10.3761,16.2572,0.562041,-1.09392
7.11,8.01795,1.72817,0.425139,0.664989,12.5876,8.09396,0.437829,1.55076,17.3585,2.53625,0.321867,-0.204069,2.19653,16.303,0.997304,0.975515,8.78247,15.8191,0.0343401,1.24209,3.99896,8.07541,-1.65976,-0.0830077,0.746243,18.5816,-0.486516,1.11808,18.9361,13.068,1.10258,0.3427,13.6205,0.577249,0.00308075,-1.69438,10.3816,16.2463,0.555917,-1.09561
7.12,8.0222,1.73482,0.42514,0.664989,12.592,8.10947,0.437829,1.55076,17.3617,2.53421,0.321858,-0.204073,2.2065,16.3127,0.997184,0.975705,8.78285,15.8315,0.0405104,1.24369,3.98236,8.07458,-1.65976,-0.0830077,0.741378,18.5927,-0.486395,1.11789,18.9471,13.0715,1.10258,0.3427,13.6205,0.560306,0.00308839,-1.69438,10.3872,16.2353,0.549746,-1.09721
7.13,8.02645,1.74147,0.425141,0.664989,12.5963,8.12498,0.437829,1.55076,17.3649,2.53217,0.321849,-0.204078,2.21647,16.3225,0.997065,0.975889,8.78328,15.8439,0.0467217,1.24521,3.96577,8.07375,-1.65976,-0.0830077,0.736515,18.6039,-0.486276,1.11771,18.9582,13.0749,1.10258,0.342699,13.6205,0.543362,0.00309587,-1.69437,10.3926,16.2244,0.543535,-1.09872
7.14,8.03071,1.74812,0.425142,0.664989,12.6007,8.14049,0.437829,1.55076,17.3681,2.53013,0.32184,-0.204082,2.22644,16.3322,0.996948,0.976069,8.78378,15.8564,0.0529677,1.24664,3.94917,8.07292,-1.65976,-0.0830077,0.731653,18.6151,-0.486158,1.11753,18.9692,13.0783,1.10258,0.342699,13.6206,0.526418,0.00310321,-1.69437,10.398,16.2134,0.537288,-1.10015
7.15,8.03496,1.75477,0.425143,0.664989,12.6051,8.15599,0.437829,1.55076,17.3713,2.52809,0.321832,-0.204086,2.23641,16.342,0.996834,0.976244,8.78434,15.8689,0.0592419,1.24798,3.93257,8.07209,-1.65976,-0.0830077,0.726792,18.6263,-0.486043,1.11735,18.9802,13.0817,1.10258,0.342699,13.6206,0.509475,0.0031104,-1.69436,10.4034,16.2023,0.531013,-1.10149
7.16,8.03921,1.76142,0.425145,0.664989,12.6095,8.1715,0.437829,1.55076,17.3746,2.52605,0.321823,-0.204091,2.24638,16.3518,0.996721,0.976414,8.78497,15.8813,0.0655377,1.24922,3.91597,8.07126,-1.65976,-0.0830077,0.721932,18.6374,-0.48593,1.11718,18.9913,13.0852,1.10258,0.342699,13.6206,0.506777,0.00311746,1.69436,10.4087,16.1913,0.524717,-1.10274
7.17,8.04346,1.76807,0.425146,0.664989,12.6139,8.18701,0.437829,1.55076,17.3778,2.52401,0.321815,-0.204095,2.25634,16.3615,0.996611,0.97658,8.78565,15.8938,0.0718485,1.25038,3.89938,8.07043,-1.65976,-0.0830077,0.717073,18.6486,-0.485819,1.11702,19.0023,13.0886,1.10258,0.342699,13.6206,0.523721,0.00312458,1.69437,10.4139,16.1803,0.518405,-1.1039
7.18,8.04771,1.77472,0.425147,0.664989,12.6182,8.20252,0.437829,1.55076,17.381,2.52197,0.321806,-0.204099,2.26631,16.3713,0.996502,0.976742,8.7864,15.9064,0.0781677,1.25145,3.88278,8.0696,-1.65976,-0.0830077,0.712215,18.6598,-0.485709,1.11685,19.0133,13.092,1.10258,0.342699,13.6207,0.540665,0.0031318,1.69437,10.419,16.1692,0.512086,-1.10497
7.19,8.05196,1.78137,0.425148,0.664989,12.6226,8.21803,0.437829,1.55076,17.3842,2.51992,0.321798,-0.204104,2.27627,16.3811,0.996395,0.976899,8.78722,15.9189,0.0844886,1.25242,3.86618,8.06877,-1.65976,-0.0830078,0.707359,18.6709,-0.485602,1.1167,19.0243,13.0955,1.10258,0.342699,13.6207,0.557609,0.0031391,1.69438,10.4241,16.1582,0.505764,-1.10594
7.2,8.05621,1.78802,0.425149,0.664989,12.627,8.23353,0.437829,1.55076,17.3874,2.51788,0.321789,-0.204108,2.28624,16.3908,0.99629,0.977052,8.78809,15.9314,0.0908045,1.25329,3.84958,8.06794,-1.65976,-0.0830078,0.702503,18.6821,-0.485496,1.11654,19.0354,13.0989,1.10258,0.342699,13.6207,0.574552,0.0031465,1.69438,10.4291,16.1471,0.499448,-1.10681
7.21,8.06047,1.79467,0.425151,0.664989,12.6314,8.24904,0.437829,1.55076,17.3907,2.51584,0.32178,-0.204112,2.2962,16.4006,0.996187,0.977201,8.78903,15.9439,0.0971087,1.25408,3.83299,8.06711,-1.65976,-0.0830078,0.697649,18.6933,-0.485393,1.11639,19.0464,13.1023,1.10258,0.342699,13.6208,0.591496,0.003154,1.69439,10.4341,16.1361,0.493143,-1.1076
7.22,8.06472,1.80132,0.425152,0.664989,12.6358,8.26455,0.437829,1.55076,17.3939,2.5138,0.321771,-0.204117,2.30616,16.4104,0.996086,0.977346,8.79004,15.9565,0.103395,1.25477,3.81639,8.06628,-1.65976,-0.0830078,0.692796,18.7044,-0.485291,1.11625,19.0574,13.1057,1.10258,0.342699,13.6208,0.60844,0.00316159,1.69439,10.439,16.125,0.486856,-1.10828
7.23,8.06897,1.80797,0.425153,0.664989,12.6401,8.28006,0.437829,1.55076,17.3971,2.51176,0.321762,-0.204121,2.31612,16.4202,0.995987,0.977487,8.7911,15.969,0.109656,1.25536,3.79979,8.06545,-1.65975,-0.0830078,0.687943,18.7156,-0.485191,1.11611,19.0684,13.1092,1.10258,0.342699,13.6208,0.625384,0.00316927,1.6944,10.4438,16.1139,0.480594,-1.10888
7.24,8.07322,1.81462,0.425154,0.664989,12.6445,8.29556,0.437829,1.55076,17.4003,2.50972,0.321753,-0.204125,2.32608,16.4299,0.99589,0.977625,8.79223,15.9816,0.115886,1.25586,3.78319,8.06462,-1.65975,-0.0830078,0.683092,18.7268,-0.485093,1.11597,19.0795,13.1126,1.10258,0.342699,13.6209,0.642328,0.00317704,1.6944,10.4486,16.1028,0.474364,-1.10938
7.25,8.07747,1.82127,0.425156,0.664989,12.6489,8.31107,0.437829,1.55076,17.4035,2.50768,0.321743,-0.20413,2.33604,16.4397,0.995794,0.977759,8.79342,15.9941,0.122079,1.25627,3.7666,8.06379,-1.65975,-0.0830078,0.678241,18.7379,-0.484997,1.11584,19.0905,13.116,1.10258,0.342699,13.6209,0.659272,0.00318491,1.69441,10.4533,16.0917,0.468171,-1.10979
7.26,8.08172,1.82792,0.425157,0.664989,12.6533,8.32658,0.43783,1.55076,17.4067,2.50564,0.321734,-0.204134,2.346,16.4495,0.9957,0.977889,8.79467,16.0067,0.128228,1.25659,3.75,8.06296,-1.65975,-0.0830078,0.673392,18.7491,-0.484902,1.11571,19.1015,13.1194,1.10258,0.342699,13.6209,0.676216,0.00319287,1.69441,10.458,16.0806,0.462021,-1.11011
7.27,8.08598,1.83457,0.425158,0.664989,12.6576,8.34209,0.43783,1.55076,17.41,2.50359,0.321724,-0.204138,2.35595,16.4593,0.995608,0.978016,8.79598,16.0193,0.134327,1.25681,3.7334,8.06213,-1.65975,-0.0830078,0.668543,18.7602,-0.484809,1.11558,19.1125,13.1229,1.10258,0.342699,13.621,0.69316,0.00320093,1.69442,10.4626,16.0695,0.455921,-1.11033
7.28,8.09023,1.84122,0.42516,0.664989,12.662,8.35759,0.43783,1.55076,17.4132,2.50155,0.321715,-0.204143,2.36591,16.4691,0.995518,0.978139,8.79736,16.0318,0.14037,1.25695,3.7168,8.0613,-1.65975,-0.0830078,0.663696,18.7714,-0.484718,1.11545,19.1236,13.1263,1.10258,0.342699,13.621,0.710104,0.00320908,1.69442,10.4671,16.0584,0.449877,-1.11047
7.29,8.09448,1.84787,0.425161,0.664989,12.6664,8.3731,0.43783,1.55076,17.4164,2.49951,0.321705,-0.204147,2.37586,16.4788,0.995429,0.978259,8.79879,16.0444,0.146353,1.25701,3.70021,8.06047,-1.65975,-0.0830078,0.658849,18.7825,-0.484629,1.11533,19.1346,13.1297,1.10258,0.342698,13.621,0.727049,0.00321732,1.69443,10.4716,16.0473,0.443894,-1.11053
7.3,8.09873,1.85452,0.425162,0.664989,12.6708,8.38861,0.43783,1.55076,17.4196,2.49747,0.321695,-0.204151,2.38582,16.4886,0.995342,0.978376,8.80028,16.057,0.152269,1.25697,3.68361,8.05964,-1.65975,-0.0830078,0.654003,18.7937,-0.484541,1.11522,19.1456,13.1332,1.10258,0.342698,13.6211,0.743993,0.00322565,1.69443,10.476,16.0362,0.437978,-1.1105
7.31,8.10298,1.86117,0.425163,0.664988,12.6752,8.40412,0.43783,1.55076,17.4228,2.49543,0.321685,-0.204156,2.39577,16.4984,0.995257,0.97849,8.80184,16.0696,0.158113,1.25686,3.66701,8.05881,-1.65975,-0.0830079,0.649158,18.8048,-0.484455,1.1151,19.1566,13.1366,1.10258,0.342698,13.6211,0.760937,0.00323408,1.69444,10.4803,16.0251,0.432133,-1.11038
7.32,8.10723,1.86782,0.425165,0.664988,12.6795,8.41962,0.43783,1.55076,17.426,2.49339,0.321675,-0.20416,2.40572,16.5082,0.995173,0.978601,8.80345,16.0821,0.16388,1.25667,3.65041,8.05798,-1.65975,-0.0830079,0.644314,18.816,-0.484371,1.11499,19.1677,13.14,1.10258,0.342698,13.6211,0.777882,0.00324259,1.69444,10.4846,16.014,0.426365,-1.11019
7.33,8.11149,1.87447,0.425166,0.664988,12.6839,8.43513,0.43783,1.55076,17.4293,2.49135,0.321665,-0.204164,2.41567,16.518,0.995091,0.978708,8.80511,16.0947,0.169565,1.2564,3.63381,8.05715,-1.65975,-0.0830079,0.639471,18.8271,-0.484288,1.11488,19.1787,13.1434,1.10258,0.342698,13.6212,0.794826,0.0032512,1.69445,10.4889,16.0029,0.420679,-1.10992
7.34,8.11574,1.88112,0.425168,0.664988,12.6883,8.45064,0.43783,1.55076,17.4325,2.4893,0.321655,-0.204169,2.42562,16.5278,0.995011,0.978813,8.80684,16.1073,0.175165,1.25605,3.61722,8.05631,-1.65975,-0.0830079,0.634628,18.8383,-0.484207,1.11478,19.1897,13.1469,1.10258,0.342698,13.6212,0.811771,0.0032599,1.69445,10.493,15.9918,0.415078,-1.10957
7.35,8.11999,1.88777,0.425169,0.664988,12.6927,8.46615,0.43783,1.55076,17.4357,2.48726,0.321645,-0.204173,2.43557,16.5376,0.994932,0.978915,8.80862,16.1198,0.180675,1.25564,3.60062,8.05548,-1.65975,-0.0830079,0.629787,18.8494,-0.484127,1.11468,19.2007,13.1503,1.10258,0.342698,13.6212,0.828715,0.00326868,1.69446,10.4972,15.9807,0.409568,-1.10916
7.36,8.12424,1.89442,0.42517,0.664988,12.697,8.48165,0.43783,1.55076,17.4389,2.48522,0.321634,-0.204177,2.44552,16.5473,0.994855,0.979015,8.81045,16.1324,0.18609,1.25515,3.58402,8.05465,-1.65975,-0.0830079,0.624946,18.8606,-0.484049,1.11458,19.2118,13.1537,1.10258,0.342698,13.6213,0.84566,0.00327756,1.69446,10.5012,15.9696,0.404152,-1.10868
7.37,8.12849,1.90107,0.425172,0.664988,12.7014,8.49716,0.43783,1.55076,17.4421,2.48318,0.321624,-0.204181,2.45547,16.5571,0.994779,0.979111,8.81234,16.1449,0.191409,1.2546,3.56742,8.05382,-1.65975,-0.0830079,0.620106,18.8717,-0.483972,1.11448,19.2228,13.1571,1.10258,0.342698,13.6213,0.862604,0.00328652,1.69447,10.5052,15.9585,0.398833,-1.10813
7.38,8.13274,1.90772,0.425173,0.664988,12.7058,8.51267,0.43783,1.55076,17.4453,2.48114,0.321613,-0.204186,2.46542,16.5669,0.994705,0.979206,8.81428,16.1575,0.196626,1.25399,3.55083,8.05299,-1.65975,-0.0830079,0.615266,18.8829,-0.483897,1.11439,19.2338,13.1606,1.10258,0.342698,13.6213,0.879549,0.00329557,1.69447,10.5092,15.9474,0.393615,-1.10752
7.39,8.137,1.91437,0.425174,0.664988,12.7102,8.52818,0.43783,1.55076,17.4486,2.47909,0.321603,-0.20419,2.47536,16.5767,0.994632,0.979297,8.81627,16.17,0.201739,1.25333,3.53423,8.05216,-1.65975,-0.0830079,0.610428,18.894,-0.483824,1.11429,19.2448,13.164,1.10258,0.342698,13.6214,0.896494,0.00330471,1.69448,10.5131,15.9364,0.388501,-1.10685
7.4,8.14125,1.92102,0.425176,0.664988,12.7146,8.54369,0.43783,1.55076,17.4518,2.47705,0.321592,-0.204194,2.48531,16.5865,0.99456,0.979386,8.81831,16.1825,0.206746,1.2526,3.51763,8.05133,-1.65975,-0.0830079,0.60559,18.9052,-0.483752,1.11421,19.2559,13.1674,1.10258,0.342698,13.6214,0.913439,0.00331394,1.69448,10.517,15.9253,0.383493,-1.10612
7.41,8.1455,1.92767,0.425177,0.664988,12.7189,8.55919,0.43783,1.55076,17.455,2.47501,0.321581,-0.204198,2.49525,16.5963,0.99449,0.979473,8.8204,16.195,0.211644,1.25183,3.50103,8.0505,-1.65975,-0.0830079,0.600753,18.9163,-0.483681,1.11412,19.2669,13.1708,1.10258,0.342698,13.6214,0.930383,0.00332325,1.69448,10.5208,15.9142,0.378595,-1.10535
7.42,8.14975,1.93432,0.425179,0.664988,12.7233,8.5747,0.43783,1.55076,17.4582,2.47297,0.32157,-0.204203,2.5052,16.6061,0.994422,0.979558,8.82255,16.2076,0.216431,1.251,3.48444,8.04967,-1.65975,-0.0830079,0.595916,18.9274,-0.483611,1.11403,19.2779,13.1743,1.10257,0.342698,13.6215,0.947328,0.00333264,1.69449,10.5246,15.9032,0.373807,-1.10453
7.43,8.154,1.94097,0.42518,0.664988,12.7277,8.59021,0.43783,1.55076,17.4614,2.47093,0.321559,-0.204207,2.51514,16.6159,0.994355,0.97964,8.82473,16.2201,0.221106,1.25013,3.46784,8.04884,-1.65975,-0.0830079,0.59108,18.9386,-0.483543,1.11395,19.2889,13.1777,1.10257,0.342698,13.6215,0.964273,0.00334212,1.69449,10.5283,15.8922,0.369132,-1.10366
7.44,8.15825,1.94762,0.425182,0.664988,12.7321,8.60572,0.43783,1.55076,17.4646,2.46888,0.321548,-0.204211,2.52509,16.6257,0.994289,0.97972,8.82697,16.2326,0.225666,1.24923,3.45124,8.04801,-1.65975,-0.0830079,0.586245,18.9497,-0.483477,1.11387,19.3,13.1811,1.10257,0.342697,13.6215,0.981218,0.00335168,1.6945,10.5319,15.8811,0.364571,-1.10275
7.45,8.16251,1.95427,0.425183,0.664988,12.7365,8.62122,0.43783,1.55076,17.4679,2.46684,0.321536,-0.204215,2.53503,16.6355,0.994224,0.979798,8.82925,16.2451,0.230111,1.24828,3.43464,8.04718,-1.65975,-0.083008,0.581411,18.9609,-0.483411,1.11379,19.311,13.1846,1.10257,0.342697,13.6216,0.998163,0.00336133,1.6945,10.5356,15.8701,0.360126,-1.1018
7.46,8.16676,1.96092,0.425185,0.664988,12.7408,8.63673,0.43783,1.55076,17.4711,2.4648,0.321525,-0.204219,2.54497,16.6453,0.994161,0.979873,8.83157,16.2575,0.234439,1.2473,3.41805,8.04635,-1.65975,-0.083008,0.576577,18.972,-0.483347,1.11372,19.322,13.188,1.10257,0.342697,13.6216,1.01511,0.00337105,1.69451,10.5391,15.8591,0.355797,-1.10082
7.47,8.17101,1.96757,0.425186,0.664988,12.7452,8.65224,0.43783,1.55076,17.4743,2.46276,0.321514,-0.204223,2.55491,16.6551,0.994099,0.979947,8.83393,16.27,0.238651,1.24629,3.40145,8.04552,-1.65975,-0.083008,0.571744,18.9831,-0.483285,1.11364,19.3331,13.1914,1.10257,0.342697,13.6216,1.03205,0.00338085,1.69451,10.5427,15.8481,0.351584,-1.09981
7.48,8.17526,1.97422,0.425188,0.664988,12.7496,8.66775,0.43783,1.55076,17.4775,2.46072,0.321502,-0.204227,2.56485,16.6649,0.994038,0.980019,8.83634,16.2825,0.242745,1.24525,3.38485,8.04469,-1.65975,-0.083008,0.566911,18.9943,-0.483223,1.11357,19.3441,13.1948,1.10257,0.342697,13.6217,1.049,0.00339073,1.69452,10.5462,15.8371,0.347489,-1.09877
7.49,8.17951,1.98087,0.425189,0.664988,12.754,8.68325,0.43783,1.55076,17.4807,2.45867,0.321491,-0.204232,2.57479,16.6747,0.993979,0.980089,8.83879,16.2949,0.246722,1.24419,3.36825,8.04386,-1.65975,-0.083008,0.562079,19.0054,-0.483163,1.1135,19.3551,13.1983,1.10257,0.342697,13.6217,1.06594,0.00340069,1.69452,10.5496,15.8261,0.343512,-1.09771
7.5,8.18377,1.98752,0.425191,0.664988,12.7583,8.69876,0.43783,1.55076,17.4839,2.45663,0.321479,-0.204236,2.58473,16.6845,0.993921,0.980157,8.84128,16.3073,0.250582,1.2431,3.35166,8.04303,-1.65975,-0.083008,0.557248,19.0165,-0.483104,1.11343,19.3661,13.2017,1.10257,0.342697,13.6217,1.08289,0.00341072,1.69453,10.553,15.8151,0.339651,-1.09663
7.51,8.18802,1.99417,0.425192,0.664988,12.7627,8.71427,0.43783,1.55076,17.4871,2.45459,0.321467,-0.20424,2.59467,16.6943,0.993864,0.980223,8.8438,16.3198,0.254325,1.242,3.33506,8.0422,-1.65975,-0.083008,0.552417,19.0277,-0.483046,1.11337,19.3772,13.2051,1.10257,0.342697,13.6218,1.09983,0.00342082,1.69453,10.5564,15.8042,0.335907,-1.09553
7.52,8.19227,2.00082,0.425194,0.664988,12.7671,8.72978,0.43783,1.55076,17.4904,2.45255,0.321455,-0.204244,2.60461,16.7041,0.993808,0.980287,8.84636,16.3322,0.257952,1.24088,3.31846,8.04137,-1.65975,-0.083008,0.547587,19.0388,-0.482989,1.1133,19.3882,13.2085,1.10257,0.342697,13.6218,1.11678,0.003431,1.69454,10.5598,15.7932,0.33228,-1.09441
7.53,8.19652,2.00747,0.425195,0.664988,12.7715,8.74528,0.43783,1.55076,17.4936,2.4505,0.321443,-0.204247,2.61455,16.7139,0.993753,0.98035,8.84896,16.3446,0.261463,1.23976,3.30186,8.04054,-1.65975,-0.083008,0.542757,19.0499,-0.482934,1.11324,19.3992,13.212,1.10257,0.342697,13.6218,1.13372,0.00344125,1.69454,10.5631,15.7823,0.328768,-1.09328
7.54,8.20077,2.01412,0.425197,0.664988,12.7759,8.76079,0.43783,1.55076,17.4968,2.44846,0.321431,-0.204251,2.62449,16.7237,0.993699,0.980411,8.85159,16.357,0.264861,1.23862,3.28527,8.03971,-1.65975,-0.083008,0.537928,19.0611,-0.482879,1.11318,19.4102,13.2154,1.10257,0.342697,13.6219,1.15067,0.00345157,1.69454,10.5663,15.7714,0.32537,-1.09214
7.55,8.20503,2.02077,0.425199,0.664987,12.7802,8.7763,0.43783,1.55076,17.5,2.44642,0.321419,-0.204255,2.63442,16.7335,0.993647,0.98047,8.85426,16.3694,0.268145,1.23747,3.26867,8.03888,-1.65975,-0.083008,0.5331,19.0722,-0.482826,1.11312,19.4213,13.2188,1.10257,0.342697,13.6219,1.16762,0.00346196,1.69455,10.5696,15.7604,0.322084,-1.091
7.56,8.20928,2.02742,0.4252,0.664987,12.7846,8.79181,0.43783,1.55076,17.5032,2.44438,0.321407,-0.204259,2.64436,16.7433,0.993596,0.980528,8.85695,16.3817,0.271318,1.23633,3.25207,8.03805,-1.65975,-0.083008,0.528272,19.0833,-0.482774,1.11306,19.4323,13.2223,1.10257,0.342697,13.6219,1.18456,0.00347242,1.69455,10.5728,15.7495,0.318911,-1.08985
7.57,8.21353,2.03407,0.425202,0.664987,12.789,8.80731,0.43783,1.55076,17.5064,2.44233,0.321395,-0.204263,2.65429,16.7531,0.993545,0.980584,8.85968,16.3941,0.27438,1.23518,3.23547,8.03722,-1.65975,-0.083008,0.523444,19.0945,-0.482722,1.11301,19.4433,13.2257,1.10257,0.342697,13.622,1.20151,0.00348294,1.69456,10.5759,15.7386,0.315848,-1.0887
7.58,8.21778,2.04072,0.425203,0.664987,12.7934,8.82282,0.43783,1.55076,17.5096,2.44029,0.321382,-0.204267,2.66423,16.7629,0.993496,0.980639,8.86244,16.4064,0.277335,1.23403,3.21888,8.03639,-1.65975,-0.083008,0.518617,19.1056,-0.482672,1.11295,19.4543,13.2291,1.10257,0.342697,13.622,1.21845,0.00349352,1.69456,10.5791,15.7278,0.312892,-1.08756
7.59,8.22203,2.04737,0.425205,0.664987,12.7977,8.83833,0.43783,1.55076,17.5129,2.43825,0.32137,-0.20427,2.67416,16.7727,0.993448,0.980692,8.86523,16.4188,0.280183,1.23288,3.20228,8.03556,-1.65975,-0.083008,0.513791,19.1167,-0.482623,1.1129,19.4654,13.2325,1.10257,0.342696,13.622,1.2354,0.00350417,1.69457,10.5822,15.7169,0.310044,-1.08641
7.6,8.22629,2.05402,0.425207,0.664987,12.8021,8.85384,0.43783,1.55076,17.5161,2.43621,0.321357,-0.204274,2.6841,16.7825,0.993401,0.980744,8.86804,16.4311,0.282926,1.23174,3.18568,8.03473,-1.65975,-0.083008,0.508965,19.1279,-0.482575,1.11284,19.4764,13.236,1.10257,0.342696,13.6221,1.25234,0.00351487,1.69457,10.5853,15.706,0.307299,-1.08527
7.61,8.23054,2.06067,0.425208,0.664987,12.8065,8.86934,0.43783,1.55076,17.5193,2.43416,0.321345,-0.204278,2.69403,16.7923,0.993354,0.980794,8.87089,16.4434,0.285567,1.23061,3.16908,8.0339,-1.65975,-0.083008,0.504139,19.139,-0.482528,1.11279,19.4874,13.2394,1.10257,0.342696,13.6221,1.26929,0.00352564,1.69457,10.5884,15.6952,0.304657,-1.08414
7.62,8.23479,2.06732,0.42521,0.664987,12.8109,8.88485,0.43783,1.55076,17.5225,2.43212,0.321332,-0.204281,2.70396,16.8021,0.993309,0.980843,8.87375,16.4557,0.288108,1.22949,3.15249,8.03307,-1.65975,-0.083008,0.500482,19.1501,0.482495,1.11275,19.4984,13.2428,1.10257,0.342696,13.6221,1.28624,0.00353646,1.69458,10.5914,15.6844,0.302116,-1.08301
7.63,8.23904,2.07397,0.425212,0.664987,12.8153,8.90036,0.43783,1.55076,17.5257,2.43008,0.32132,-0.204285,2.7139,16.812,0.993264,0.980892,8.87665,16.468,0.290552,1.22837,3.13589,8.03224,-1.65975,-0.083008,0.505308,19.1612,0.482541,1.1127,19.4912,13.2462,-1.10257,0.342696,13.6222,1.30318,0.00354733,1.69458,10.5944,15.6735,0.299672,-1.0819
7.64,8.24329,2.08062,0.425213,0.664987,12.8196,8.91587,0.43783,1.55076,17.5289,2.42803,0.321307,-0.204288,2.72383,16.8218,0.99322,0.980939,8.87957,16.4803,0.292899,1.22727,3.11929,8.03141,-1.65975,-0.083008,0.510133,19.1724,0.482586,1.11265,19.4802,13.2497,-1.10257,0.342696,13.6222,1.32013,0.00355826,1.69459,10.5974,15.6627,0.297323,-1.0808
7.65,8.24755,2.08727,0.425215,0.664987,12.824,8.93137,0.43783,1.55076,17.5321,2.42599,0.321294,-0.204292,2.73376,16.8316,0.993176,0.980987,8.88251,16.4925,0.295154,1.22618,3.10269,8.03058,-1.65975,-0.083008,0.514959,19.1835,0.482631,1.1126,19.4691,13.2531,-1.10257,0.342696,13.6222,1.33707,0.00356924,1.69459,10.6003,15.6519,0.295068,-1.07971
7.66,8.2518,2.09392,0.425217,0.664987,12.8284,8.94688,0.43783,1.55076,17.5353,2.42395,0.321281,-0.204295,2.74369,16.8414,0.993133,0.981034,8.88547,16.5048,0.297318,1.22511,3.0861,8.02975,-1.65975,-0.0830081,0.519786,19.1946,0.482675,1.11255,19.4581,13.2565,-1.10257,0.342696,13.6223,1.35402,0.00358027,1.69459,10.6033,15.6411,0.292904,-1.07864
7.67,8.25605,2.10057,0.425219,0.664987,12.8328,8.96239,0.43783,1.55076,17.5386,2.42191,0.321268,-0.204299,2.75362,16.8512,0.99309,0.98108,8.88845,16.517,0.299393,1.22405,3.0695,8.02892,-1.65975,-0.0830081,0.524613,19.2057,0.482719,1.11251,19.4471,13.2599,-1.10257,0.342696,13.6223,1.37096,0.00359134,1.6946,10.6062,15.6303,0.290827,-1.07758
7.68,8.2603,2.10722,0.42522,0.664987,12.8372,8.9779,0.43783,1.55076,17.5418,2.41986,0.321255,-0.204302,2.76356,16.861,0.993047,0.981126,8.89146,16.5293,0.301383,1.22301,3.0529,8.02809,-1.65975,-0.0830081,0.52944,19.2169,0.482763,1.11246,19.4361,13.2634,-1.10257,0.342696,13.6224,1.38791,0.00360246,1.6946,10.6091,15.6196,0.288837,-1.07654
7.69,8.26455,2.11387,0.425222,0.664987,12.8415,8.99341,0.43783,1.55076,17.545,2.41782,0.321242,-0.204305,2.77349,16.8708,0.993005,0.981171,8.89448,16.5415,0.30329,1.22199,3.0363,8.02726,-1.65975,-0.0830081,0.534268,19.228,0.482806,1.11242,19.425,13.2668,-1.10257,0.342696,13.6224,1.40486,0.00361362,1.69461,10.612,15.6088,0.286929,-1.07552
7.7,8.26881,2.12052,0.425224,0.664987,12.8459,9.00891,0.43783,1.55076,17.5482,2.41578,0.321229,-0.204308,2.78342,16.8806,0.992963,0.981216,8.89752,16.5537,0.305116,1.22098,3.01971,8.02643,-1.65975,-0.0830081,0.539096,19.2391,0.482849,1.11237,19.414,13.2702,-1.10257,0.342696,13.6224,1.4218,0.00362482,1.69461,10.6148,15.5981,0.285102,-1.07451
7.71,8.27306,2.12717,0.425226,0.664987,12.8503,9.02442,0.43783,1.55076,17.5514,2.41373,0.321216,-0.204312,2.79335,16.8904,0.992921,0.98126,8.90058,16.5659,0.306864,1.22,3.00311,8.0256,-1.65975,-0.0830081,0.543925,19.2502,0.482892,1.11233,19.403,13.2737,-1.10257,0.342696,13.6225,1.43875,0.00363606,1.69461,10.6177,15.5873,0.283353,-1.07353
7.72,8.27731,2.13382,0.425228,0.664987,12.8547,9.03993,0.43783,1.55076,17.5546,2.41169,0.321203,-0.204315,2.80327,16.9003,0.99288,0.981304,8.90366,16.5781,0.308537,1.21903,2.98651,8.02477,-1.65975,-0.0830081,0.548754,19.2614,0.482934,1.11228,19.3919,13.2771,-1.10257,0.342696,13.6225,1.4557,0.00364733,1.69462,10.6205,15.5766,0.281679,-1.07256
7.73,8.28156,2.14047,0.425229,0.664986,12.859,9.05544,0.43783,1.55076,17.5578,2.40965,0.32119,-0.204318,2.8132,16.9101,0.992839,0.981348,8.90675,16.5903,0.310137,1.21809,2.96991,8.02394,-1.65975,-0.0830081,0.553584,19.2725,0.482975,1.11224,19.3809,13.2805,-1.10257,0.342696,13.6225,1.47264,0.00365864,1.69462,10.6233,15.5659,0.280079,-1.07162
7.74,8.28582,2.14712,0.425231,0.664986,12.8634,9.07094,0.43783,1.55076,17.561,2.4076,0.321176,-0.204321,2.82313,16.9199,0.992799,0.981391,8.90986,16.6025,0.311667,1.21716,2.95332,8.02311,-1.65975,-0.0830081,0.558414,19.2836,0.483017,1.1122,19.3699,13.2839,-1.10257,0.342695,13.6226,1.48959,0.00366998,1.69462,10.6261,15.5552,0.278548,-1.0707
7.75,8.29007,2.15377,0.425233,0.664986,12.8678,9.08645,0.43783,1.55076,17.5643,2.40556,0.321163,-0.204324,2.83306,16.9297,0.992759,0.981434,8.91298,16.6146,0.313128,1.21626,2.93672,8.02228,-1.65975,-0.0830081,0.563244,19.2947,0.483058,1.11215,19.3589,13.2874,-1.10257,0.342695,13.6226,1.50653,0.00368135,1.69463,10.6289,15.5445,0.277086,-1.06979
7.76,8.29432,2.16042,0.425235,0.664986,12.8722,9.10196,0.43783,1.55076,17.5675,2.40352,0.32115,-0.204327,2.84299,16.9395,0.992719,0.981476,8.91612,16.6268,0.314524,1.21538,2.92012,8.02145,-1.65975,-0.0830081,0.568075,19.3059,0.483099,1.11211,19.3478,13.2908,-1.10257,0.342695,13.6226,1.52348,0.00369275,1.69463,10.6316,15.5338,0.275689,-1.06891
7.77,8.29857,2.16707,0.425237,0.664986,12.8766,9.11747,0.43783,1.55076,17.5707,2.40147,0.321136,-0.20433,2.85291,16.9493,0.99268,0.981517,8.91928,16.6389,0.315857,1.21452,2.90352,8.02062,-1.65975,-0.0830081,0.572906,19.317,0.483139,1.11207,19.3368,13.2942,-1.10257,0.342695,13.6227,1.54043,0.00370417,1.69463,10.6344,15.5231,0.274356,-1.06806
7.78,8.30283,2.17372,0.425239,0.664986,12.8809,9.13297,0.43783,1.55076,17.5739,2.39943,0.321123,-0.204332,2.86284,16.9591,0.992641,0.981559,8.92244,16.6511,0.31713,1.21369,2.88693,8.01979,-1.65975,-0.0830081,0.577738,19.3281,0.483179,1.11203,19.3258,13.2976,-1.10257,0.342695,13.6227,1.55737,0.00371561,1.69464,10.6371,15.5124,0.273082,-1.06722
7.79,8.30708,2.18037,0.425241,0.664986,12.8853,9.14848,0.43783,1.55076,17.5771,2.39739,0.321109,-0.204335,2.87277,16.969,0.992602,0.9816,8.92562,16.6632,0.318344,1.21287,2.87033,8.01896,-1.65975,-0.0830081,0.58257,19.3392,0.483219,1.11199,19.3148,13.3011,-1.10257,0.342695,13.6228,1.57432,0.00372707,1.69464,10.6399,15.5017,0.271868,-1.0664
7.8,8.31133,2.18702,0.425242,0.664986,12.8897,9.16399,0.43783,1.55076,17.5803,2.39534,0.321096,-0.204338,2.88269,16.9788,0.992564,0.98164,8.92881,16.6753,0.319502,1.21208,2.85373,8.01813,-1.65975,-0.0830081,0.587402,19.3503,0.483258,1.11195,19.3037,13.3045,-1.10257,0.342695,13.6228,1.59127,0.00373855,1.69464,10.6426,15.4911,0.270709,-1.06561
7.81,8.31558,2.19366,0.425244,0.664986,12.8941,9.1795,0.437829,1.55076,17.5835,2.3933,0.321082,-0.20434,2.89262,16.9886,0.992526,0.98168,8.93201,16.6875,0.320606,1.21131,2.83714,8.0173,-1.65975,-0.0830081,0.592235,19.3615,0.483297,1.11191,19.2927,13.3079,-1.10258,0.342695,13.6228,1.60821,0.00375005,1.69465,10.6453,15.4804,0.269604,-1.06484
7.82,8.31984,2.20031,0.425246,0.664986,12.8984,9.195,0.437829,1.55076,17.5867,2.39126,0.321069,-0.204343,2.90254,16.9984,0.992488,0.98172,8.93522,16.6996,0.321658,1.21056,2.82054,8.01647,-1.65975,-0.0830081,0.597068,19.3726,0.483335,1.11187,19.2817,13.3114,-1.10258,0.342695,13.6229,1.62516,0.00376155,1.69465,10.648,15.4698,0.268551,-1.06409
7.83,8.32409,2.20696,0.425248,0.664986,12.9028,9.21051,0.437829,1.55076,17.5899,2.38921,0.321055,-0.204345,2.91247,17.0082,0.992451,0.981759,8.93844,16.7117,0.322661,1.20983,2.80394,8.01564,-1.65975,-0.0830081,0.601902,19.3837,0.483374,1.11183,19.2707,13.3148,-1.10258,0.342695,13.6229,1.64211,0.00377307,1.69465,10.6506,15.4591,0.267547,-1.06337
7.84,8.32834,2.21361,0.42525,0.664986,12.9072,9.22602,0.437829,1.55076,17.5932,2.38717,0.321041,-0.204348,2.92239,17.018,0.992414,0.981798,8.94167,16.7238,0.323616,1.20912,2.78734,8.01481,-1.65975,-0.0830081,0.606735,19.3948,0.483412,1.11179,19.2596,13.3182,-1.10258,0.342695,13.6229,1.65905,0.0037846,1.69466,10.6533,15.4485,0.266591,-1.06266
7.85,8.33259,2.22026,0.425252,0.664986,12.9116,9.24153,0.437829,1.55076,17.5964,2.38513,0.321028,-0.20435,2.93232,17.0279,0.992377,0.981836,8.94491,16.7359,0.324527,1.20844,2.77075,8.01398,-1.65975,-0.0830081,0.61157,19.4059,0.483449,1.11175,19.2486,13.3216,-1.10258,0.342695,13.623,1.676,0.00379612,1.69466,10.656,15.4379,0.26568,-1.06198
7.86,8.33685,2.22691,0.425254,0.664986,12.916,9.25703,0.437829,1.55076,17.5996,2.38308,0.321014,-0.204352,2.94224,17.0377,0.992341,0.981874,8.94816,16.7479,0.325393,1.20778,2.75415,8.01315,-1.65975,-0.0830081,0.616404,19.417,0.483487,1.11171,19.2376,13.3251,-1.10258,0.342694,13.623,1.69294,0.00380766,1.69466,10.6586,15.4273,0.264813,-1.06131
7.87,8.3411,2.23356,0.425256,0.664986,12.9203,9.27254,0.437829,1.55076,17.6028,2.38104,0.321001,-0.204355,2.95216,17.0475,0.992305,0.981912,8.95142,16.76,0.326218,1.20713,2.73755,8.01232,-1.65975,-0.0830081,0.62124,19.4282,0.483524,1.11167,19.2266,13.3285,-1.10258,0.342694,13.6231,1.70989,0.00381919,1.69466,10.6613,15.4167,0.263987,-1.06067
7.88,8.34535,2.24021,0.425258,0.664986,12.9247,9.28805,0.437829,1.55076,17.606,2.379,0.320987,-0.204357,2.96208,17.0573,0.992269,0.981949,8.95469,16.7721,0.327003,1.20651,2.72095,8.01149,-1.65975,-0.0830081,0.626075,19.4393,0.483561,1.11164,19.2155,13.3319,-1.10258,0.342694,13.6231,1.72684,0.00383072,1.69467,10.6639,15.4061,0.263201,-1.06005
7.89,8.3496,2.24686,0.42526,0.664986,12.9291,9.30356,0.437829,1.55076,17.6092,2.37695,0.320973,-0.204359,2.97201,17.0671,0.992234,0.981986,8.95796,16.7841,0.32775,1.20591,2.70436,8.01066,-1.65975,-0.0830081,0.630911,19.4504,0.483597,1.1116,19.2045,13.3353,-1.10258,0.342694,13.6231,1.74378,0.00384224,1.69467,10.6665,15.3955,0.262453,-1.05945
7.9,8.35386,2.25351,0.425262,0.664986,12.9335,9.31907,0.437829,1.55076,17.6124,2.37491,0.32096,-0.204361,2.98193,17.077,0.992199,0.982023,8.96124,16.7962,0.328461,1.20532,2.68776,8.00983,-1.65975,-0.0830081,0.635747,19.4615,0.483633,1.11156,19.1935,13.3388,-1.10258,0.342694,13.6232,1.76073,0.00385376,1.69467,10.6692,15.3849,0.261742,-1.05886
7.91,8.35811,2.26016,0.425264,0.664986,12.9379,9.33457,0.437829,1.55076,17.6156,2.37287,0.320946,-0.204363,2.99185,17.0868,0.992164,0.982059,8.96453,16.8082,0.329137,1.20476,2.67116,8.009,-1.65975,-0.0830081,0.640583,19.4726,0.483669,1.11153,19.1825,13.3422,-1.10258,0.342694,13.6232,1.77768,0.00386527,1.69467,10.6718,15.3743,0.261065,-1.0583
7.92,8.36236,2.26681,0.425267,0.664986,12.9422,9.35008,0.437829,1.55076,17.6188,2.37082,0.320932,-0.204365,3.00177,17.0966,0.99213,0.982094,8.96782,16.8203,0.32978,1.20422,2.65456,8.00817,-1.65975,-0.0830081,0.64542,19.4837,0.483704,1.11149,19.1714,13.3456,-1.10258,0.342694,13.6233,1.79462,0.00387676,1.69468,10.6744,15.3637,0.260421,-1.05775
7.93,8.36661,2.27346,0.425269,0.664986,12.9466,9.36559,0.437829,1.55077,17.622,2.36878,0.320919,-0.204367,3.01169,17.1064,0.992096,0.98213,8.97112,16.8323,0.330391,1.20369,2.63797,8.00734,-1.65974,-0.0830081,0.650257,19.4949,0.483739,1.11145,19.1604,13.349,-1.10258,0.342694,13.6233,1.81157,0.00388824,1.69468,10.677,15.3531,0.259809,-1.05723
7.94,8.37087,2.28011,0.425271,0.664985,12.951,9.3811,0.437829,1.55077,17.6253,2.36673,0.320905,-0.204368,3.02161,17.1162,0.992062,0.982165,8.97443,16.8444,0.330972,1.20318,2.62137,8.00651,-1.65974,-0.0830081,0.655095,19.4944,0.483774,-1.11146,19.1494,13.3525,-1.10258,0.342694,13.6233,1.82852,0.0038997,1.69468,10.6796,15.3426,0.259227,-1.05672
7.95,8.37512,2.28676,0.425273,0.664985,12.9554,9.3966,0.437829,1.55077,17.6285,2.36469,0.320891,-0.20437,3.03154,17.1261,0.992027,0.982201,8.97774,16.8564,0.331525,1.20269,2.60477,8.00568,-1.65974,-0.0830081,0.659933,19.4833,0.48381,-1.11149,19.1384,13.3559,-1.10258,0.342694,13.6234,1.84547,0.00391114,1.69468,10.6822,15.332,0.258674,-1.05623
7.96,8.37937,2.29341,0.425275,0.664985,12.9597,9.41211,0.437829,1.55077,17.6317,2.36265,0.320878,-0.204372,3.04146,17.1359,0.991991,0.982237,8.98106,16.8684,0.33205,1.20221,2.58817,8.00485,-1.65974,-0.0830081,0.664771,19.4722,0.483847,-1.11153,19.1273,13.3593,-1.10258,0.342693,13.6234,1.86241,0.00392256,1.69469,10.6848,15.3214,0.258148,-1.05576
7.97,8.38362,2.30006,0.425277,0.664985,12.9641,9.42762,0.437829,1.55077,17.6349,2.3606,0.320864,-0.204373,3.05137,17.1457,0.991954,0.982274,8.98439,16.8804,0.332549,1.20176,2.57158,8.00402,-1.65974,-0.0830081,0.66961,19.4611,0.483885,-1.11157,19.1163,13.3628,-1.10258,0.342693,13.6234,1.87936,0.00393396,1.69469,10.6873,15.3109,0.257648,-1.0553
7.98,8.38788,2.30671,0.425279,0.664985,12.9685,9.44313,0.437828,1.55077,17.6381,2.35856,0.32085,-0.204375,3.06129,17.1555,0.991916,0.982312,8.98771,16.8925,0.333023,1.20132,2.55498,8.00319,-1.65974,-0.0830081,0.674449,19.45,0.483925,-1.1116,19.1053,13.3662,-1.10258,0.342693,13.6235,1.89631,0.00394532,1.69469,10.6899,15.3003,0.257173,-1.05486
7.99,8.39213,2.31336,0.425282,0.664985,12.9729,9.45863,0.437828,1.55077,17.6413,2.35652,0.320837,-0.204376,3.07121,17.1654,0.991877,0.98235,8.99105,16.9045,0.333474,1.20089,2.53838,8.00236,-1.65974,-0.0830081,0.679288,19.4389,0.483965,-1.11164,19.0943,13.3696,-1.10258,0.342693,13.6235,1.91325,0.00395666,1.69469,10.6925,15.2898,0.256721,-1.05443
8,8.39638,2.32001,0.425284,0.664985,12.9773,9.47414,0.437828,1.55077,17.6445,2.35447,0.320823,-0.204378,3.08113,17.1752,0.991837,0.982389,8.99438,16.9165,0.333902,1.20048,2.52178,8.00153,-1.65974,-0.0830081,0.684128,19.4277,0.484006,-1.11168,19.0832,13.373,-1.10258,0.342693,13.6236,1.9302,0.00396796,1.69469,10.695,15.2792,0.256292,-1.05402
8.01,8.40064,2.32666,0.425286,0.664985,12.9816,9.48965,0.437828,1.55077,17.6477,2.35243,0.32081,-0.204379,3.09105,17.185,0.991795,0.982429,8.99772,16.9285,0.334309,1.20008,2.50519,8.0007,-1.65974,-0.0830081,0.688969,19.4166,0.484049,-1.11172,19.0722,13.3765,-1.10258,0.342693,13.6236,1.94715,0.00397923,1.69469,10.6976,15.2687,0.255884,-1.05363
8.02,8.40489,2.33331,0.425288,0.664985,12.986,9.50516,0.437828,1.55077,17.6509,2.35038,0.320796,-0.20438,3.10097,17.1948,0.991753,0.982469,9.00107,16.9405,0.334696,1.1997,2.48859,7.99987,-1.65974,-0.0830081,0.693809,19.4055,0.484093,-1.11176,19.0612,13.3799,-1.10258,0.342693,13.6236,1.96409,0.00399046,1.6947,10.7002,15.2582,0.255497,-1.05325
8.03,8.40914,2.33996,0.425291,0.664985,12.9904,9.52066,0.437828,1.55077,17.6541,2.34834,0.320782,-0.204382,3.11089,17.2047,0.991709,0.98251,9.00442,16.9525,0.335063,1.19934,2.47199,7.99904,-1.65974,-0.0830081,0.69865,19.3944,0.484138,-1.1118,19.0501,13.3833,-1.10258,0.342693,13.6237,1.98104,0.00400165,1.6947,10.7027,15.2476,0.255129,-1.05288
8.04,8.41339,2.34661,0.425293,0.664985,12.9948,9.53617,0.437828,1.55077,17.6573,2.3463,0.320769,-0.204383,3.1208,17.2145,0.991664,0.982551,9.00777,16.9645,0.335412,1.19898,2.45539,7.99821,-1.65974,-0.0830081,0.703492,19.3833,0.484184,-1.11185,19.0391,13.3867,-1.10258,0.342692,13.6237,1.99799,0.0040128,1.6947,10.7053,15.2371,0.25478,-1.05253
8.05,8.41765,2.35326,0.425295,0.664985,12.9992,9.55168,0.437828,1.55077,17.6605,2.34425,0.320755,-0.204384,3.13072,17.2243,0.991618,0.982593,9.01113,16.9764,0.335743,1.19864,2.4388,7.99738,-1.65974,-0.0830081,0.708334,19.3722,0.484231,-1.11189,19.0281,13.3902,-1.10258,0.342692,13.6238,2.01493,0.0040239,1.6947,10.7078,15.2266,0.254448,-1.05219
8.06,8.4219,2.35991,0.425297,0.664985,13.0035,9.56719,0.437828,1.55077,17.6638,2.34221,0.320742,-0.204385,3.14063,17.2341,0.99157,0.982636,9.01448,16.9884,0.336058,1.19831,2.4222,7.99655,-1.65974,-0.0830081,0.713177,19.361,0.48428,-1.11193,19.0171,13.3936,-1.10258,0.342692,13.6238,2.03188,0.00403496,1.6947,10.7103,15.2161,0.254132,-1.05186
8.07,8.42615,2.36656,0.4253,0.664985,13.0079,9.5827,0.437828,1.55077,17.667,2.34017,0.320729,-0.204386,3.15055,17.244,0.991521,0.98268,9.01785,17.0004,0.336356,1.198,2.4056,7.99572,-1.65974,-0.0830081,0.71802,19.3499,0.48433,-1.11197,19.006,13.397,-1.10258,0.342692,13.6238,2.04883,0.00404596,1.6947,10.7129,15.2055,0.253833,-1.05155
8.08,8.43041,2.37321,0.425302,0.664985,13.0123,9.5982,0.437827,1.55077,17.6702,2.33812,0.320715,-0.204386,3.16046,17.2538,0.991471,0.982724,9.02121,17.0124,0.33664,1.1977,2.389,7.99489,-1.65974,-0.0830081,0.722863,19.3388,0.484382,-1.11202,18.995,13.4005,-1.10258,0.342692,13.6239,2.06578,0.00405692,1.6947,10.7154,15.195,0.253548,-1.05125
8.09,8.43466,2.37986,0.425304,0.664985,13.0167,9.61371,0.437827,1.55077,17.6734,2.33608,0.320702,-0.204387,3.17038,17.2636,0.991419,0.982769,9.02458,17.0244,0.33691,1.1974,2.37241,7.99406,-1.65974,-0.0830081,0.727707,19.3277,0.484435,-1.11206,18.984,13.4039,-1.10258,0.342692,13.6239,2.08272,0.00406782,1.69471,10.718,15.1845,0.253278,-1.05095
8.1,8.43891,2.38651,0.425307,0.664985,13.021,9.62922,0.437827,1.55077,17.6766,2.33403,0.320689,-0.204388,3.18029,17.2734,0.991366,0.982814,9.02795,17.0363,0.337166,1.19712,2.35581,7.99323,-1.65974,-0.0830081,0.732552,19.3166,0.484489,-1.11211,18.973,13.4073,-1.10258,0.342692,13.624,2.09967,0.00407866,1.69471,10.7205,15.174,0.253021,-1.05067
8.11,8.44317,2.39316,0.425309,0.664985,13.0254,9.64473,0.437827,1.55078,17.6798,2.33199,0.320675,-0.204389,3.19021,17.2833,0.991312,0.98286,9.03132,17.0483,0.337409,1.19685,2.33921,7.9924,-1.65974,-0.0830081,0.737397,19.3054,0.484545,-1.11216,18.9619,13.4107,-1.10258,0.342691,13.624,2.11662,0.00408945,1.69471,10.723,15.1635,0.252777,-1.0504
8.12,8.44742,2.39981,0.425311,0.664985,13.0298,9.66023,0.437827,1.55078,17.683,2.32995,0.320662,-0.204389,3.20012,17.2931,0.991256,0.982907,9.0347,17.0603,0.33764,1.19659,2.32261,7.99157,-1.65974,-0.0830081,0.742243,19.2943,0.484602,-1.1122,18.9509,13.4142,-1.10258,0.342691,13.6241,2.13356,0.00410017,1.69471,10.7255,15.153,0.252545,-1.05014
8.13,8.45167,2.40646,0.425314,0.664985,13.0342,9.67574,0.437827,1.55078,17.6862,2.3279,0.320649,-0.20439,3.21003,17.3029,0.991198,0.982954,9.03808,17.0722,0.337859,1.19634,2.30602,7.99074,-1.65974,-0.0830081,0.747089,19.2832,0.48466,-1.11225,18.9399,13.4176,-1.10258,0.342691,13.6241,2.15051,0.00411083,1.69471,10.7281,15.1425,0.252325,-1.0499
8.14,8.45592,2.41311,0.425316,0.664985,13.0386,9.69125,0.437827,1.55078,17.6894,2.32586,0.320636,-0.20439,3.21994,17.3128,0.991139,0.983002,9.04145,17.0842,0.338068,1.1961,2.28942,7.98991,-1.65974,-0.083008,0.751936,19.2721,0.484721,-1.1123,18.9289,13.421,-1.10258,0.342691,13.6241,2.16746,0.00412143,1.69471,10.7306,15.132,0.252116,-1.04966
8.15,8.46018,2.41976,0.425319,0.664985,13.0429,9.70676,0.437826,1.55078,17.6926,2.32381,0.320623,-0.204391,3.22985,17.3226,0.991079,0.98305,9.04484,17.0962,0.338266,1.19587,2.27282,7.98908,-1.65974,-0.083008,0.756784,19.2609,0.484782,-1.11235,18.9178,13.4244,-1.10258,0.342691,13.6242,2.18441,0.00413196,1.69471,10.7331,15.1215,0.251917,-1.04942
8.16,8.46443,2.42641,0.425321,0.664985,13.0473,9.72227,0.437826,1.55078,17.6958,2.32177,0.32061,-0.204391,3.23976,17.3324,0.991017,0.983099,9.04822,17.1081,0.338454,1.19565,2.25622,7.98825,-1.65974,-0.083008,0.761632,19.2498,0.484845,-1.1124,18.9068,13.4279,-1.10258,0.342691,13.6242,2.20135,0.00414242,1.69471,10.7356,15.111,0.251728,-1.0492
8.17,8.46868,2.43306,0.425324,0.664985,13.0517,9.73777,0.437826,1.55078,17.699,2.31973,0.320597,-0.204391,3.24967,17.3422,0.990954,0.983149,9.05161,17.1201,0.338632,1.19543,2.23963,7.98742,-1.65974,-0.083008,0.76648,19.2387,0.48491,-1.11244,18.8958,13.4313,-1.10259,0.342691,13.6243,2.2183,0.00415281,1.69471,10.7381,15.1005,0.251549,-1.04899
8.18,8.47294,2.43971,0.425326,0.664985,13.0561,9.75328,0.437826,1.55078,17.7022,2.31768,0.320584,-0.204391,3.25958,17.3521,0.990889,0.983199,9.05499,17.132,0.338802,1.19523,2.22303,7.98659,-1.65974,-0.083008,0.77133,19.2276,0.484976,-1.1125,18.8848,13.4347,-1.10259,0.34269,13.6243,2.23525,0.00416312,1.69471,10.7407,15.09,0.251378,-1.04879
8.19,8.47719,2.44636,0.425329,0.664985,13.0604,9.76879,0.437826,1.55078,17.7054,2.31564,0.320571,-0.204392,3.26949,17.3619,0.990822,0.98325,9.05838,17.144,0.338963,1.19503,2.20643,7.98576,-1.65974,-0.083008,0.77618,19.2165,0.485044,-1.11255,18.8737,13.4381,-1.10259,0.34269,13.6243,2.25219,0.00417336,1.69471,10.7432,15.0796,0.251216,-1.04859
8.2,8.48144,2.45301,0.425331,0.664985,13.0648,9.7843,0.437825,1.55078,17.7086,2.3136,0.320559,-0.204392,3.2794,17.3717,0.990754,0.983301,9.06177,17.1559,0.339116,1.19484,2.18983,7.98493,-1.65974,-0.083008,0.781031,19.2053,0.485114,-1.1126,18.8627,13.4416,-1.10259,0.34269,13.6244,2.26914,0.00418353,1.69471,10.7457,15.0691,0.251063,-1.0484
8.21,8.4857,2.45966,0.425334,0.664985,13.0692,9.7998,0.437825,1.55078,17.7119,2.31155,0.320546,-0.204392,3.28931,17.3816,0.990684,0.983353,9.06516,17.1679,0.339262,1.19466,2.17324,7.9841,-1.65974,-0.083008,0.785882,19.1942,0.485185,-1.11265,18.8517,13.445,-1.10259,0.34269,13.6244,2.28609,0.00419361,1.69471,10.7482,15.0586,0.250916,-1.04822
8.22,8.48995,2.46631,0.425336,0.664985,13.0736,9.81531,0.437825,1.55078,17.7151,2.30951,0.320533,-0.204392,3.29921,17.3914,0.990612,0.983405,9.06856,17.1798,0.3394,1.19448,2.15664,7.98327,-1.65974,-0.083008,0.790735,19.1831,0.485258,-1.1127,18.8407,13.4484,-1.10259,0.34269,13.6245,2.30304,0.00420361,1.69472,10.7507,15.0481,0.250777,-1.04804
8.23,8.4942,2.47296,0.425339,0.664985,13.078,9.83082,0.437825,1.55079,17.7183,2.30746,0.320521,-0.204392,3.30912,17.4012,0.990539,0.983458,9.07195,17.1918,0.339531,1.19431,2.14004,7.98244,-1.65974,-0.083008,0.795587,19.1719,0.485333,-1.11275,18.8296,13.4519,-1.10259,0.34269,13.6245,2.31998,0.00421353,1.69472,10.7532,15.0376,0.250645,-1.04788
8.24,8.49846,2.47961,0.425341,0.664985,13.0823,9.84633,0.437825,1.55079,17.7215,2.30542,0.320508,-0.204392,3.31902,17.4111,0.990464,0.983511,9.07535,17.2037,0.339656,1.19415,2.12345,7.98161,-1.65974,-0.083008,0.800441,19.1608,0.485409,-1.11281,18.8186,13.4553,-1.10259,0.342689,13.6246,2.33693,0.00422337,1.69472,10.7557,15.0271,0.25052,-1.04771
8.25,8.50271,2.48626,0.425344,0.664985,13.0867,9.86184,0.437824,1.55079,17.7247,2.30338,0.320496,-0.204391,3.32893,17.4209,0.990387,0.983564,9.07875,17.2157,0.339775,1.19399,2.10685,7.98078,-1.65974,-0.083008,0.805296,19.1497,0.485487,-1.11286,18.8076,13.4587,-1.10259,0.342689,13.6246,2.35388,0.00423312,1.69472,10.7582,15.0167,0.250401,-1.04756
8.26,8.50696,2.49291,0.425347,0.664986,13.0911,9.87734,0.437824,1.55079,17.7279,2.30133,0.320483,-0.204391,3.33883,17.4308,0.990309,0.983619,9.08214,17.2276,0.339887,1.19384,2.09025,7.97995,-1.65974,-0.083008,0.810151,19.1386,0.485567,-1.11292,18.7966,13.4621,-1.10259,0.342689,13.6246,2.37082,0.00424278,1.69472,10.7607,15.0062,0.250287,-1.04741
8.27,8.51122,2.49956,0.425349,0.664986,13.0955,9.89285,0.437824,1.55079,17.7311,2.29929,0.320471,-0.204391,3.34874,17.4406,0.990229,0.983673,9.08554,17.2395,0.339995,1.1937,2.07365,7.97912,-1.65974,-0.083008,0.815007,19.1274,0.485648,-1.11297,18.7855,13.4656,-1.10259,0.342689,13.6247,2.38777,0.00425235,1.69472,10.7632,14.9957,0.250179,-1.04727
8.28,8.51547,2.50621,0.425352,0.664986,13.0999,9.90836,0.437823,1.55079,17.7343,2.29724,0.320459,-0.204391,3.35864,17.4504,0.990147,0.983728,9.08894,17.2515,0.340096,1.19356,2.05706,7.97829,-1.65974,-0.083008,0.819864,19.1163,0.485732,-1.11303,18.7745,13.469,-1.10259,0.342689,13.6247,2.40472,0.00426183,1.69472,10.7657,14.9852,0.250077,-1.04713
8.29,8.51973,2.51286,0.425355,0.664986,13.1042,9.92387,0.437823,1.55079,17.7375,2.2952,0.320447,-0.20439,3.36854,17.4603,0.990063,0.983783,9.09234,17.2634,0.340193,1.19343,2.04046,7.97746,-1.65974,-0.083008,0.824722,19.1052,0.485817,-1.11308,18.7635,13.4724,-1.10259,0.342688,13.6248,2.42167,0.00427122,1.69472,10.7682,14.9748,0.249979,-1.047
8.3,8.52398,2.51951,0.425357,0.664986,13.1086,9.93938,0.437823,1.55079,17.7407,2.29316,0.320435,-0.20439,3.37844,17.4701,0.989978,0.983839,9.09575,17.2753,0.340285,1.1933,2.02386,7.97663,-1.65974,-0.083008,0.82958,19.094,0.485904,-1.11314,18.7525,13.4758,-1.10259,0.342688,13.6248,2.43861,0.00428051,1.69472,10.7707,14.9643,0.249887,-1.04687
8.31,8.52823,2.52616,0.42536,0.664986,13.113,9.95488,0.437822,1.5508,17.7439,2.29111,0.320423,-0.204389,3.38834,17.4799,0.989891,0.983895,9.09915,17.2873,0.340373,1.19318,2.00726,7.9758,-1.65974,-0.0830079,0.83444,19.0829,0.485992,-1.11319,18.7414,13.4793,-1.10259,0.342688,13.6248,2.45556,0.00428971,1.69472,10.7732,14.9538,0.249799,-1.04675
8.32,8.53249,2.53281,0.425363,0.664986,13.1174,9.97039,0.437822,1.5508,17.7471,2.28907,0.320411,-0.204389,3.39824,17.4898,0.989802,0.983951,9.10255,17.2992,0.340456,1.19306,1.99067,7.97497,-1.65974,-0.0830079,0.8393,19.0718,0.486083,-1.11325,18.7304,13.4827,-1.10259,0.342688,13.6249,2.47251,0.00429881,1.69472,10.7757,14.9434,0.249715,-1.04663
8.33,8.53674,2.53946,0.425365,0.664986,13.1217,9.9859,0.437822,1.5508,17.7503,2.28702,0.320399,-0.204388,3.40813,17.4996,0.989711,0.984007,9.10596,17.3111,0.340535,1.19295,1.97407,7.97414,-1.65974,-0.0830079,0.844161,19.0606,0.486175,-1.11331,18.7194,13.4861,-1.10259,0.342688,13.6249,2.48945,0.00430781,1.69471,10.7782,14.9329,0.249635,-1.04652
8.34,8.54099,2.54611,0.425368,0.664986,13.1261,10.0014,0.437821,1.5508,17.7535,2.28498,0.320387,-0.204387,3.41803,17.5095,0.989618,0.984064,9.10937,17.3231,0.34061,1.19284,1.95747,7.97331,-1.65974,-0.0830079,0.849024,19.0495,0.486269,-1.11336,18.7083,13.4896,-1.10259,0.342687,13.625,2.5064,0.00431672,1.69471,10.7807,14.9224,0.249559,-1.04641
8.35,8.54525,2.55276,0.425371,0.664986,13.1305,10.0169,0.437821,1.5508,17.7567,2.28294,0.320376,-0.204387,3.42793,17.5193,0.989524,0.984121,9.11277,17.335,0.340682,1.19273,1.94087,7.97248,-1.65974,-0.0830079,0.853887,19.0384,0.486365,-1.11342,18.6973,13.493,-1.10259,0.342687,13.625,2.52335,0.00432552,1.69471,10.7832,14.912,0.249487,-1.04631
8.36,8.5495,2.55941,0.425374,0.664986,13.1349,10.0324,0.437821,1.5508,17.7599,2.28089,0.320364,-0.204386,3.43782,17.5291,0.989427,0.984178,9.11618,17.3469,0.34075,1.19263,1.92428,7.97165,-1.65974,-0.0830079,0.858751,19.0272,0.486463,-1.11348,18.6863,13.4964,-1.10259,0.342687,13.6251,2.5403,0.00433422,1.69471,10.7857,14.9015,0.249419,-1.04621
8.37,8.55375,2.56606,0.425376,0.664986,13.1393,10.0479,0.43782,1.55081,17.7631,2.27885,0.320353,-0.204385,3.44771,17.539,0.989329,0.984235,9.11959,17.3588,0.340815,1.19253,1.90768,7.97082,-1.65974,-0.0830079,0.863616,19.0161,0.486562,-1.11353,18.6753,13.4998,-1.10259,0.342687,13.6251,2.55724,0.00434282,1.69471,10.7882,14.8911,0.249353,-1.04612
8.38,8.55801,2.57271,0.425379,0.664986,13.1436,10.0634,0.43782,1.55081,17.7663,2.27681,0.320341,-0.204384,3.45761,17.5488,0.989229,0.984292,9.123,17.3708,0.340876,1.19244,1.89108,7.96999,-1.65974,-0.0830079,0.868482,19.005,0.486664,-1.11359,18.6642,13.5033,-1.10259,0.342686,13.6252,2.57419,0.00435131,1.69471,10.7907,14.8806,0.249291,-1.04602
8.39,8.56226,2.57936,0.425382,0.664987,13.148,10.0789,0.437819,1.55081,17.7695,2.27476,0.32033,-0.204383,3.4675,17.5587,0.989128,0.98435,9.1264,17.3827,0.340935,1.19235,1.87448,7.96916,-1.65974,-0.0830079,0.873349,18.9938,0.486767,-1.11365,18.6532,13.5067,-1.1026,0.342686,13.6252,2.59114,0.0043597,1.69471,10.7932,14.8701,0.249232,-1.04594
8.4,8.56652,2.58601,0.425385,0.664987,13.1524,10.0945,0.437819,1.55081,17.7727,2.27272,0.320319,-0.204382,3.47739,17.5685,0.989024,0.984407,9.12981,17.3946,0.34099,1.19226,1.85789,7.96833,-1.65974,-0.0830079,0.878217,18.9827,0.486872,-1.11371,18.6422,13.5101,-1.1026,0.342686,13.6252,2.60808,0.00436798,1.69471,10.7957,14.8597,0.249176,-1.04585
8.41,8.57077,2.59266,0.425388,0.664987,13.1568,10.11,0.437818,1.55081,17.7759,2.27067,0.320308,-0.204381,3.48728,17.5784,0.988919,0.984465,9.13322,17.4065,0.341043,1.19218,1.84129,7.9675,-1.65974,-0.0830079,0.883087,18.9716,0.486979,-1.11376,18.6312,13.5135,-1.1026,0.342686,13.6253,2.62503,0.00437615,1.69471,10.7982,14.8492,0.249123,-1.04577
8.42,8.57502,2.59931,0.425391,0.664987,13.1611,10.1255,0.437818,1.55081,17.7791,2.26863,0.320297,-0.20438,3.49717,17.5882,0.988812,0.984522,9.13663,17.4185,0.341094,1.1921,1.82469,7.96667,-1.65974,-0.0830079,0.887957,18.9604,0.487087,-1.11382,18.6201,13.517,-1.1026,0.342685,13.6253,2.64198,0.00438422,1.69471,10.8007,14.8388,0.249072,-1.04569
8.43,8.57928,2.60596,0.425394,0.664987,13.1655,10.141,0.437817,1.55082,17.7823,2.26659,0.320286,-0.204379,3.50706,17.598,0.988703,0.984579,9.14005,17.4304,0.341142,1.19202,1.80809,7.96584,-1.65974,-0.0830078,0.892828,18.9493,0.487198,-1.11388,18.6091,13.5204,-1.1026,0.342685,13.6254,2.65893,0.00439218,1.69471,10.8032,14.8283,0.249023,-1.04562
8.44,8.58353,2.61261,0.425396,0.664987,13.1699,10.1565,0.437816,1.55082,17.7855,2.26454,0.320275,-0.204378,3.51694,17.6079,0.988592,0.984637,9.14346,17.4423,0.341187,1.19195,1.7915,7.96501,-1.65974,-0.0830078,0.897701,18.9381,0.48731,-1.11394,18.5981,13.5238,-1.1026,0.342685,13.6254,2.67587,0.00440002,1.69471,10.8056,14.8178,0.248977,-1.04554
8.45,8.58779,2.61926,0.425399,0.664987,13.1743,10.172,0.437816,1.55082,17.7887,2.2625,0.320264,-0.204377,3.52683,17.6177,0.98848,0.984694,9.14687,17.4542,0.341231,1.19188,1.7749,7.96418,-1.65974,-0.0830078,0.902575,18.927,0.487424,-1.11399,18.5871,13.5272,-1.1026,0.342684,13.6255,2.69282,0.00440776,1.69471,10.8081,14.8074,0.248934,-1.04548
8.46,8.59204,2.62591,0.425402,0.664987,13.1787,10.1875,0.437815,1.55082,17.7919,2.26045,0.320254,-0.204376,3.53671,17.6276,0.988366,0.984751,9.15028,17.4661,0.341272,1.19181,1.7583,7.96335,-1.65974,-0.0830078,0.90745,18.9159,0.48754,-1.11405,18.576,13.5307,-1.1026,0.342684,13.6255,2.70977,0.00441538,1.69471,10.8106,14.7969,0.248892,-1.04541
8.47,8.59629,2.63256,0.425405,0.664988,13.183,10.203,0.437815,1.55083,17.7952,2.25841,0.320243,-0.204375,3.5466,17.6374,0.98825,0.984808,9.1537,17.478,0.341311,1.19174,1.7417,7.96252,-1.65974,-0.0830078,0.912325,18.9047,0.487657,-1.11411,18.565,13.5341,-1.1026,0.342684,13.6255,2.72671,0.0044229,1.6947,10.8131,14.7865,0.248852,-1.04535
8.48,8.60055,2.63921,0.425408,0.664988,13.1874,10.2185,0.437814,1.55083,17.7984,2.25637,0.320233,-0.204374,3.55648,17.6473,0.988133,0.984864,9.15711,17.49,0.341349,1.19168,1.72511,7.96169,-1.65974,-0.0830078,0.917203,18.8936,0.487776,-1.11417,18.554,13.5375,-1.1026,0.342684,13.6256,2.74366,0.00443029,1.6947,10.8156,14.776,0.248815,-1.04528
8.49,8.6048,2.64586,0.425411,0.664988,13.1918,10.234,0.437813,1.55083,17.8016,2.25432,0.320223,-0.204372,3.56636,17.6571,0.988013,0.984921,9.16052,17.5019,0.341385,1.19162,1.70851,7.96086,-1.65974,-0.0830078,0.922081,18.8824,0.487897,-1.11422,18.543,13.541,-1.1026,0.342683,13.6256,2.76061,0.00443758,1.6947,10.8181,14.7656,0.248779,-1.04523
8.5,8.60906,2.65251,0.425414,0.664988,13.1962,10.2495,0.437812,1.55083,17.8048,2.25228,0.320212,-0.204371,3.57624,17.667,0.987892,0.984977,9.16394,17.5138,0.341418,1.19156,1.69191,7.96003,-1.65974,-0.0830078,0.926961,18.8713,0.488019,-1.11428,18.5319,13.5444,-1.1026,0.342683,13.6257,2.77755,0.00444475,1.6947,10.8206,14.7551,0.248745,-1.04517
8.51,8.61331,2.65916,0.425417,0.664988,13.2005,10.265,0.437812,1.55084,17.808,2.25024,0.320202,-0.20437,3.58612,17.6768,0.98777,0.985032,9.16735,17.5257,0.341451,1.1915,1.67532,7.9592,-1.65974,-0.0830078,0.931841,18.8602,0.488144,-1.11433,18.5209,13.5478,-1.1026,0.342683,13.6257,2.7945,0.00445181,1.6947,10.8231,14.7447,0.248712,-1.04512
8.52,8.61756,2.6658,0.42542,0.664988,13.2049,10.2806,0.437811,1.55084,17.8112,2.24819,0.320192,-0.204368,3.59599,17.6867,0.987646,0.985088,9.17077,17.5376,0.341482,1.19145,1.65872,7.95837,-1.65974,-0.0830077,0.936723,18.849,0.488269,-1.11439,18.5099,13.5512,-1.1026,0.342682,13.6258,2.81145,0.00445876,1.6947,10.8255,14.7342,0.248681,-1.04506
8.53,8.62182,2.67245,0.425423,0.664989,13.2093,10.2961,0.43781,1.55084,17.8144,2.24615,0.320182,-0.204367,3.60587,17.6965,0.98752,0.985143,9.17418,17.5495,0.341511,1.1914,1.64212,7.95754,-1.65974,-0.0830077,0.941607,18.8379,0.488396,-1.11444,18.4989,13.5547,-1.1026,0.342682,13.6258,2.8284,0.00446558,1.6947,10.828,14.7238,0.248652,-1.04501
8.54,8.62607,2.6791,0.425426,0.664989,13.2137,10.3116,0.437809,1.55084,17.8176,2.2441,0.320172,-0.204365,3.61574,17.7064,0.987393,0.985197,9.1776,17.5615,0.341539,1.19135,1.62552,7.95671,-1.65974,-0.0830077,0.946491,18.8267,0.488525,-1.1145,18.4878,13.5581,-1.10261,0.342682,13.6259,2.84534,0.0044723,1.6947,10.8305,14.7133,0.248624,-1.04497
8.55,8.63033,2.68575,0.42543,0.664989,13.2181,10.3271,0.437808,1.55085,17.8208,2.24206,0.320163,-0.204364,3.62562,17.7162,0.987265,0.985251,9.18101,17.5734,0.341565,1.1913,1.60893,7.95588,-1.65974,-0.0830077,0.951377,18.8156,0.488656,-1.11455,18.4768,13.5615,-1.10261,0.342681,13.6259,2.86229,0.00447889,1.6947,10.833,14.7029,0.248597,-1.04492
8.56,8.63458,2.6924,0.425433,0.664989,13.2224,10.3426,0.437807,1.55085,17.824,2.24002,0.320153,-0.204362,3.63549,17.7261,0.987135,0.985305,9.18443,17.5853,0.34159,1.19125,1.59233,7.95505,-1.65974,-0.0830077,0.956265,18.8044,0.488787,-1.11461,18.4658,13.5649,-1.10261,0.342681,13.6259,2.87924,0.00448537,1.69469,10.8355,14.6924,0.248572,-1.04488
8.57,8.63884,2.69905,0.425436,0.664989,13.2268,10.3581,0.437806,1.55085,17.8272,2.23797,0.320143,-0.204361,3.64536,17.7359,0.987003,0.985357,9.18784,17.5972,0.341614,1.19121,1.57573,7.95422,-1.65974,-0.0830077,0.961153,18.7933,0.488921,-1.11466,18.4547,13.5684,-1.10261,0.342681,13.626,2.89618,0.00449174,1.69469,10.838,14.682,0.248548,-1.04484
8.58,8.64309,2.7057,0.425439,0.66499,13.2312,10.3736,0.437805,1.55086,17.8304,2.23593,0.320134,-0.204359,3.65523,17.7458,0.98687,0.98541,9.19126,17.6091,0.341637,1.19116,1.55913,7.95339,-1.65974,-0.0830077,0.966043,18.7821,0.489055,-1.11471,18.4437,13.5718,-1.10261,0.34268,13.626,2.91313,0.00449799,1.69469,10.8405,14.6715,0.248526,-1.04479
8.59,8.64734,2.71235,0.425442,0.66499,13.2356,10.3891,0.437804,1.55086,17.8336,2.23389,0.320125,-0.204358,3.6651,17.7557,0.986736,0.985461,9.19468,17.621,0.341659,1.19112,1.54254,7.95256,-1.65974,-0.0830077,0.970934,18.771,0.489191,-1.11476,18.4327,13.5752,-1.10261,0.34268,13.6261,2.93008,0.00450412,1.69469,10.8429,14.6611,0.248504,-1.04476
8.6,8.6516,2.719,0.425445,0.66499,13.24,10.4046,0.437803,1.55086,17.8368,2.23184,0.320115,-0.204356,3.67496,17.7655,0.986601,0.985512,9.19809,17.6329,0.34168,1.19108,1.52594,7.95172,-1.65974,-0.0830077,0.975827,18.7598,0.489328,-1.11481,18.4217,13.5787,-1.10261,0.342679,13.6261,2.94702,0.00451013,1.69469,10.8454,14.6506,0.248484,-1.04472
8.61,8.65585,2.72565,0.425448,0.66499,13.2443,10.4201,0.437801,1.55087,17.84,2.2298,0.320106,-0.204355,3.68483,17.7754,0.986464,0.985563,9.20151,17.6448,0.341699,1.19104,1.50934,7.95089,-1.65974,-0.0830076,0.980721,18.7487,0.489467,-1.11487,18.4106,13.5821,-1.10261,0.342679,13.6262,2.96397,0.00451603,1.69469,10.8479,14.6402,0.248464,-1.04468
8.62,8.66011,2.7323,0.425452,0.664991,13.2487,10.4356,0.4378,1.55087,17.8432,2.22776,0.320097,-0.204353,3.69469,17.7852,0.986326,0.985612,9.20493,17.6567,0.341718,1.19101,1.49274,7.95006,-1.65974,-0.0830076,0.985616,18.7375,0.489606,-1.11492,18.3996,13.5855,-1.10261,0.342679,13.6262,2.98092,0.00452181,1.69469,10.8504,14.6297,0.248446,-1.04465
8.63,8.66436,2.73895,0.425455,0.664991,13.2531,10.4511,0.437799,1.55087,17.8464,2.22571,0.320088,-0.204351,3.70455,17.7951,0.986187,0.985661,9.20834,17.6687,0.341736,1.19097,1.47615,7.94923,-1.65974,-0.0830076,0.990513,18.7264,0.489747,-1.11496,18.3886,13.5889,-1.10261,0.342678,13.6263,2.99786,0.00452747,1.69468,10.8529,14.6193,0.248428,-1.04462
8.64,8.66862,2.7456,0.425458,0.664991,13.2575,10.4667,0.437797,1.55088,17.8496,2.22367,0.320079,-0.20435,3.71442,17.8049,0.986047,0.985709,9.21176,17.6806,0.341753,1.19094,1.45955,7.9484,-1.65974,-0.0830076,0.995411,18.7152,0.489889,-1.11501,18.3776,13.5924,-1.10261,0.342678,13.6263,3.01481,0.00453302,1.69468,10.8554,14.6088,0.248412,-1.04459
8.65,8.67287,2.75225,0.425461,0.664991,13.2618,10.4822,0.437796,1.55088,17.8528,2.22163,0.320071,-0.204348,3.72428,17.8148,0.985906,0.985756,9.21518,17.6925,0.341769,1.1909,1.44295,7.94757,-1.65974,-0.0830076,1.00031,18.7041,0.490032,-1.11506,18.3665,13.5958,-1.10261,0.342677,13.6264,3.03176,0.00453845,1.69468,10.8579,14.5984,0.248396,-1.04456
8.66,8.67713,2.7589,0.425465,0.664992,13.2662,10.4977,0.437795,1.55088,17.856,2.21958,0.320062,-0.204346,3.73413,17.8246,0.985764,0.985802,9.2186,17.7044,0.341784,1.19087,1.42635,7.94674,-1.65974,-0.0830076,1.00521,18.6929,0.490176,-1.11511,18.3555,13.5992,-1.10262,0.342677,13.6264,3.04871,0.00454377,1.69468,10.8603,14.588,0.248381,-1.04453
8.67,8.68138,2.76555,0.425468,0.664992,13.2706,10.5132,0.437793,1.55089,17.8592,2.21754,0.320054,-0.204345,3.74399,17.8345,0.985621,0.985847,9.22201,17.7163,0.341799,1.19084,1.40976,7.94591,-1.65974,-0.0830076,1.01011,18.6818,0.490321,-1.11515,18.3445,13.6026,-1.10262,0.342676,13.6264,3.06565,0.00454896,1.69468,10.8628,14.5775,0.248368,-1.0445
8.68,8.68564,2.7722,0.425471,0.664992,13.275,10.5287,0.437791,1.55089,17.8624,2.2155,0.320045,-0.204343,3.75385,17.8444,0.985477,0.985892,9.22543,17.7282,0.341813,1.19081,1.39316,7.94508,-1.65974,-0.0830076,1.01502,18.6706,0.490466,-1.1152,18.3335,13.6061,-1.10262,0.342676,13.6265,3.0826,0.00455405,1.69468,10.8653,14.5671,0.248354,-1.04448
8.69,8.68989,2.77885,0.425475,0.664992,13.2794,10.5442,0.43779,1.5509,17.8656,2.21345,0.320037,-0.204341,3.7637,17.8542,0.985332,0.985935,9.22885,17.7401,0.341826,1.19078,1.37656,7.94425,-1.65974,-0.0830075,1.01992,18.6595,0.490613,-1.11524,18.3224,13.6095,-1.10262,0.342675,13.6265,3.09955,0.00455901,1.69467,10.8678,14.5566,0.248342,-1.04445
8.7,8.69414,2.7855,0.425478,0.664993,13.2837,10.5597,0.437788,1.5509,17.8688,2.21141,0.320029,-0.204339,3.77355,17.8641,0.985187,0.985978,9.23227,17.752,0.341839,1.19075,1.35996,7.94342,-1.65974,-0.0830075,1.02483,18.6483,0.49076,-1.11528,18.3114,13.6129,-1.10262,0.342675,13.6266,3.11649,0.00456386,1.69467,10.8703,14.5462,0.24833,-1.04443
8.71,8.6984,2.79215,0.425481,0.664993,13.2881,10.5752,0.437786,1.55091,17.872,2.20937,0.32002,-0.204338,3.7834,17.8739,0.985041,0.986019,9.23569,17.7639,0.341851,1.19073,1.34337,7.94259,-1.65974,-0.0830075,1.02974,18.6372,0.490908,-1.11532,18.3004,13.6163,-1.10262,0.342674,13.6266,3.13344,0.0045686,1.69467,10.8728,14.5357,0.248319,-1.0444
8.72,8.70265,2.7988,0.425485,0.664993,13.2925,10.5907,0.437784,1.55091,17.8752,2.20732,0.320012,-0.204336,3.79325,17.8838,0.984894,0.98606,9.23911,17.7758,0.341862,1.1907,1.32677,7.94176,-1.65974,-0.0830075,1.03465,18.626,0.491057,-1.11536,18.2894,13.6198,-1.10262,0.342674,13.6267,3.15039,0.00457321,1.69467,10.8752,14.5253,0.248309,-1.04438
8.73,8.70691,2.80545,0.425488,0.664994,13.2969,10.6062,0.437782,1.55092,17.8784,2.20528,0.320004,-0.204334,3.8031,17.8937,0.984747,0.986099,9.24252,17.7877,0.341873,1.19068,1.31017,7.94093,-1.65974,-0.0830075,1.03956,18.6149,0.491206,-1.1154,18.2783,13.6232,-1.10262,0.342673,13.6267,3.16733,0.00457772,1.69467,10.8777,14.5148,0.2483,-1.04436
8.74,8.71116,2.8121,0.425491,0.664994,13.3012,10.6217,0.43778,1.55092,17.8816,2.20324,0.319997,-0.204332,3.81295,17.9035,0.9846,0.986137,9.24594,17.7996,0.341883,1.19065,1.29358,7.9401,-1.65974,-0.0830075,1.04447,18.6037,0.491355,-1.11544,18.2673,13.6266,-1.10262,0.342673,13.6268,3.18428,0.00458211,1.69466,10.8802,14.5044,0.248291,-1.04434
8.75,8.71542,2.81875,0.425495,0.664994,13.3056,10.6373,0.437778,1.55093,17.8848,2.20119,0.319989,-0.20433,3.82279,17.9134,0.984451,0.986174,9.24936,17.8116,0.341893,1.19063,1.27698,7.93927,-1.65974,-0.0830075,1.04939,18.5926,0.491505,-1.11548,18.2563,13.6301,-1.10263,0.342672,13.6268,3.20123,0.00458639,1.69466,10.8827,14.494,0.248282,-1.04433
8.76,8.71967,2.8254,0.425498,0.664995,13.31,10.6528,0.437775,1.55093,17.888,2.19915,0.319981,-0.204328,3.83264,17.9232,0.984303,0.986211,9.25278,17.8235,0.341902,1.19061,1.26038,7.93844,-1.65974,-0.0830074,1.0543,18.5814,0.491656,-1.11552,18.2453,13.6335,-1.10263,0.342672,13.6269,3.21817,0.00459055,1.69466,10.8852,14.4835,0.248275,-1.04431
8.77,8.72393,2.83205,0.425502,0.664995,13.3144,10.6683,0.437773,1.55094,17.8912,2.19711,0.319974,-0.204327,3.84248,17.9331,0.984154,0.986246,9.2562,17.8354,0.341911,1.19058,1.24378,7.93761,-1.65974,-0.0830074,1.05922,18.5703,0.491806,-1.11555,18.2342,13.6369,-1.10263,0.342671,13.6269,3.23512,0.0045946,1.69466,10.8877,14.4731,0.248268,-1.04429
8.78,8.72818,2.8387,0.425505,0.664995,13.3188,10.6838,0.43777,1.55094,17.8944,2.19506,0.319966,-0.204325,3.85232,17.943,0.984006,0.986279,9.25962,17.8473,0.341919,1.19056,1.22719,7.93678,-1.65974,-0.0830074,1.06414,18.5591,0.491957,-1.11558,18.2232,13.6403,-1.10263,0.342671,13.6269,3.25207,0.00459854,1.69466,10.8901,14.4626,0.248261,-1.04428
8.79,8.73244,2.84535,0.425509,0.664996,13.3231,10.6993,0.437768,1.55095,17.8976,2.19302,0.319959,-0.204323,3.86216,17.9528,0.983857,0.986312,9.26304,17.8592,0.341927,1.19054,1.21059,7.93595,-1.65974,-0.0830074,1.06906,18.5479,0.492108,-1.11562,18.2122,13.6438,-1.10263,0.34267,13.627,3.26901,0.00460236,1.69466,10.8926,14.4522,0.248255,-1.04426
8.8,8.73669,2.852,0.425512,0.664996,13.3275,10.7148,0.437765,1.55096,17.9008,2.19098,0.319952,-0.204321,3.872,17.9627,0.983707,0.986343,9.26646,17.8711,0.341934,1.19052,1.19399,7.93512,-1.65974,-0.0830074,1.07398,18.5368,0.492259,-1.11565,18.2011,13.6472,-1.10263,0.342669,13.627,3.28596,0.00460608,1.69465,10.8951,14.4417,0.24825,-1.04425
8.81,8.74095,2.85865,0.425516,0.664997,13.3319,10.7303,0.437762,1.55096,17.904,2.18893,0.319945,-0.204319,3.88183,17.9726,0.983558,0.986374,9.26988,17.883,0.341941,1.1905,1.17739,7.93429,-1.65974,-0.0830074,1.0789,18.5256,0.49241,-1.11568,18.1901,13.6506,-1.10263,0.342669,13.6271,3.3029,0.00460968,1.69465,10.8976,14.4313,0.248245,-1.04424
8.82,8.7452,2.8653,0.425519,0.664997,13.3363,10.7458,0.437759,1.55097,17.9072,2.18689,0.319937,-0.204317,3.89167,17.9824,0.983409,0.986403,9.2733,17.8949,0.341948,1.19049,1.1608,7.93346,-1.65974,-0.0830073,1.08383,18.5145,0.492561,-1.11571,18.1791,13.654,-1.10263,0.342668,13.6271,3.31985,0.00461317,1.69465,10.9001,14.4209,0.24824,-1.04422
8.83,8.74946,2.87195,0.425523,0.664997,13.3406,10.7613,0.437756,1.55098,17.9104,2.18485,0.319931,-0.204315,3.9015,17.9923,0.98326,0.986431,9.27672,17.9068,0.341954,1.19047,1.1442,7.93263,-1.65974,-0.0830073,1.08876,18.5033,0.492712,-1.11574,18.1681,13.6575,-1.10264,0.342667,13.6272,3.3368,0.00461656,1.69465,10.9026,14.4104,0.248236,-1.04421
8.84,8.75372,2.8786,0.425526,0.664998,13.345,10.7768,0.437753,1.55098,17.9136,2.1828,0.319924,-0.204314,3.91133,18.0022,0.983112,0.986457,9.28014,17.9187,0.34196,1.19045,1.1276,7.9318,-1.65974,-0.0830073,1.09368,18.4922,0.492863,-1.11576,18.157,13.6609,-1.10264,0.342667,13.6272,3.35374,0.00461983,1.69465,10.905,14.4,0.248233,-1.0442
8.85,8.75797,2.88525,0.42553,0.664998,13.3494,10.7924,0.43775,1.55099,17.9168,2.18076,0.319917,-0.204312,3.92117,18.012,0.982963,0.986483,9.28356,17.9306,0.341966,1.19044,1.111,7.93097,-1.65974,-0.0830073,1.09861,18.481,0.493014,-1.11579,18.146,13.6643,-1.10264,0.342666,13.6273,3.37069,0.004623,1.69464,10.9075,14.3895,0.24823,-1.04419
8.86,8.76223,2.8919,0.425533,0.664999,13.3538,10.8079,0.437746,1.551,17.92,2.17872,0.31991,-0.20431,3.93099,18.0219,0.982815,0.986507,9.28697,17.9425,0.341971,1.19042,1.09441,7.93014,-1.65974,-0.0830073,1.10354,18.4698,0.493164,-1.11581,18.135,13.6677,-1.10264,0.342665,13.6273,3.38764,0.00462605,1.69464,10.91,14.3791,0.248228,-1.04418
8.87,8.76648,2.89855,0.425537,0.664999,13.3582,10.8234,0.437742,1.55101,17.9232,2.17667,0.319904,-0.204308,3.94082,18.0318,0.982668,0.98653,9.29039,17.9544,0.341976,1.1904,1.07781,7.92931,-1.65974,-0.0830073,1.10848,18.4587,0.493314,-1.11584,18.124,13.6712,-1.10264,0.342665,13.6274,3.40458,0.00462901,1.69464,10.9125,14.3686,0.248226,-1.04418
8.88,8.77074,2.9052,0.425541,0.664999,13.3625,10.8389,0.437739,1.55101,17.9264,2.17463,0.319897,-0.204306,3.95065,18.0416,0.98252,0.986552,9.29381,17.9663,0.341981,1.19039,1.06121,7.92848,-1.65974,-0.0830072,1.11341,18.4475,0.493463,-1.11586,18.1129,13.6746,-1.10264,0.342664,13.6274,3.42153,0.00463185,1.69464,10.915,14.3582,0.248224,-1.04417
8.89,8.77499,2.91185,0.425544,0.665,13.3669,10.8544,0.437735,1.55102,17.9296,2.17259,0.319891,-0.204304,3.96047,18.0515,0.982374,0.986572,9.29723,17.9782,0.341985,1.19038,1.04461,7.92765,-1.65974,-0.0830072,1.11835,18.4364,0.493612,-1.11588,18.1019,13.678,-1.10264,0.342663,13.6275,3.43848,0.00463459,1.69464,10.9174,14.3478,0.248223,-1.04416
8.9,8.77925,2.9185,0.425548,0.665,13.3713,10.8699,0.43773,1.55103,17.9328,2.17054,0.319884,-0.204302,3.97029,18.0613,0.982228,0.986592,9.30065,17.9901,0.341989,1.19036,1.02802,7.92682,-1.65974,-0.0830072,1.12328,18.4252,0.49376,-1.1159,18.0909,13.6815,-1.10265,0.342662,13.6275,3.45542,0.00463723,1.69463,10.9199,14.3373,0.248223,-1.04416
8.91,8.7835,2.92515,0.425552,0.665001,13.3757,10.8854,0.437726,1.55104,17.936,2.1685,0.319878,-0.2043,3.98012,18.0712,0.982082,0.98661,9.30407,18.002,0.341993,1.19035,1.01142,7.92599,-1.65974,-0.0830072,1.12822,18.4141,0.493908,-1.11592,18.0799,13.6849,-1.10265,0.342661,13.6275,3.47237,0.00463976,1.69463,10.9224,14.3269,0.248223,-1.04415
8.92,8.78776,2.9318,0.425555,0.665001,13.38,10.9009,0.437722,1.55105,17.9392,2.16646,0.319872,-0.204298,3.98994,18.0811,0.981938,0.986627,9.30749,18.0139,0.341997,1.19034,0.994823,7.92516,-1.65974,-0.0830072,1.13316,18.4029,0.494055,-1.11593,18.0688,13.6883,-1.10265,0.342661,13.6276,3.48932,0.00464218,1.69463,10.9249,14.3164,0.248223,-1.04415
8.93,8.79201,2.93845,0.425559,0.665002,13.3844,10.9164,0.437717,1.55106,17.9424,2.16442,0.319866,-0.204296,3.99976,18.0909,0.981794,0.986643,9.31091,18.0258,0.342,1.19032,0.978225,7.92433,-1.65974,-0.0830072,1.1381,18.3917,0.494201,-1.11595,18.0578,13.6917,-1.10265,0.34266,13.6276,3.50626,0.00464451,1.69463,10.9274,14.306,0.248224,-1.04414
8.94,8.79627,2.9451,0.425563,0.665002,13.3888,10.9319,0.437712,1.55107,17.9456,2.16237,0.31986,-0.204295,4.00957,18.1008,0.981651,0.986657,9.31433,18.0377,0.342003,1.19031,0.961628,7.9235,-1.65974,-0.0830071,1.14304,18.3806,0.494346,-1.11597,18.0468,13.6952,-1.10265,0.342659,13.6277,3.52321,0.00464673,1.69463,10.9299,14.2956,0.248225,-1.04414
8.95,8.80053,2.95175,0.425567,0.665003,13.3932,10.9475,0.437707,1.55108,17.9488,2.16033,0.319854,-0.204293,4.01939,18.1107,0.981508,0.986671,9.31775,18.0496,0.342006,1.1903,0.945031,7.92267,-1.65974,-0.0830071,1.14799,18.3694,0.494491,-1.11598,18.0358,13.6986,-1.10265,0.342658,13.6277,3.54015,0.00464886,1.69462,10.9323,14.2851,0.248227,-1.04414
8.96,8.80478,2.9584,0.42557,0.665003,13.3975,10.963,0.437701,1.55109,17.952,2.15829,0.319848,-0.204291,4.0292,18.1205,0.981367,0.986683,9.32117,18.0615,0.342009,1.19029,0.928433,7.92184,-1.65974,-0.0830071,1.15293,18.3583,0.494634,-1.11599,18.0247,13.702,-1.10266,0.342657,13.6278,3.5571,0.00465088,1.69462,10.9348,14.2747,0.248229,-1.04413
8.97,8.80904,2.96505,0.425574,0.665004,13.4019,10.9785,0.437696,1.5511,17.9552,2.15624,0.319843,-0.204289,4.03902,18.1304,0.981227,0.986694,9.32459,18.0734,0.342011,1.19028,0.911836,7.92101,-1.65974,-0.0830071,1.15788,18.3471,0.494777,-1.116,18.0137,13.7054,-1.10266,0.342656,13.6278,3.57405,0.00465281,1.69462,10.9373,14.2642,0.248232,-1.04413
8.98,8.81329,2.9717,0.425578,0.665004,13.4063,10.994,0.43769,1.55111,17.9584,2.1542,0.319837,-0.204287,4.04883,18.1403,0.981088,0.986704,9.32801,18.0854,0.342013,1.19027,0.895239,7.92018,-1.65974,-0.0830071,1.16283,18.3359,0.494918,-1.11601,18.0027,13.7089,-1.10266,0.342655,13.6279,3.59099,0.00465463,1.69462,10.9398,14.2538,0.248235,-1.04413
8.99,8.81755,2.97835,0.425582,0.665005,13.4107,11.0095,0.437684,1.55112,17.9616,2.15216,0.319831,-0.204285,4.05864,18.1501,0.98095,0.986713,9.33143,18.0973,0.342016,1.19026,0.878641,7.91935,-1.65974,-0.0830071,1.16778,18.3248,0.495059,-1.11602,17.9916,13.7123,-1.10266,0.342654,13.6279,3.60794,0.00465636,1.69462,10.9423,14.2434,0.248239,-1.04413
9,8.8218,2.985,0.425585,0.665006,13.4151,11.025,0.437677,1.55113,17.9648,2.15012,0.319826,-0.204283,4.06845,18.16,0.980813,0.986721,9.33485,18.1092,0.342018,1.19025,0.862044,7.91852,-1.65974,-0.083007,1.17273,18.3136,0.495198,-1.11603,17.9806,13.7157,-1.10266,0.342653,13.628,3.62489,0.00465799,1.69461,10.9447,14.2329,0.248243,-1.04413
9.01,8.82606,2.99165,0.425589,0.665006,13.4194,11.0405,0.437671,1.55114,17.968,2.14807,0.31982,-0.204281,4.07825,18.1699,0.980677,0.986728,9.33827,18.1211,0.342019,1.19024,0.845447,7.91769,-1.65974,-0.083007,1.17768,18.3025,0.495336,-1.11604,17.9696,13.7191,-1.10267,0.342652,13.628,3.64183,0.00465953,1.69461,10.9472,14.2225,0.248247,-1.04413
9.02,8.83032,2.9983,0.425593,0.665007,13.4238,11.056,0.437664,1.55115,17.9712,2.14603,0.319815,-0.20428,4.08806,18.1797,0.980543,0.986733,9.34169,18.133,0.342021,1.19023,0.828849,7.91686,-1.65974,-0.083007,1.18264,18.2913,0.495473,-1.11604,17.9586,13.7226,-1.10267,0.342651,13.6281,3.65878,0.00466097,1.69461,10.9497,14.212,0.248252,-1.04414
9.03,8.83457,3.00495,0.425597,0.665007,13.4282,11.0715,0.437657,1.55117,17.9744,2.14399,0.31981,-0.204278,4.09786,18.1896,0.98041,0.986738,9.34512,18.1449,0.342022,1.19022,0.812252,7.91603,-1.65974,-0.083007,1.18759,18.2801,0.495608,-1.11605,17.9475,13.726,-1.10267,0.34265,13.6281,3.67572,0.00466232,1.69461,10.9522,14.2016,0.248258,-1.04414
9.04,8.83883,3.0116,0.425601,0.665008,13.4326,11.0871,0.437649,1.55118,17.9776,2.14194,0.319805,-0.204276,4.10767,18.1995,0.980278,0.986742,9.34854,18.1568,0.342024,1.19021,0.795654,7.9152,-1.65974,-0.083007,1.19255,18.269,0.495742,-1.11605,17.9365,13.7294,-1.10267,0.342649,13.6282,3.69267,0.00466358,1.6946,10.9547,14.1911,0.248264,-1.04414
9.05,8.84308,3.01825,0.425605,0.665009,13.4369,11.1026,0.437641,1.55119,17.9807,2.1399,0.3198,-0.204274,4.11747,18.2094,0.980147,0.986744,9.35196,18.1687,0.342025,1.1902,0.779057,7.91437,-1.65974,-0.0830069,1.19751,18.2578,0.495875,-1.11605,17.9255,13.7329,-1.10268,0.342648,13.6282,3.70962,0.00466474,1.6946,10.9572,14.1807,0.248271,-1.04415
9.06,8.84734,3.0249,0.425608,0.665009,13.4413,11.1181,0.437633,1.55121,17.9839,2.13786,0.319795,-0.204272,4.12727,18.2192,0.980018,0.986746,9.35538,18.1806,0.342026,1.19019,0.76246,7.91354,-1.65974,-0.0830069,1.20247,18.2467,0.496007,-1.11605,17.9145,13.7363,-1.10268,0.342647,13.6282,3.72656,0.00466582,1.6946,10.9596,14.1703,0.248278,-1.04415
9.07,8.8516,3.03155,0.425612,0.66501,13.4457,11.1336,0.437624,1.55122,17.9871,2.13582,0.31979,-0.20427,4.13707,18.2291,0.979891,0.986746,9.3588,18.1925,0.342027,1.19019,0.745862,7.91271,-1.65974,-0.0830069,1.20743,18.2355,0.496137,-1.11606,17.9034,13.7397,-1.10268,0.342645,13.6283,3.74351,0.0046668,1.6946,10.9621,14.1598,0.248285,-1.04415
9.08,8.85585,3.0382,0.425616,0.66501,13.4501,11.1491,0.437615,1.55123,17.9903,2.13377,0.319785,-0.204269,4.14687,18.239,0.979765,0.986746,9.36222,18.2044,0.342027,1.19018,0.729265,7.91188,-1.65974,-0.0830069,1.21239,18.2243,0.496265,-1.11606,17.8924,13.7431,-1.10268,0.342644,13.6283,3.76045,0.00466769,1.6946,10.9646,14.1494,0.248294,-1.04416
9.09,8.86011,3.04485,0.42562,0.665011,13.4544,11.1646,0.437606,1.55125,17.9935,2.13173,0.31978,-0.204267,4.15667,18.2488,0.97964,0.986745,9.36564,18.2163,0.342028,1.19017,0.712668,7.91105,-1.65974,-0.0830069,1.21735,18.2132,0.496392,-1.11605,17.8814,13.7466,-1.10269,0.342643,13.6284,3.7774,0.0046685,1.69459,10.9671,14.1389,0.248302,-1.04417
9.1,8.86436,3.0515,0.425624,0.665012,13.4588,11.1801,0.437596,1.55126,17.9967,2.12969,0.319776,-0.204265,4.16646,18.2587,0.979517,0.986743,9.36906,18.2282,0.342028,1.19016,0.69607,7.91022,-1.65974,-0.0830068,1.22232,18.202,0.496518,-1.11605,17.8704,13.75,-1.10269,0.342641,13.6284,3.79435,0.00466922,1.69459,10.9696,14.1285,0.248312,-1.04417
9.11,8.86862,3.05815,0.425628,0.665012,13.4632,11.1956,0.437586,1.55128,17.9999,2.12765,0.319771,-0.204263,4.17626,18.2686,0.979396,0.98674,9.37248,18.2401,0.342029,1.19016,0.679473,7.90939,-1.65974,-0.0830068,1.22728,18.1908,0.496642,-1.11605,17.8593,13.7534,-1.10269,0.34264,13.6285,3.81129,0.00466985,1.69459,10.9721,14.1181,0.248322,-1.04418
9.12,8.87288,3.0648,0.425632,0.665013,13.4676,11.2112,0.437576,1.5513,18.0031,2.1256,0.319766,-0.204261,4.18605,18.2784,0.979276,0.986736,9.3759,18.252,0.342029,1.19015,0.662876,7.90856,-1.65974,-0.0830068,1.23225,18.1797,0.496764,-1.11605,17.8483,13.7568,-1.10269,0.342639,13.6285,3.82824,0.0046704,1.69459,10.9745,14.1076,0.248332,-1.04419
9.13,8.87713,3.07145,0.425636,0.665014,13.4719,11.2267,0.437565,1.55131,18.0063,2.12356,0.319762,-0.20426,4.19584,18.2883,0.979158,0.986732,9.37932,18.2639,0.342029,1.19014,0.646278,7.90773,-1.65974,-0.0830068,1.23722,18.1685,0.496885,-1.11604,17.8373,13.7603,-1.1027,0.342637,13.6286,3.84518,0.00467086,1.69459,10.977,14.0972,0.248343,-1.0442
9.14,8.88139,3.0781,0.42564,0.665015,13.4763,11.2422,0.437553,1.55133,18.0095,2.12152,0.319758,-0.204258,4.20563,18.2982,0.979042,0.986726,9.38274,18.2758,0.342029,1.19014,0.629681,7.9069,-1.65974,-0.0830068,1.24219,18.1574,0.497004,-1.11604,17.8262,13.7637,-1.1027,0.342636,13.6286,3.86213,0.00467125,1.69458,10.9795,14.0867,0.248355,-1.04421
9.15,8.88565,3.08475,0.425644,0.665015,13.4807,11.2577,0.437541,1.55135,18.0127,2.11947,0.319753,-0.204256,4.21542,18.308,0.978927,0.98672,9.38616,18.2877,0.342029,1.19013,0.613084,7.90607,-1.65974,-0.0830067,1.24716,18.1462,0.497121,-1.11603,17.8152,13.7671,-1.1027,0.342634,13.6287,3.87907,0.00467154,1.69458,10.982,14.0763,0.248367,-1.04422
9.16,8.8899,3.0914,0.425648,0.665016,13.4851,11.2732,0.437529,1.55137,18.0159,2.11743,0.319749,-0.204254,4.22521,18.3179,0.978814,0.986713,9.38958,18.2996,0.342028,1.19012,0.596486,7.90524,-1.65974,-0.0830067,1.25213,18.135,0.497237,-1.11602,17.8042,13.7705,-1.1027,0.342633,13.6287,3.89602,0.00467176,1.69458,10.9845,14.0658,0.24838,-1.04423
9.17,8.89416,3.09805,0.425652,0.665017,13.4894,11.2887,0.437516,1.55138,18.0191,2.11539,0.319745,-0.204253,4.235,18.3278,0.978702,0.986706,9.393,18.3115,0.342028,1.19012,0.579889,7.90441,-1.65974,-0.0830067,1.2571,18.1239,0.497351,-1.11602,17.7932,13.774,-1.10271,0.342631,13.6288,3.91297,0.0046719,1.69458,10.987,14.0554,0.248394,-1.04424
9.18,8.89842,3.1047,0.425656,0.665017,13.4938,11.3042,0.437502,1.5514,18.0223,2.11335,0.319741,-0.204251,4.24479,18.3376,0.978593,0.986698,9.39642,18.3234,0.342028,1.19011,0.563291,7.90358,-1.65974,-0.0830067,1.26208,18.1127,0.497463,-1.11601,17.7821,13.7774,-1.10271,0.34263,13.6288,3.92991,0.00467195,1.69457,10.9894,14.045,0.248409,-1.04425
9.19,8.90267,3.11135,0.42566,0.665018,13.4982,11.3198,0.437488,1.55142,18.0255,2.1113,0.319737,-0.204249,4.25457,18.3475,0.978485,0.986689,9.39984,18.3353,0.342027,1.19011,0.546694,7.90275,-1.65974,-0.0830067,1.26705,18.1016,0.497574,-1.116,17.7711,13.7808,-1.10271,0.342628,13.6289,3.94686,0.00467193,1.69457,10.9919,14.0345,0.248424,-1.04427
9.2,8.90693,3.11801,0.425664,0.665019,13.5026,11.3353,0.437473,1.55144,18.0287,2.10926,0.319733,-0.204248,4.26435,18.3574,0.978379,0.98668,9.40326,18.3472,0.342027,1.1901,0.530097,7.90192,-1.65974,-0.0830066,1.27203,18.0904,0.497683,-1.11599,17.7601,13.7842,-1.10272,0.342626,13.6289,3.9638,0.00467183,1.69457,10.9944,14.0241,0.24844,-1.04428
9.21,8.91119,3.12466,0.425668,0.66502,13.5069,11.3508,0.437458,1.55147,18.0319,2.10722,0.319729,-0.204246,4.27414,18.3672,0.978274,0.98667,9.40668,18.3591,0.342026,1.1901,0.513499,7.90109,-1.65974,-0.0830066,1.27701,18.0792,0.49779,-1.11598,17.7491,13.7877,-1.10272,0.342625,13.6289,3.98075,0.00467166,1.69457,10.9969,14.0136,0.248457,-1.0443
9.22,8.91544,3.13131,0.425673,0.665021,13.5113,11.3663,0.437442,1.55149,18.0351,2.10518,0.319725,-0.204244,4.28392,18.3771,0.978171,0.986659,9.4101,18.371,0.342025,1.19009,0.50166,7.90026,1.65974,-0.0830066,1.28199,18.0681,0.497896,-1.11597,17.738,13.7911,-1.10272,0.342623,13.629,3.99769,0.00467141,1.69457,10.9994,14.0032,0.248474,-1.04431
9.23,8.9197,3.13796,0.425677,0.665021,13.5157,11.3818,0.437425,1.55151,18.0383,2.10313,0.319721,-0.204243,4.2937,18.387,0.978071,0.986648,9.41352,18.3829,0.342024,1.19009,0.518257,7.89943,1.65974,-0.0830066,1.28696,18.0569,0.497999,-1.11596,17.727,13.7945,-1.10273,0.342621,13.629,4.01464,0.00467108,1.69456,11.0019,13.9927,0.248493,-1.04433
9.24,8.92396,3.14461,0.425681,0.665022,13.5201,11.3973,0.437408,1.55153,18.0415,2.10109,0.319717,-0.204241,4.30348,18.3968,0.977971,0.986636,9.41694,18.3948,0.342023,1.19008,0.534854,7.8986,1.65974,-0.0830065,1.29195,18.0458,0.498101,-1.11595,17.716,13.798,-1.10273,0.342619,13.6291,4.03159,0.00467068,1.69456,11.0044,13.9823,0.248512,-1.04434
9.25,8.92821,3.15126,0.425685,0.665023,13.5244,11.4128,0.43739,1.55156,18.0447,2.09905,0.319714,-0.204239,4.31326,18.4067,0.977874,0.986624,9.42036,18.4067,0.342022,1.19008,0.551452,7.89777,1.65974,-0.0830065,1.29693,18.0346,0.498202,-1.11594,17.7049,13.8014,-1.10274,0.342617,13.6291,4.04853,0.00467021,1.69456,11.0068,13.9719,0.248532,-1.04436
9.26,8.93247,3.15791,0.425689,0.665024,13.5288,11.4284,0.437371,1.55158,18.0479,2.09701,0.31971,-0.204238,4.32304,18.4166,0.977779,0.986612,9.42378,18.4186,0.342021,1.19007,0.568049,7.89694,1.65974,-0.0830065,1.30191,18.0234,0.4983,-1.11592,17.6939,13.8048,-1.10274,0.342615,13.6292,4.06548,0.00466967,1.69456,11.0093,13.9614,0.248553,-1.04438
9.27,8.93673,3.16456,0.425693,0.665025,13.5332,11.4439,0.437351,1.55161,18.0511,2.09497,0.319706,-0.204236,4.33282,18.4264,0.977685,0.986599,9.4272,18.4305,0.34202,1.19007,0.584646,7.89611,1.65974,-0.0830065,1.30689,18.0123,0.498397,-1.11591,17.6829,13.8082,-1.10274,0.342613,13.6292,4.08242,0.00466905,1.69456,11.0118,13.951,0.248575,-1.0444
9.28,8.94098,3.17121,0.425697,0.665026,13.5376,11.4594,0.437331,1.55163,18.0543,2.09292,0.319703,-0.204235,4.34259,18.4363,0.977593,0.986585,9.43062,18.4424,0.342018,1.19006,0.601244,7.89528,1.65974,-0.0830065,1.31188,18.0011,0.498492,-1.1159,17.6719,13.8117,-1.10275,0.342611,13.6293,4.09937,0.00466837,1.69455,11.0143,13.9405,0.248598,-1.04442
9.29,8.94524,3.17786,0.425702,0.665027,13.5419,11.4749,0.437309,1.55166,18.0575,2.09088,0.319699,-0.204233,4.35237,18.4462,0.977502,0.986572,9.43404,18.4543,0.342017,1.19006,0.617841,7.89445,1.65974,-0.0830064,1.31686,17.99,0.498585,-1.11588,17.6608,13.8151,-1.10275,0.342609,13.6293,4.11631,0.00466761,1.69455,11.0168,13.9301,0.248622,-1.04444
9.3,8.9495,3.18451,0.425706,0.665027,13.5463,11.4904,0.437287,1.55169,18.0607,2.08884,0.319696,-0.204231,4.36214,18.456,0.977414,0.986557,9.43746,18.4662,0.342016,1.19006,0.634439,7.89362,1.65974,-0.0830064,1.32185,17.9788,0.498676,-1.11587,17.6498,13.8185,-1.10276,0.342606,13.6294,4.13326,0.00466679,1.69455,11.0193,13.9196,0.248647,-1.04446
9.31,8.95375,3.19116,0.42571,0.665028,13.5507,11.5059,0.437264,1.55171,18.0639,2.0868,0.319693,-0.20423,4.37192,18.4659,0.977327,0.986543,9.44088,18.4781,0.342014,1.19005,0.651036,7.89279,1.65974,-0.0830064,1.32684,17.9677,0.498766,-1.11585,17.6388,13.8219,-1.10276,0.342604,13.6294,4.1502,0.00466591,1.69455,11.0218,13.9092,0.248673,-1.04448
9.32,8.95801,3.19781,0.425714,0.665029,13.5551,11.5215,0.43724,1.55174,18.0671,2.08475,0.319689,-0.204228,4.38169,18.4758,0.977242,0.986528,9.4443,18.49,0.342013,1.19005,0.667633,7.89196,1.65974,-0.0830064,1.33182,17.9565,0.498854,-1.11584,17.6278,13.8254,-1.10277,0.342602,13.6295,4.16715,0.00466495,1.69454,11.0242,13.8987,0.248701,-1.04451
9.33,8.96227,3.20446,0.425718,0.66503,13.5594,11.537,0.437215,1.55177,18.0703,2.08271,0.319686,-0.204227,4.39146,18.4856,0.977159,0.986513,9.44772,18.5019,0.342011,1.19005,0.684231,7.89113,1.65974,-0.0830064,1.33681,17.9453,0.49894,-1.11583,17.6167,13.8288,-1.10277,0.342599,13.6295,4.1841,0.00466393,1.69454,11.0267,13.8883,0.248729,-1.04453
9.34,8.96653,3.21111,0.425723,0.665031,13.5638,11.5525,0.437189,1.5518,18.0735,2.08067,0.319683,-0.204225,4.40123,18.4955,0.977078,0.986498,9.45114,18.5138,0.342009,1.19004,0.700828,7.8903,1.65974,-0.0830063,1.3418,17.9342,0.499025,-1.11581,17.6057,13.8322,-1.10278,0.342597,13.6296,4.20104,0.00466285,1.69454,11.0292,13.8779,0.248759,-1.04455
9.35,8.97078,3.21776,0.425727,0.665032,13.5682,11.568,0.437162,1.55183,18.0767,2.07863,0.31968,-0.204224,4.411,18.5053,0.976998,0.986482,9.45456,18.5257,0.342007,1.19004,0.717425,7.88947,1.65974,-0.0830063,1.34679,17.923,0.499108,-1.11579,17.5947,13.8356,-1.10278,0.342594,13.6296,4.21799,0.0046617,1.69454,11.0317,13.8674,0.248789,-1.04458
9.36,8.97504,3.22441,0.425731,0.665033,13.5725,11.5835,0.437134,1.55187,18.0799,2.07658,0.319677,-0.204222,4.42077,18.5152,0.97692,0.986467,9.45798,18.5376,0.342006,1.19004,0.734023,7.88864,1.65974,-0.0830063,1.35179,17.9119,0.499189,-1.11578,17.5836,13.8391,-1.10279,0.342592,13.6296,4.23493,0.00466049,1.69454,11.0342,13.857,0.248822,-1.04461
9.37,8.9793,3.23106,0.425735,0.665034,13.5769,11.599,0.437104,1.5519,18.0831,2.07454,0.319674,-0.204221,4.43054,18.5251,0.976843,0.986451,9.4614,18.5495,0.342004,1.19003,0.75062,7.88781,1.65974,-0.0830063,1.35678,17.9007,0.499268,-1.11576,17.5726,13.8425,-1.10279,0.342589,13.6297,4.25188,0.00465922,1.69453,11.0367,13.8465,0.248855,-1.04463
9.38,8.98356,3.23771,0.42574,0.665035,13.5813,11.6146,0.437074,1.55193,18.0863,2.0725,0.319671,-0.204219,4.44031,18.5349,0.976769,0.986435,9.46482,18.5614,0.342002,1.19003,0.767217,7.88698,1.65974,-0.0830062,1.36177,17.8895,0.499346,-1.11575,17.5616,13.8459,-1.1028,0.342586,13.6297,4.26882,0.00465789,1.69453,11.0392,13.8361,0.24889,-1.04466
9.39,8.98781,3.24436,0.425744,0.665036,13.5857,11.6301,0.437042,1.55197,18.0895,2.07046,0.319668,-0.204218,4.45008,18.5448,0.976695,0.986418,9.46824,18.5733,0.342,1.19003,0.783815,7.88615,1.65974,-0.0830062,1.36676,17.8784,0.499423,-1.11573,17.5506,13.8493,-1.1028,0.342583,13.6298,4.28577,0.0046565,1.69453,11.0417,13.8256,0.248926,-1.04469
9.4,8.99207,3.25101,0.425748,0.665037,13.59,11.6456,0.437009,1.552,18.0927,2.06842,0.319665,-0.204217,4.45984,18.5547,0.976624,0.986402,9.47166,18.5852,0.341998,1.19002,0.800412,7.88532,1.65974,-0.0830062,1.37176,17.8672,0.499497,-1.11571,17.5395,13.8528,-1.10281,0.34258,13.6298,4.30271,0.00465506,1.69453,11.0441,13.8152,0.248964,-1.04472
9.41,8.99633,3.25766,0.425752,0.665038,13.5944,11.6611,0.436975,1.55204,18.0958,2.06637,0.319662,-0.204215,4.46961,18.5645,0.976554,0.986385,9.47508,18.5971,0.341996,1.19002,0.817009,7.88449,1.65974,-0.0830062,1.37675,17.8561,0.49957,-1.1157,17.5285,13.8562,-1.10281,0.342577,13.6299,4.31966,0.00465355,1.69453,11.0466,13.8047,0.249003,-1.04475
9.42,9.00059,3.26431,0.425757,0.665039,13.5988,11.6766,0.436939,1.55208,18.099,2.06433,0.31966,-0.204214,4.47937,18.5744,0.976486,0.986369,9.4785,18.609,0.341993,1.19002,0.833607,7.88366,1.65974,-0.0830062,1.38175,17.8449,0.499642,-1.11568,17.5175,13.8596,-1.10282,0.342574,13.6299,4.3366,0.00465199,1.69452,11.0491,13.7943,0.249043,-1.04478
9.43,9.00484,3.27096,0.425761,0.66504,13.6031,11.6922,0.436902,1.55212,18.1022,2.06229,0.319657,-0.204212,4.48914,18.5843,0.97642,0.986352,9.48192,18.6209,0.341991,1.19001,0.850204,7.88283,1.65974,-0.0830061,1.38675,17.8338,0.499712,-1.11567,17.5064,13.863,-1.10283,0.342571,13.63,4.35355,0.00465037,1.69452,11.0516,13.7838,0.249086,-1.04481
9.44,9.0091,3.27761,0.425765,0.665041,13.6075,11.7077,0.436864,1.55216,18.1054,2.06025,0.319654,-0.204211,4.4989,18.5941,0.976355,0.986335,9.48534,18.6328,0.341989,1.19001,0.866802,7.882,1.65974,-0.0830061,1.39174,17.8226,0.49978,-1.11565,17.4954,13.8665,-1.10283,0.342567,13.63,4.37049,0.00464869,1.69452,11.0541,13.7734,0.24913,-1.04485
9.45,9.01336,3.28426,0.42577,0.665042,13.6119,11.7232,0.436824,1.5522,18.1086,2.05821,0.319652,-0.20421,4.50867,18.604,0.976291,0.986319,9.48876,18.6447,0.341986,1.19001,0.883399,7.88117,1.65974,-0.0830061,1.39674,17.8114,0.499847,-1.11563,17.4844,13.8699,-1.10284,0.342564,13.6301,4.38744,0.00464696,1.69452,11.0566,13.7629,0.249175,-1.04488
9.46,9.01762,3.29091,0.425774,0.665043,13.6162,11.7387,0.436782,1.55224,18.1118,2.05616,0.319649,-0.204208,4.51843,18.6139,0.976229,0.986302,9.49218,18.6566,0.341984,1.19001,0.899996,7.88034,1.65974,-0.0830061,1.40174,17.8003,0.499912,-1.11561,17.4734,13.8733,-1.10285,0.34256,13.6301,4.40438,0.00464518,1.69452,11.0591,13.7525,0.249223,-1.04492
9.47,9.02187,3.29756,0.425778,0.665045,13.6206,11.7543,0.436739,1.55228,18.115,2.05412,0.319646,-0.204207,4.52819,18.6237,0.976169,0.986285,9.4956,18.6685,0.341982,1.19,0.916594,7.87951,1.65974,-0.0830061,1.40674,17.7891,0.499976,-1.1156,17.4623,13.8767,-1.10285,0.342557,13.6302,4.42133,0.00464335,1.69451,11.0616,13.742,0.249272,-1.04495
9.48,9.02613,3.30421,0.425783,0.665046,13.625,11.7698,0.436695,1.55232,18.1182,2.05208,0.319644,-0.204206,4.53795,18.6336,0.97611,0.986268,9.49902,18.6804,0.341979,1.19,0.933191,7.87868,1.65974,-0.083006,1.41174,17.778,0.500038,-1.11558,17.4513,13.8802,-1.10286,0.342553,13.6302,4.43827,0.00464146,1.69451,11.0641,13.7316,0.249323,-1.04499
9.49,9.03039,3.31086,0.425787,0.665047,13.6293,11.7853,0.436648,1.55237,18.1214,2.05004,0.319642,-0.204204,4.54771,18.6434,0.976052,0.986251,9.50244,18.6923,0.341976,1.19,0.949788,7.87785,1.65974,-0.083006,1.41674,17.7668,0.500099,-1.11556,17.4403,13.8836,-1.10287,0.342549,13.6303,4.45522,0.00463953,1.69451,11.0666,13.7211,0.249376,-1.04503
9.5,9.03465,3.31751,0.425791,0.665048,13.6337,11.8008,0.4366,1.55241,18.1246,2.04799,0.319639,-0.204203,4.55747,18.6533,0.975996,0.986234,9.50586,18.7042,0.341974,1.19,0.966386,7.87702,1.65974,-0.083006,1.42174,17.7557,0.500159,-1.11555,17.4292,13.887,-1.10288,0.342545,13.6303,4.47217,0.00463754,1.69451,11.0691,13.7107,0.249431,-1.04507
9.51,9.0389,3.32417,0.425796,0.665049,13.6381,11.8163,0.436551,1.55246,18.1278,2.04595,0.319637,-0.204202,4.56723,18.6632,0.975942,0.986217,9.50928,18.7161,0.341971,1.18999,0.982983,7.87619,1.65974,-0.083006,1.42674,17.7445,0.500217,-1.11553,17.4182,13.8904,-1.10289,0.342541,13.6303,4.48911,0.00463551,1.69451,11.0716,13.7002,0.249488,-1.04511
9.52,9.04316,3.33082,0.4258,0.66505,13.6424,11.8319,0.436499,1.55251,18.131,2.04391,0.319634,-0.2042,4.57699,18.673,0.975889,0.986201,9.5127,18.728,0.341968,1.18999,0.99958,7.87536,1.65974,-0.0830059,1.43175,17.7334,0.500273,-1.11551,17.4072,13.8939,-1.10289,0.342537,13.6304,4.50606,0.00463342,1.6945,11.0741,13.6898,0.249547,-1.04515
9.53,9.04742,3.33747,0.425804,0.665051,13.6468,11.8474,0.436445,1.55255,18.1342,2.04187,0.319632,-0.204199,4.58675,18.6829,0.975837,0.986184,9.51612,18.7399,0.341966,1.18999,1.01618,7.87453,1.65974,-0.0830059,1.43675,17.7222,0.500329,-1.1155,17.3962,13.8973,-1.1029,0.342532,13.6304,4.523,0.00463129,1.6945,11.0766,13.6793,0.249609,-1.04519
9.54,9.05168,3.34412,0.425809,0.665053,13.6512,11.8629,0.43639,1.5526,18.1374,2.03983,0.31963,-0.204198,4.59651,18.6927,0.975787,0.986167,9.51954,18.7518,0.341963,1.18999,1.03278,7.8737,1.65974,-0.0830059,1.44175,17.711,0.500383,-1.11548,17.3851,13.9007,-1.10291,0.342528,13.6305,4.53995,0.00462911,1.6945,11.079,13.6689,0.249672,-1.04524
9.55,9.05594,3.35077,0.425813,0.665054,13.6555,11.8785,0.436333,1.55265,18.1406,2.03778,0.319628,-0.204197,4.60627,18.7026,0.975737,0.986151,9.52296,18.7637,0.34196,1.18999,1.04937,7.87287,1.65974,-0.0830059,1.44676,17.6999,0.500435,-1.11546,17.3741,13.9042,-1.10292,0.342523,13.6305,4.55689,0.00462689,1.6945,11.0815,13.6584,0.249738,-1.04528
9.56,9.0602,3.35742,0.425818,0.665055,13.6599,11.894,0.436273,1.5527,18.1438,2.03574,0.319626,-0.204196,4.61602,18.7125,0.97569,0.986134,9.52638,18.7756,0.341957,1.18998,1.06597,7.87204,1.65974,-0.0830059,1.45176,17.6887,0.500487,-1.11545,17.3631,13.9076,-1.10293,0.342518,13.6306,4.57384,0.00462462,1.69449,11.084,13.648,0.249806,-1.04532
9.57,9.06445,3.36407,0.425822,0.665056,13.6643,11.9095,0.436211,1.55276,18.147,2.0337,0.319623,-0.204194,4.62578,18.7223,0.975643,0.986118,9.5298,18.7875,0.341954,1.18998,1.08257,7.87121,1.65974,-0.0830058,1.45677,17.6776,0.500537,-1.11543,17.352,13.911,-1.10294,0.342513,13.6306,4.59078,0.00462231,1.69449,11.0865,13.6375,0.249877,-1.04537
9.58,9.06871,3.37072,0.425826,0.665058,13.6686,11.925,0.436148,1.55281,18.1502,2.03166,0.319621,-0.204193,4.63554,18.7322,0.975598,0.986102,9.53322,18.7994,0.341951,1.18998,1.09916,7.87038,1.65974,-0.0830058,1.46177,17.6664,0.500586,-1.11542,17.341,13.9144,-1.10295,0.342508,13.6307,4.60773,0.00461996,1.69449,11.089,13.6271,0.24995,-1.04542
9.59,9.07297,3.37737,0.425831,0.665059,13.673,11.9406,0.436082,1.55286,18.1534,2.02962,0.319619,-0.204192,4.64529,18.7421,0.975554,0.986085,9.53664,18.8113,0.341948,1.18998,1.11576,7.86955,1.65974,-0.0830058,1.46678,17.6553,0.500634,-1.1154,17.33,13.9179,-1.10296,0.342503,13.6307,4.62467,0.00461756,1.69449,11.0915,13.6166,0.250025,-1.04546
9.6,9.07723,3.38402,0.425835,0.66506,13.6773,11.9561,0.436014,1.55292,18.1566,2.02758,0.319617,-0.204191,4.65505,18.7519,0.975511,0.986069,9.54006,18.8232,0.341945,1.18998,1.13236,7.86872,1.65974,-0.0830058,1.47179,17.6441,0.50068,-1.11538,17.319,13.9213,-1.10297,0.342497,13.6308,4.64161,0.00461512,1.69449,11.094,13.6062,0.250103,-1.04551
9.61,9.08149,3.39067,0.42584,0.665061,13.6817,11.9716,0.435943,1.55298,18.1598,2.02553,0.319615,-0.20419,4.6648,18.7618,0.97547,0.986054,9.54348,18.8351,0.341942,1.18997,1.14896,7.86789,1.65974,-0.0830058,1.47679,17.633,0.500725,-1.11537,17.3079,13.9247,-1.10298,0.342492,13.6308,4.65856,0.00461264,1.69448,11.0965,13.5957,0.250184,-1.04556
9.62,9.08575,3.39732,0.425844,0.665063,13.6861,11.9871,0.435871,1.55303,18.163,2.02349,0.319613,-0.204189,4.67456,18.7716,0.97543,0.986038,9.5469,18.847,0.341939,1.18997,1.16555,7.86706,1.65974,-0.0830057,1.4818,17.6218,0.50077,-1.11535,17.2969,13.9281,-1.10299,0.342486,13.6309,4.6755,0.00461012,1.69448,11.099,13.5853,0.250267,-1.04561
9.63,9.09,3.40397,0.425849,0.665064,13.6904,12.0027,0.435795,1.55309,18.1662,2.02145,0.319611,-0.204187,4.68431,18.7815,0.97539,0.986022,9.55032,18.8589,0.341935,1.18997,1.18215,7.86623,1.65974,-0.0830057,1.48681,17.6107,0.500813,-1.11534,17.2859,13.9316,-1.10301,0.34248,13.6309,4.69245,0.00460756,1.69448,11.1015,13.5748,0.250354,-1.04566
9.64,9.09426,3.41062,0.425853,0.665065,13.6948,12.0182,0.435718,1.55315,18.1694,2.01941,0.319609,-0.204186,4.69406,18.7914,0.975352,0.986007,9.55373,18.8708,0.341932,1.18997,1.19875,7.8654,1.65974,-0.0830057,1.49182,17.5995,0.500855,-1.11532,17.2748,13.935,-1.10302,0.342474,13.6309,4.70939,0.00460496,1.69448,11.1041,13.5643,0.250443,-1.04572
9.65,9.09852,3.41727,0.425858,0.665067,13.6991,12.0337,0.435638,1.55321,18.1726,2.01737,0.319608,-0.204185,4.70382,18.8012,0.975315,0.985991,9.55715,18.8827,0.341929,1.18997,1.21535,7.86457,1.65974,-0.0830057,1.49683,17.5884,0.500896,-1.11531,17.2638,13.9384,-1.10303,0.342467,13.631,4.72634,0.00460232,1.69448,11.1066,13.5539,0.250535,-1.04577
9.66,9.10278,3.42392,0.425862,0.665068,13.7035,12.0493,0.435555,1.55327,18.1758,2.01532,0.319606,-0.204184,4.71357,18.8111,0.97528,0.985976,9.56057,18.8946,0.341925,1.18997,1.23194,7.86374,1.65974,-0.0830057,1.50183,17.5772,0.500935,-1.11529,17.2528,13.9418,-1.10304,0.342461,13.631,4.74328,0.00459965,1.69447,11.1091,13.5434,0.25063,-1.04582
9.67,9.10704,3.43057,0.425866,0.665069,13.7078,12.0648,0.43547,1.55334,18.179,2.01328,0.319604,-0.204183,4.72332,18.8209,0.975245,0.985961,9.56399,18.9065,0.341922,1.18996,1.24854,7.86291,1.65974,-0.0830056,1.50684,17.5661,0.500974,-1.11528,17.2417,13.9452,-1.10306,0.342454,13.6311,4.76023,0.00459694,1.69447,11.1116,13.533,0.250728,-1.04588
9.68,9.1113,3.43723,0.425871,0.665071,13.7122,12.0803,0.435382,1.5534,18.1821,2.01124,0.319602,-0.204182,4.73308,18.8308,0.975211,0.985946,9.56741,18.9184,0.341918,1.18996,1.26514,7.86208,1.65974,-0.0830056,1.51185,17.5549,0.501012,-1.11526,17.2307,13.9487,-1.10307,0.342447,13.6311,4.77717,0.00459419,1.69447,11.1141,13.5225,0.250829,-1.04593
9.69,9.11556,3.44388,0.425875,0.665072,13.7166,12.0959,0.435292,1.55346,18.1853,2.0092,0.319601,-0.204181,4.74283,18.8407,0.975178,0.985932,9.57083,18.9303,0.341915,1.18996,1.28174,7.86125,1.65974,-0.0830056,1.51686,17.5437,0.501049,-1.11525,17.2197,13.9521,-1.10308,0.34244,13.6312,4.79412,0.00459141,1.69447,11.1166,13.512,0.250933,-1.04599
9.7,9.11981,3.45053,0.42588,0.665074,13.7209,12.1114,0.435199,1.55353,18.1885,2.00716,0.319599,-0.20418,4.75258,18.8505,0.975147,0.985917,9.57425,18.9422,0.341911,1.18996,1.29833,7.86042,1.65974,-0.0830056,1.52187,17.5326,0.501085,-1.11523,17.2086,13.9555,-1.1031,0.342432,13.6312,4.81106,0.00458859,1.69447,11.1191,13.5016,0.25104,-1.04604
9.71,9.12407,3.45718,0.425884,0.665075,13.7253,12.1269,0.435103,1.55359,18.1917,2.00511,0.319597,-0.204179,4.76233,18.8604,0.975116,0.985903,9.57767,18.9541,0.341908,1.18996,1.31493,7.85959,1.65974,-0.0830055,1.52689,17.5214,0.50112,-1.11522,17.1976,13.9589,-1.10311,0.342425,13.6313,4.82801,0.00458574,1.69446,11.1216,13.4911,0.251151,-1.0461
9.72,9.12833,3.46383,0.425889,0.665076,13.7296,12.1425,0.435005,1.55366,18.1949,2.00307,0.319596,-0.204178,4.77208,18.8702,0.975086,0.985889,9.58109,18.966,0.341904,1.18996,1.33153,7.85876,1.65974,-0.0830055,1.5319,17.5103,0.501154,-1.1152,17.1866,13.9624,-1.10313,0.342417,13.6313,4.84495,0.00458286,1.69446,11.1241,13.4807,0.251264,-1.04616
9.73,9.13259,3.47048,0.425893,0.665078,13.734,12.158,0.434903,1.55373,18.1981,2.00103,0.319594,-0.204177,4.78183,18.8801,0.975057,0.985875,9.58451,18.9779,0.3419,1.18996,1.34813,7.85793,1.65974,-0.0830055,1.53691,17.4991,0.501187,-1.11519,17.1756,13.9658,-1.10315,0.342408,13.6314,4.8619,0.00457995,1.69446,11.1266,13.4702,0.251381,-1.04622
9.74,9.13685,3.47713,0.425898,0.665079,13.7383,12.1736,0.434799,1.5538,18.2013,1.99899,0.319592,-0.204176,4.79158,18.89,0.975029,0.985861,9.58793,18.9898,0.341896,1.18995,1.36472,7.8571,1.65974,-0.0830055,1.54192,17.488,0.501219,-1.11518,17.1645,13.9692,-1.10316,0.3424,13.6314,4.87884,0.004577,1.69446,11.1291,13.4597,0.251502,-1.04628
9.75,9.14111,3.48378,0.425902,0.665081,13.7427,12.1891,0.434693,1.55387,18.2045,1.99695,0.319591,-0.204175,4.80133,18.8998,0.975002,0.985848,9.59135,19.0017,0.341893,1.18995,1.38132,7.85627,1.65974,-0.0830055,1.54693,17.4768,0.50125,-1.11516,17.1535,13.9726,-1.10318,0.342391,13.6314,4.89579,0.00457402,1.69446,11.1317,13.4493,0.251626,-1.04633
9.76,9.14537,3.49043,0.425907,0.665082,13.747,12.2046,0.434583,1.55394,18.2077,1.99491,0.319589,-0.204174,4.81108,18.9097,0.974976,0.985834,9.59476,19.0136,0.341889,1.18995,1.39792,7.85544,1.65974,-0.0830054,1.55195,17.4657,0.501281,-1.11515,17.1425,13.9761,-1.1032,0.342382,13.6315,4.91273,0.00457102,1.69445,11.1342,13.4388,0.251753,-1.04639
9.77,9.14963,3.49708,0.425911,0.665084,13.7513,12.2202,0.434471,1.55401,18.2109,1.99286,0.319588,-0.204173,4.82083,18.9195,0.974951,0.985821,9.59818,19.0255,0.341885,1.18995,1.41451,7.85461,1.65974,-0.0830054,1.55696,17.4545,0.50131,-1.11514,17.1314,13.9795,-1.10322,0.342373,13.6315,4.92967,0.00456798,1.69445,11.1367,13.4283,0.251884,-1.04645
9.78,9.15389,3.50373,0.425916,0.665085,13.7557,12.2357,0.434355,1.55408,18.2141,1.99082,0.319586,-0.204172,4.83058,18.9294,0.974926,0.985808,9.6016,19.0374,0.341881,1.18995,1.43111,7.85378,1.65974,-0.0830054,1.56197,17.4434,0.501339,-1.11512,17.1204,13.9829,-1.10324,0.342363,13.6316,4.94662,0.00456491,1.69445,11.1392,13.4179,0.252018,-1.04651
9.79,9.15815,3.51038,0.42592,0.665087,13.76,12.2513,0.434237,1.55415,18.2173,1.98878,0.319585,-0.204171,4.84033,18.9392,0.974903,0.985795,9.60502,19.0493,0.341877,1.18995,1.44771,7.85295,1.65974,-0.0830054,1.56699,17.4322,0.501367,-1.11511,17.1094,13.9863,-1.10326,0.342353,13.6316,4.96356,0.00456182,1.69445,11.1417,13.4074,0.252156,-1.04657
9.8,9.1624,3.51704,0.425925,0.665088,13.7644,12.2668,0.434116,1.55422,18.2205,1.98674,0.319583,-0.20417,4.85008,18.9491,0.97488,0.985783,9.60844,19.0612,0.341873,1.18995,1.46431,7.85212,1.65974,-0.0830054,1.572,17.4211,0.501395,-1.1151,17.0983,13.9898,-1.10328,0.342342,13.6317,4.98051,0.0045587,1.69445,11.1443,13.397,0.252297,-1.04663
9.81,9.16666,3.52369,0.425929,0.66509,13.7687,12.2823,0.433993,1.55429,18.2237,1.9847,0.319582,-0.204169,4.85983,18.959,0.974858,0.98577,9.61186,19.0731,0.341869,1.18995,1.4809,7.85129,1.65974,-0.0830053,1.57701,17.4099,0.501421,-1.11508,17.0873,13.9932,-1.1033,0.342332,13.6317,4.99745,0.00455555,1.69444,11.1468,13.3865,0.252442,-1.04669
9.82,9.17092,3.53034,0.425934,0.665091,13.7731,12.2979,0.433866,1.55436,18.2269,1.98266,0.319581,-0.204168,4.86958,18.9688,0.974837,0.985758,9.61528,19.085,0.341865,1.18994,1.4975,7.85046,1.65974,-0.0830053,1.58203,17.3988,0.501447,-1.11507,17.0763,13.9966,-1.10332,0.34232,13.6318,5.0144,0.00455238,1.69444,11.1493,13.376,0.25259,-1.04676
9.83,9.17518,3.53699,0.425938,0.665093,13.7774,12.3134,0.433737,1.55444,18.2301,1.98061,0.319579,-0.204168,4.87933,18.9787,0.974816,0.985746,9.6187,19.0969,0.341861,1.18994,1.5141,7.84963,1.65974,-0.0830053,1.58704,17.3876,0.501472,-1.11506,17.0652,14,-1.10335,0.342309,13.6318,5.03134,0.00454918,1.69444,11.1518,13.3655,0.252742,-1.04682
9.84,9.17944,3.54364,0.425943,0.665095,13.7817,12.329,0.433605,1.55451,18.2333,1.97857,0.319578,-0.204167,4.88907,18.9885,0.974796,0.985734,9.62211,19.1088,0.341856,1.18994,1.5307,7.8488,1.65974,-0.0830053,1.59206,17.3765,0.501497,-1.11505,17.0542,14.0035,-1.10337,0.342297,13.6319,5.04829,0.00454595,1.69444,11.1544,13.3551,0.252898,-1.04688
9.85,9.1837,3.55029,0.425947,0.665096,13.7861,12.3445,0.43347,1.55458,18.2365,1.97653,0.319577,-0.204166,4.89882,18.9984,0.974777,0.985723,9.62553,19.1207,0.341852,1.18994,1.54729,7.84797,1.65974,-0.0830053,1.59707,17.3653,0.501521,-1.11504,17.0432,14.0069,-1.1034,0.342285,13.6319,5.06523,0.0045427,1.69444,11.1569,13.3446,0.253057,-1.04694
9.86,9.18796,3.55694,0.425952,0.665098,13.7904,12.3601,0.433333,1.55466,18.2397,1.97449,0.319575,-0.204165,4.90857,19.0082,0.974759,0.985711,9.62895,19.1326,0.341848,1.18994,1.56389,7.84714,1.65974,-0.0830052,1.60209,17.3542,0.501544,-1.11503,17.0321,14.0103,-1.10342,0.342272,13.632,5.08217,0.00453943,1.69443,11.1594,13.3341,0.25322,-1.047
9.87,9.19222,3.56359,0.425956,0.665099,13.7947,12.3756,0.433193,1.55473,18.2429,1.97245,0.319574,-0.204164,4.91832,19.0181,0.974741,0.9857,9.63237,19.1445,0.341843,1.18994,1.58049,7.84631,1.65974,-0.0830052,1.6071,17.343,0.501566,-1.11501,17.0211,14.0137,-1.10345,0.342258,13.632,5.09912,0.00453613,1.69443,11.162,13.3237,0.253386,-1.04706
9.88,9.19648,3.57024,0.425961,0.665101,13.7991,12.3912,0.433051,1.5548,18.2461,1.97041,0.319573,-0.204163,4.92806,19.028,0.974724,0.985689,9.63579,19.1564,0.341839,1.18994,1.59709,7.84548,1.65974,-0.0830052,1.61212,17.3319,0.501588,-1.115,17.0101,14.0171,-1.10348,0.342245,13.632,5.11606,0.00453281,1.69443,11.1645,13.3132,0.253556,-1.04712
9.89,9.20074,3.57689,0.425965,0.665103,13.8034,12.4067,0.432906,1.55488,18.2493,1.96836,0.319572,-0.204162,4.93781,19.0378,0.974707,0.985678,9.63921,19.1683,0.341834,1.18994,1.61368,7.84465,1.65974,-0.0830052,1.61714,17.3207,0.50161,-1.11499,16.999,14.0206,-1.1035,0.342231,13.6321,5.13301,0.00452947,1.69443,11.167,13.3027,0.253729,-1.04717
9.9,9.205,3.58354,0.42597,0.665104,13.8077,12.4223,0.432759,1.55495,18.2525,1.96632,0.319571,-0.204162,4.94756,19.0477,0.974692,0.985668,9.64262,19.1802,0.34183,1.18993,1.63028,7.84382,1.65974,-0.0830052,1.62215,17.3096,0.50163,-1.11498,16.988,14.024,-1.10353,0.342216,13.6321,5.14995,0.00452611,1.69442,11.1696,13.2923,0.253906,-1.04723
9.91,9.20926,3.5902,0.425974,0.665106,13.812,12.4378,0.432609,1.55502,18.2557,1.96428,0.319569,-0.204161,4.9573,19.0575,0.974677,0.985657,9.64604,19.1921,0.341825,1.18993,1.64688,7.84299,1.65974,-0.0830051,1.62717,17.2984,0.50165,-1.11497,16.977,14.0274,-1.10357,0.342201,13.6322,5.1669,0.00452273,1.69442,11.1721,13.2818,0.254086,-1.04729
9.92,9.21352,3.59685,0.425979,0.665108,13.8164,12.4534,0.432457,1.5551,18.2588,1.96224,0.319568,-0.20416,4.96705,19.0674,0.974662,0.985647,9.64946,19.204,0.341821,1.18993,1.66348,7.84216,1.65974,-0.0830051,1.63218,17.2873,0.50167,-1.11496,16.9659,14.0308,-1.1036,0.342185,13.6322,5.18384,0.00451932,1.69442,11.1746,13.2713,0.25427,-1.04735
9.93,9.21778,3.6035,0.425983,0.665109,13.8207,12.4689,0.432304,1.55517,18.262,1.9602,0.319567,-0.204159,4.9768,19.0772,0.974648,0.985637,9.65288,19.2159,0.341816,1.18993,1.68007,7.84133,1.65974,-0.0830051,1.6372,17.2761,0.501689,-1.11495,16.9549,14.0343,-1.10363,0.342168,13.6323,5.20078,0.0045159,1.69442,11.1772,13.2608,0.254457,-1.0474
9.94,9.22204,3.61015,0.425988,0.665111,13.825,12.4845,0.432148,1.55524,18.2652,1.95816,0.319566,-0.204159,4.98654,19.0871,0.974635,0.985627,9.6563,19.2278,0.341811,1.18993,1.69667,7.8405,1.65974,-0.0830051,1.64222,17.265,0.501707,-1.11494,16.9438,14.0377,-1.10367,0.342151,13.6323,5.21773,0.00451246,1.69442,11.1797,13.2504,0.254647,-1.04746
9.95,9.2263,3.6168,0.425992,0.665113,13.8293,12.5,0.43199,1.55531,18.2684,1.95611,0.319565,-0.204158,4.99629,19.097,0.974622,0.985617,9.65972,19.2397,0.341807,1.18993,1.71327,7.83967,1.65974,-0.0830051,1.64724,17.2538,0.501725,-1.11493,16.9328,14.0411,-1.1037,0.342134,13.6324,5.23467,0.00450899,1.69441,11.1823,13.2399,0.25484,-1.04751
9.96,9.23056,3.62345,0.425997,0.665115,13.8337,12.5156,0.431831,1.55538,18.2716,1.95407,0.319564,-0.204157,5.00604,19.1068,0.974609,0.985608,9.66313,19.2516,0.341802,1.18993,1.72987,7.83884,1.65974,-0.083005,1.65225,17.2427,0.501743,-1.11492,16.9218,14.0445,-1.10374,0.342115,13.6324,5.25162,0.00450551,1.69441,11.1848,13.2294,0.255037,-1.04756
9.97,9.23482,3.6301,0.426001,0.665116,13.838,12.5311,0.43167,1.55546,18.2748,1.95203,0.319563,-0.204156,5.01578,19.1167,0.974598,0.985599,9.66655,19.2635,0.341797,1.18993,1.74646,7.83801,1.65974,-0.083005,1.65727,17.2315,0.50176,-1.11491,16.9107,14.0479,-1.10378,0.342096,13.6324,5.26856,0.00450202,1.69441,11.1874,13.2189,0.255237,-1.04762
9.98,9.23908,3.63675,0.426006,0.665118,13.8423,12.5467,0.431508,1.55553,18.278,1.94999,0.319562,-0.204156,5.02553,19.1265,0.974586,0.985589,9.66997,19.2754,0.341792,1.18993,1.76306,7.83718,1.65974,-0.083005,1.66229,17.2204,0.501776,-1.1149,16.8997,14.0514,-1.10382,0.342077,13.6325,5.2855,0.0044985,1.69441,11.1899,13.2085,0.255439,-1.04767
9.99,9.24334,3.6434,0.42601,0.66512,13.8466,12.5622,0.431344,1.5556,18.2812,1.94795,0.319561,-0.204155,5.03527,19.1364,0.974576,0.98558,9.67339,19.2873,0.341787,1.18993,1.77966,7.83635,1.65974,-0.083005,1.66731,17.2092,0.501792,-1.11489,16.8887,14.0548,-1.10386,0.342056,13.6325,5.30245,0.00449497,1.69441,11.1925,13.198,0.255645,-1.04772
10,9.2476,3.65006,0.426015,0.665122,13.8509,12.5778,0.43118,1.55567,18.2844,1.94591,0.31956,-0.204154,5.04502,19.1462,0.974565,0.985572,9.67681,19.2992,0.341782,1.18993,1.79625,7.83552,1.65974,-0.083005,1.67232,17.1981,0.501808,-1.11489,16.8776,14.0582,-1.10391,0.342035,13.6326,5.31939,0.00449142,1.6944,11.1951,13.1875,0.255853,-1.04776
