0.0965962
0.00800211
0.375628
0.426677
0.428743
0.178967
0.34636
-0.171293
-0.154138
0.850561
0.00326128
0.7544
-0.700769
0.0386907
0.373944
0.952442
0.329165
1.33731
0.312601
-0.0420443
-0.196331
-0.899634
-0.369196
-0.191055
0.470778
-0.47716
-1.05705
0.130439
0.606897
0.337095
-0.0325125
0.283463
1.02446
-0.442295
0.594506
0.0405727
1.10479
0.881688
-0.698101
-0.345209
-0.179508
1.75402
-1.63053
0.4337
-0.577864
-0.770692
2.02742
0.876657
-0.232564
-0.160513
0.0937273
-0.212621
-0.345474
0.785512
-1.28351
-0.312119
-0.0328169
-0.409569
0.871461
0.970671
0.0975866
-0.499074
-0.0598384
1.18649
-0.0243361
-0.917788
-1.10256
-0.0603295
0.295826
0.468824
0.895275
0.214583
-0.820926
-0.549868
-0.0328628
-1.27925
-1.03229
-0.0822801
0.0660178
-0.142305
-0.12794
1.09807
-0.423844
1.8748
0.232993
0.329388
-0.0318707
-0.743482
-0.651346
-0.635187
-0.293327
-0.147193
-0.828159
0.438917
0.168136
-0.344038
0.432947
0.397803
-1.04577
-0.26901
0.941982
-0.720204
1.31489
1.89064
-0.638532
-1.02069
0.207572
-0.0563055
-0.504879
0.325215
0.5014
0.897032
-0.530592
1.45893
0.890163
-0.401506
-0.460762
0.259081
0.464448
0.250889
0.849539
0.111406
-0.0672941
-0.982112
-0.109589
-0.613724
0.920316
0.412479
0.131768
-0.0586057
-0.187239
0.367466
-1.01918
1.11308
0.407805
-0.981727
-0.863607
-0.0604143
0.553332
0.628644
0.141143
-0.346974
1.34338
-0.619031
0.0106322
-0.0973977
-0.757833
0.312234
0.710922
1.21217
-0.0584336
-0.836705
0.0679359
0.0537975
0.0538725
-0.255266
-0.665066
1.66057
1.29025
-0.69239
0.341614
-1.22764
0.767884
-1.02091
0.129924
-0.629368
-0.608678
-0.191254
-0.407118
-0.635383
0.949102
-1.1694
0.775679
0.100367
0.573904
-1.15826
0.220902
1.28021
-1.04723
0.35057
-0.477466
0.745044
-1.12493
-0.275862
-0.465692
0.502016
1.23967
-1.02798
-0.576068
0.803731
-0.215003
0.813701
0.151728
0.751867
-0.551684
0.0122584
-0.119172
-0.334359
0.608051
0.00379325
0.573606
0.449995
0.0752622
0.691687
-1.838
-0.779845
0.210855
-0.0271657
0.534692
0.551603
0.343253
-0.0466671
-0.339212
0.717688
0.118921
0.625816
0.7352
0.331679
0.259639
0.602665
-0.0710499
-0.216685
0.860275
0.0981769
-0.0994753
-0.619057
-0.531984
1.34017
0.187366
-0.086816
-1.01132
-0.457583
-1.20981
0.589395
-0.0343724
1.27355
0.751855
0.151262
-0.651712
0.332569
0.415424
-0.825891
-0.503499
-0.637774
0.122437
0.057094
0.201525
0.641846
-0.41656
-0.389136
0.542578
-0.274588
-0.897201
-1.98698
0.150896
0.8233
-0.637838
-0.016974
1.28643
0.236169
0.376444
-0.250096
-1.67699
-0.740196
0.377956
-0.697031
1.19857
0.445525
-0.198134
0.442188
0.503471
-0.409532
0.106111
0.994774
0.0377825
-1.1058
-0.57579
-0.171818
0.272254
-0.289708
1.4877
0.256177
0.884034
-0.556036
-1.09131
-0.755651
0.242012
0.882106
0.0687845
-0.553205
0.802494
0.555966
-1.22204
0.52202
-0.848518
-0.199982
0.475682
0.531533
0.947592
0.241777
0.417543
1.30878
-0.496859
0.726328
-0.365892
-1.10082
-0.770492
-0.36451
0.77229
0.112187
-0.0830491
0.753874
0.943632
0.449433
0.248313
-0.870505
-0.710683
1.88544
0.0674305
-0.291066
0.586094
1.29159
-0.116596
-0.715232
0.47542
0.184516
-0.212815
0.561726
-0.781901
0.178627
-0.753834
1.27813
-0.270736
0.775335
-0.0830664
0.571796
0.775993
-0.0131873
0.340585
0.742153
-0.603191
-0.681528
0.183409
0.352688
0.048431
-0.815882
-0.258396
0.280203
-0.313263
0.414729
0.588872
-0.570543
1.19248
0.496492
0.108405
-0.251879
1.17251
0.388966
-0.725933
0.150042
-0.90139
0.46598
-0.927736
0.569903
0.385924
-1.00774
-0.29448
0.556559
-0.455367
0.0439131
-0.526918
0.407191
-1.72301
-0.589109
0.105341
-0.796583
0.105435
0.506957
-0.649419
0.293717
-0.830992
0.633199
-0.780211
0.773056
0.420948
0.488651
0.576569
0.353135
-0.0729497
-0.197374
-0.548206
-0.770502
0.863875
0.675828
-0.785742
-0.142394
0.711945
0.0248334
-0.41663
0.0464856
0.192765
0.273919
-0.465092
-0.237529
0.746168
-1.50551
0.018501
0.947347
0.597766
0.409655
-0.29027
-0.13543
0.0217222
-0.630082
1.97469
0.136805
0.71215
-0.43489
1.7041
-0.694855
-1.11808
-0.0995721
-0.130094
0.181093
0.321546
-0.281766
-0.790803
1.07058
0.2021
-0.84175
-0.122335
0.163249
1.10309
-0.0102519
-0.459214
-0.341514
1.26542
-0.218508
-0.515275
-0.843695
0.41316
-0.235876
-0.472662
-1.08331
0.159589
-0.956504
0.265345
-0.916983
0.071912
-0.684894
0.912728
0.708479
0.311792
0.0852807
0.235582
0.910867
-1.16872
1.62384
0.464389
-0.731811
0.8388
-0.910254
-0.344741
-0.0217883
-0.945657
-1.38002
0.456205
1.84963
-1.02084
-0.249207
0.21843
0.0163994
0.10974
0.38515
0.5043
-0.520634
-0.37787
0.0989416
0.78901
-0.474924
-0.228604
1.35833
-0.333014
0.0181028
0.387164
-0.975346
0.937666
-0.078499
-0.264241
-0.982064
0.139769
0.885329
-0.3208
-0.505226
0.238582
0.68859
-0.0591928
0.261998
1.29989
-0.928095
-0.337311
0.1519
0.123966
0.0844462
0.973395
0.462501
-0.364318
-0.919186
-0.438552
0.279514
0.377352
-0.113939
0.430301
-1.38429
-0.171282
0.583689
-0.856697
-2.01151
0.551997
0.062804
0.236692
-0.324587
0.36946
0.117667
0.330257
0.721783
0.113283
0.627506
-1.54132
-0.131874
-0.0539155
-0.20816
0.0630601
-0.285193
0.447393
-0.508853
-0.408451
0.0516038
0.63607
0.301078
-1.16312
-0.201145
-1.24486
-0.584264
0.689476
-0.299087
0.453212
0.320095
-0.160089
0.726194
0.283963
-0.332011
1.42068
-0.551467
1.5562
0.477882
-0.360218
-0.598833
-0.325027
0.849275
-1.14181
-0.385395
0.555807
-0.678981
-0.0143774
0.827484
0.198052
0.688279
0.549846
-0.350315
0.98333
-0.23819
-0.837718
-0.717309
0.82184
-0.418686
0.151172
0.654573
1.60161
0.355984
0.307095
0.0265469
1.65025
-0.211209
1.33305
-0.252952
0.878087
0.494153
0.953592
-0.365619
-0.257575
-1.67364
-1.97599
-0.0267315
0.706457
0.0535712
-1.71863
0.6258
0.751927
-0.0779739
0.882502
-0.679563
-0.341662
-1.11199
0.598612
0.0879372
0.0269298
-0.164889
1.1859
-0.328378
-0.55657
0.388184
-0.375102
0.770524
1.03762
0.120086
-1.09557
-0.970852
-1.67294
-0.040028
0.406608
-0.150842
-0.884244
-0.348426
-0.308039
0.247565
1.25697
1.30231
-1.23988
-0.814256
-0.465153
-0.1524
-0.133305
0.802462
0.190248
0.190075
-0.266394
-0.609976
0.471702
1.02629
1.25306
0.172071
1.4365
0.891113
0.767956
1.11851
-0.578492
0.519028
0.187711
-0.517155
1.06195
-0.201005
-0.410192
0.292183
-0.221582
0.215519
-0.468276
-0.0173746
0.417522
0.771845
-0.207574
0.66725
0.412392
0.693088
0.91941
-0.779122
0.268871
0.869486
-1.38929
0.652755
0.0276316
-0.288008
1.57991
-0.392269
0.138945
0.127642
0.727956
-0.307301
0.632133
0.497894
-0.258568
-0.111805
-0.310171
-0.203458
-0.671978
-1.52799
-0.0717087
0.207001
-0.246218
0.10998
-1.0898
0.576426
-0.0898141
-1.41675
-0.881771
0.500505
-0.00350987
-0.231947
0.650429
0.54925
0.748985
-0.785898
0.803689
-1.21226
0.112619
0.0236038
0.972624
0.154153
-0.187877
-1.47654
0.350435
0.394531
-0.436838
0.682649
0.834029
-0.855913
0.276971
0.161807
-0.229933
0.200872
0.787472
1.40642
1.95857
0.501853
-0.362415
-0.732474
-1.39031
0.316314
-0.0438581
-0.277464
-0.707686
-2.18051
-0.675038
-0.369409
0.371805
0.470136
0.303368
-0.803677
-0.320271
-0.288627
0.687663
-0.369305
-0.0884404
0.717908
-0.723868
-0.327135
0.959207
-0.740323
1.12423
1.51431
0.765751
0.784741
-1.82059
1.25332
-0.105102
0.148694
1.56763
-1.13079
0.22123
-1.49674
-0.333664
-0.922008
-0.54837
0.765459
1.28501
-0.125846
0.55426
0.1508
2.20168
-0.555296
0.41145
0.278776
-0.516026
-0.776908
0.0685824
-0.701725
-0.896932
0.687064
0.108273
0.230219
0.124028
0.200219
0.317411
-0.115081
-0.764208
-1.23344
-0.458986
0.759654
-0.554403
0.191346
0.456434
1.07254
0.675361
1.01215
0.560426
0.198981
-0.700715
-0.999743
-0.206526
0.734546
0.0683423
0.214499
0.0769814
-0.255906
-0.425532
-0.427644
-0.430128
-0.322977
-0.11021
-1.57118
-0.473994
-0.146054
-0.39072
0.447495
0.0209569
-0.666415
-1.29223
-0.144945
-0.438793
-0.189676
0.593459
-1.11159
0.27727
-1.92495
0.658656
0.536747
-0.165612
-0.0295452
-0.5142
1.44663
1.31862
0.372392
-0.133014
-0.32863
-1.1238
0.51088
0.116227
-0.785434
-0.0730759
-0.714154
-0.471744
-0.158377
0.576022
0.475673
0.659604
-0.00901887
-0.151796
-0.868287
0.744635
-0.881569
0.592919
2.05819
0.0734584
0.612297
-1.37815
0.858342
0.293427
-0.657196
0.248244
0.349195
-0.459427
0.800807
0.328029
-0.129452
0.471277
-0.269911
-0.38618
-0.116718
0.112866
0.185973
-0.0690935
-0.459136
0.586108
-0.214837
-0.0497644
1.15799
0.697441
-0.405506
-0.0357399
0.0343203
-0.292208
0.759551
0.909679
0.878867
-0.532272
1.66313
0.230987
0.685275
-0.985452
0.772889
-0.204431
-0.0333464
-0.664774
0.438145
0.0339775
-0.659074
-0.661724
-0.394344
0.402916
1.1191
-0.359546
1.01556
1.75391
0.00548133
0.49392
-0.00870607
-0.836171
1.06136
1.05123
-0.0930748
1.22034
0.852545
1.68374
-0.986821
1.05618
-0.473433
-0.404848
1.17984
1.21631
0.269861
-0.348823
0.214819
0.160796
0.283091
0.469479
-0.997202
-1.66144
0.373473
-0.68097
-0.0897734
0.0196746
-1.64007
0.493378
0.944746
0.449496
0.068961
0.906022
0.303193
-1.26369
1.35146
2.2142
-0.321495
-1.14323
0.408788
1.28375
-0.949493
-0.315754
1.49928
0.510852
1.12695
-0.14912
0.520307
0.15906
0.175609
-0.0274364
-1.65555
0.851269
-0.137355
-0.368927
0.617807
-0.323679
0.9208
0.724062
1.08726
-1.02464
0.914269
-0.432762
1.00739
-0.701439
-0.249251
-1.14755
-0.829233
-0.735788
0.961454
-0.730449
0.025935
-0.024828
-0.182645
0.728894
-0.0872842
-0.807564
-0.214273
-0.396337
-0.494093
-0.831023
-0.966068
-0.540281
-0.369476
-0.0652166
0.516594
-0.0678688
-1.10987
-0.247002
1.34806
-0.375857
0.138556
-0.22141
-1.19027
0.748385
0.88247
0.219391
-0.979742
0.723575
-0.255281
0.0269941
-0.0904016
0.0167599
0.0777665
0.759469
0.404645
1.03452
-0.0230116
0.0167328
-1.01785
-1.22343
0.380795
1.04641
0.320003
-0.558974
0.498968
-1.45364
-0.461602
0.39208
0.904851
0.544523
0.231152
-0.436891
-1.60904
0.102789
-0.211277
-0.55443
0.0601522
-0.123498
-0.125858
-0.0959272
-0.800321
-1.14012
-0.25658
1.11371
1.01027
0.240187
-0.701667
-1.61011
0.61426
-1.15089
0.7587
-0.808374
0.360551
0.0587813
0.00363648
-0.382481
-0.863538
-1.41915
0.680384
-1.54158
-0.385765
-0.404638
0.214349
0.715169
0.234308
0.164031
0.738078
0.179589
-0.175754
0.447474
0.430671
-0.812417
-0.352293
0.635638
0.338877
0.13443
0.758364
-1.09606
0.739004
1.35242
-0.987977
-0.5456
1.54134
-0.109645
-0.624783
-0.358339
-0.921915
-0.078201
0.291042
-0.911061
-0.115549
0.613331
0.574037
-0.209009
0.8219
-1.3953
0.181431
1.83266
-0.374389
0.323799
-0.623621
-0.150841
-1.25055
0.524944
-0.152415
-0.230444
-1.02473
1.37056
-1.07002
-0.51721
-1.23211
-0.452427
-0.167397
-0.862316
-0.277705
0.872555
0.277141
-0.572154
0.15189
-0.219347
0.632726
-0.693423
-0.119293
0.282637
-0.248308
-0.177706
-0.245311
0.444539
-0.277413
0.370479
-1.10548
0.456342
-0.478825
-1.68958
-0.800654
-1.06179
0.0305631
-0.336712
-0.00531294
1.22715
0.903389
-0.636051
-0.0122422
-0.399102
0.678148
0.676927
-1.71695
0.535972
-0.274054
-0.850046
-0.316822
-0.986205
0.249964
-0.412713
-0.427186
-0.946187
-0.845011
-0.25342
-0.30635
1.54503
0.745905
0.0449013
-0.945424
0.367842
0.216874
-0.659249
-1.88423
-0.56911
0.431178
0.348534
-0.782574
-0.192706
0.600452
-1.23615
0.745833
0.506169
1.17203
-0.454903
0.000407757
0.0091044
-0.463047
1.17683
-1.01396
-0.561878
-0.251718
0.216438
-0.616143
-0.863381
-0.231266
0.72325
0.722807
0.289715
-0.140857
-0.854124
0.825991
1.6646
-0.25473
0.113881
-0.285128
-0.983887
0.0507773
0.049365
0.283633
0.287729
0.368097
0.880583
0.0934811
-1.5283
0.00102273
-0.26665
0.392906
-0.512298
0.359263
-0.70014
-1.3403
-0.608405
-0.862876
0.207697
0.943187
-0.242185
-0.500438
0.292273
0.533282
-0.303251
1.10208
0.0411936
0.0782797
-0.799229
-0.855219
1.2627
-0.334335
0.425628
-1.14575
0.305522
0.176724
-0.196816
1.10309
-0.610142
0.891037
0.0728709
-0.158085
-0.370102
-0.679707
-0.735245
1.23374
-0.300815
0.356455
-0.702461
-0.213163
0.120446
1.53019
0.17373
-0.249158
1.1385
0.258032
-0.231493
-0.0151428
0.547759
1.01857
-1.03506
-0.118203
0.104515
1.00741
-0.118109
-0.823838
-0.13763
1.38574
-0.406819
-2.29083
0.0979155
-0.466945
1.98906
-0.301582
-0.0405114
0.128773
-1.03955
-1.22501
-0.1037
1.30383
0.147492
-0.380467
-0.655017
0.71136
1.10214
-0.0112423
0.889142
0.43863
-0.767055
1.13599
-0.246744
-0.58442
-1.33622
-0.729194
1.23446
0.513214
-0.587695
1.39419
0.321902
-0.460187
-0.569397
-0.758868
-0.968627
-0.785738
0.572205
-0.851484
0.519862
0.155347
1.25707
0.181863
-0.626916
0.152131
-0.175739
-0.805621
0.0540033
-0.962351
-0.158622
-0.118106
-0.0635661
0.114415
-0.48854
-0.0989198
-0.177989
1.03027
0.395509
0.935251
0.78797
-0.895822
-0.169163
0.0106461
-0.287037
-1.11381
0.188536
-0.0615822
0.53273
-0.263215
0.562923
0.516855
0.247557
0.0513409
-0.16126
-0.0800205
-0.888377
-0.122191
-0.595856
-0.874253
1.0343
0.464177
-0.231741
0.0945168
0.114152
-0.245201
-0.247715
-0.83495
0.410771
-1.00536
0.217022
0.0195275
0.492264
-0.0309854
0.150131
0.411647
0.606773
0.485472
0.579489
-0.00695601
-0.426278
0.530896
0.733632
1.20149
1.19538
0.857434
-1.37321
1.36402
0.591657
-0.180156
0.124062
-1.02609
-0.903221
1.09826
-0.389122
1.09045
0.987979
0.828918
-0.303595
-0.0766164
-1.49687
1.10214
0.218083
-0.235484
0.365542
-0.941517
-0.215792
0.363469
-0.702803
-0.145984
-1.04105
0.782987
-0.855133
0.491133
2.27111
-0.742868
0.401199
-0.30444
1.42522
0.449461
1.07095
-0.869136
0.932411
-0.0857033
1.15988
-0.654849
-0.253045
1.07452
0.426725
1.05545
-0.335138
-0.759017
-0.040839
-1.06799
-1.00916
-0.868568
-0.898339
0.535936
0.152334
0.637339
0.672969
0.176189
0.152687
-0.94645
-1.29534
-0.575626
0.243905
1.70234
1.25807
0.601828
-0.435453
-0.92764
-0.761542
-0.266389
0.306201
0.92069
0.510619
0.224815
0.388103
-1.01618
-1.28398
0.567302
-0.344697
-0.270152
-0.160763
-0.280137
-0.421117
-0.194499
-0.625749
0.194629
-0.359462
-0.865562
-0.120983
-0.43986
-0.499007
-0.530192
0.146727
0.682596
-1.37469
-0.0120303
0.0340583
0.287341
-0.162954
0.0180042
1.0149
-0.965858
-0.962139
0.579934
0.545854
-0.153971
0.280854
0.284129
-0.560221
1.06884
1.25834
0.369349
-0.82143
0.036759
0.516739
0.962024
-0.91555
-0.728625
0.604508
-0.321022
0.917569
0.456697
-0.165984
0.464257
1.06529
0.803662
-0.442673
-1.2537
1.13354
-0.909206
0.0879204
0.908377
0.446037
0.0382063
-0.785984
0.431034
0.645943
0.567749
0.0977782
-0.314387
0.899758
-0.0769331
0.359176
-0.44821
-0.643664
0.384578
-0.0348208
0.273215
0.0791959
1.55607
-0.328436
-0.604294
0.183702
-0.169978
0.126835
0.838545
-0.229094
-1.34648
-0.782792
-0.809662
-0.718165
-0.769234
0.702421
0.0962919
0.238564
0.0551163
1.12627
-0.50886
1.2281
-1.2738
-0.451838
0.253937
0.0164793
-0.357465
0.710559
1.93218
0.529887
-0.826286
0.75438
-0.695068
-0.933118
1.12355
-0.836815
0.165979
1.14115
1.21533
-0.497113
-1.09317
-1.14794
0.194974
-0.319565
-0.630975
-2.15571
1.50877
0.361453
-0.943839
0.0426299
0.395739
1.04441
-0.605591
0.867617
-0.829891
0.88025
-0.546864
0.056194
0.226264
-0.237832
0.163243
-1.52651
0.209737
0.505612
-0.45905
-0.799729
0.199301
1.54902
1.00029
-0.277549
0.521516
0.192355
0.169306
-0.754814
-0.495472
-0.046629
0.562685
0.68362
-0.427655
0.238816
-0.325343
-1.08788
-0.860627
-0.515476
0.411573
-0.359098
0.420642
0.924887
2.05498
0.538018
-0.077887
1.49346
0.291203
0.279398
0.0591729
0.375928
1.87557
0.324702
-0.0853479
-0.335341
0.291431
-0.559855
0.0823376
-1.32647
-0.347762
-0.381079
-0.623107
-0.548671
0.697983
-1.38097
-0.781088
-0.0725487
-1.1644
0.57004
0.433915
-0.778189
0.79921
-1.02297
-0.411429
0.179592
0.204455
-0.315218
0.103475
0.589215
-0.338734
1.10867
-0.106816
0.32501
-0.429791
0.601663
1.25067
-0.768926
-0.444073
-0.427952
0.132714
-0.093606
-0.714819
0.201248
0.698413
0.636489
-0.0431081
0.692462
-0.375911
-0.31049
-0.786785
-0.60874
0.640761
0.680376
-0.913163
0.53413
-0.771055
0.727768
-0.772426
0.167389
-0.458702
0.540037
0.796995
-1.00435
-0.616559
-0.487104
0.00889357
0.478697
1.41421
1.2657
-0.83874
0.22344
-0.591658
-0.788752
0.0410277
1.08495
-0.454313
-0.0348855
-0.515212
-1.11797
-0.966189
0.421329
0.604222
-0.427064
-0.967368
0.168288
-0.0413014
-0.134723
-0.135757
-0.20819
0.470961
-1.08087
-0.643388
0.377707
0.421591
-0.116861
0.666021
-0.0982061
-0.879729
0.603843
0.344647
0.0175192
-0.675754
0.872196
-0.393436
-0.720701
-1.19022
0.135947
1.61343
0.307363
0.819112
0.903067
0.494908
0.766025
1.01678
0.209506
0.248117
-0.775173
-0.232437
-0.131327
1.12857
0.0823776
-0.283598
-1.59681
1.03092
0.0812769
-1.11482
-1.13716
-0.722962
-0.451049
0.652814
0.530116
-1.0588
0.948275
0.308017
-0.155059
0.579535
0.119201
-0.533808
-0.233156
-0.551807
0.313862
0.175866
0.469966
0.34819
1.25858
-0.146074
0.668
0.0979584
-1.03571
0.511002
-0.0611246
-0.807624
-0.352724
-0.59549
-0.94895
-0.219923
-0.272785
0.378714
0.874446
-0.510184
-0.571444
0.854887
0.197752
-0.43327
-0.632029
0.90914
-0.100274
0.555311
0.0113209
-1.35548
-0.226887
0.332664
-0.276381
0.242687
0.266899
0.00425939
0.250403
-1.04634
-0.111604
1.59026
-1.5464
-0.911808
0.151071
0.76305
0.420844
0.16933
0.986177
0.308693
-0.133179
-0.381745
-0.348334
-0.547065
0.0641155
0.580713
-0.71867
-0.549421
-0.0346008
0.961449
-0.684483
1.10773
-0.646776
0.220882
1.69476
0.674035
-0.404847
-0.635298
0.246039
-0.794849
0.775918
0.760732
0.602193
-0.329174
0.325773
-0.180251
0.68381
1.0132
-0.0958622
-0.504747
0.349516
-0.246411
0.318808
0.0220051
-0.00499081
0.79178
0.0993976
0.479877
0.584186
0.787511
1.07604
-0.198576
-0.495401
-0.4463
0.829815
0.465303
0.467489
0.592702
-1.43503
-0.262472
-0.392458
-0.890628
1.46075
-0.523284
0.951957
0.573217
-0.286293
-0.973175
-0.36323
-0.595338
-1.10682
0.0916203
1.21724
-0.0323971
0.134191
-0.834939
0.729444
-0.383921
0.991636
0.442601
0.898363
-0.660748
-0.0127327
0.179192
1.41024
2.07077
-0.368586
0.16901
-0.664461
0.0506009
-0.333128
-0.946967
-0.15586
0.155372
0.309269
-1.99268
-1.20327
0.88897
0.430125
0.535182
0.145932
0.000392387
-0.301891
0.457719
-1.81002
-0.163315
0.0074024
-0.0113225
-0.566256
0.370377
-0.0459803
0.287331
-0.352926
-0.393807
0.307397
0.343442
-0.93531
-0.338784
-0.617148
-0.175903
0.414841
0.283291
-0.807172
-0.37735
0.211345
0.434663
0.490476
0.635584
-1.69157
0.958558
1.14695
0.170062
1.70979
0.614801
-0.276765
-0.765092
-0.528933
0.88614
-0.0641949
-0.0710349
-0.149575
0.346017
-0.814905
-0.360705
1.68332
-0.11953
-0.353003
-0.0686428
0.241864
0.333047
0.092898
0.293658
0.744728
0.950262
1.87691
0.141635
-0.525849
-0.0562988
-1.28922
-0.131675
0.843653
0.607386
0.492053
-1.14307
-0.455273
0.81304
0.10778
0.952664
1.22357
-0.261184
-1.74377
-1.31046
-0.27281
-0.502832
1.50382
-0.458782
-0.309199
0.268948
-0.47643
-0.308779
0.760918
-0.238672
1.5373
-0.115473
-0.292316
-0.301509
-0.0953459
-0.790305
0.214288
-0.666921
0.258972
-0.175727
1.20992
0.0967678
-0.0972751
-0.629071
0.194463
0.65732
0.402571
-0.500081
0.985564
-0.795172
0.533504
-0.196645
0.391958
-0.0532032
-0.0606061
0.568181
0.7276
0.550305
-0.595172
1.10176
0.333706
0.0533634
0.678821
0.606424
0.1681
0.663212
-0.510606
-0.654189
-0.711603
-0.127217
-0.184665
-0.964863
-0.293047
0.125234
-1.0178
-0.44372
1.03256
-0.87988
0.254607
-0.824479
1.21021
-1.98842
0.00168503
0.309328
1.52591
0.268325
-0.379773
0.505438
0.748623
-0.36383
0.81409
-0.689628
-0.720021
-0.78786
0.703263
-1.04183
0.350181
-1.02741
0.20386
0.256855
0.0742959
-0.524971
0.139582
0.807824
-1.21479
0.293084
-0.224392
0.0301019
-0.218105
0.0890545
0.203151
-0.938348
0.0393907
0.0964547
0.710003
-0.402659
-0.88463
1.15569
1.54176
-0.623731
-0.269647
-0.897546
0.61442
-0.292487
0.690294
0.847541
-0.840626
-0.467211
-0.433185
0.294752
1.19507
-0.407926
-0.0750644
0.266184
-0.140698
-0.518044
-1.19303
0.478291
0.373238
-0.319704
0.860995
1.92306
-0.686611
0.313554
-0.971455
-0.605769
-0.112005
0.526187
0.573041
-0.344901
0.630703
0.729197
0.491346
-0.245458
-1.13542
-0.633332
-0.589238
0.633322
-0.641612
-0.447854
-0.136331
1.10499
0.322201
-0.213295
-0.58936
0.596658
-0.28655
-0.284793
1.01565
0.668082
-0.901103
0.943868
0.0279315
-0.768636
-1.1946
-0.974388
0.652318
-0.74388
-0.253046
-0.499074
0.207177
0.321436
-0.633099
0.527705
-0.324614
-0.129004
-0.283926
-0.0818235
-0.900602
0.674812
0.0337252
-0.349048
-0.279323
1.06836
0.722289
1.12398
-0.644887
0.261504
1.48416
0.0618963
0.894603
0.23499
0.783818
-0.731138
0.463339
1.18475
-0.0663375
0.969005
0.408164
0.101976
-0.702515
-0.671671
-0.121089
-0.515676
-1.27235
-0.240536
0.127373
-0.517889
-0.892471
0.217548
0.184104
-0.792101
-1.18491
0.078674
-0.236039
-0.129174
0.693424
0.897398
-0.661649
0.7503
0.655068
-1.16334
1.20146
-0.905089
0.0656327
-0.263606
1.03582
0.590924
-0.305574
0.463938
0.433266
-0.299831
0.326141
0.123467
0.119905
-1.19147
-0.175684
0.759559
-0.984842
-0.28415
-0.158373
0.302291
0.163623
1.02994
-1.10894
-0.360012
-0.841019
0.669015
0.76962
0.270474
-0.0736006
0.813126
-0.933249
0.718591
0.738336
-0.631197
-0.103687
-0.791128
-0.0231852
0.23808
0.114164
0.551945
-0.98514
-0.0857055
0.676698
1.14799
-0.773158
-0.0658926
0.999316
-0.703076
-0.0449302
0.779322
-0.330429
-0.250991
-0.843282
-1.29161
-0.306093
0.773086
0.406483
0.148537
-1.38185
0.472962
-0.0677598
-0.174905
-0.0853465
1.17639
0.437912
-0.2006
-0.0304248
-0.149655
-0.239966
0.173659
0.467497
-0.432712
-0.377823
0.00181274
-0.39681
1.01954
-0.136389
-0.587715
0.0336277
0.653195
-1.16827
0.834851
-0.798926
-0.830595
1.52485
-0.363237
-0.461227
-0.966545
-0.609553
-0.6405
0.409878
0.19993
0.158925
-0.305043
-1.72996
0.82299
-0.0529636
0.520815
-0.612585
-0.33445
-0.364154
0.561085
1.4402
0.59057
-0.536814
0.150302
-0.0575304
-0.915525
-0.752966
-0.0442013
-2.04538
-1.12623
0.543237
-0.941305
-0.944603
-0.58141
-0.363913
-0.426592
-0.421076
0.163984
0.668188
0.183791
0.0448948
1.13552
0.124512
-0.464823
-1.15958
-0.310259
-0.270836
0.321746
-1.43422
-0.511204
-1.24863
1.12966
-0.63322
0.658096
0.546994
-0.325999
0.985373
0.0552951
-0.294212
0.00355589
0.113315
1.10329
-0.296735
-0.437931
0.182302
-0.144476
-0.623589
-0.137278
-1.47769
0.55881
0.191538
-0.235055
1.41435
-0.468899
-0.0833636
-1.31219
0.243609
0.152462
0.399836
-1.34594
-0.263586
-0.0966174
-0.413658
-0.579917
0.568347
-0.542322
-0.0475643
-0.576081
-0.363354
-0.353361
-0.0147392
0.197199
-1.00746
0.463011
0.0978307
-1.35959
-1.40211
0.416135
1.35761
-1.03958
-0.328115
1.12926
1.31009
-0.0728405
1.41143
0.169048
-0.532179
-0.0462514
-0.200657
0.469273
-1.01799
-1.86766
0.557584
0.318094
-0.0324154
1.33231
0.517415
0.525232
0.385435
0.02333
-0.96472
0.262723
1.44213
-0.573208
0.879104
0.503226
-1.89785
-1.14768
0.194543
-0.902942
-0.022092
0.181483
-0.134085
-1.22455
-0.921357
-1.17523
0.685878
-0.0894715
-0.791533
0.0999453
-0.659652
0.29065
1.07772
-0.639068
-0.240648
-0.666265
0.3578
0.259546
0.301183
-0.417453
0.724801
-0.380416
-0.146544
-0.458806
0.515018
1.42692
0.00978604
-0.570007
0.402609
-0.654673
-1.05215
-0.620928
0.661626
-0.595998
0.0354656
-0.384003
0.0296449
-1.4075
0.643326
-0.493444
-0.515375
-0.404403
-0.424423
0.405385
-0.525523
0.994745
1.54481
-0.906385
0.930446
-0.555471
-0.46764
0.193002
-0.305859
1.27359
1.15346
0.757026
0.00261544
0.830673
-1.42926
-1.07059
0.159615
-0.457438
-0.824908
-0.478485
0.782889
-0.295381
0.281954
1.00587
-1.18396
-0.639772
-0.609448
-0.0281473
-0.562929
0.290448
1.45086
0.862352
0.0623777
-0.391913
-0.407338
-0.14204
0.129335
-0.984837
-1.55054
0.438838
0.531404
0.118605
0.138645
0.386464
0.639833
1.41411
0.635787
1.08627e-05
-1.43044
-0.0835027
-0.230061
0.117208
-1.08423
-1.33774
-1.02587
-0.294274
-1.1022
0.114799
-0.539472
-1.28793
-0.434699
0.107531
0.0472068
-0.715099
0.63916
1.01892
0.0344288
-0.576283
-0.535356
-1.13242
0.214954
-0.531211
-0.349418
-0.524292
0.258866
0.663572
0.562606
-0.349281
0.284735
0.324877
0.108157
1.00578
0.136391
-0.00166978
0.246625
-0.344249
-0.0744147
0.284404
0.228831
-0.43388
0.6597
0.0708256
-0.675173
-0.440474
-0.646189
0.932155
-0.691159
0.280158
-1.43178
-0.309371
-0.620378
0.340431
-0.552778
0.998717
1.02203
-0.168729
-0.161719
-0.0248916
-0.0877511
1.88139
-0.383013
0.639036
0.553984
-0.254372
0.947343
-0.205564
0.0242832
0.243593
0.0105231
-1.35115
0.859133
-0.175271
0.0912558
-0.604891
-0.59979
-0.746171
-0.162844
0.052035
-0.867956
0.133674
-0.618954
-1.33831
0.265055
0.150073
-0.776285
0.204965
-0.113523
0.217067
0.434305
0.200669
-0.33431
-0.156651
0.462406
0.320548
-0.0988746
0.311901
-0.138534
-0.100854
-0.659812
0.355886
0.471022
-0.465036
0.283333
-0.943399
0.276136
0.922079
1.23267
0.58439
0.204566
-0.0770178
-0.950354
-0.157672
-0.158683
0.791166
0.635993
0.562911
-0.745061
-0.963056
-0.467978
1.69523
-0.802175
0.619168
0.91995
0.856802
-0.332091
0.784503
0.715513
-0.628547
-0.187144
0.904137
-0.576369
-0.372039
-0.992788
-0.126933
-1.34435
1.38774
0.650891
-0.135745
-0.418359
0.641439
1.46686
0.785896
0.42134
-0.895881
-0.0572712
0.938742
-0.82114
-0.13378
-1.2209
-0.352817
0.190408
-0.335103
-0.228496
1.27719
-0.125668
1.1375
0.886396
0.217878
-0.834261
0.759184
0.846489
-0.701592
-0.00159606
1.57699
-0.32972
0.0670708
-0.184561
-0.202175
0.354551
-0.0497496
0.256813
-0.709674
-0.358654
-0.388937
-0.618183
-0.0178758
1.50711
1.16017
-0.297809
-0.51973
-0.190773
-0.11543
0.757222
1.27911
-0.872892
0.336817
0.116082
-0.223268
-0.358913
0.140097
-0.465972
-0.694871
-0.580862
-1.29135
0.837005
0.1718
-0.20923
-0.400834
-0.991772
-0.133279
0.324014
1.1444
-0.133537
-0.00706233
0.160179
-0.574788
0.303714
-0.0821566
1.18904
1.50737
0.812224
-0.873965
-0.695083
-0.982491
0.670468
-0.111026
-0.412722
1.04046
0.391571
0.665079
-0.110688
-0.105519
-0.76835
-0.668199
0.221611
-0.711929
0.0353497
0.622675
0.789971
-0.172192
-0.434658
-1.61155
0.0696494
-0.375313
0.127
1.01262
0.412015
-0.803688
1.46368
-0.308324
0.320958
-0.510847
0.119682
0.394143
0.89588
-0.55416
-0.494319
-1.20401
-1.36295
0.281866
-0.895873
0.644084
-0.71094
-0.946777
-0.52799
1.19246
1.72474
0.84726
-1.34752
0.56556
-0.422728
-0.043559
0.188877
0.0584526
-0.542408
-0.526938
-0.196513
0.836868
-0.0502046
-0.495888
-0.587868
-0.38324
-0.430519
-0.0450955
-1.10111
0.999976
0.123803
0.240611
-0.283446
0.371365
0.399298
0.069573
-0.131738
-0.694143
0.453016
0.728342
1.78409
-0.201229
-0.83816
0.467433
0.510828
-0.174254
-0.034536
-0.390861
-0.861135
-0.413531
0.564266
-0.375355
0.35867
-1.87928
0.343276
1.13471
-0.533316
0.112219
-0.993673
-1.60057
1.84491
0.0960279
0.0193347
0.0495845
0.417277
0.105885
-0.75344
-0.692462
0.585148
0.143925
-0.157945
0.167797
1.61292
-0.307493
-0.442196
-0.0107213
0.514457
-0.12961
-0.635193
-0.282391
0.650075
-1.17289
-1.35544
-0.379631
-0.0249575
0.694658
-0.870573
0.315677
1.02051
-0.00230183
-0.0684689
-0.00433092
-0.00212819
-0.0408457
0.901628
0.417743
0.731932
1.06039
0.61462
1.4211
0.123886
0.176283
-0.953161
-0.145432
-0.213623
1.05089
-0.998601
0.124346
0.540735
0.426083
-0.142279
-0.57825
0.355534
-0.369308
0.820443
-0.323722
-0.0116401
-0.244218
1.15733
0.321638
-0.537856
0.0484911
0.76141
0.813509
0.586667
0.681143
1.14016
-0.0540531
-0.406028
0.126905
0.970851
-0.223212
-0.259457
-1.39351
0.745886
0.168495
0.484789
-0.25795
1.3007
-0.222288
0.697552
-0.280681
-0.124546
0.955809
-0.596363
1.24215
-0.101085
-8.52096e-05
0.423914
-0.816443
0.321782
-0.742071
-0.37344
-0.305304
0.035147
-0.485963
0.295793
-0.90327
-0.552213
-0.461352
1.93023
-0.812673
-0.619218
0.389293
1.20937
-0.902924
0.0966167
0.0739184
-1.29437
0.852393
0.320928
0.0459969
-0.716644
0.0850991
-0.188205
-0.115049
0.150379
0.108226
0.217098
0.516197
0.507269
1.06177
-1.6349
-0.0109607
0.0293653
-0.486518
0.101639
1.36895
0.676589
-0.503466
-0.0988029
0.00622447
0.82585
-0.248698
0.736907
-1.30018
-0.947453
1.83804
0.424206
-0.530912
0.188669
0.0451127
0.460453
1.01415
0.576484
-0.581529
0.16898
-0.642141
-0.687397
0.10319
0.111453
-0.856683
0.382787
-0.54943
-0.0597123
-0.877234
-1.09854
0.274993
1.35211
-0.170317
-0.426467
-1.04197
0.66323
-0.798303
0.613799
-0.18171
-1.01114
-0.122443
0.0897833
0.773965
0.800937
0.863932
0.39492
-1.16106
-0.118023
0.599327
-1.03361
-0.0258064
1.13604
-0.331428
-0.443943
0.519838
0.937643
-0.591944
0.238914
-0.530138
-0.0242103
-0.144296
-0.0524715
-0.472959
0.430186
-0.93807
1.12832
0.809867
0.0986573
0.452372
-0.437541
0.417923
-0.351987
-0.183541
-1.14742
0.0861956
-0.0297217
1.28905
-1.13145
-0.650236
-0.503469
0.311996
-0.199692
0.0142181
-0.775132
-0.159846
-0.634073
1.31822
-0.819678
-0.134507
-0.416297
-0.344351
-0.884258
0.428179
-0.827394
0.715943
0.00228014
-0.00204241
0.569235
0.18715
0.322785
0.609167
-0.00558763
0.627751
-1.16093
0.433358
-0.9693
0.0185224
0.035063
-0.544944
0.582513
0.126333
-0.35038
0.458457
-0.561588
0.0606398
0.241549
0.574913
-0.19655
0.192173
-0.0744952
-0.0508295
0.796883
-0.259042
-0.0468902
0.766159
-0.25809
0.32241
-1.34644
0.625374
-0.472975
-0.429421
0.441371
-0.906242
-1.09973
0.113398
0.585495
0.707344
0.718583
-0.389085
0.778947
-0.264602
-0.182941
1.00885
0.47894
-0.213024
0.283064
0.992047
0.16006
-0.850596
-0.0378639
0.529884
0.698873
-0.363986
1.21135
-0.103907
-0.282032
-0.369132
-0.863212
-0.312968
-0.701166
1.45949
0.0838902
0.960747
0.224423
0.099521
-0.421302
0.237669
-0.82651
-1.7062
-0.366161
1.62798
-0.44624
-0.0328895
-0.554457
0.399037
-0.337608
0.152742
0.327404
-0.218718
0.0974966
-0.155869
-0.458415
-1.21656
-0.283334
-0.409723
-0.902143
-0.0595163
-0.732397
0.9743
0.454212
-0.752292
-0.197367
-0.291818
-0.523745
0.851563
0.216336
0.225741
-0.669687
-0.213553
0.456186
-0.581563
-0.469566
-0.204993
-0.17491
0.364501
0.0485255
-0.378369
0.0700838
-0.847585
-0.268784
0.269398
-0.562161
0.384085
-1.07383
0.127996
-0.042551
-0.320068
-0.54641
0.160018
0.206099
-0.661138
0.199953
0.189639
-0.984931
1.30343
0.479166
0.372712
0.47758
-0.568289
0.530631
0.01026
0.102598
-0.37013
0.304665
-0.0565787
-0.118325
-0.370177
-0.35618
-0.184788
0.686895
-0.759525
-0.677626
-0.014472
-0.777555
0.525104
-0.319699
-0.75699
-0.611152
0.678362
0.990183
0.0713034
1.11123
0.813296
0.359083
-0.0901099
-0.647298
0.122428
1.32435
0.335196
0.546846
-0.584959
-0.431265
-1.71943
-0.0477599
-0.452451
-0.283409
0.759932
0.35928
-0.411728
-0.090094
-0.0858316
-0.948448
-0.355624
0.13154
-0.439271
-0.566985
0.534435
-0.39756
-0.183971
0.338141
-0.208527
-0.676764
-0.340089
0.755087
-0.0546415
-0.665098
0.137494
0.336797
1.14226
-0.402285
1.34862
-0.312173
-1.31455
0.15684
-0.956061
-0.856897
0.523169
-0.416129
0.708688
0.250911
-0.244799
0.858837
-0.0958865
0.130776
-0.809311
-1.10965
0.561727
-0.273643
0.304736
-1.33621
1.00288
0.255384
-1.41618
-0.00796279
1.56785
0.716483
-1.0025
-0.145663
-0.406888
-0.0456935
0.478585
-0.526093
-0.0425072
0.555759
0.60971
-0.124721
-0.464131
-0.978862
0.715814
0.550734
-0.0226147
-0.372444
1.34526
-0.288576
-0.69207
-0.77135
0.866775
0.777226
-0.472202
0.13675
-0.150092
-0.959684
-1.0402
-0.394659
0.0443184
0.240458
-0.208433
0.785882
0.76186
0.52764
0.422883
0.976735
0.316551
-0.0101387
0.146708
0.301593
-0.000735408
1.57265
0.584538
-0.816025
0.423117
-0.551518
-0.822921
0.120153
0.56658
-0.387461
0.478015
-1.7154
-0.28086
-0.0199688
-0.00117337
-0.3612
0.820264
1.22089
0.596314
-0.267904
0.553778
-0.307204
-0.530214
1.27991
-0.451447
0.385405
0.461735
0.397676
-0.334233
0.389661
0.076013
1.17104
-0.314132
0.0641529
-0.818073
0.0816937
0.576131
0.489796
-1.49734
-0.206411
-0.56681
-0.361953
-1.29507
0.366065
-0.26873
-1.36674
0.849593
0.299458
-0.932505
-0.75761
-0.36658
-0.000598547
-1.13946
-0.639947
0.44147
-0.430435
-0.320647
-0.383962
-0.33239
0.0829597
-0.975399
0.25934
0.536669
-0.149064
-0.443717
0.416806
0.227586
-0.398314
0.544754
-0.928164
-0.25555
-0.820622
0.00332866
-0.428156
-0.069454
-1.42313
1.61958
-0.554055
0.218714
-0.860855
-0.00960022
1.01697
0.228931
0.558225
-0.26693
-1.03616
-0.795851
-0.776637
0.241607
-0.0391916
0.0921289
0.0892499
-0.0183699
0.136998
0.270852
0.141286
-1.11435
-0.894431
-1.21664
1.04408
-0.102672
-0.282403
-0.472288
0.23553
0.554206
-0.550686
0.299686
0.405694
0.389406
0.893494
-0.218845
-0.898276
0.756691
0.976697
-0.00827118
-0.503679
0.554701
-0.258026
-0.795675
-1.43774
0.341618
1.31519
-0.629534
0.0253586
0.704283
0.767806
0.14938
-0.445569
-0.585835
0.564328
-0.221041
-0.170102
0.661682
-0.309258
0.601009
-0.258395
0.515525
0.953311
-0.160902
1.22131
0.98759
-0.509324
0.32514
-1.25925
0.0427949
-0.156598
0.336441
-0.353471
0.833831
0.38949
-0.541057
-0.322281
-0.574242
-0.62552
0.536914
0.500645
-1.01596
-0.989573
0.421101
-0.103865
-0.125857
-0.0652537
0.877111
-0.567481
0.323929
0.115641
-0.71448
-0.0905275
-0.224823
-0.154631
-0.325462
-0.0946984
-0.771857
0.688029
0.340356
0.151821
0.701313
0.656342
0.772493
1.10187
-0.631241
0.298417
-0.928858
-1.15721
0.664984
-0.739923
0.201994
0.278081
1.14688
-0.0587213
0.343622
-0.446924
-0.132154
-0.4212
-0.35159
-0.422273
0.0386887
1.31351
0.684271
0.362831
-0.188613
0.187182
-0.25648
1.08861
0.968768
0.27853
-0.437169
-0.543079
-0.305634
-0.394835
-0.207972
-0.508033
0.263111
1.26857
0.406268
0.0621191
0.146791
-0.0724119
-1.10924
0.16104
-0.469072
-0.797171
0.697085
2.14771
-1.39745
-0.960961
-1.87257
-0.701962
-0.0129138
0.0119604
0.920347
-0.400484
-0.769255
-0.174813
1.52879
-0.624577
0.452979
0.73329
0.785377
1.22403
-0.336155
-0.172222
0.0368545
0.438094
-2.03422
0.801785
-0.363002
0.393908
0.0305676
0.334609
0.812674
-0.0597648
0.767721
-0.658958
0.183706
0.66328
-0.411524
-1.49366
0.202107
-1.01232
1.10467
0.980094
-0.0685095
0.166942
0.0771181
-0.456753
-0.851002
-0.972825
-0.253831
-0.0465806
0.69307
0.0103762
-0.182782
-1.53013
0.309918
1.09915
-0.0679868
-1.82026
0.653695
-0.585519
0.385395
-0.795993
-0.250744
1.03716
-0.875952
-0.562894
0.0628516
-1.12138
-0.704782
0.688973
1.17882
-0.608227
-1.67706
-0.117823
-0.353858
0.580826
0.32396
-0.427645
0.871023
0.545194
-0.227103
-0.248119
0.222641
0.965851
1.62511
0.259965
-0.309708
-0.470852
-0.0590959
-0.413635
-0.704881
0.71186
0.165137
-0.715596
-0.0135613
0.588411
-1.06566
-0.0413766
-0.348903
0.16528
-0.140032
0.0326694
0.686999
-0.372639
0.118868
-0.307871
0.0969303
-1.25645
-1.82534
0.596029
1.26873
0.714815
-1.07662
0.476963
-0.735719
-0.168709
-1.01355
-0.392467
-0.181964
0.365119
-0.622738
-0.146962
0.478957
-1.55639
-0.150678
-0.532007
0.73077
0.682786
-0.0681743
0.51354
0.444322
-0.456279
-0.0228378
0.46633
-0.155278
0.244381
-0.428479
0.433347
-1.66368
-0.687196
0.38558
0.115346
1.19984
-0.117595
0.175431
-0.816477
0.324122
-0.96543
-0.164704
0.366047
-0.283725
0.298081
-0.2611
-0.736827
0.45483
-0.412568
-1.01859
0.671994
0.282647
0.362681
0.385526
0.406628
-0.47781
-1.24205
-0.923835
0.4741
-0.492287
0.00296615
0.00248975
-0.380207
-0.801275
-0.179459
0.624181
-0.377983
-0.372722
-0.0340842
0.923185
0.241272
0.283287
0.0306333
-0.863707
-0.283725
-0.775164
-0.487174
0.0850928
-0.124405
-0.635079
-0.445961
-0.251925
-0.633292
-0.887855
0.182238
0.723947
-0.1845
-0.496069
1.17649
-1.19559
-0.0276136
0.431336
0.810198
-0.757801
-0.386543
-0.607619
0.579342
-0.730259
0.637159
0.930659
0.0833931
-0.765492
-0.458787
0.653557
0.0430563
0.969891
1.04442
0.743186
0.386582
1.13869
-0.0852235
-0.0169646
0.578338
1.19275
1.27458
-0.21019
0.579944
0.134357
-0.199206
0.414185
-0.810882
-0.185226
-0.607184
0.268349
-0.0498269
-0.0876361
-0.662588
0.714868
0.819787
0.210992
1.10525
0.592334
-1.2345
-1.1906
0.0298127
0.0565958
-0.552493
-0.685182
-0.759615
0.604428
0.124632
0.433672
-0.312784
-1.46749
-0.705881
-1.04104
1.07454
-0.405627
-0.129332
0.228456
-1.17111
-0.782132
0.0871841
1.2577
-0.667422
-0.598658
-0.486278
-0.257043
-1.09479
-0.345617
0.811501
0.148291
0.191571
-0.688895
-0.306004
0.745933
0.490224
0.58529
1.68054
0.0503831
-0.778919
0.916403
-0.326613
-0.773585
-0.318464
-1.06063
1.6075
0.181085
-1.0445
0.498047
-0.639219
-0.167015
0.0785573
0.563717
0.584434
0.32212
-0.620878
-0.0963155
-0.907455
-0.317012
0.955995
0.345452
0.490655
0.303806
-0.04026
0.933706
-1.14088
-0.717588
0.885227
1.32254
0.402269
-1.48761
-0.254675
-1.41505
-0.961171
0.819338
-0.550386
-0.121001
-1.70916
-0.323578
0.833503
-0.244551
0.896429
0.171526
-1.04293
-0.10789
-0.648899
-0.923457
0.579823
0.0644239
-1.05234
-1.28057
-0.380374
-0.509533
-1.02003
-0.695759
0.464354
-0.110763
-0.0763915
-1.78883
-1.44164
1.01982
-0.383581
0.879968
-0.706278
0.654558
-0.132477
0.132755
-0.696088
0.0650507
-0.40968
0.419442
1.65174
-1.2052
-0.336065
1.36055
1.63386
0.595316
0.22903
-0.336958
0.595559
1.02548
-0.257842
-0.136419
1.1634
0.350713
-0.27951
-0.913038
0.440813
0.643368
2.47172
-0.935861
-0.129061
-0.357173
0.867278
1.25511
0.766963
1.24248
0.689306
-1.1849
0.457556
0.163592
-0.301191
0.64971
-0.735802
-0.701629
0.59803
-0.590594
-0.851783
-0.140756
-0.325819
0.667911
-0.569565
-0.604112
0.579145
-0.319356
0.627664
0.196517
0.452554
-0.925256
0.578157
0.228228
0.494994
0.250653
-0.0203835
0.802973
-0.198597
0.684411
-0.787228
-0.163317
-0.114808
0.736837
0.140802
0.731795
-0.573634
-0.589059
0.967506
1.45423
0.448337
-0.321824
-0.392752
-0.898938
1.44537
-0.893087
-0.219967
-0.591595
-0.31764
-0.110739
0.30757
-0.784528
0.592677
0.581213
-0.998617
-0.0935385
-1.36038
0.0445789
1.67419
-0.5215
-0.178445
0.148058
-0.418255
-0.235611
-0.0650577
-0.0549338
-0.416302
0.120278
0.15586
-1.18281
-1.38977
-0.109077
0.542208
-0.108966
-0.629602
-0.8018
-0.167872
0.185469
0.25391
0.738513
-0.191882
0.787896
0.488627
-0.0931077
0.113494
-0.400191
1.28191
0.717201
-0.193392
-0.637095
0.658261
-1.19157
-1.76337
-0.534635
-0.272883
0.48006
0.499578
-0.237399
-0.790089
-1.36775
-0.190961
0.209588
0.513788
-1.41875
-0.327965
-0.545909
0.723212
0.460123
0.271488
-0.487468
1.10397
0.110395
0.839712
-0.472363
-0.156118
-0.210393
-0.00086056
0.489824
-0.61609
-0.361477
0.910507
-0.315045
0.338815
-0.0316014
-0.117709
0.647978
-1.11861
1.63743
-0.557577
0.116126
0.298631
-0.58921
-0.50531
-0.939076
-0.215205
0.395534
1.24135
0.38897
-1.43498
-0.342348
0.539297
-0.905833
0.669903
0.0264408
-1.29526
-0.499583
-0.369911
-0.565906
-0.410489
-0.431204
-0.797699
-0.0851227
-0.0276374
0.0186345
0.233155
0.473546
-0.413317
0.648183
0.243754
1.11841
-1.94134
0.44229
-1.44442
-0.338811
0.811754
0.150952
-0.442844
0.526042
0.169287
-1.87706
-0.250687
0.151494
-0.208515
-0.209085
-0.310852
-1.09874
-1.1586
-0.958098
-0.375641
-0.226644
-1.65199
-0.666165
-0.789093
0.694733
-1.06069
-0.174199
-0.876695
0.480674
0.485214
0.987886
0.742398
-0.00249128
-1.54636
-0.483252
0.984547
0.417812
1.0999
0.29576
0.367637
-0.198663
0.575895
-0.185647
0.0849834
-1.0086
0.973902
0.108734
-0.653901
-0.27211
0.318887
0.252813
1.63705
0.575963
-0.337108
0.806364
-1.90925
0.0787923
0.320776
-0.113953
-0.456514
-0.794471
-0.530484
-0.48172
0.64741
-0.0362446
0.147141
0.263245
-0.135135
0.310304
-1.53219
-0.433947
-1.46035
-0.499044
1.45571
-0.233541
0.819192
0.170091
-0.129391
-0.148211
-0.253421
0.467079
0.0111241
0.138611
-0.636181
-1.01357
-0.144926
-0.561633
0.690417
-0.708645
1.00973
0.924235
0.9979
-0.703653
0.179769
-0.019548
0.329533
0.0422499
1.46945
0.355724
-0.228789
-0.0447129
-1.36942
-0.02702
-1.34049
-0.257339
0.599954
0.481708
-0.219921
-1.21497
-0.224257
0.200114
-1.25524
0.225008
-0.183102
-0.0505543
0.89556
-1.00458
-0.380624
0.385197
-0.315085
0.430407
0.757904
-0.00820739
0.0373947
1.04479
0.601968
0.828325
-0.0659183
0.671274
-0.000559625
-0.811896
0.613665
0.849796
-0.698827
-0.588654
-0.40247
-0.790399
-0.0258591
0.596067
-1.31435
-1.03719
-0.478064
0.422995
0.358471
0.514597
-0.347406
-0.649926
0.879368
-1.03301
-0.70741
0.567457
0.819424
0.394149
-0.260559
1.05188
0.0961527
0.0548828
0.143828
-0.450114
-0.732915
-0.468653
-1.60919
-0.980357
0.56162
-0.550754
-0.159409
1.71311
0.187549
0.527454
0.41159
0.521959
-0.811249
-0.475786
-0.883696
0.0866961
0.685291
-0.754137
-0.943358
-0.116075
-0.128576
-1.26367
-0.791452
-0.497597
-0.125635
-0.052583
-1.08114
0.696803
0.14029
0.0924961
0.122934
-0.776145
-0.0382145
-0.0729579
1.07603
0.67597
-1.77338
0.369342
-0.827011
0.0792962
0.622117
-0.321012
0.735665
0.684529
0.274957
0.035374
1.42736
-0.721949
-2.67162
-0.158007
-0.881416
-0.0530013
0.377154
-0.0096037
-0.104821
-0.551227
1.18308
0.10116
-0.0275579
0.757649
0.23863
-0.15444
-0.974584
-0.764381
-0.80207
0.315548
0.763593
2.00656
-0.261135
0.193885
0.0833335
-0.455472
0.292454
-0.734079
-0.613941
-0.210333
0.175787
0.348279
0.976585
0.678717
0.72715
1.02651
0.0277554
0.639745
0.802238
0.686668
1.77873
0.105649
0.287223
0.636007
0.50591
-0.157232
-0.398342
0.233023
-1.72966
0.173549
-0.198953
-0.359491
0.154161
0.57636
-0.403881
0.504337
-0.719629
-0.306541
-0.311882
-0.110279
0.104064
0.19486
-0.401691
-0.55448
0.544054
-0.812645
0.567929
-0.626153
-0.0417707
0.21324
-0.691663
-0.671641
-0.82302
-0.966808
0.328504
0.483465
0.127607
-0.294235
0.574727
0.346078
1.02332
0.201903
-0.791055
1.1239
-1.60324
-0.580928
0.391114
-0.0728179
0.499358
0.0219798
-0.039885
0.188563
-0.405369
0.464284
0.825365
0.749277
-0.52213
0.0924692
-0.970501
-1.52537
0.512008
0.232009
-0.142966
-0.843548
-0.59294
0.480008
0.164129
0.199329
0.88497
0.228884
-0.0765675
0.0106922
-0.81432
-0.541
0.498833
-0.311513
0.231098
-0.532678
-0.553175
-0.143399
0.792465
-0.892194
-0.341925
0.462702
0.570847
0.385956
0.270717
0.599205
0.427433
0.116875
0.60613
0.0817792
-0.576201
0.0741722
0.249478
0.172742
1.36856
-1.55982
0.821806
1.06832
0.681308
0.163902
-0.658368
-0.0928721
0.766402
-0.407962
0.845602
-0.585285
1.03485
0.282471
-0.698449
-0.163295
-1.03889
-0.662281
-0.294783
-0.474685
0.0334063
-0.646933
-0.298812
-0.284517
0.496485
-0.827306
0.279885
-0.975121
-0.237614
1.4283
-0.334026
1.61615
0.0437603
-0.0233243
0.697657
0.651401
-0.967972
0.300572
1.24498
0.990719
-1.08264
-0.70524
0.774646
1.93863
-0.702042
0.205247
-0.320308
-0.744945
0.930956
1.31589
0.1164
-0.678036
0.533995
-0.291624
-0.531213
-1.10971
-0.395925
0.241534
-1.76274
1.31353
-0.0361959
0.404274
0.608739
-0.700838
0.488097
1.19321
0.593611
-0.525716
0.589874
0.534707
-0.997663
-0.516663
-0.610629
-0.501603
-0.0408892
-0.301268
-0.671324
0.0791385
0.495106
0.214992
-0.124738
1.48465
0.0276166
0.578258
0.53896
0.915428
-0.440598
0.676835
1.02755
0.309094
-1.40955
0.283717
-0.824749
-1.20958
0.220956
-0.057752
-0.594781
0.497573
0.669672
-0.571309
-0.00981518
-0.276706
0.418139
0.454857
1.0124
0.278647
0.413934
0.0396446
-0.19635
0.116447
-0.275001
-0.522708
0.124995
-0.395166
-0.380112
0.0327473
1.06714
0.731789
0.69508
-0.317111
0.605272
-0.371015
0.334212
0.268071
-0.844834
-0.0357982
1.36201
-0.511891
-0.171476
0.33572
-0.282714
1.66559
-0.97105
0.724301
-1.11729
1.19986
0.280101
-0.431513
-0.185617
0.539041
-1.44328
-0.56917
-1.06081
0.0122085
-0.380733
0.773433
0.306224
0.577561
-0.177332
-0.0328601
-0.483032
-0.330492
-0.337991
0.382141
0.366394
-0.476061
1.11383
0.728644
0.254655
-0.59937
0.0472783
0.162038
0.934021
0.66058
1.20971
0.074071
-0.73176
0.174536
0.790453
0.344974
-0.538695
-0.538975
0.874634
-0.984492
1.1365
-0.269228
-0.0143285
0.24975
0.235582
-0.479423
1.40167
-0.286215
-0.332045
-0.626245
-0.271166
-0.532114
-0.778871
0.0544266
0.681007
0.0973459
-0.143958
-0.403627
0.166548
-0.73793
0.604782
0.330832
0.771812
-0.319365
0.223835
0.402759
-1.14301
0.127899
-0.570557
-1.64667
0.0995634
-0.950776
0.916596
-0.610514
-1.39054
0.630761
0.83787
0.61619
0.65725
-0.427946
0.567759
-0.0403989
0.782303
0.194524
-0.805361
1.02709
0.390458
-1.2192
-0.179221
-0.0503148
0.0163448
-0.313069
-0.509956
-0.505403
-0.489556
-0.245603
-0.904196
0.0653002
1.25113
-0.0787538
0.0933032
-1.61905
0.765235
-1.10937
0.148361
-1.92085
-0.981425
-1.56321
-0.759078
0.715084
0.359216
0.525501
-0.297233
1.54061
-0.978587
0.288745
0.154673
0.160177
0.884829
1.16781
-0.724012
0.93033
-0.282213
0.210195
-0.196352
-0.861809
0.361403
-0.7481
-0.319682
-0.399422
-0.706906
0.20189
-0.71272
-0.500933
0.615295
-0.207822
-0.419461
-0.468363
-0.125289
-0.743174
0.166027
-1.3167
-0.543217
-0.367005
-0.222608
0.914024
-0.23492
1.25628
-0.249116
1.14386
-0.95349
-0.376827
0.580282
-0.160175
0.984865
-0.222339
0.60141
-0.200763
-0.0616566
0.0780704
0.380067
-0.247693
0.686093
-0.17854
1.14348
0.31096
-0.0876539
-0.822213
-0.416655
0.0759961
-0.922867
0.551822
-0.506927
-0.426579
0.261661
-0.164357
0.532183
-0.615457
0.263624
-0.0481216
0.119746
-1.14536
-0.624665
1.04917
0.616435
0.0966332
-0.45824
-0.787892
-0.846611
-1.97266
0.0565891
0.73675
-0.193232
0.474655
-1.00597
0.00493357
0.481268
-0.296153
1.80106
-0.326793
-1.2709
-0.383033
0.514283
-0.140694
-0.2806
-0.310258
0.921601
-0.937912
-0.0866137
-0.200272
0.557313
0.313546
0.0480222
1.29253
0.348411
0.256143
0.970481
0.433854
1.41404
-0.57522
-1.12398
-0.737025
-0.570741
0.987966
-0.942282
0.113884
0.377169
-0.468937
0.0770983
-0.273389
0.0342056
-0.247161
0.113543
-0.032668
-1.20117
0.0448956
0.405665
0.168475
0.217316
-0.298848
-0.955045
-0.718726
-1.01692
-2.08651
-0.839042
-0.145016
0.766338
-0.559619
0.175741
0.320677
-0.492681
0.13678
-0.876463
0.761662
0.370126
-0.348831
-0.690218
-0.949193
-0.961748
-0.37638
0.342121
0.672291
-0.432274
-1.93964
-0.122255
-2.01219
0.651272
0.296924
0.706787
-0.573084
-0.369732
-0.296518
-0.0404257
0.0588101
0.217695
-0.249907
1.00409
0.141843
-0.361331
1.38711
-1.1437
0.549483
-0.124491
0.270168
0.331201
0.525718
-0.390168
-0.474547
-0.284526
-0.0600962
0.00419458
-0.565093
-1.29379
-0.481644
-0.779564
-0.667366
0.873236
-0.134953
1.32927
0.298535
0.0588515
0.327134
-1.25623
-0.0150335
0.437374
-0.343878
0.36331
0.783828
0.470406
0.467372
0.53812
0.644454
-0.194548
0.172076
0.869526
0.612752
-1.03085
-0.00984828
0.195177
-0.186533
0.400284
-0.155442
-0.18929
-0.924518
-0.87015
-0.0935567
0.0630271
0.749938
-0.799335
-0.345926
0.550511
-0.329483
0.879888
-0.941049
0.773457
-0.815776
0.0581603
0.220887
-0.826812
0.19795
-0.833259
0.167671
-0.177638
0.55887
1.64468
0.65804
0.343725
0.888483
-0.843193
-0.674692
1.18049
0.0326968
-0.219414
-0.629243
-0.365455
-0.130455
0.907578
-0.715512
-0.42579
-0.0640222
-0.821627
-0.115995
1.06637
-0.248471
0.715755
0.774358
-0.223711
-0.168359
-0.653069
0.598651
-0.342533
0.144527
0.604195
-0.339313
0.710602
0.698291
0.145394
-0.938782
-1.31979
-0.151902
1.59915
-0.437864
0.720665
0.585182
0.588516
0.417394
0.1274
0.535455
-1.10397
-1.00343
-0.606711
-0.730813
-0.356366
0.18568
0.62033
1.18151
0.0821187
0.439798
0.528094
1.10431
-0.758742
-0.599124
-0.6231
0.200872
0.52464
-1.22366
0.0337812
-0.318559
-0.0472974
0.278353
-0.24757
-0.0803265
-1.04286
-0.149674
-0.554769
-0.706337
1.89593
-1.36254
0.333459
0.157973
0.534978
0.292948
0.402045
0.0425188
-0.377867
-0.0582656
-0.342191
-0.813366
0.499655
0.829158
-0.406165
-0.6986
0.305112
0.534845
0.703289
0.311937
0.0971428
1.04523
0.805718
0.528799
0.583517
0.658311
-0.287409
1.9253
0.86861
-0.116234
-1.92426
0.146354
0.169065
-0.0161524
0.0398708
-0.940292
0.524228
-1.19034
0.684545
0.414486
-0.853636
-0.464049
-0.858907
0.824818
0.944547
0.702708
-0.437973
1.02703
1.40649
0.0377589
-0.387792
-0.379314
0.794244
1.3004
0.0592546
-0.891509
-0.349125
0.623978
0.572623
0.350224
-0.408023
-0.391973
-0.230056
0.555346
1.40864
-0.573255
0.439633
-0.01627
-0.373299
0.871409
0.332593
0.498155
0.843501
-1.11917
-0.313393
0.817985
0.116491
0.0267521
1.12002
0.0643866
-0.288366
-0.244291
-0.162085
1.13964
0.145429
-0.115757
0.0311113
-0.3089
-0.090106
-0.793874
1.1264
-0.246334
-0.300374
-0.0963636
0.410877
0.235737
0.817456
-0.428584
-0.231535
0.367502
0.0333128
0.586063
-0.42946
0.227804
-1.06203
-0.234768
1.2898
-0.60915
-1.03817
-0.436738
-0.705345
-0.523263
-0.529495
1.06766
0.325867
-0.289255
0.165438
-0.244836
-0.396889
-0.133631
0.559277
-0.293467
1.11704
0.157419
-0.795323
0.347656
0.133883
0.640049
0.911232
0.0801569
0.253813
0.215743
-1.7093
-0.343242
0.678279
-0.179498
-0.0461149
-0.187777
-0.224684
0.0250156
0.180815
0.236292
0.00438804
-0.690111
0.433687
0.230447
-0.221481
-0.104844
-0.448831
1.30781
-0.168438
-0.0521149
2.19318
-0.981738
-0.0194896
-0.941135
-1.16847
0.202792
0.064511
-0.477574
-0.276361
-0.667575
0.247428
-1.07806
0.120849
-0.413331
0.99843
1.66184
-0.653515
-0.0423262
-0.438811
0.552729
0.164717
0.205571
-1.2657
0.841198
-0.329828
0.932346
-0.478979
0.861199
0.591031
0.95539
0.530643
0.220506
0.6247
-0.266827
-0.00614329
-0.225083
0.341683
-0.691036
0.775227
-0.355455
-0.23327
1.57891
0.262798
-0.406144
-0.241316
0.0849427
-0.732577
0.135931
0.295663
-0.840921
-1.25989
-1.33384
0.161571
-0.462492
-0.469939
0.549628
-0.520468
0.513368
0.446014
0.247266
1.37799
-1.29389
0.854133
0.772903
-0.966433
0.277855
0.193721
0.398993
0.235506
-0.951102
0.690979
-0.891574
-0.323964
-0.225077
0.299846
-0.365948
-0.840954
-0.162371
0.139259
0.0366722
-0.859143
-0.0188126
0.0319891
-0.628534
0.766852
0.0754489
0.332672
-0.388348
0.428658
-1.03584
0.150418
0.312508
0.985214
1.20807
0.692628
0.9304
1.01629
-0.558194
-0.281321
0.444264
-0.10276
-0.905569
-0.425792
0.333766
0.097826
1.61855
1.42062
-1.17871
-0.276684
-0.693664
0.812338
0.0396028
0.837934
-1.40359
-0.0460261
-0.174567
-0.069433
-0.126372
0.840985
0.394893
0.60333
-0.0828044
0.57033
-0.840986
-0.41304
-0.0664234
0.395114
0.800715
-0.419466
1.0199
-0.226178
-0.268765
0.0775203
0.697805
-0.673641
0.510354
-0.183775
-0.640188
1.82194
-0.493908
0.319418
-1.22835
1.38921
0.440962
0.0381188
-0.685542
-0.551191
-0.370282
0.350328
-0.323016
0.622192
-0.0682643
0.101837
0.638408
-1.07845
0.334744
0.371445
0.313193
0.41387
-0.137773
-0.335168
0.742929
0.0594686
-0.379736
-0.750989
0.705294
1.57072
1.13317
-1.4447
-0.93749
-0.131769
0.746806
-0.117431
0.760355
0.705752
-0.143644
-0.876125
0.129637
-0.772921
0.925093
0.411164
1.72497
0.737424
0.459691
0.0353842
0.324111
-0.0498132
0.508053
-0.29882
-0.115852
0.433372
-0.978484
0.630799
0.311562
0.586859
-0.762228
-1.47992
-0.291731
0.153156
-0.454577
0.560665
-1.39986
-0.615952
0.0147641
0.227327
-0.269528
-0.769208
0.705218
1.19884
-0.10421
0.747079
-0.0630682
0.759332
-0.297174
0.536941
-1.06035
-0.855182
0.62389
0.719922
-0.463337
-0.400697
0.221664
-0.254626
-0.0973614
-0.242075
0.693602
0.254665
0.00596436
0.914459
0.652395
-0.207801
0.0103787
0.552419
-0.892067
0.747387
-0.806868
-0.351046
-0.750857
-0.118545
-0.3655
0.18293
0.234581
-0.369998
0.689491
0.919649
0.139834
0.294375
0.211341
-0.937006
-0.355624
-0.760344
-0.0209343
-0.310691
0.980298
-0.349118
0.299844
1.28553
-0.732364
-0.0700868
-0.608392
0.690456
-1.02984
0.316182
-0.560153
-0.438053
0.269203
0.903507
0.356266
1.06689
-0.699766
0.072893
-0.921356
0.721053
-0.324165
-0.79318
0.386595
1.69631
-0.530157
0.970658
-0.297313
-0.0997245
-0.935334
-0.237044
-0.293851
0.29446
1.46921
-0.414541
0.260708
0.515297
0.423499
0.313526
0.62942
1.53017
0.160564
0.343426
-0.144544
1.1969
-0.117303
-0.213652
-0.332875
-0.0594643
0.620281
0.436157
-0.261089
-0.421323
0.932818
0.0680866
-0.17716
-0.898916
-1.23555
0.786465
-0.155394
0.103893
1.32218
-0.970652
0.615764
-0.216333
0.448026
-0.341212
0.269015
-0.37516
0.0912193
-0.410648
1.52507
-0.215749
0.170366
-0.790118
0.299223
0.250645
0.235407
-0.452626
0.129873
0.264682
-0.23416
-0.644365
0.118798
-0.205413
-0.52324
1.75719
0.518928
-0.368682
-0.575434
-0.464448
2.08862
-0.352137
-0.117994
-0.377029
0.239985
0.483638
-1.11374
-0.168347
0.121103
-0.929352
0.389802
0.667711
-1.05669
-1.33523
1.84448
-0.759347
0.448782
-1.27876
-0.818789
-1.24933
0.25808
-0.291747
-0.215297
-0.835293
0.365763
0.223838
0.490749
0.0366356
0.0801409
0.0186192
0.300491
-0.0852191
1.19864
0.627354
-0.01927
-0.117611
-0.0496988
-0.770621
-0.10989
0.0319183
0.12754
0.119275
0.294898
0.157786
0.695214
-0.428156
0.85477
-1.46147
0.785544
0.142767
-1.21969
0.654514
-0.0326582
0.45803
0.127149
-0.882466
-0.6931
-0.215899
-0.0395414
0.156471
0.387099
-1.35728
-0.230476
-1.87508
1.37074
0.528211
-0.0583142
-1.14221
-0.571757
-0.235916
-0.406239
1.04223
-0.985343
-0.586796
1.47662
-0.402032
-0.0393721
0.576271
0.738481
-0.0948988
-0.598618
-0.913888
0.7803
-0.324882
0.912159
-0.474027
1.33389
0.665198
0.548016
-0.555862
-0.778216
1.03762
0.172997
-0.400343
-0.79619
0.878805
0.106901
0.0153015
-1.09695
-0.535366
-0.290317
0.278362
-0.908144
-0.0991599
0.27019
-1.05362
0.586213
0.514673
1.12715
-0.893933
-0.0635129
0.215088
0.139777
0.348639
-0.537414
-0.703533
-0.469758
0.722577
-0.693479
0.337777
0.531248
0.122462
-0.0634865
0.467546
0.0535761
0.665513
0.390871
-0.0664731
-1.36505
-0.53048
-0.331276
-0.160045
0.665906
0.07691
0.490816
-1.05829
-0.148841
-0.00729037
-0.37216
0.291931
1.24888
0.666806
0.393402
0.0956441
0.124042
0.726166
0.19213
-0.383802
0.445654
-0.576806
-0.0703903
0.715485
0.156503
-0.230817
0.214318
-0.163347
1.31444
0.136904
-0.773581
-0.56469
2.07348
1.68379
0.00819387
1.67576
0.00679557
0.516705
-0.351888
-0.590939
0.234238
0.910969
0.48457
-0.0818893
1.07788
0.112303
-0.283281
0.34216
-0.00976033
0.231634
0.653119
-0.401011
0.260381
-0.0237943
0.540105
0.408257
0.75709
0.274627
-0.599375
0.227767
-0.712207
-0.798882
-0.252935
-0.692273
-0.399423
-0.132739
-0.724707
-0.374638
0.106622
0.246989
-0.237035
0.223528
-0.102531
0.248207
1.18117
1.01903
-0.673
0.68046
0.233418
-0.170911
-0.372015
0.43338
0.666366
0.102614
0.951839
0.61896
0.422774
1.77326
-0.504451
0.25187
-1.53295
0.468859
0.0832737
0.00292301
-0.582729
0.312854
1.02078
0.136705
-0.393976
0.0526071
-1.13008
0.180303
0.146993
-1.14521
-0.931295
-0.0463416
-0.530878
-0.360106
-1.15311
-0.107341
0.166352
-0.296542
-0.975569
-0.679936
0.276927
0.128596
0.0290913
-0.114047
-0.482719
0.685698
-0.836092
-0.0137747
-0.0430512
-0.433096
-0.603359
0.0975367
1.65372
-0.57627
-0.0634837
-1.38295
-0.241512
-1.40133
0.776364
-0.860735
-0.95642
-0.177912
1.16431
0.348301
-0.68841
0.235403
0.679877
-0.257664
1.08236
0.0682116
0.467107
-0.7332
0.631327
-0.830904
0.254624
-0.0662245
1.02152
0.722524
0.107805
0.00568105
0.613269
-0.870192
0.0727558
-0.981113
0.0246287
1.02742
-0.281039
0.0962605
-0.703163
-0.0504972
0.700414
0.449509
0.28038
0.232632
0.560691
-0.17741
0.267539
0.502549
0.353957
0.322507
0.894537
-0.931819
0.942098
-1.54749
1.13561
0.188334
-0.428591
-0.0974459
-0.337594
0.55232
-0.964172
1.25841
-0.176096
1.07644
0.0185947
0.0190858
-1.32559
-1.18111
0.404227
0.00724239
-1.01598
-0.389745
1.72813
0.766736
0.293058
0.318443
0.495245
0.473807
0.646346
0.582508
0.780829
0.916963
0.14244
-0.118865
-0.0550155
0.0275585
-0.423942
0.276646
0.540461
0.0819857
1.27114
0.121498
0.138768
0.823378
0.586896
-0.225966
-0.830214
0.396038
0.0495727
0.0598516
0.640769
-0.659702
-0.00203718
0.158739
-0.431716
0.42671
-0.949539
-0.727328
-0.0158309
0.637629
-0.0237992
-0.504129
-0.521996
-0.0523574
0.523954
-0.204896
0.105643
0.0370084
-0.923812
1.27375
-0.554139
-0.0536117
-0.0706404
-0.735267
0.712934
-0.789497
-0.0476133
0.243873
-0.942375
0.984286
0.134324
0.524545
-1.02352
0.3915
-0.378834
-0.522969
-0.20432
0.106807
0.674242
-0.931782
0.360324
1.58339
0.255762
0.444191
1.03563
-0.484698
0.857783
0.0854762
1.24456
0.827898
-0.464787
0.565048
-1.42806
-0.486939
0.30492
0.528313
-0.422356
0.349994
-0.269234
0.6207
-0.388923
0.83059
1.05377
0.685847
0.259913
-1.4129
0.543035
0.19209
0.915506
0.75506
-0.133588
-1.17194
-0.760681
0.119625
0.986893
-0.00901199
0.433913
-0.29843
0.119479
-0.310799
0.68447
-0.2212
-0.792526
0.642633
0.265292
-0.382872
-0.529753
0.108931
0.88916
-0.329727
-0.751272
-0.250383
0.103618
0.195953
-0.214597
0.669759
-0.997152
1.03253
0.419841
0.183847
1.1878
-0.0344864
0.439398
-1.63522
-1.01246
-1.25878
0.233488
-0.68794
0.0482235
-0.521876
-0.160406
1.26675
0.0723478
-0.425369
-0.792285
-0.576355
0.362798
-0.541015
0.109155
-0.0481409
-0.434745
0.00935533
1.25095
-0.74289
-1.09984
0.884293
0.889011
-1.21171
0.295861
-0.545411
-0.144294
-0.187645
0.765287
-1.04311
-0.0456213
0.823082
0.852803
-0.297938
-0.857314
-1.65752
0.726344
0.60049
-0.289633
-0.540761
0.250118
0.512069
0.113677
-0.369065
-0.0458639
0.427789
-0.434042
-0.34905
0.0844973
0.150428
0.563646
0.521798
0.995013
0.632253
-0.217953
-1.62395
1.35073
0.664893
-0.626529
-0.409109
0.0244639
-0.193535
0.473251
-0.340218
-0.518341
1.01827
0.0687771
0.921253
-0.761287
-0.0127193
-0.619875
0.545591
0.527563
0.606224
0.64523
-0.621363
0.122333
-0.275612
0.0564954
-0.20263
-0.502516
0.0900574
-0.953324
-0.67479
0.703876
-0.142028
0.675433
-0.513779
-0.196536
-0.406602
-0.485206
-0.696364
-0.160329
0.483086
-1.09915
0.275937
-0.85619
-0.303452
1.06937
0.871459
-0.35138
1.09811
-0.0502047
0.169423
0.0208189
-1.04167
0.0251896
0.454388
0.00931723
0.750399
0.357003
0.971534
0.250962
-0.17409
0.530704
-0.368322
0.844216
-0.670466
-0.0112876
-0.623513
-0.619416
-0.18707
-1.01762
-0.47497
-0.410011
0.139859
-0.0140973
-1.04378
-0.85369
-0.954546
0.465798
-0.449788
-1.17619
-0.122061
0.637147
-0.0736605
-0.560051
1.02165
-1.12797
0.188652
-0.872742
-0.186024
-0.213089
-0.275939
-0.482307
0.320382
-0.523616
0.0578149
0.179892
-0.157896
-0.265158
-0.856537
0.300369
-0.260226
0.0221246
-0.120704
-0.658234
0.0327653
0.810502
-0.0936596
0.16433
0.687909
1.25847
0.919697
-0.355719
0.281281
0.0610344
-0.342655
0.773899
-1.43044
-0.138704
1.05396
1.16154
0.00535497
0.438412
-0.0295321
0.42581
0.0314083
-0.222856
0.104237
1.20348
0.00425114
0.633592
-1.0112
0.172186
-0.768527
0.186773
0.590439
0.0825457
-0.216775
-0.726653
-0.23215
0.958609
0.947599
0.000964873
1.18
0.434426
-0.682291
-0.906024
-0.941751
0.515872
-0.112268
0.480214
-0.369535
-0.265903
-1.03733
-0.00335805
1.09015
0.488869
0.561746
-0.101933
0.21872
-0.333691
0.230292
0.187012
1.43835
0.799307
1.87532
-0.972621
-1.60653
0.286881
0.825516
0.309585
-0.0897656
0.318902
1.12627
0.628695
0.483689
0.204425
-0.46526
-0.889845
0.4332
1.22023
-0.625603
0.757215
0.170559
-0.632933
-1.14689
1.10994
0.538134
-0.237948
-0.377041
-0.352108
0.393472
-0.776187
-0.257405
-0.475107
0.40824
0.101538
0.446779
-0.832647
1.0949
0.806885
-0.455024
0.204531
0.763484
0.958225
0.39905
1.07859
0.281259
-1.37721
0.219515
0.709287
0.263131
0.484395
-0.941502
0.578608
1.07101
0.418048
0.83078
0.610679
0.123547
-0.153413
0.557277
-0.0582301
-0.536301
0.053926
-0.744472
-1.14563
0.497967
-0.793298
-0.133875
-0.59044
-0.744498
0.441385
-0.433896
-0.916911
0.0255568
-0.141508
0.43258
-0.564374
-0.431101
-1.052
-0.863698
-0.683906
-0.880957
-0.522168
0.0305049
-1.04711
0.231961
0.402939
0.809496
-0.0520395
0.745065
0.432951
-0.0509366
0.423832
0.665549
-0.760727
0.119288
-0.0617329
0.211871
0.446227
-0.125523
-0.268587
0.561889
1.08385
-0.287411
-0.0247259
0.448592
0.480607
1.56413
0.130346
-1.05929
-0.12701
-0.592084
-2.08102
-1.78285
-0.0793087
-0.238219
0.157872
-0.180944
-1.13653
-0.533221
-0.986941
0.841063
-0.831261
-0.203108
-0.443439
-0.210452
-0.0727855
-0.673437
-0.666954
1.43295
-1.28255
-1.14652
-1.02928
0.201428
-1.23724
0.600068
-0.199922
0.477375
0.116597
0.30646
-0.478381
0.358597
-0.619331
0.596732
0.312764
0.839373
0.00946466
-1.35203
1.01299
0.686436
0.677146
0.375488
0.716443
0.961538
0.133226
-1.59853
0.657583
0.681069
0.684862
0.0733425
0.882019
-0.728276
-0.660045
0.610215
-0.421341
-0.853803
-0.960497
0.324488
0.11541
0.766733
0.37925
-0.0749522
-0.40928
-1.2607
0.377899
0.442102
0.734782
-0.509617
-0.440168
0.236238
-0.763619
0.35525
-1.35353
-0.0200155
0.333417
-0.511413
0.658856
0.041073
1.11202
-0.570055
-0.240544
0.31973
0.194379
-0.0556064
0.175664
-0.582157
-1.20054
1.04221
0.412477
-0.689598
0.413354
-0.0649219
-0.108448
-0.332693
-0.967857
0.598234
0.700456
-0.260272
0.158939
-0.180171
0.209171
-0.339783
0.660361
-1.02068
-0.373843
-0.907531
-0.140347
-0.0769303
-0.862188
1.30683
-0.12414
0.474014
0.0201191
0.476524
0.793118
0.591916
0.973027
-0.795264
0.569939
-0.311028
-0.322192
0.054404
-0.184476
-0.0450485
1.14503
1.36054
-0.512081
1.01851
-0.305039
0.00490198
-1.5207
0.581519
0.575389
-0.13366
-0.0499302
0.385478
-0.146822
0.0112822
0.874601
0.800322
0.776728
0.586215
0.664984
0.58318
0.476264
-0.201215
0.152113
-0.219056
0.287034
-0.587439
-0.376301
-1.14702
0.295633
-0.7801
-0.68694
-0.281726
-0.0668354
-0.0949421
0.149177
-0.33553
-0.594817
0.70515
-1.06069
1.83948
1.16801
0.73928
1.68424
-0.309847
0.95135
1.01971
0.134181
1.29052
0.783803
0.400872
0.333153
0.348878
0.524419
0.412604
-0.789773
-0.304797
0.196337
0.0882649
0.0535895
-0.212472
0.0883819
-0.428149
0.280756
-1.32879
-0.46
0.76222
0.190185
0.262058
0.354892
-0.43961
-0.430033
0.0627655
0.302801
-0.1364
-0.658172
0.852958
-0.134228
-0.295455
-1.39627
-0.746329
0.0301608
0.962779
-1.36849
1.24676
-1.4815
-0.461727
-0.277413
-1.19163
0.130269
0.803233
0.196322
-0.186039
-1.16202
0.683135
0.652326
-0.120595
0.0936568
-0.361934
-0.500632
0.222776
1.17005
-1.19211
-1.26097
1.16344
0.384264
-0.817248
0.251567
0.108946
-0.179965
-1.07475
-1.23821
0.945907
-0.380713
0.317274
0.439979
-1.30286
-1.27639
-0.620838
0.672598
-0.675683
0.65798
-0.467295
0.358035
-1.33674
-0.291236
0.114944
0.522551
-1.08088
-0.78122
0.151282
-0.729575
0.193065
0.72627
0.206952
0.295365
-0.64347
0.241911
-0.0614037
-0.889473
-1.21945
-0.239838
-0.700318
0.183142
-0.89592
-0.586703
-0.47214
0.133009
0.724207
0.123805
-0.487733
0.470129
-0.18237
-0.688585
0.81926
-0.477521
-0.229313
0.197467
0.196239
-0.275126
-0.895279
-0.254709
0.0984267
0.370622
0.715222
-0.283742
0.132546
0.249513
-0.395669
0.0554629
0.753683
-0.165209
0.712068
1.59251
0.247877
-0.665579
-0.244024
0.320806
0.857188
0.675226
-0.667593
-1.99625
-0.55063
-0.308706
1.09157
-0.673472
0.88624
0.117618
-0.339601
-0.254303
-1.82794
-0.579595
-0.159125
0.424957
-0.00385008
0.793512
-0.259153
0.331691
-0.469251
0.0813246
0.753208
-0.192907
-0.055561
1.35308
-0.455053
0.321325
-0.512303
-0.489689
-1.24379
-0.475007
0.0469224
0.214483
0.631413
0.233567
1.31751
0.24601
1.2717
0.595418
0.27752
0.673817
0.423678
0.46944
-0.469059
-0.904036
-0.39686
-0.747569
1.23099
-0.089365
0.0834818
-0.445037
0.140132
1.18802
-1.32647
0.229965
0.135889
-0.422668
1.17549
0.419019
-0.64732
1.31536
0.382421
-0.73172
0.729608
-0.702904
1.34565
0.00749313
-0.560382
0.498773
-0.320443
-0.508632
0.0560207
0.623802
1.64606
0.339011
-1.07695
-0.687221
-0.43984
-0.423967
0.176109
-1.0863
0.0494587
-1.3223
0.0401672
0.98767
-0.0791729
0.122571
-0.0812048
-0.233265
-1.31696
0.991162
-0.261792
0.19562
1.02948
-0.632234
-0.980919
0.653595
-0.343406
0.498925
0.544295
0.476931
0.907587
-0.371
-0.833002
-0.0223405
0.213464
0.312829
0.519955
0.03528
-0.0037379
0.0336063
-0.432413
-0.508723
-0.431201
-0.400758
1.32344
1.33983
0.46782
-0.0896252
1.19381
-0.376425
-0.340801
0.185136
0.342883
-0.887945
0.839073
1.28937
-0.707337
0.621977
-0.779001
0.229665
0.345479
0.589849
0.523914
0.455718
0.893908
-0.0425442
-0.743647
-0.242731
0.390574
0.0871374
0.233619
-1.36719
0.484559
0.607763
0.67608
-0.878882
0.0678922
0.0914122
0.0541531
-0.131405
-0.522763
0.127355
-0.450765
0.0225941
0.32958
0.627019
-0.751959
-0.223183
0.0773899
-0.362768
0.473689
-0.490963
0.840878
0.871269
-0.163638
-0.673402
0.810427
-1.3712
-0.239423
-0.322899
-0.703089
-0.0440259
-0.163677
0.748998
-1.33857
0.895693
1.3341
0.567051
-0.717851
1.8496
1.51958
0.675548
-0.811549
-0.28028
0.706658
-0.828033
-0.132469
1.48897
0.0950938
-0.21949
0.125847
0.137932
1.55945
-1.22719
0.438909
-0.78879
0.0773615
-0.341477
-2.06387
0.279196
0.392281
0.306193
0.169372
0.348255
-0.483541
-0.251581
0.427593
-0.445932
0.136987
0.230275
0.684006
-0.112466
0.552683
1.2215
0.42873
-0.060178
-0.755193
0.186669
0.0144681
-0.409819
0.364601
0.229072
-0.113853
0.408662
-0.927853
0.314983
-0.390129
0.134616
0.384773
-0.0102624
-0.33408
-0.775892
-0.966174
0.198801
-1.02173
-1.04255
0.685821
-0.00983971
-0.519746
0.993931
0.250267
-0.694742
-0.150965
-0.113286
-0.0295082
-0.639599
-0.719224
0.732385
0.446764
-0.415585
1.09541
0.767229
0.463336
-0.536873
1.01316
0.392392
0.700014
0.35144
-0.342792
0.277363
-1.41684
0.0838574
-0.424392
0.383543
-1.22828
0.722629
0.565582
1.0214
-0.305622
0.720468
0.180941
0.108935
0.512645
0.0228825
-0.123938
1.09903
0.0539148
-1.10451
0.316131
-0.512675
0.412845
0.285116
0.133402
-0.358032
-0.633241
-0.445481
0.0730219
0.850231
0.0448711
-0.162624
-1.21816
0.595725
0.134355
0.115967
0.608084
1.18265
-0.399826
0.541389
-0.545163
-0.129817
-0.458556
-0.585035
0.0600389
-0.459679
-0.868054
-0.667423
0.89672
0.832218
-0.150428
0.142855
-0.375099
-1.07544
0.712198
0.656726
-0.221781
0.445311
-0.29361
-0.611632
-0.453262
0.0351711
-0.449741
-0.343153
-0.454364
0.310725
-0.944306
-0.234758
-0.165334
0.333367
0.243097
-0.849457
0.351023
-0.189568
0.456016
0.424171
-1.57978
-0.087028
0.0440249
-0.32649
-0.498637
-1.42668
0.286972
-0.509404
1.31555
0.439038
-0.0639297
-0.332192
0.636021
0.887012
0.922043
0.485758
-0.761424
-0.691061
-0.381281
0.515495
-0.41739
-0.282273
1.43246
-0.111074
-0.197264
0.303685
0.90464
0.911291
-0.885218
-0.0940669
-0.222799
1.46255
1.39265
-1.26358
0.486948
0.153655
-1.51448
-1.1972
-0.0325742
-0.119379
-0.230187
-0.463744
1.11519
-0.345178
0.257475
0.79987
-0.190742
-0.683501
-0.786688
0.61396
-0.143583
-1.52885
0.561049
-0.895146
-0.162404
-1.16471
-0.065545
0.402488
0.156121
-0.0778708
-0.66176
0.948386
-1.22842
-1.33193
0.0452092
0.545288
0.850923
0.231961
-1.54522
0.214923
-0.783256
0.292911
0.867022
-2.63974
-0.616947
0.708255
-0.713733
0.63407
1.04458
-0.947326
0.372691
0.334153
-0.134979
0.721657
-0.979156
0.0463256
0.106933
-0.60605
-0.262787
0.588983
0.0806352
0.282195
-0.869357
-0.540404
-0.109275
0.0545828
-1.06791
1.09647
-0.0430515
0.252511
-0.53494
0.00923565
1.19202
0.867973
1.25492
0.476145
0.342613
-1.19782
-0.423116
-0.471859
-0.835252
0.296707
-0.488603
0.35765
-1.03491
-0.705911
1.3612
-1.48772
-0.401911
0.813869
0.645147
-0.650712
0.465395
-0.163021
0.0107805
0.821661
1.03932
-0.618741
-0.275833
0.843524
-0.489113
0.35078
-0.220516
0.280123
0.482234
0.668506
-1.13873
0.439158
2.10011
0.769108
-0.629139
0.488751
-0.102547
0.941987
0.598227
-0.17369
0.153406
0.599269
0.142008
-0.454572
1.54071
0.794233
0.00297948
0.149931
0.171494
-0.0644824
-0.179958
0.0620891
-0.534877
-0.10075
-0.44204
-0.917942
1.04382
-0.559339
-1.10113
0.00410113
-0.123771
0.0710816
-0.651558
-0.0803324
-0.157587
-0.220622
0.139752
0.689723
-0.993075
0.290798
0.338076
0.511398
0.364927
-0.00417194
-1.33888
-1.03241
0.571604
0.488175
0.40168
1.67235
-1.10801
0.754118
0.206725
0.915402
0.620349
0.704998
0.106353
0.237985
0.345838
-0.109726
-0.648278
0.356937
0.748764
-1.41509
0.00901014
1.13397
-0.2152
0.14535
-0.632597
0.656293
0.0715224
1.08552
-0.570858
-0.627923
-0.0392604
-0.562044
0.712178
-0.384771
-0.373311
-0.00982335
0.244151
0.157854
-0.199652
1.11019
0.228822
0.207002
-0.334331
-0.579731
-0.0288351
0.332182
0.415806
-0.0476527
-0.913541
0.178659
-0.993155
-1.20641
-0.0122607
-1.04309
-1.24071
0.660305
-0.0717554
-0.00759523
-0.762935
1.61808
0.419935
1.35586
0.0816408
0.85324
-0.430988
-0.183261
-0.546675
-1.4338
0.892078
0.402561
0.279302
-0.096034
1.07499
-0.119039
-1.60528
-0.323847
0.74283
0.03072
0.374784
1.3908
1.03154
-0.750531
-0.336274
-0.64086
-0.393976
-0.152021
0.517706
-0.334098
-1.7765
0.195804
0.662035
-0.0409832
-0.302526
0.698431
-0.0854394
0.345287
0.416061
1.15707
1.11574
-0.150247
0.291977
1.33474
-0.17517
-1.64718
-0.00629183
0.616106
0.842128
-0.275845
0.480462
0.666666
-0.680005
-1.3505
-0.419561
-0.428322
0.400536
-0.54748
-0.100469
0.518144
-2.4062
-0.797461
-0.899123
0.793249
-0.0296367
-0.0928582
0.253612
-0.530019
-0.204025
0.155995
-0.0686204
-1.18921
0.715792
0.0612652
-0.160167
-0.156067
-1.00658
0.154728
0.834196
0.0835815
-0.548984
-0.281171
1.02054
0.213309
0.718951
-0.5721
-0.409883
-1.60823
-0.369851
0.469277
-1.04742
-0.0893046
-1.71818
0.388428
-1.40199
0.59283
0.888377
0.776058
-0.350889
-0.162137
0.479265
0.196928
0.35859
0.878995
1.13693
0.429029
1.15758
-1.04401
-0.18176
-0.348793
-0.105187
-1.31449
-0.598579
1.1968
0.3704
0.341741
-1.18057
0.905567
0.0132221
0.700868
-0.0852708
0.113748
0.908813
-0.355534
0.322962
0.826829
-0.0574632
-0.65721
-0.187854
-0.150816
0.669728
-0.36921
-0.791416
-0.919621
0.778435
-0.252786
0.224804
0.0308327
1.05203
0.578658
-0.341256
0.414273
-0.614655
0.132664
0.293808
-0.00528513
-1.43683
-1.02611
-0.453267
-0.311766
0.0393876
0.855452
0.637465
0.855674
-0.0601126
-1.19016
-1.7393
-0.122352
0.4518
-1.16628
-0.929482
0.182173
-1.03044
1.32929
0.310122
-0.995687
-0.110451
-0.337141
-1.15367
-0.000728822
-0.891615
-0.339123
0.335988
-0.00733708
1.59592
0.19807
0.280496
-0.76548
0.077264
0.204929
0.541175
-1.53447
0.610429
-1.24632
-0.298632
0.939523
-0.0157757
-1.07968
-0.696595
0.211309
-0.54612
-0.273244
-0.854472
-1.67237
0.192585
0.178167
-0.784792
1.73141
-0.719146
-0.842385
-0.445192
-0.204143
-0.579993
-0.339401
0.842818
-1.14332
-0.0492844
0.279752
-1.38621
-0.164747
0.158885
0.0123047
-0.0748122
-0.33958
0.761329
-0.291005
-0.631666
-0.624905
1.14636
-0.139025
-0.0665089
1.22741
0.416529
-0.416539
0.699272
-1.20878
-0.534102
0.330504
0.0273682
0.776227
-0.110576
-0.951439
0.219081
-0.550779
0.37487
1.18104
0.271784
-0.424764
-0.29932
1.83352
-0.135889
0.881537
-0.0285699
0.122697
0.0897036
-0.0515121
-1.96428
1.73005
0.216599
0.836472
0.0315163
0.2584
-0.153419
-0.694955
-0.555602
0.858321
-0.0219258
0.380547
0.699635
0.294015
-1.09953
-0.00299027
0.511805
0.432963
-0.706019
0.36973
-0.478667
0.0269644
-0.0430894
-1.03289
-0.64024
-0.610906
-0.578732
0.247344
0.139523
0.268451
0.631446
0.283019
-0.529602
-0.26395
0.469189
-1.04027
-0.39268
-0.199829
-0.0725741
0.430231
-0.736216
0.152734
-0.723976
1.02696
0.755567
-1.25138
-0.646219
0.837173
-0.204393
0.659989
-1.20648
-0.0225417
-1.052
-1.00571
-0.566732
-1.1449
-0.148301
0.317616
-0.746107
-0.14561
-0.901149
-0.45186
0.368017
0.56747
0.27604
0.287176
-0.719331
0.235198
-0.536563
0.781531
0.340072
-0.935751
0.440631
-0.319603
-0.204537
-0.346378
-0.234928
-1.5599
-0.0944288
-0.506209
0.180514
-0.626233
1.31486
-0.479211
-0.245935
0.334401
-0.0683055
-0.0692838
-0.0521113
-0.707432
-0.529188
0.182579
1.25831
1.23633
-0.459743
-0.356198
-0.451078
-0.723972
0.191709
0.115524
-0.209081
0.112943
-0.484916
-0.0654733
0.339736
-0.108676
-0.129522
0.166022
-0.584454
-1.86357
-1.12309
-0.489803
-0.187087
-0.938842
-0.885644
-0.456279
-0.834235
-1.18296
-1.31292
0.17281
0.0144288
0.425876
-0.0711056
0.9343
1.15528
0.00214194
1.13945
0.797496
-0.923492
0.407188
0.448719
-0.926107
-0.144706
-0.186787
0.395871
-0.828826
0.888113
-0.167303
-0.354699
0.364705
-0.297026
-0.470743
-1.00231
-0.774857
0.823552
-1.74302
-0.0360571
0.774707
-0.817684
-1.00151
-0.105817
0.620923
-0.301512
-0.269916
0.2577
-0.69991
-0.694526
-0.114356
0.41982
-0.777628
-0.915578
-0.607159
0.63253
-0.32503
-0.532406
-0.557148
0.302402
0.758553
-0.268386
0.0103391
0.723567
-0.879123
-0.165317
-1.09028
0.194091
0.0541371
0.153559
-2.01931
-0.303128
-0.196482
-0.95784
-0.399586
-0.238701
-0.174747
-1.07256
0.0048716
-0.133357
-0.503468
-0.283703
-0.0998423
-0.280228
-0.625825
-0.445431
-0.275946
-0.49396
-0.66024
0.563598
-0.889372
-0.417162
0.20815
0.864627
0.607591
-0.4826
-0.326758
0.381983
-0.278314
0.811869
-0.109061
-0.245986
-0.879171
-1.23151
0.669858
0.441591
0.383514
0.0112445
-0.0566607
-0.651671
-0.953063
-0.400411
0.176628
-0.0737593
0.721777
-0.0244887
0.295028
0.0817612
-0.640805
1.51561
-1.25497
-0.503679
1.88446
-0.0391275
0.57748
0.640877
0.00867537
-0.692496
0.433534
-1.19779
-0.572241
-0.152344
0.727325
-1.16654
0.585259
0.440553
-0.293364
-1.1647
0.928963
0.454226
0.426138
-0.308022
1.22445
-0.769465
-1.93099
-0.854041
-0.992482
0.380116
0.534138
-0.740144
-0.718299
-0.175568
0.456733
-0.416731
0.136411
0.266235
0.398205
-1.55367
-0.554347
-1.35774
0.00137908
-0.0245965
-0.696008
-0.0927063
1.31966
-0.191101
-0.0598481
-1.08689
-0.687015
-0.274457
0.893956
-0.268277
0.332762
0.911795
0.238776
0.159696
-0.109598
0.125643
1.12974
-0.602429
0.980768
0.874095
1.62112
-0.40316
-0.273478
0.0207777
0.527492
0.872893
-0.0288434
0.927126
0.00690187
-0.105022
0.253303
0.477038
0.238749
-0.243525
-0.160927
0.239156
-0.718942
0.411097
-0.606729
-0.538862
-0.240881
1.72839
-1.46763
-0.880532
0.619334
-0.1773
-0.477067
-0.63024
0.452446
0.138823
0.0390471
-0.0516407
-0.790606
-0.155042
0.916711
-0.138801
-0.489933
0.075067
0.437928
0.0283505
0.147728
0.0478901
-0.605443
-1.74379
1.13837
0.0724193
0.314085
-0.260211
-0.119147
0.113519
0.257649
0.186191
0.172878
0.673483
-1.2339
0.876662
-0.393026
0.681994
-0.406049
0.956061
0.142169
1.12786
0.895848
-0.225313
0.540102
0.201505
0.0310421
0.298647
0.365717
-0.498426
1.19871
0.0334051
1.00517
0.204157
-0.491689
1.08471
0.170346
0.494273
-0.307482
-0.172417
0.0370284
0.0303755
0.0179221
0.737427
0.44908
-0.537419
0.926258
-0.622591
-0.238694
0.223799
-0.710889
0.396929
-1.01529
-1.26732
-0.156886
-0.697703
-1.33514
-1.239
-0.607655
-0.622961
-0.00626401
0.328547
0.227688
-0.45594
-0.564267
-0.0251179
-0.766277
0.474404
-0.466148
1.5464
0.312065
-0.825949
-0.840998
-0.481277
0.505462
1.04052
0.71575
-0.760364
-0.732523
0.00384954
-0.397382
-1.07332
-0.397393
0.334182
-0.163987
0.6664
-0.467668
-0.127733
0.00521141
-0.119686
0.0787804
0.433842
0.0895319
0.0497868
-0.808117
-0.912251
0.475211
-1.10392
0.433487
1.18777
0.0491359
1.94443
0.397162
0.0802988
0.634448
-0.86457
-0.426551
0.836758
0.857053
0.0874352
0.469101
-0.818546
1.78445
1.60871
-0.582343
-0.610824
-0.66945
0.229997
-0.831818
-0.39655
-0.285087
0.599704
0.830504
-0.783591
0.303258
0.621523
0.645563
1.30227
-0.355551
-0.888307
-2.19778
-0.858191
-0.804789
-1.24234
1.10308
0.553984
0.213444
-0.124209
-0.095699
-0.77362
-1.48462
-0.834326
0.159039
-0.224111
0.835156
-0.302485
1.14486
0.69272
0.409728
1.02009
0.503884
0.498924
-0.632915
0.211161
-0.306762
0.531568
-0.510828
0.542213
0.484566
0.223221
-0.216164
-0.0317442
-0.234365
-0.00301407
-0.265095
-0.560326
0.450485
-0.545013
-0.964213
2.0009
-1.25843
-0.933537
0.521232
-0.616321
-0.170271
0.323422
-0.484179
-0.48953
0.697783
-1.16947
0.795123
-1.80703
-0.217146
-1.44735
-0.105233
0.882769
-0.138535
-0.318276
-0.241565
-0.0756985
-0.642136
1.25938
0.00764911
-0.00950875
-1.02809
0.938052
0.64931
0.27666
0.0779832
-0.202621
-0.821319
-0.775571
-0.448401
-0.323964
-0.523245
-0.485821
-0.442556
-1.12293
0.0763014
-0.304453
-0.409585
-0.0111331
0.0888098
-0.153854
0.39491
0.0266093
-0.174097
0.638627
1.09516
1.11503
0.739448
0.982953
0.2423
0.839874
-0.507208
0.368789
0.294796
-0.504752
-0.894647
0.237952
0.0841746
-1.26619
0.93229
-0.902386
-1.41357
-0.308894
1.09242
-0.548462
0.258685
0.143911
-0.720097
0.744465
0.760238
0.303079
0.801532
-0.798569
-0.821381
-1.05505
-0.548215
0.886299
0.641696
-0.0700413
0.327628
-0.632355
-0.539835
-1.27005
-1.22023
-0.317148
-0.226314
-0.104224
-0.238237
0.18921
1.18513
1.05309
-0.21065
0.385754
-0.686517
0.00107757
-0.0166095
1.04145
0.372977
0.442603
0.513601
0.352592
-0.674302
-0.611366
-0.0343449
0.589168
-0.143058
-0.300025
-0.643117
0.410407
0.848122
0.334505
-2.27421
0.0889658
-0.393452
-0.682341
-0.654604
0.693914
-0.404809
-0.124929
0.100719
-0.0185851
-0.0176082
0.177819
0.943171
0.163529
-0.682003
0.381356
-1.01271
0.0744687
0.637369
-0.692142
-0.453268
1.0403
-0.0647157
-0.274666
0.0965697
-1.24235
-0.222998
-0.408326
-0.533039
0.878473
-0.0146859
-0.879898
-0.154892
1.09763
1.104
-0.731433
0.350589
-0.28274
0.515399
0.364435
0.202581
0.00893954
-0.41154
0.63833
0.0351696
1.54956
0.438317
-0.110822
0.513883
1.72463
0.693281
-1.78336
0.324742
0.0502957
0.000480919
-0.63455
-1.04972
0.218974
-0.0254575
0.0704388
-0.580662
-0.349879
1.03361
0.448748
-0.0712852
0.650871
-0.364889
0.30276
0.496903
0.483841
-1.20677
-0.0273116
-0.0606868
0.104593
0.237438
-0.944729
-0.393998
-0.466835
0.278246
-0.463565
-0.136271
0.820719
0.781356
0.819378
0.483647
-0.758445
-0.241647
0.123025
-0.94617
-0.305619
0.676688
0.228786
0.0424193
0.622886
0.322864
-0.122577
0.431756
0.424798
-0.17531
0.32946
0.0757113
1.3922
-1.7298
0.958283
0.468839
0.105582
0.622043
-0.0602864
0.625431
0.903438
-0.460281
0.0519913
1.07426
-0.261092
0.473116
-0.518873
-0.133398
0.841143
0.290923
0.464576
-0.305151
0.728906
1.25318
0.128468
0.471836
0.274668
-0.999942
-0.258396
-0.549643
-1.04774
0.0130648
0.437256
0.639208
-0.659847
-0.830145
1.07642
-1.15858
-0.341108
-1.29947
-0.810899
0.76064
0.248652
-1.28253
0.0118586
-0.158091
0.157305
-0.029853
0.398667
-0.114686
1.26615
-0.0019873
0.547695
0.588133
-0.124058
1.79615
0.153429
0.777929
-0.322654
1.43992
0.0618914
-0.142755
0.331079
-0.480287
-0.730708
1.15327
-0.208117
-0.881729
-0.623605
-0.50344
0.0827398
-0.0258826
0.883262
0.777111
0.279157
-0.384993
0.748821
0.944191
0.678217
0.852344
0.410739
0.255827
0.0844048
-0.663743
-0.114402
-1.16503
-0.538256
0.890081
1.747
-0.583377
1.03237
0.188101
0.600479
0.911857
0.827993
-0.442392
0.746902
0.354823
-0.342091
0.662011
-0.00812396
-0.806458
0.198975
0.907063
1.01747
1.77559
0.0305596
-0.693064
-0.188405
-1.68271
-0.267944
0.420493
-0.436824
2.10527
1.06013
-0.894973
-0.0147429
-0.279028
-0.306424
-0.709437
1.57586
0.736903
0.0129598
-1.41597
0.143916
0.197503
1.37543
0.182881
-0.627734
0.695922
-0.981712
0.945796
-0.77881
0.132505
0.598337
-0.751301
-1.18648
-0.539805
0.163273
0.264182
-0.520521
0.578668
-1.03505
0.114147
1.67396
0.186181
0.606852
-0.91909
-0.223393
0.324032
1.12978
-0.440794
0.928112
0.0813392
-0.409816
0.489392
0.999972
-0.826532
-0.654522
0.866736
0.00848792
-0.172086
-0.245661
0.716844
0.663281
-0.25559
-0.668522
-0.524819
-0.195908
-0.279022
0.987064
0.162067
-0.0283905
0.075123
-0.619323
1.0904
0.119424
-1.64075
0.0283744
-0.211682
0.860897
-1.94381
-1.00056
-0.978106
-0.687206
-0.541864
-1.28183
0.425914
-0.267165
0.644615
0.257989
0.471589
0.168752
-0.916293
-0.459581
0.687814
0.11006
0.694416
-1.28005
-0.0749487
-0.950319
0.227333
-0.713739
-0.66855
0.305284
-0.431181
-0.455557
-0.30642
0.107405
-0.558511
0.942985
0.935494
0.894642
0.0310647
0.369386
-1.93559
0.322377
0.446019
-0.71558
1.49481
0.322755
0.7723
0.431992
0.800259
-1.27801
0.738017
-0.0697641
0.454759
0.795534
0.0956793
-0.253649
0.302276
-0.324491
0.44347
-0.76167
0.0123126
-0.45768
1.4363
0.25454
0.261736
-0.233288
-1.39086
0.526975
-0.541306
0.7693
-0.807967
-0.629199
-0.37349
0.894567
0.983522
-1.33133
-0.0589134
-0.129047
-0.119075
-0.161747
1.89549
-0.549391
0.271183
-0.589408
-0.118771
-0.367866
0.917231
0.315247
0.500701
-0.557034
0.457365
-0.439352
-0.00459965
-0.118971
0.52768
-0.200519
0.273744
-0.0909433
-0.37602
-0.0941736
0.0549335
1.38662
1.94237
1.62596
-0.0617157
-0.150717
-0.715896
0.859064
0.0343904
0.803442
-0.608316
-1.29723
-0.358655
0.154469
0.328475
0.449324
-0.760699
-0.788086
-0.146227
0.359313
0.056008
-1.66189
-0.900634
0.446579
0.189469
-0.128126
-1.15839
-0.199396
-0.7723
0.0888252
-0.494261
-1.65837
0.452304
0.158623
0.0685537
0.116799
-0.731314
-0.276403
0.0815667
-0.226348
-0.219659
-0.330721
-0.157116
-0.440358
-0.434902
0.0604095
0.618791
0.5028
0.100069
0.146726
-0.86941
1.44575
-0.00647846
-0.0148089
-0.726102
-0.558903
-1.2908
0.214954
-0.9623
0.823184
-0.23985
-0.179747
-0.656948
0.257976
0.449109
0.465075
0.379621
0.518271
0.437892
0.714707
-0.738353
0.610916
-1.13372
1.03618
1.5547
-0.789253
0.249656
-0.137659
1.3328
0.168969
0.466543
-0.794165
-0.735186
0.126033
1.53423
0.0753246
0.865292
-0.890249
-0.202382
-1.56189
-0.332803
0.0957754
0.83468
-0.552328
0.509077
0.0829016
-0.18932
0.99954
0.177626
0.224783
-0.618118
-0.0191512
0.223715
0.458901
-0.00601668
0.0504314
-0.102904
1.07625
0.496217
-0.246015
-1.47252
0.132947
-0.669364
-0.375156
-0.0266404
0.152814
0.0371841
-0.733302
0.47096
-0.0572214
0.182739
1.46749
0.529098
-0.154485
-0.0392343
-0.351368
0.632152
0.89648
-0.391226
-0.227742
-0.647342
-0.034204
1.18431
-0.357802
0.546106
0.577758
0.199758
0.497277
0.596542
-0.261451
1.88261
0.140846
0.431915
0.333657
-0.754943
1.16787
-0.411913
0.736511
-0.453539
0.239108
-0.86625
-1.79609
0.968737
0.145982
-0.833589
1.07615
-1.44031
-0.639126
0.153987
0.745825
0.807426
0.363007
0.449356
-0.803853
0.56126
0.751241
-0.695132
-0.64381
-0.963243
-0.387359
0.725152
-0.976913
0.748554
-0.13106
-0.104038
-0.150112
-0.0956365
0.358334
-0.615604
0.314366
0.027289
-0.170339
-0.298984
0.813291
0.00579329
-1.0049
-0.447762
1.18041
-0.542649
0.745642
0.342076
-0.347326
-0.570689
0.386495
0.018569
0.448226
-0.422989
-0.0546161
2.03582
1.30944
0.829959
-0.685301
-0.732436
-1.31016
-0.656734
-0.0799404
0.220414
-0.712066
0.398607
1.06138
0.266561
0.101651
-0.33426
0.230894
0.238253
0.523489
0.173893
0.86528
1.12378
-0.215895
0.53873
-0.878295
-0.19699
0.420441
-0.162136
-0.973044
-0.877362
0.526924
-1.5101
0.15139
-0.037701
-0.428316
0.820941
-0.000267554
-0.960353
0.611178
0.0299404
-0.290196
-0.872165
0.397404
0.728651
0.733876
0.569947
-1.32175
0.24746
-0.190363
0.810558
0.608334
0.149432
-0.597833
0.493078
0.592953
-1.28289
0.694709
-0.249163
0.121491
-0.450752
-0.0454127
-0.779051
0.453185
0.671753
1.18721
0.522991
-0.857317
-0.622107
0.00574625
0.386462
0.361942
-1.56056
1.32613
-1.28079
1.01449
-0.496445
0.21291
-0.682243
0.0209418
0.119098
0.329679
0.465419
0.148016
-1.05622
-0.294573
-0.224984
0.731333
0.847053
0.461811
0.194009
-1.0155
-0.658487
-0.871834
-0.0977144
0.402445
0.697643
-0.265635
1.74438
-0.316331
0.407609
0.0697286
-0.87901
-0.319961
1.68592
0.832569
-0.0716106
0.882957
-1.82098
-0.685577
1.30851
0.0253603
-0.0788462
-0.00151019
-0.985324
-0.400405
-0.220133
0.0577955
-1.2256
-0.846858
1.22974
0.0934124
-0.441716
0.972587
-0.0599241
1.53378
0.0874081
-0.202836
-0.438412
-0.881609
-0.547902
-0.119767
-0.737614
1.72942
1.2275
1.77886
0.350515
0.413868
-0.0797731
0.471772
-0.489657
-0.646456
-1.00485
0.200986
-0.601925
-0.527981
-0.532425
0.52584
0.899593
0.235708
-0.0883698
-1.52887
1.45464
-1.05058
1.51426
-0.758819
0.593365
0.00907707
0.0864312
0.647469
0.703716
-1.4775
0.495099
-1.23735
1.18286
-1.80539
-0.082547
-0.0248803
-0.826149
0.601134
1.06212
-0.400514
-0.22779
0.621904
0.440007
-0.93718
-0.0797378
-0.826318
0.708668
-0.685396
0.615031
-0.179363
0.443522
-0.142482
-0.235897
-0.054715
-0.156308
-1.391
0.396969
0.482968
0.311611
-1.27645
0.0541578
0.220678
1.06712
-0.173655
-0.71196
-1.09018
-0.164019
-0.190254
1.31038
-0.752844
-0.826554
0.464363
-0.459654
-0.388572
0.77817
-0.26642
-0.467349
-0.219131
1.83349
0.0333864
-0.582972
-1.10722
0.783236
1.64698
-0.602201
0.561797
-0.25671
-0.416791
0.348808
-1.36095
-0.54868
0.202311
0.303685
0.148627
0.393595
-0.520385
-0.115777
-0.0517372
-0.32727
-0.123733
0.330084
1.11109
0.435157
-1.76462
-0.307364
0.378296
-0.219603
-0.888737
-0.246308
-0.88929
0.703132
0.798022
-0.127483
-0.295342
-2.05252
0.764629
-0.346396
1.1986
0.816923
0.202301
-0.357331
1.04909
0.248517
0.757851
0.110652
0.0307451
0.360726
-0.548347
-0.102839
0.0532654
-0.192673
-0.0490595
0.655789
-0.882707
0.18463
0.232508
0.901684
-1.21368
0.379157
0.437802
1.31735
0.9973
-0.78893
0.684134
0.443868
0.14363
0.660298
0.902608
0.252631
-0.52793
1.39944
-0.481584
-0.0472926
-0.441584
-0.0682628
-0.0918557
1.37086
-0.693388
0.9825
-0.376426
-0.341152
0.179084
0.880532
0.578943
0.0975844
1.78082
0.0846373
0.102443
0.398299
-0.587038
-0.0879519
-0.176823
0.528634
-0.636904
0.531362
0.0356432
-0.184887
0.452039
-1.18032
0.265701
-0.415538
-1.04093
0.900129
-0.53599
0.894356
-1.13334
-0.911952
-0.959489
-0.473587
1.07317
0.31967
-0.425917
0.165593
0.105057
0.538359
0.551931
1.5427
0.179754
-0.227253
-0.394893
1.23671
0.732507
0.880242
-0.408453
-0.83043
1.27801
1.35769
0.00754718
0.314398
1.87978
0.663654
0.0317657
0.444404
1.49388
0.464579
0.0693037
-0.160037
0.10925
0.108007
0.205403
-0.490769
0.548969
0.366896
0.45369
0.666239
1.23056
0.43845
0.399751
1.55743
-1.9415
-0.629458
-0.457093
0.172838
1.12283
0.238557
-0.626831
-0.570248
0.456207
0.341409
0.0749143
-0.353325
0.154735
-1.05164
-0.329108
0.221133
0.299294
0.842639
-0.511801
0.0938245
0.242171
-0.0102522
0.112598
0.528712
0.281409
0.540238
-1.4275
0.843352
0.0867765
0.700086
-0.08731
0.315682
-0.8195
0.663067
-0.437991
-0.923755
0.699369
0.47375
-0.108627
-1.66625
0.915484
0.50585
1.11425
-0.235578
-0.416803
0.870385
0.0676843
0.59023
0.712486
0.094692
-1.07545
-0.382899
-1.3639
-0.960729
0.770786
1.35203
0.134241
0.300131
0.243787
-0.0897721
0.295522
-1.29336
0.326817
-0.262003
-0.0983988
0.730675
-0.332
0.667992
-0.154781
0.0345828
0.467198
-0.040196
0.810534
-0.817553
0.0946139
0.207941
0.571756
0.70808
0.246207
-1.27111
-0.246743
-0.113916
0.255824
0.626244
0.719065
0.422956
-0.0348651
-0.62938
-0.73853
-1.29893
0.326266
-0.519174
0.671374
-0.413887
0.245474
1.9748
-0.824694
0.103764
0.9875
-0.85583
-0.187826
-1.22833
0.275077
0.272387
-0.190384
-0.475392
-0.555617
0.874719
0.903871
-0.103239
1.06245
-0.191794
0.188356
0.477762
0.308394
-0.261355
0.266198
0.385217
1.01173
0.657125
-0.33079
-0.267777
0.00837023
-0.603553
0.920381
0.757749
-0.303754
-0.409976
-0.249047
0.106377
-0.756171
0.501881
-1.03614
0.439014
0.0795062
0.14583
1.39685
0.0495102
-0.093705
0.543467
-0.36853
0.411964
-0.975831
-1.17885
-0.67034
0.174304
0.728744
-0.143429
-0.118595
-1.33932
-0.127294
0.0136892
-0.289919
1.42389
0.279658
-0.198802
0.799648
0.120594
0.409027
-0.91466
-0.701904
0.651672
-0.0428273
0.70654
-0.691991
0.46028
0.0493539
-0.790777
-0.253218
0.903628
1.23983
0.500417
0.750268
0.0740864
1.07357
-0.702053
-1.63368
0.53506
-0.186907
-0.0156375
-0.0733074
0.911177
-0.205966
-0.23813
-0.584137
-0.575373
-0.354556
0.918122
-0.0373638
-0.907991
-0.877934
-0.23118
-0.413165
0.0991697
0.358302
1.30459
0.213749
-0.124568
0.242431
0.232979
0.257967
0.51709
-0.87907
-0.0468887
-0.380745
0.576384
-1.32699
-0.405241
-0.739049
-0.235524
-0.774142
-0.225326
-1.01601
-0.275771
0.810922
1.5055
-0.794175
0.934418
-0.251907
-0.594191
-0.167002
-0.714268
-0.626665
-0.207752
0.169671
-0.696511
-0.114035
-0.653024
-0.427747
-0.144865
-0.299046
-0.0758729
-1.11251
0.317232
0.334775
-0.380794
0.607196
-0.0677341
-0.323731
0.32853
0.352312
0.715255
0.535751
0.851824
-0.154201
0.674316
-0.312869
0.695617
-0.71396
0.885726
0.941557
0.272041
0.21169
0.597054
-0.212966
0.466638
0.435054
-1.5025
-0.472941
0.691239
0.230846
-0.629727
0.358809
0.587933
0.974102
0.383307
-0.787858
-0.769808
0.542254
0.424376
-0.74577
-0.682845
0.242014
-0.175051
0.0189501
0.245216
0.559613
-0.922127
-0.737226
-0.246123
0.609387
0.122705
-0.630223
-0.0986847
1.31807
0.539001
0.105645
-0.427648
-0.201195
0.0199505
-0.103991
-0.077774
1.19358
-0.0233649
-0.599384
0.535673
0.930837
-0.148467
0.26911
-0.555978
0.48485
-0.567149
0.647106
-0.209441
0.0184907
0.278367
-0.428148
-0.513548
-0.762965
0.561901
0.325044
-1.58935
0.705357
0.462007
-0.0539958
0.904879
0.127496
-0.893823
0.489746
-0.192566
0.728263
1.23839
0.69794
-1.05653
0.187534
0.561626
-1.95189
-0.318287
-0.658817
-0.67655
0.760061
0.114316
0.257946
0.210398
-0.64631
0.405748
-0.612534
-0.0126841
-0.0111253
-0.224862
0.669368
0.982761
0.388148
0.35493
0.267656
-0.846452
0.425413
0.15434
-0.553285
0.480395
-0.363937
-0.556436
0.136286
-0.236629
0.0859127
-1.53357
1.95851
-0.10787
-1.20361
-0.790944
-0.916592
-0.544066
0.693269
0.16098
-1.37329
-0.0174917
-0.333991
1.29317
0.506311
-0.20047
-0.455024
1.00906
0.782034
1.13504
-0.0423461
0.831227
-0.330683
0.963283
1.71078
-0.301566
0.624051
0.472162
-0.103316
0.0915707
-0.29079
0.556061
-0.622513
1.16189
0.0731619
-0.134419
1.0003
0.563678
0.102673
0.164856
0.0173434
0.453473
0.495246
-0.570828
1.57232
0.116398
0.722229
0.31397
-0.338511
-0.190107
0.563654
-0.656376
-0.112135
-0.139897
-1.85314
-1.63192
-0.411838
-1.34773
-1.08373
0.92768
0.000706218
-0.438315
-1.11611
0.95745
-0.32371
1.20093
0.33968
-1.0425
-0.868136
-0.342935
-0.777841
0.44405
-0.415874
0.492815
-0.256458
0.0619787
-0.520318
-0.291656
-0.0885451
0.410641
-0.358735
0.495963
1.05286
0.248142
0.111032
-0.46265
-0.373148
-0.276532
-0.111089
-0.95042
1.29242
0.852958
0.555256
-0.864581
-1.45465
0.230541
-0.597046
-0.564876
-0.875426
0.821653
1.66088
-0.316546
0.385634
1.2
-0.713315
-0.135526
0.773314
-0.29705
1.52177
1.09629
0.0561042
-0.373974
0.428008
0.684173
-0.358996
1.48312
-1.276
-1.08111
-1.47087
-0.93592
-1.18597
0.357177
0.144784
0.0485499
0.896074
0.473165
-1.21402
0.541818
-0.139997
1.05473
0.146638
1.34686
-0.414966
0.676354
0.460693
-0.80782
1.48973
-0.510282
-1.2067
-0.0729747
0.778116
-0.746035
0.166228
0.58197
-0.682713
-0.4027
1.38578
-0.807762
0.0594522
0.307217
-0.0919862
-0.0969797
0.729781
0.785839
-1.20728
-0.695961
0.165857
0.179302
0.207002
-0.351128
-0.0219229
-1.02655
-0.571391
-0.105268
1.1427
-0.452686
0.285996
0.0042575
-0.782182
1.16438
-1.27897
0.246747
-1.42154
0.118413
-0.0638411
0.343556
2.05303
-0.822391
0.249921
-0.243485
0.702159
0.368126
0.51078
0.277364
-1.09497
0.669971
-0.162353
-0.656107
0.505021
0.929984
-0.38967
0.655729
0.658722
-0.422171
-1.08283
-0.594464
-0.473864
0.150564
1.81316
1.0479
-0.142337
0.922207
0.10658
0.622452
-0.937265
-1.34101
1.81413
-0.639873
-0.277993
-0.348047
0.429089
-0.169889
0.91886
-0.123841
0.515892
0.0859134
-0.445528
-0.552863
0.988462
0.448197
-0.624622
-0.400648
-1.04199
-0.419957
0.417437
-1.15997
-0.60845
0.321336
0.862089
0.430409
-1.52314
-0.475472
0.152751
0.560081
0.0755352
-0.668512
-0.136329
-1.50334
0.0341683
0.856069
0.566145
0.0831981
-0.0519421
-0.0556598
0.672064
-0.409794
-0.842383
-0.91687
0.587597
0.397677
0.582109
-0.183009
0.986217
-0.577982
1.10963
0.896658
0.618379
-0.647393
-0.195948
1.132
-0.456923
0.380211
-0.217927
0.400935
-0.227093
-0.44489
-0.208636
0.478855
1.72356
-1.62309
-0.169632
-0.506264
-0.873542
0.853291
0.794564
0.496805
0.361368
-0.555664
-0.909767
0.0802904
0.0284163
0.289257
1.07792
-1.70071
-0.163376
0.936925
-0.821433
0.0129858
-1.14919
0.437161
0.260977
-0.398065
0.259061
0.745636
-0.682161
0.552343
-0.295006
-0.54617
-0.460039
0.28575
0.20316
0.329953
0.914021
0.284542
0.684252
0.634863
0.723577
-0.514871
0.235577
1.0217
-0.202175
-0.302864
0.696484
-1.28404
-0.82631
-0.355157
-0.0681643
1.55041
-0.508647
-0.691709
1.51487
-0.703324
-0.0267408
-0.388494
-0.45361
-0.551932
1.40419
-1.27114
-0.464258
-0.251224
-1.00622
0.540036
-0.949973
0.969857
-0.558734
0.343324
-1.4744
-0.819221
-0.651242
1.50729
0.218211
1.20957
-1.19367
-0.116099
-0.523825
-0.977283
-0.0458016
-0.707707
-0.0134719
-0.940032
0.775525
-0.596995
0.268145
-0.289794
-0.188484
0.547428
0.291377
0.123885
0.0343971
0.0667782
-0.302372
-0.841691
0.194536
0.173189
-0.38918
-0.374204
-1.01399
0.351846
0.0119035
0.521559
-0.0142339
0.755712
-1.07489
0.575175
-0.793471
-0.985745
0.420711
-0.180167
0.773624
0.027254
-0.975118
0.150613
0.536124
-1.07951
0.891514
-0.20252
0.23009
0.434822
0.946383
-0.214248
-0.154107
0.165216
0.562088
0.064835
0.43099
-0.515456
1.21602
0.178099
-0.956552
0.195147
0.114103
-0.774657
0.25504
-0.3952
-0.0855684
-1.99203
-0.406501
-0.103872
0.807615
-0.439329
1.58569
0.162966
-0.196319
0.871476
-0.95171
-0.943755
0.385661
-0.339361
-0.0304601
-0.808412
-0.308644
-0.630265
0.128664
-0.755456
-1.08927
-0.424777
1.02963
-0.561409
-0.388646
0.0782431
0.230581
-0.263675
-1.32691
-0.146376
0.0853814
-0.946066
-0.0959633
-0.359979
-1.03982
-0.643908
-0.783277
1.64901
-0.809368
0.405299
0.837654
-0.366128
-0.232301
0.164221
-0.0308192
-0.06175
0.110337
0.385472
-0.809245
-0.112735
-0.00812989
0.719252
0.923508
-0.465569
-0.402089
1.24015
0.0405691
0.880819
0.228752
1.65261
0.756676
-0.321613
-0.808726
0.280725
0.169127
0.529596
1.33978
-0.01654
0.735969
0.218445
-0.455393
0.376284
0.940425
0.240853
-0.0688699
-1.705
0.622025
0.195192
-0.852888
-1.36806
-0.0331407
-1.10725
-0.618475
-0.41331
-0.637427
0.882916
-0.503957
0.0564426
0.0743379
0.445805
-0.815465
-0.0504887
-0.552317
-0.644843
-0.361439
1.52657
0.0059604
-0.107849
0.00451908
-0.0875195
0.0533353
0.640363
-0.160276
-0.0103032
0.618005
0.706044
0.921705
0.327588
0.650829
0.235606
-0.326346
0.547729
0.473542
0.310359
0.151523
0.159565
-1.19679
0.12316
-1.73654
0.10951
0.337136
1.0742
0.650772
-0.722925
0.661774
0.678157
0.854587
-0.0657566
1.20808
-1.22066
0.147449
-0.612706
-1.22033
0.548375
0.177626
0.860876
1.4999
-1.37125
0.451992
-0.358062
-0.335778
-0.800393
-1.28189
-0.319674
0.217573
0.492862
-0.107172
0.934254
-0.54143
-0.40376
0.446289
-0.868522
0.296967
-1.35143
-0.066098
0.181472
0.376259
0.519811
-0.219656
0.111897
0.27829
0.593519
0.150256
1.02782
-0.274278
0.26944
0.15596
-0.426267
0.942137
-0.66095
0.485606
-0.808506
1.24474
-0.633476
-1.01074
-1.46954
1.53415
0.444221
0.946377
0.63897
-0.244896
0.910053
-0.322269
-0.178822
-1.26914
-0.576331
0.166827
-0.316366
0.768314
0.40154
-0.148497
0.393518
0.245278
-0.535135
-0.283313
-0.460235
0.0631601
-0.537631
-0.0375418
-0.219224
0.490376
-0.868167
1.17184
-0.226581
0.0465036
-1.32779
0.580976
-0.0882347
-0.862627
-0.0492058
0.0343175
-1.39945
-0.556188
0.234794
-0.349651
-0.546571
-0.0831903
0.0821681
-0.635418
0.453977
0.435104
0.0441671
1.33644
-0.432036
-0.659853
-0.320644
0.796301
0.286894
0.0439489
0.719359
0.301635
0.228349
-0.658082
-0.219732
0.198042
0.421233
-0.926916
-0.711642
-0.13615
-0.203331
-1.1219
-0.599926
0.511391
-0.0519803
0.0202993
-0.140688
0.141556
-0.516749
-0.0334206
-0.337728
-0.256217
0.420996
0.466153
-0.349611
-0.790762
-0.287191
-0.110768
-0.501881
1.30842
-0.177865
-1.34954
0.38061
0.169653
-0.775074
0.803753
-1.00262
0.00320053
-0.0110609
0.927224
-0.0366918
-0.329941
-0.0921892
0.879309
-0.236964
-1.93483
-0.490449
-0.21949
-0.53752
0.505127
-0.427998
-0.787157
0.441386
-0.535209
-0.0376788
-0.54846
-0.562633
1.89996
0.171734
-0.207045
-0.950696
0.703741
0.676444
-0.791216
-0.307989
0.407583
0.432299
-0.56971
-0.626852
0.187344
0.105072
-0.0317371
1.15085
-0.961043
0.769643
0.180008
0.962809
-0.77091
0.863057
-1.19231
-0.86811
-0.23209
-0.111802
0.898923
0.338301
0.396577
-0.382927
0.0954698
0.473856
-0.25574
0.0332344
-0.300902
0.630955
-0.461783
0.910638
-0.585985
-0.232615
-0.502064
-0.26603
0.16106
0.213235
0.52843
-0.991592
0.381592
-0.336328
0.188465
-0.148038
1.12095
-0.381168
0.862783
-0.606592
-0.953967
0.401254
-0.0128323
1.02539
0.602017
2.29672
-0.456888
-0.337969
-0.381323
-0.36355
0.372293
0.220043
-0.722399
0.932643
0.645524
0.544291
-0.237563
0.3346
-0.464657
0.0865375
0.825864
0.174017
-0.83562
-0.348821
0.021488
1.20562
0.755475
-1.65934
-0.291503
-0.0975191
-0.191873
-0.145279
0.106476
0.334867
0.867176
0.213725
-0.384911
-0.0709843
-0.600628
-0.303727
0.163986
-0.0953542
-0.750245
-0.0294561
-0.816088
-0.637085
0.622978
0.0613589
0.254492
0.321145
-0.919786
0.285931
0.420513
1.01815
0.0066348
0.136281
-0.972182
0.579171
-0.120036
0.323613
0.319786
-0.169744
0.331622
0.296077
-0.0733993
1.12714
0.471452
-0.888146
-0.314267
0.244929
0.351266
0.0515396
-1.61359
0.685258
-1.31407
0.415578
0.444198
-0.544061
0.140632
0.545786
0.264834
-0.198695
0.426913
0.610792
1.6246
-0.050148
-0.0170228
1.07138
-0.635766
0.923461
0.622615
0.633334
-0.0959198
0.957279
-0.571989
-0.334268
0.112625
-0.431054
-1.12426
-0.746876
-0.342506
-0.140687
1.30216
2.00943
-0.308727
-0.880376
-0.0604332
0.957987
-0.358416
-0.382557
0.500949
-0.227643
0.450619
-0.793184
0.216278
0.632934
0.592558
0.975646
0.249034
-0.166031
-0.607032
-0.432645
0.0900415
0.983906
0.47527
-0.311496
0.497236
0.316179
0.584247
0.127698
-0.895297
-0.833946
0.0667217
0.159531
-0.176256
0.205353
0.348522
0.903238
0.513795
0.498683
-0.339758
0.274053
-0.202929
-0.723543
0.0459315
-0.394544
-0.379398
1.12343
-0.258807
0.162484
0.461204
0.681724
1.40793
-1.19463
0.898559
-0.666536
-0.891672
1.25654
0.839883
0.307019
0.787241
0.616738
-0.243479
-0.566682
0.34609
0.0247353
0.504236
-0.249213
0.291837
-0.196993
-0.564146
0.320359
0.484913
-0.672447
-0.596573
0.210738
0.179862
0.00683174
-0.755423
0.33775
-0.482634
-0.4075
0.118276
-1.02574
0.463955
-0.000564763
0.967981
0.597552
-0.252441
-0.704813
-0.112757
-0.596318
-0.0579098
-0.6455
0.0120481
0.767749
-0.213353
0.676407
-0.405758
-0.680573
1.00375
-1.11317
0.539315
0.476901
-0.165651
1.45324
1.35565
-0.0705501
0.236514
0.585479
0.452512
0.882739
-0.68272
1.35099
0.518371
1.38499
0.192472
0.377567
-1.77732
-0.669295
-0.19788
-0.364413
-1.07493
0.252303
-0.186173
-0.459219
-0.471717
-0.434635
-0.391567
-0.250945
0.0881016
-1.02269
-0.790098
0.00647369
-0.601041
1.18441
-0.467161
-1.39215
-0.994245
-0.780451
-0.223788
-1.08363
0.218545
0.914365
0.536964
0.914613
-0.647709
0.771703
-0.839666
-0.0863319
1.47658
1.06663
-0.776293
0.503641
-0.00799847
-0.179558
0.691308
0.276719
0.794336
-0.132128
-0.0166178
-0.622576
-1.67364
0.123606
-0.250316
-0.288315
-0.564566
-0.437359
0.00342008
0.572304
0.153415
0.040955
0.31025
-0.740147
-0.387612
-0.99017
0.256038
0.159272
-0.100034
0.633389
-0.661767
-1.13707
-0.087981
-0.617921
0.731669
-0.523451
0.338754
-0.246624
-1.40493
-0.998311
0.398798
-0.351974
-0.229848
0.227041
-1.3476
0.206935
-0.875883
-0.422029
-0.471248
-0.158213
0.614175
0.744273
1.10752
0.650379
0.10628
-1.48032
1.19139
0.705634
-1.64959
-0.967983
0.00289435
-0.903555
-0.400467
1.01324
0.407276
-0.49973
-0.804492
0.417517
0.234847
0.418292
-0.013651
1.64046
-0.823159
0.311926
1.18176
-1.49532
1.25855
-0.258707
-1.30603
-0.0238401
-0.854899
-0.889579
-0.398744
0.314763
0.107183
0.250652
0.75216
-0.809565
0.303328
0.048168
-0.477018
0.870843
-0.0969654
-0.622088
-0.779458
-0.492014
0.577579
0.821751
0.287743
0.696279
-1.12022
-0.527641
1.19998
1.28304
1.52652
-0.309373
0.0746374
1.11144
-0.929795
1.32686
0.171579
0.254486
-0.656679
0.126917
0.114926
-0.822002
0.431202
-0.929894
-0.0212005
0.736217
-0.35819
-0.759489
0.0699431
1.33724
0.44967
-0.432178
1.14308
-0.725011
-0.450365
-0.824985
-0.638956
-0.231372
0.62433
0.372072
-0.456116
-1.04594
-0.868114
0.349084
0.578183
0.919621
0.218408
0.703581
-1.46985
0.0983265
0.325368
-0.0149283
-0.102599
-0.000953868
-1.1147
-0.989513
-0.284836
-0.0763279
0.247528
-0.259535
0.221872
1.03358
-0.972436
-0.797201
-0.555908
-0.800125
0.0656182
-0.636189
-0.761079
-0.281149
-1.57657
-0.0480095
0.346129
0.664614
-0.399874
-0.482403
0.488283
0.844472
-0.978415
-1.02349
-0.626283
-0.649963
-0.539075
-0.0031666
1.24476
1.53582
0.244712
0.190693
0.193237
-0.374412
0.533282
-1.04521
0.817059
0.232497
1.30285
0.532658
-0.387177
1.2052
-0.47288
0.0184877
0.22723
0.0586192
0.890652
0.57682
0.147804
0.160936
0.9372
0.418753
0.685121
-0.0805841
-1.29962
-1.42226
-0.542075
-0.308658
0.432485
-0.0588009
0.302199
0.944481
0.260728
-0.0938845
0.31401
0.485865
0.942253
0.0100998
-0.0901115
-0.0239068
-0.80388
-0.127157
0.523943
-0.850774
0.101152
-0.884485
-0.92182
1.0707
0.481216
-0.895784
0.153127
0.739635
-0.157403
0.600143
0.224697
0.727327
-0.23889
0.722632
0.00302
-0.345268
-0.0650476
0.00186626
-0.665851
-0.831146
0.245833
-0.373239
1.31927
0.420728
0.898119
-0.542124
-1.22054
-0.444038
0.826736
-1.38274
0.389405
0.456953
1.33176
-1.11072
-0.462259
0.135073
-0.610248
0.227066
0.404111
-0.251378
0.932284
0.0166971
0.22237
-0.177862
-0.407805
-1.39434
0.908884
-0.683069
-0.800721
-0.528148
-1.18766
-0.970883
0.384333
0.26562
-0.246552
0.152368
-0.34254
-0.162213
0.618467
0.343838
-0.198305
-0.00312025
-1.73268
-0.0999813
-0.389865
0.573752
-0.754484
-0.120642
0.47581
-0.378116
-0.712994
0.0452294
0.776889
0.178566
-0.125443
-0.325329
-0.236697
-0.0423039
0.273103
-0.31526
0.862915
-0.222493
-0.303891
-0.027769
0.507142
-0.401417
0.00235346
-0.588834
0.198606
0.607087
0.0603343
0.732416
-0.396756
-0.0035005
0.885188
-0.523376
0.380008
0.593815
0.641993
1.39329
0.165987
-0.665928
0.171521
0.822608
-0.0897585
0.335286
-0.124787
0.103737
-1.50958
0.453529
-0.684174
-0.341662
-0.408066
1.19743
-0.250818
-0.474815
-0.138842
0.318339
-0.720235
0.668953
1.67025
-0.613052
0.301938
-0.55723
-0.352059
-0.91374
-0.985242
-0.734966
0.261252
-0.311078
-1.97624
-0.928328
0.177109
0.225871
0.224553
-0.621857
-0.482058
-0.891018
-0.709357
-0.138444
-0.149867
0.558767
0.487506
1.45462
0.489448
-0.246193
-1.16197
-1.00355
0.368099
-0.484635
-0.615703
0.0224558
0.6469
-0.0237078
-0.299757
0.425926
0.0958709
-0.553866
0.898622
0.777994
-1.01234
0.153487
0.713518
0.0114091
1.8593
-0.0919223
0.0709488
-0.134417
0.049207
0.778892
-1.03135
0.533946
-0.154658
-1.78732
-0.606287
-0.186468
0.0163566
1.02798
0.0950511
0.0308958
-0.662984
-0.402519
-0.35067
1.4412
-0.968987
-0.0981296
0.066907
-1.03512
-0.197614
0.194972
0.806226
-0.635641
-0.576689
0.525714
0.722578
0.56994
1.5922
-0.128278
0.0921242
0.209809
0.929147
-0.0414508
0.0998425
0.119768
1.01073
-0.730748
-0.217934
-0.0259023
-0.500046
0.465692
0.328195
0.092302
-0.651327
-1.20157
0.802538
1.48767
0.615219
0.0806246
0.908686
1.10624
-1.23627
0.396133
0.730438
0.78216
-1.48839
0.43076
0.5248
0.536633
0.64955
0.0192964
0.488493
-0.657561
-0.402917
-0.528737
1.30385
-0.946806
-0.385259
0.0402195
-0.156603
0.695665
-0.937408
0.203134
-0.930575
-0.342245
1.15108
0.252832
-0.929884
0.63135
0.536341
1.12344
0.406805
-0.67739
0.337005
0.916032
-0.292155
-0.0932002
-0.261978
0.0333606
-0.665438
1.00242
0.721067
0.167896
0.609788
-0.244592
0.561858
-0.253228
0.743377
0.24991
-0.43475
-0.192293
0.614914
-0.581462
0.814451
-0.432065
-0.911512
-0.716092
0.194474
-0.493319
0.847171
0.569588
-0.311003
0.546488
-0.271569
1.13983
0.24811
-0.121515
0.328563
0.280932
0.109638
-0.207686
0.571141
-0.500915
-0.209115
-0.238846
0.711617
1.90525
0.398064
0.700985
0.356597
0.575906
-0.241082
0.116739
1.84585
0.331459
-0.397188
-0.783696
-0.395637
0.153967
0.786067
0.783999
-0.616507
0.0541512
1.33238
-0.22704
0.0349149
-0.0417538
-0.163152
-0.231047
-0.362905
-0.581321
-0.432127
0.370724
0.504656
0.289318
-0.396677
-0.882309
1.27114
-0.794927
-0.520326
-0.3092
1.16442
0.524233
0.272238
-0.228577
1.1001
0.375886
-1.82414
1.38006
-1.17611
1.07986
0.00532116
0.89198
-0.854295
1.02953
0.0676295
-0.402092
0.276123
0.0721662
-0.626233
1.11876
-0.00304236
0.409353
-0.105031
0.348971
0.10108
0.159183
1.55544
0.831036
0.716517
0.478144
0.110247
0.526642
1.54671
-0.699536
-0.886885
-0.907829
0.381976
0.686514
0.600146
0.68059
-0.979404
-0.325393
-1.49711
1.29069
-0.851793
-1.69375
0.94021
-0.885564
0.505574
-0.829698
-0.405238
0.942794
0.417616
1.13678
0.336049
-1.23403
0.524255
-0.663199
-0.809274
-1.41355
0.449526
-1.05672
0.0322388
-0.912202
-0.0984642
0.657717
-0.049942
-0.539958
0.344493
0.493609
0.183102
-0.263084
-0.155562
-0.835952
0.361344
0.444412
-0.969045
-0.559727
-0.397883
0.263583
-1.64054
-1.63047
0.454488
-0.190123
0.454214
-1.60012
-0.38543
1.97827
0.0514465
0.44483
-0.748019
-0.212547
0.440101
-0.181395
-0.290146
0.233897
1.15485
-0.452698
-0.14318
1.13777
-0.277412
-0.573979
-0.66396
0.469234
0.631627
0.911696
-0.522311
0.0502813
-0.262516
-0.248094
1.11128
0.492029
-0.416357
-0.250834
-0.789436
-1.16946
1.05515
0.33724
-0.952717
0.390418
-0.960004
-0.34917
-0.250363
-0.580303
0.13265
-0.403525
-0.29872
1.19197
0.832197
0.133886
-0.47816
0.492658
0.760699
-0.288804
-0.751941
-0.962134
-1.37125
-1.68582
1.23433
0.438549
0.876646
-0.216822
-0.422087
0.714721
0.577474
-0.484918
1.34095
0.0937088
-0.157261
-1.33082
0.139014
0.425004
-0.187648
-0.28624
0.780299
-0.566167
-0.194806
1.33949
-0.405901
-1.43948
-1.66169
0.965828
0.292343
0.192978
0.819642
-0.697555
-1.33905
1.84516
0.305635
0.466099
0.359663
1.02664
1.29169
-0.00113525
0.887105
-1.00741
0.715998
-0.505562
0.326082
1.35462
1.29723
-0.111391
-0.236734
-0.29196
0.319468
0.297891
-0.829869
-0.851974
0.920646
0.730693
1.07755
0.684634
0.161937
-0.0661076
-0.621427
1.33951
-0.862648
-0.150757
-0.459362
0.333435
0.654135
-0.251488
-0.777658
-0.221836
-0.503494
-1.50947
0.503873
1.46097
-0.432041
-0.482965
0.403845
0.527726
1.59038
-0.333674
-0.272945
0.478522
-0.859731
0.286693
-0.510255
0.43744
0.412318
-1.04773
-0.651417
0.116245
0.266601
0.394597
-0.614949
0.655058
-0.279909
0.762143
-0.0321541
1.01741
0.0424515
-1.01187
1.18883
0.00858864
-0.788977
-0.263576
-0.152837
-0.365417
0.944267
-0.302293
0.187724
0.00792283
0.194176
0.173304
-1.24384
0.753913
-0.595339
-0.628889
-0.316482
-0.613123
-0.237808
-0.105988
-0.0877444
-0.878241
0.0234824
-0.363478
-0.502916
1.16535
-0.724273
-0.634608
-0.859193
0.923651
0.645253
0.235753
0.605008
0.627221
0.658172
-0.76988
-0.676502
0.560725
-0.971472
-0.388392
0.340138
0.172647
-0.956228
0.171025
0.0867682
0.168711
-0.514826
0.0723008
-0.882036
0.200073
0.713107
0.00424214
1.19696
0.518621
-0.517307
0.153789
-0.189761
0.116602
0.428444
-0.213095
1.46975
1.60326
0.81715
0.876103
-0.35175
1.11418
-0.0469704
0.178581
-0.515792
0.917519
0.759064
-0.111116
0.408749
0.10191
0.365362
0.235507
-0.356304
-0.579207
-1.95821
0.407988
0.334045
0.431634
-1.48861
-0.101111
-0.896999
0.80037
0.418436
0.493007
0.311224
2.08947
0.49365
-0.348051
-0.401557
0.759553
1.02236
0.39126
-0.624154
0.288957
0.0449264
-0.529579
0.481108
0.190134
1.34421
0.719795
0.172388
0.00980993
-0.341327
0.443879
1.26054
0.138403
0.0281666
0.918309
1.22589
-1.11651
1.3809
0.729098
0.693138
0.144661
-0.366455
-0.813194
0.205716
0.760873
-0.629616
-0.424007
0.205726
0.217526
-0.89748
-1.38623
-0.270164
0.57889
-1.18863
0.208734
0.943944
-0.181732
-0.244696
-0.398374
-0.00152683
-0.259969
0.274657
-0.290446
0.577067
0.393877
-1.17723
0.0812006
0.455595
0.276898
0.772617
0.16072
1.00291
1.15562
-0.690924
-0.710112
1.20087
-0.0842494
-0.540215
-0.373818
0.0169589
0.0316201
0.707955
-0.296725
0.580054
-0.263641
0.89512
0.33478
0.396254
0.0524282
-1.14025
-0.548962
-0.0712523
-0.689575
-0.130055
-0.609362
0.0968687
-0.699426
-0.758681
0.284265
-1.26653
0.0449528
0.65338
-0.56965
-0.0742765
-0.576553
-0.310638
1.38062
1.07435
0.784303
1.48939
-0.196801
-1.01449
-0.412276
0.429431
-1.14361
-0.0761263
-1.02773
-0.157889
-0.810615
-1.47126
-0.89741
-0.119886
-0.263087
0.998324
0.607639
0.0557807
0.99377
0.296061
0.750061
0.0939085
-0.929135
0.735946
0.461176
0.310974
1.34866
0.172815
0.331793
0.0325285
-0.476462
-1.30519
0.321924
0.0861279
-1.58973
-0.621634
-0.433701
-0.24474
-1.26391
0.303723
0.759654
-0.0517317
-0.943196
-1.15487
0.883201
-0.209199
-0.331991
-0.690016
-1.11197
-0.057156
-0.388302
0.634914
0.0881973
0.307313
-0.612972
-1.71262
0.775091
0.932206
0.660801
0.938362
1.12985
-0.537838
-0.507886
-0.583047
0.68255
-0.109232
0.429442
-0.165906
0.441389
-0.633732
-0.377819
0.143624
1.63386
-0.400861
0.233396
1.2866
0.103733
0.708491
-0.297928
1.15202
-0.801325
0.0064339
0.276676
-0.901871
0.426409
0.758033
-0.169833
0.294409
-0.273567
0.791042
-0.600091
-1.10725
-0.337484
0.427001
-0.633907
0.649007
0.0499435
0.0092306
0.215169
-1.16809
-0.0470341
0.0522053
0.517404
-0.500077
-0.405073
0.0692056
-0.928398
0.742247
-0.256693
-0.11568
-0.927379
0.717289
0.278752
-0.194031
0.868099
0.28396
0.0227041
0.821393
0.158862
0.251952
-0.389841
0.384582
-2.05631
-0.405425
-0.285585
0.1733
-0.816389
-0.431953
-0.34966
-0.241134
-0.387968
0.159823
0.439227
-0.217244
0.0641801
0.836511
0.984927
0.11645
1.61832
0.157461
-1.44394
1.16004
-0.705252
1.09721
-0.160924
-1.0032
0.342573
-0.0324716
-0.450421
-0.204025
0.787657
0.380634
-0.979489
0.681171
-0.265722
0.612662
0.291964
-0.749725
-0.419847
-0.235807
0.729532
-1.13487
-0.782855
-0.494126
0.367645
0.18837
0.596506
-0.0990074
-0.752611
0.756682
-0.037722
-0.555892
-0.538408
-1.01433
-1.07867
0.254336
0.489535
-0.928979
-1.27991
-0.0154877
-0.481006
0.849994
-0.502454
-0.252274
-0.0239748
0.179096
0.481086
0.702416
1.07262
-0.0436019
-0.011859
0.0383162
0.674905
-0.174725
0.452149
-0.516172
0.106565
0.991072
-0.510445
-0.342935
-1.03709
0.642402
-0.699007
0.216254
0.407407
0.872844
0.9929
-0.873719
-1.04407
0.0962685
-0.310908
-0.271798
0.209531
0.0782461
-0.748226
-0.548644
1.54095
0.111768
0.432851
-1.26932
-0.903536
0.323201
0.499082
0.358751
1.12362
-0.591523
-0.446216
0.835421
-1.40352
0.39878
0.522805
0.889717
-0.126235
0.0592544
-0.54884
-0.0390184
-0.598752
0.615904
-0.751224
1.04292
0.595915
0.0628234
-0.120655
0.51242
0.589016
0.534022
1.27078
0.539679
-0.148146
0.199425
-1.06235
0.609314
0.202415
-0.597225
0.935471
-0.401383
0.390773
-0.346709
0.156376
0.589326
0.768777
-0.105237
-0.289926
-1.08801
-0.77452
-0.784053
-0.0848558
0.0333863
1.14899
-0.735793
0.432576
-1.09335
-0.0218346
-0.245637
-0.0567123
0.37215
-0.165696
-0.449125
0.980754
-1.27639
-0.803458
0.00549705
-0.92479
-0.385259
-0.601306
-0.355382
-0.289578
-0.172461
0.156756
-0.868322
-0.515691
0.142516
-0.304119
1.45655
-0.897589
-0.106564
0.840421
0.376849
-0.240769
0.280123
-0.135619
0.315481
1.24715
-0.552747
-1.00816
1.95654
-0.178295
0.395847
-0.39261
-0.546895
0.528286
0.86374
-0.0691854
-1.05731
-0.705362
1.07457
0.203061
-0.802059
-0.220503
-0.390903
0.136769
-0.272995
0.203851
-0.636822
-0.433361
0.205733
-0.104303
0.394239
0.672006
-0.437526
1.40717
0.0375737
0.0340991
-0.646359
-1.30516
-0.410271
-0.531993
0.521235
-0.922238
-0.0407661
1.41175
1.34269
-0.625212
0.196206
-0.150768
0.211105
0.89576
0.359179
-2.08594
0.0610775
-0.86269
-0.523959
0.324104
-0.141508
0.669568
-0.448151
0.870218
0.247911
-0.372409
0.265322
0.839179
-0.251354
0.229435
-0.845659
0.393933
-0.547565
-0.630861
0.165058
0.162479
1.00145
0.299167
0.828975
1.27099
-0.448156
-0.86843
-0.268256
0.210918
-0.142269
-0.117219
-0.352802
0.49783
0.297186
0.601015
0.541615
0.845851
1.67822
1.02848
0.0141995
0.152995
-0.345199
0.501268
-1.44839
-0.352474
0.436578
-1.5626
0.759818
0.362294
-1.11475
-2.12161
0.0625798
-0.137926
1.57079
0.800455
0.181159
0.608803
-1.51245
-0.327687
-0.484055
0.933802
1.04554
-0.718229
0.257189
-0.240303
0.583725
-0.329231
0.142842
0.806949
-0.321464
-0.761099
-0.414034
1.32472
0.91171
0.342189
0.180905
-0.0361807
-1.09187
0.477845
0.0334551
-0.745541
0.226113
-0.29127
-0.743184
0.0858415
0.148107
0.182802
0.165154
-0.619279
0.64258
-0.0624284
-0.742077
-0.0584763
-0.192545
-0.207511
-1.01121
0.640795
0.85876
1.26097
1.39258
-0.911629
0.395187
-0.54195
-0.0391132
0.0954918
-0.855945
1.03922
1.15324
0.912998
0.125618
0.548967
-0.0828082
-0.257077
-1.09312
-0.820779
0.108908
-0.373985
0.95342
0.0932941
-0.180739
0.276653
-0.0422853
-1.51035
0.0011714
0.380718
0.501137
-0.442799
0.444362
0.390423
0.233602
0.00930611
0.110813
0.154166
0.403394
-0.60595
-0.528112
-0.3794
-0.53845
-0.16956
0.281587
0.0699637
-1.01815
-0.284693
-1.25393
-1.07029
-0.162915
1.0997
-0.580336
0.337641
-1.37864
-0.178179
0.464771
0.243253
1.47251
-1.21454
-0.58579
-0.0993967
0.36339
-0.349915
0.79358
0.653457
-0.266593
-0.532011
-0.123159
0.057973
0.563135
-0.781054
1.0541
-0.00450484
0.511191
0.608637
-0.272284
-0.288437
0.0735121
-0.38674
-0.196226
0.479725
0.223668
-1.67162
0.473581
-0.775989
-0.898287
1.00312
1.12789
0.450142
0.31117
0.283387
0.319364
-0.606237
0.649185
-0.447314
-0.590341
-0.95056
0.184573
0.355432
-0.265676
0.161275
1.38111
-0.576622
-0.213634
-0.899844
-0.627654
0.506077
0.346939
-0.777348
0.416541
-2.09106
-0.645346
0.717797
-0.546404
-1.4579
1.08579
-0.598264
1.2422
0.0643855
0.0529402
-0.390159
-0.716515
0.0292598
-0.921717
0.713337
1.20582
-0.00678859
0.438657
0.229151
-0.903401
-0.201143
-0.255059
1.11668
-0.0622385
-0.381494
-0.415279
0.619986
-0.125138
-0.118624
0.19586
1.02204
-1.32017
0.477724
-0.503596
-0.789467
0.628237
-0.862119
-0.436047
-0.484823
-0.404872
-1.08519
-0.68731
-0.109524
-0.123092
0.163656
0.180543
0.150396
-0.330622
-0.155928
-0.341368
-0.112216
-0.164289
-0.71278
-2.22833
-0.197792
-1.06716
-0.179768
-0.134745
1.34201
0.459387
-1.1102
-0.406017
-0.0137046
0.0527325
-0.478463
0.45845
0.568116
0.194207
-0.722401
0.92642
0.800005
0.596626
-0.394603
-0.0922354
0.1308
0.556826
-0.108536
-0.614548
0.0658347
-1.83034
-0.524186
-0.393653
-1.49631
-0.14138
0.703488
0.883592
0.186421
0.755294
-0.225981
-0.465313
-0.803953
0.0546206
0.0548176
0.392371
-0.624266
-0.822359
0.304351
0.29918
0.793557
0.655735
1.14394
0.424431
-0.418046
-0.292327
-0.632403
0.530357
0.387441
0.642564
-0.287101
0.0539345
0.676017
-0.470589
0.0112024
0.118244
0.614943
-0.368242
-0.40619
0.505322
-1.53464
-0.430047
0.0153757
-0.714283
0.495218
-0.278365
-0.797533
0.232622
0.0148367
-1.75209
-1.53224
0.262004
0.911018
-1.10056
-0.13809
0.416082
0.629868
-0.575467
0.0800478
-0.423993
-1.77186
0.668805
-0.353477
-0.629831
-0.460886
0.0421949
0.0741802
-0.817026
-0.536932
-0.592498
1.665
0.438489
-0.942133
-1.26808
0.337897
-0.695339
-0.216488
0.159112
-1.23756
0.562952
-1.01808
0.515033
0.452504
-0.247122
-0.495595
0.524109
0.317716
0.602669
0.71264
-0.98747
-0.160861
-1.2085
0.869916
-0.00801447
-0.033557
0.398309
0.229598
-0.319445
0.492239
0.156159
0.18925
-0.197107
1.03741
-0.21879
0.332772
-0.690186
0.206692
-1.14947
-0.701621
-0.83724
-0.105966
0.16399
-0.631303
0.238917
-0.484458
1.04506
-1.25747
-0.481627
-0.289386
1.31893
-0.0025109
-1.37635
-0.347731
-0.928304
0.275078
0.342634
-0.147906
-0.331945
-0.761874
-0.272592
-0.857864
-0.726413
-0.0432511
-0.326317
-0.54682
0.19246
0.218904
1.44867
-0.738111
-0.493938
-0.0949498
-1.07116
0.578601
-0.0547123
0.298661
-0.493171
0.312683
-0.919566
0.0599121
-1.04182
-0.605488
0.609214
1.35418
-0.342981
-0.106379
-0.489107
0.390422
0.147957
0.0226144
0.429433
0.136904
1.19349
-0.752194
0.803545
-0.378693
-0.0872512
0.0488227
0.0163623
-0.441116
-0.631885
0.760483
-0.555313
-1.56401
-0.00313325
-0.684784
-0.292914
-0.941965
0.546166
-0.133756
-0.570376
-1.14207
1.38647
-0.667529
1.02697
0.303156
-0.807877
-0.0486982
0.815867
-0.274656
0.369799
0.44893
-1.10563
-0.0174364
0.479253
0.0574206
-0.400728
0.289944
-0.273956
0.816461
-0.561992
-0.940894
-1.49368
-0.889374
-0.0945126
0.560861
-0.170846
-0.059441
-1.57504
-0.691342
-0.154125
0.345822
-1.45274
0.602465
-0.0805805
-0.257754
-0.41106
0.511026
-0.814549
-0.265702
0.423414
-0.436546
-0.752401
0.156766
-1.26597
0.241142
1.17713
0.253399
0.445424
-0.102436
1.19606
-0.512879
-0.170441
0.637432
-0.983113
0.443703
-0.521287
-1.58532
-0.144096
0.0152728
0.15906
-0.812586
-0.088015
0.0537074
-0.93136
0.103765
1.8807
-1.64346
2.28663
0.482309
1.31756
-0.606491
-0.669752
-0.245839
0.167856
-0.280163
-0.284376
0.204615
-0.228653
0.473342
-0.0580068
0.634953
-0.250797
0.827331
-0.497342
-1.13745
0.500653
0.825926
-0.317038
0.522585
0.597763
-0.158159
0.823327
0.519009
-0.234141
-0.582969
0.650412
0.0486363
0.243096
0.646961
-0.792655
-0.217061
-0.273221
-0.171498
0.550208
-0.751713
1.04596
0.519609
-0.0806149
-0.342528
-0.462749
-0.146649
0.0801252
0.106322
-0.0119993
-0.720886
-1.08755
-0.660878
-0.184577
-0.172323
0.528894
-0.48739
-0.732408
0.816247
-0.903745
0.740002
-0.159389
-0.347566
-0.496819
1.31509
-0.737865
-1.07437
-0.585633
0.0106915
1.3958
-1.21483
0.427596
0.211758
1.11824
-1.43951
1.23484
0.0313706
-1.05873
0.89088
0.869107
-1.83291
-0.07499
1.03751
-0.177679
0.540723
0.595115
1.11341
-0.182165
-0.600606
0.781376
0.448206
-0.00234763
1.06978
0.432952
-0.455101
0.278257
0.32788
-1.08452
-1.04596
0.164954
0.415401
-0.615059
-0.337697
-0.545549
-0.192009
-0.665393
0.198228
-0.0216058
1.06496
-0.262384
0.00162108
0.509629
-0.29342
0.243258
-0.899339
-0.175137
-0.196535
1.03965
-0.326642
-0.999553
-0.679975
0.451709
0.665027
0.218343
0.670503
-0.555309
-1.35232
0.716549
0.287138
1.75248
-0.93425
-1.85048
1.14455
0.0890317
-0.746054
-1.40946
1.44093
-0.627942
-1.7466
-0.84788
0.72631
-0.174305
2.10136
-0.259026
0.203842
-0.190836
0.258759
-0.650101
0.883859
-1.33116
0.524526
0.13909
-1.12329
1.34498
0.484115
0.507146
-0.529058
0.627828
-0.774938
0.234736
-0.730556
-0.607012
-0.016777
0.383764
-1.01997
0.355523
0.0528126
0.402468
1.36254
0.0472098
0.369046
0.77278
1.08666
0.772691
-0.182785
-0.300431
-0.209396
0.746302
-0.130136
-0.121763
-1.10924
0.570223
0.303277
-1.27434
-0.0662347
-0.337132
0.228178
-0.22578
-0.600582
0.715527
0.0242789
0.114354
0.335383
1.21688
0.386346
-0.523883
-0.555622
0.370209
0.290917
-0.789239
-0.678627
-0.639976
0.609796
-0.571019
0.904891
0.587261
0.616451
0.223779
0.394044
0.258208
-0.0500397
0.296242
0.0930779
0.127232
0.457215
-0.74562
-0.880836
0.433858
1.2967
0.257053
-0.153524
-0.0686721
0.88356
0.241833
-0.497729
0.0668174
-0.187384
-0.453521
-1.68542
0.0936329
0.179814
0.712154
0.663376
-0.234868
-0.188974
-0.478792
0.687906
0.359312
-1.25778
-0.523704
1.71895
1.11801
-0.408961
0.235111
0.354398
-0.610563
-1.19563
-0.18686
1.14811
0.237934
0.17378
0.208866
1.83733
-0.900872
1.28319
-0.502187
-0.179354
0.338009
-0.890614
-0.978824
0.815968
0.866787
-0.434599
0.0531455
0.126237
0.769694
-0.194357
-0.36621
-0.857602
0.314381
0.129863
-0.589547
-0.44029
-0.475058
0.649458
-0.0136675
0.948477
-0.435753
0.061557
1.03449
0.532865
-0.156108
0.0195862
-0.44074
0.27859
0.306787
0.493518
-0.117001
-1.06139
0.846391
0.845859
0.794593
0.527604
0.0931544
-0.134466
-0.148625
-0.835539
0.546093
-1.27448
0.440997
0.873035
0.102612
-0.613981
-1.135
0.775725
0.557658
0.395444
-1.0929
-0.0159927
-0.053335
0.598937
-0.0798596
2.1413
-0.86019
-1.48737
-2.03353
0.183262
-1.49311
-0.222202
0.0922841
-0.315926
-0.134899
-1.67981
0.0551068
0.555693
-0.228344
-0.183568
-0.964762
0.271207
0.301963
0.334273
-1.04967
0.168585
0.604849
0.232381
-0.288815
0.96609
0.306381
0.279656
0.306445
0.740358
0.671622
0.214446
-1.34081
0.261995
-1.01199
1.12734
0.171423
-0.189193
-0.208112
0.565159
-0.335806
0.31496
-0.555542
0.669687
0.0706943
-0.281934
-0.298323
-0.113539
0.183622
-0.796522
0.970224
1.10564
-0.788357
-0.253503
-0.786898
-0.378196
0.106708
0.140663
0.327838
-0.60656
-0.0361191
0.593203
1.89148
0.27541
-0.0407909
0.326331
0.699366
-0.288874
-1.06321
-0.828085
0.0926824
0.311757
0.424021
-0.58988
0.211882
-0.0499454
-0.549474
-0.132162
0.0824055
-0.516443
0.0908249
0.61016
-0.814198
0.825749
1.465
1.46472
-0.131606
-0.751661
1.16244
-0.072892
0.583315
0.221853
-0.153561
-0.670771
-0.862432
-0.511601
-0.309769
0.825163
-0.708341
-2.42249
-1.0274
1.33289
-0.108552
1.47699
0.691619
0.0437582
-0.806474
0.497832
1.65706
0.300431
-1.24769
0.410149
-0.61883
-0.141658
0.182882
0.400264
1.18512
0.690783
-0.475652
-0.607479
0.0997863
-0.359866
-0.803413
1.12369
-0.465008
-0.180606
0.152645
1.11193
-0.122328
-0.65305
0.863226
-0.404949
-0.41856
-0.583462
1.22858
0.789284
-0.0695233
-0.585778
-0.274437
0.181156
-0.41584
1.40705
-0.803227
-0.443745
-0.951203
-0.0184696
0.776814
-1.40852
-0.505766
0.817689
-0.432745
1.71827
0.54266
-0.464085
1.17561
0.197175
0.537485
-0.0294966
0.687727
-0.674424
0.565227
0.765207
-0.454476
1.51999
1.60308
0.296999
0.757133
1.01712
-2.21482
-0.846538
-0.998748
0.177734
0.318906
-1.1127
1.31045
-0.101913
-1.50515
-0.162994
-0.283779
-0.922054
0.790141
1.34903
-1.14923
-0.36432
0.279362
0.258166
0.363958
-1.34943
0.584539
-0.865427
-2.58913
-0.0762434
0.222927
-0.492686
-0.601413
1.48711
-0.106299
1.16382
-0.672081
-0.118788
0.960431
0.194988
-0.744108
-0.768058
-0.363555
0.638091
-0.759943
-0.197993
0.355851
-0.629354
-0.405692
0.523128
0.201567
-0.859027
-0.252993
-0.708869
-0.00777892
-0.0783005
-1.28481
0.299192
-0.0769246
-0.415264
-0.713463
1.371
0.300748
1.38013
-0.239514
-0.034524
-0.819581
1.03458
-0.703368
-1.51046
-0.238982
0.0712049
-0.318503
-0.475271
-0.586497
0.254939
-0.598251
0.227189
0.050723
-0.321872
-0.635803
-1.00249
0.540602
0.50701
-1.22781
0.775602
1.25993
0.625403
-1.17236
-0.450854
0.464013
0.0303022
-0.707455
-0.269429
0.214575
-0.854365
-0.762624
0.834307
0.585184
-1.0586
-0.656092
0.34924
0.0795839
-0.464475
0.149664
0.542944
-0.0240729
0.515056
-0.257942
-0.267814
-0.441684
0.377799
0.273571
0.423524
0.460341
-0.0965684
-0.296543
0.812946
-0.73993
-0.432184
0.0121055
0.537344
-1.04366
-0.0550575
-0.249646
0.463097
0.335861
-0.0217615
0.442005
-1.27195
-0.574609
-0.50304
0.515154
-0.571844
-1.83023
-0.0774446
0.828173
0.240181
-0.194479
0.650899
0.250767
1.21339
0.331241
-0.186555
0.76232
-0.194814
-0.369493
0.108308
0.354124
1.30724
0.876721
-0.243099
-1.10332
0.626173
1.27982
-0.555816
-0.467393
-0.280493
-0.446578
0.305453
-1.12873
-1.00347
0.719823
1.05325
-0.130185
0.469122
-0.178152
0.0350983
1.7008
-0.0238438
0.585034
0.795708
-0.740611
0.662053
1.43098
0.955874
0.403465
-0.598739
0.343988
-0.321847
0.868089
-0.0198781
0.0914057
0.118381
-0.959406
0.649668
-0.987267
-0.109766
-0.418414
-0.445465
-0.264432
0.275694
0.805895
-0.141552
0.429776
-0.444494
-0.323533
-0.0305435
0.492079
1.09063
0.251201
0.720925
-0.732052
-0.512447
-0.0637771
0.0888486
-1.65793
0.851037
1.11975
0.766097
0.561372
0.81951
-0.374139
0.783743
1.05725
-0.913819
-1.42109
-0.528326
-1.64076
-1.20003
0.0517847
0.79234
-0.117279
-0.763303
0.58824
-0.796827
-1.03288
0.265656
0.69349
0.587224
0.297253
-0.18955
0.481798
0.473672
-0.345472
-0.120235
-0.0657271
-0.411943
0.43413
0.635886
-0.320583
0.0518067
-0.966089
-0.314078
-0.284383
-0.39257
0.324959
0.337164
0.489841
0.223715
-0.11599
-0.534895
0.599636
0.400288
0.229277
-0.800544
0.787097
-0.499563
-0.14733
-1.14315
-0.454698
0.726344
0.176658
0.759481
1.36789
1.2689
0.658104
0.167321
-0.539015
-0.217535
-0.232033
-0.755863
0.327248
0.498403
-0.585183
-0.45584
0.851768
0.0530552
-1.06882
0.62742
-0.659092
0.199938
-0.229105
-0.258387
-0.619658
0.121472
0.766494
-0.382631
-0.911957
-1.19448
-0.488108
-0.360119
-1.05224
0.767913
-0.223292
-1.23067
-1.18301
1.13593
0.366165
0.425777
-0.217556
0.734722
0.315309
-0.332266
1.11249
0.479113
-1.56467
-0.643052
-0.174501
-0.0597841
-0.305486
-0.181566
0.529038
-0.822525
-0.346502
0.712948
0.104284
-0.311842
-0.202909
-0.304521
-0.320133
0.728015
0.350238
0.266752
-1.10342
-0.579516
0.692047
-0.130881
-1.18437
-0.522834
-0.793131
0.233969
0.274052
-1.27719
0.206083
-0.135156
0.708209
0.501614
0.230157
0.768672
0.452795
0.406027
0.847281
0.13516
0.683688
-0.657082
-0.739559
0.498342
-0.770047
0.187859
-0.892881
0.0384372
0.534549
-0.607839
-2.49136
0.0486612
-0.415682
0.412514
-0.269915
0.993431
-0.217234
1.08141
0.570292
-0.127492
-0.205212
0.962688
-0.188579
-0.770786
0.63562
0.659858
0.268366
0.208583
0.298147
-0.792024
-0.406929
-0.605182
0.315701
0.125556
0.350315
0.279794
-0.284257
-0.210037
0.413476
0.311434
-1.43123
-1.16487
0.204411
-1.05738
-0.173443
-0.121848
-0.923801
-0.638388
0.0102183
-0.50916
-0.741167
1.44968
0.820549
0.732518
-1.06737
0.380673
-1.27727
-0.915632
0.524126
0.71492
-0.275314
0.839186
-0.572893
0.532831
-0.857292
0.470308
-0.467627
-0.180374
0.352202
0.290398
-0.806454
-0.0911798
-0.433696
-0.0976182
0.533462
0.16786
-0.518338
0.04868
-0.16991
-1.22459
-0.000431184
-1.71681
0.0221946
-1.09664
0.503884
0.661193
0.457682
-0.536878
-0.00852183
0.489526
-0.793433
0.505968
-0.107255
0.495547
0.624666
-0.752737
0.257083
0.147143
-0.832811
0.327222
-0.801742
-0.340992
-0.0764296
-0.499942
0.750653
0.932115
1.06513
-1.00927
-0.37433
-1.09
0.0321861
0.0321563
0.486544
1.38404
1.09541
-0.292669
-0.497799
1.14702
-0.489981
0.275578
0.486921
0.792777
1.26865
0.181384
0.210424
0.380511
-0.423131
-0.570116
-0.933918
-0.569789
0.0251653
1.27382
-0.0319238
-0.794842
0.4858
0.235739
0.0439493
-0.202206
1.31845
-0.375119
1.49368
-0.573744
0.108637
0.344454
0.613372
0.00276527
0.0790609
-0.408641
-0.677221
1.20724
-1.21071
0.140447
0.67158
0.513301
0.336791
0.0185644
0.730342
0.0725145
-0.259258
-0.11652
1.18096
0.791789
0.214809
0.652526
0.208541
-0.889964
-0.147116
0.361678
-0.0838111
0.943932
0.487339
-0.508958
0.669122
0.502598
0.788106
-0.0505228
0.119216
0.414863
-1.22994
1.21919
0.435366
-0.655686
-0.535804
1.01729
-0.000952834
-1.20067
-0.577624
0.374178
-0.699179
-0.267392
-0.432587
-0.461933
-0.537197
1.28607
-1.60705
-0.0143804
-1.36685
1.52359
0.0927995
0.267475
0.061093
0.748091
-0.307914
0.205911
-0.53948
-0.675292
-0.65334
0.287031
0.162505
-0.559461
0.355997
0.77304
0.425625
-0.533191
-0.465005
-0.148783
0.727267
-0.181709
0.869072
0.662018
-0.0964563
0.90092
0.388511
-0.919781
0.678069
0.686554
0.268813
0.72514
0.783655
0.265862
-0.517968
-0.619479
0.539197
-1.20046
-0.284862
-0.522381
-0.177566
0.629418
-0.421563
-0.503798
0.381408
-0.241658
-0.133461
-1.10142
0.505786
0.257228
-0.570145
-0.777136
0.598482
-1.22866
-0.261297
0.238169
0.0207638
-0.0841476
-0.985522
0.23183
-0.465604
-0.196439
0.514564
-1.15798
-0.224592
-1.11088
0.0251914
0.0240055
0.10316
1.51345
0.289193
-1.20879
-0.349388
0.525024
1.60585
-0.301819
-0.0428186
-0.259086
-1.48814
-0.95998
-0.538639
-0.312389
-0.23645
0.725368
-0.464079
1.3145
-0.951292
-0.239789
0.548588
0.25432
-0.433061
0.71768
-0.427789
0.0296546
0.931532
-0.941621
-0.664983
-0.507769
-0.262376
-0.266695
1.26004
0.643166
-0.505749
0.189386
-0.124061
-0.700577
-0.57875
-0.200798
1.04102
0.66441
0.341632
-1.51427
-0.136906
-0.412525
0.548537
0.83686
-0.357381
-0.468831
-0.470833
0.104148
-0.871612
0.557859
0.292205
-0.785491
0.0723282
0.155411
0.804245
0.534409
-0.294801
-0.447908
0.557004
-0.135704
-0.0746171
0.175184
0.320377
-0.118574
-0.0134153
0.235847
-0.112005
1.34108
-0.765302
-0.211268
-0.217445
-1.19048
0.73077
0.437782
-0.546338
-0.661787
0.975881
0.439804
0.276146
0.199197
-0.57148
0.488271
-0.222417
0.0487789
0.110759
-0.0814854
-0.161314
1.16889
-0.297759
0.13688
0.0181325
-0.566864
-0.339363
1.20542
-0.447817
-0.806319
-2.25902
-0.519515
0.650905
-0.346782
0.236293
-0.0531417
1.33347
0.258544
0.26625
0.0767569
-1.57367
0.386621
-1.35999
-1.03036
-0.0396428
0.161692
-0.757198
-0.498314
0.386067
0.678784
0.365153
0.63756
0.218638
0.601029
-0.513479
-0.292145
1.14296
0.679907
0.359778
-0.757586
-0.725413
0.987404
0.037393
0.240969
0.881234
-0.714759
-1.16099
-0.611627
0.296341
-0.0599696
-0.755591
-0.0446526
0.937043
-1.05343
0.562033
0.562156
0.0694208
-0.0947709
1.08288
0.594484
0.354722
0.795259
0.341001
0.305004
0.798237
-0.111055
0.00173564
-0.327857
-1.22199
0.683412
-0.75117
-0.806383
0.261486
0.969338
1.02107
0.231442
1.45888
1.10047
1.26987
-0.0448301
0.104883
-0.570884
0.57611
-0.0997882
0.316807
0.682733
-0.149317
-1.35238
0.583365
-0.709818
0.811015
0.893106
-0.107383
0.64932
-0.390522
1.57004
-0.0510177
-0.314979
-0.440601
0.112114
0.401957
-0.240214
-0.0802153
0.367454
0.703082
0.702087
-0.0771042
-1.42102
-0.159764
1.09509
0.422371
0.0160743
0.411833
1.10371
-0.114371
-0.122826
-0.413271
0.151261
-0.879609
-0.34224
1.11388
0.0817092
1.47841
-0.473892
-0.998103
0.882037
-0.0507663
0.295213
-0.470158
0.152161
0.309557
0.108394
-0.821422
0.410767
-1.52155
0.756198
-0.475952
-1.53783
-0.677063
1.52454
0.301669
-0.127181
0.0315842
-0.258287
0.22754
-0.786374
0.752898
0.250188
-0.131798
0.383961
-1.48825
-0.810652
0.618182
-0.501375
0.611139
0.046278
0.163336
-0.0993725
-0.745312
-2.22725
-0.863543
0.201326
-1.34825
0.109892
0.489269
1.12278
0.687961
-0.215143
-0.813929
-0.193489
-0.336661
0.715004
-0.672604
-0.466862
-0.360696
0.132304
0.0243979
0.162521
-0.536941
-0.418717
-0.361613
0.13371
-0.26417
-0.66966
0.749416
0.270403
-0.070616
-0.195145
-0.139282
-0.850136
0.959632
0.228794
-0.467101
0.421624
-0.641405
-1.018
0.946181
0.530467
-0.326964
0.399877
0.810301
0.379766
-0.0660204
0.0706097
-0.489373
0.507243
0.824457
-0.443484
0.624627
0.22698
-0.685
-0.533005
0.265634
-0.11824
1.27174
-0.19482
-1.21916
-0.323162
0.650814
0.872528
-0.357612
0.189968
-0.375662
-0.276227
0.906776
1.58557
0.263739
0.620348
0.672913
-0.83846
-0.108877
-1.34125
-0.275134
0.824633
0.723044
0.0776657
-0.0462806
0.578531
-0.351262
-2.07713
0.485541
-0.429384
0.704409
0.409012
1.89609
-0.323776
0.871197
-0.409795
-0.37343
0.321255
-0.0720955
0.711865
0.0952736
-0.791306
0.450149
0.0401177
0.631833
0.155332
-0.939339
-0.41032
0.249683
-0.193479
0.701618
-0.369168
-0.3604
-0.47263
0.8089
-0.0804037
-0.155421
-0.262715
-1.15766
0.837272
-0.497795
-0.348752
-0.143435
-0.450286
-1.2972
-0.0475777
0.775961
-1.69473
-0.453862
0.983807
-0.812718
-0.0128723
-0.413847
0.53824
-1.06541
-1.10517
-1.04224
-0.965297
0.944058
-0.521548
-0.06561
0.119213
0.58858
-0.136907
1.03676
-0.691967
-0.359864
0.399103
0.561489
-1.12687
1.2809
0.535237
0.0892487
-0.486489
0.436055
-0.464811
-0.569662
0.45893
0.64385
0.218804
-0.147725
-1.14282
-0.327963
0.0911455
0.0832834
0.921355
-0.536578
0.784597
-0.384555
0.970264
-0.675177
-0.962982
-0.207459
-1.57192
0.938856
0.0104114
-0.792559
-0.521407
0.206029
-1.81731
-0.974536
0.420652
0.611042
0.623238
0.193184
0.103012
0.914044
-1.36879
0.039963
0.215673
0.308434
0.828306
-0.0455786
0.370738
-0.987892
-0.0164681
-0.509357
0.247821
0.646261
-0.342774
0.185288
0.156041
-0.000484701
0.0346101
0.368405
-0.222403
-0.102073
0.258351
-0.00934829
0.537877
-0.495409
0.0195305
-0.420845
0.743104
0.76413
-1.50155
-0.709082
-0.244762
-0.779796
-0.269238
0.78747
0.802692
-0.0949495
0.273762
0.0208884
-0.565336
0.217719
0.0715638
-0.548944
0.626434
0.0709796
-1.15446
0.033428
0.657914
-0.407282
-0.436776
-0.200588
-1.30498
0.0431755
0.44011
0.326888
-0.520733
1.49122
-0.050019
-0.82146
-0.262444
0.345748
-0.665851
-0.634393
1.06476
0.0838733
-0.280192
-0.972557
-0.845809
0.280774
0.221355
-0.608675
-0.372671
0.207542
-0.174344
-0.262725
-0.49489
0.00523698
-0.443706
-0.933432
-0.0949833
0.607372
-0.864379
-0.687915
-0.600426
-0.475054
1.32119
0.252791
0.388211
0.346423
0.518555
0.264824
-0.000537556
1.03918
0.838568
0.0282768
-1.04943
-0.337799
-0.13422
0.0919117
0.591453
-0.750929
0.201924
0.958247
-0.281799
0.600544
-1.0959
-1.29742
-1.19181
0.443188
0.322856
1.65163
0.396991
0.00229092
0.313124
-0.682197
-0.135077
0.0566933
-0.54224
0.490047
-0.00335425
-0.273566
1.14785
1.33078
0.817135
-0.158726
-0.595934
1.86317
0.440815
0.512915
0.0463006
0.798905
0.0653109
-1.03234
0.983845
-0.593039
-0.445248
0.696298
-0.260324
-0.989631
-0.0463012
-1.21046
0.335095
0.762027
-0.360642
0.555004
-0.158703
-0.98832
1.03126
1.3597
1.21734
-0.811349
-0.148795
-0.262743
-0.108472
-0.519614
-1.17216
-0.396394
-0.198452
0.681814
0.499582
0.672183
0.0901641
1.50553
0.599789
1.45402
-1.13644
0.53705
-0.599774
0.0559529
1.05793
-0.149325
-0.600962
-1.72539
-1.35746
0.111239
-0.175234
-0.223092
-0.709606
-0.516757
0.292169
0.627139
0.431707
-1.19248
0.944033
-0.632292
0.00232747
0.696752
0.249856
-0.612846
-0.427663
-0.482022
-0.62221
-0.0948775
0.618661
-0.669703
-1.71583
1.08788
0.707157
-0.751822
1.04934
-0.537421
-0.588333
0.685438
0.268193
0.572332
0.0896344
0.317245
1.50666
-0.658652
0.324764
-1.23016
1.18444
0.189004
0.141974
0.867746
-0.140485
-0.150748
0.937319
0.246371
-0.653665
-0.0933421
0.853679
-0.10636
0.805399
0.824406
1.41988
0.400044
-1.38889
0.3493
-0.289571
-0.12584
0.501083
-0.877481
0.519636
0.292131
-0.230304
0.00196476
0.188508
-0.662122
-0.236646
0.912807
-0.98269
-0.897507
0.293506
0.45492
0.265087
0.0972575
0.130519
0.0134903
-0.996038
-0.652954
0.560158
0.0707823
-1.10584
0.166032
-0.161832
-0.13334
-0.085271
-1.31214
0.464204
-0.22587
-0.543374
0.193997
0.655852
-0.887505
0.611193
-1.34601
0.0431493
-0.932344
-0.153324
1.04461
1.03187
1.18668
-0.98341
-0.0159451
0.277689
-0.00934707
-1.35366
-0.346725
1.34972
-0.812174
0.0251038
0.493615
-0.0305476
-1.20226
-0.294703
-0.841175
-0.486655
-0.0894222
-0.0724351
-0.417876
-0.459447
1.02567
-0.0696679
-0.278954
0.681187
-0.148977
-0.0567726
-1.78333
-0.402603
0.197353
0.936365
-0.0202074
-0.0716375
-1.75682
-0.189143
0.0737865
-0.248204
-0.353283
-0.88195
0.0973925
-0.90771
1.65439
0.11138
-0.0457582
0.372901
-0.448189
0.825981
0.644348
0.75819
-1.63696
-0.375412
0.745877
-0.473069
0.527311
-0.302797
-1.02211
0.840271
-0.900749
0.399221
0.0765947
-2.44032
1.44582
-0.376896
0.086753
0.0498191
0.306523
-0.316579
0.324294
0.0110045
-0.775701
-0.308045
0.650241
0.846256
-0.647394
1.00516
-0.254222
2.00423
0.0919719
0.233791
-0.657525
-0.74924
-0.122346
-0.61237
-0.141037
1.27225
0.219359
-0.336996
-0.494981
-1.11196
0.26366
-0.0577594
0.268907
-0.363414
0.121148
-0.583668
-0.040844
-0.0881808
0.280563
-0.23652
0.335077
-0.138704
-1.04064
-0.278647
-1.01834
-0.70296
0.680532
-1.24836
-1.25633
-0.899208
-0.106659
-0.881879
-0.439752
0.287495
1.59323
0.21026
-0.446094
-0.745705
-1.515
-0.283383
-0.203414
1.44491
-0.298002
-0.444191
-0.640794
0.878283
-0.22906
-0.304886
-0.80246
0.40174
0.375292
-0.62799
1.60792
-0.060685
-1.08764
0.0727783
0.455681
-0.197835
-0.480874
0.0067964
1.01625
0.532615
-0.420064
1.12097
-0.656319
0.371857
1.24413
0.162226
-0.0840736
0.725321
-0.260226
-0.630263
0.848279
0.603101
1.50114
0.992774
0.847468
0.445664
0.870206
-0.331442
0.193521
-0.587005
-0.179905
-0.965409
0.0835218
0.207339
1.54819
0.757716
-0.772577
0.691598
-0.668655
1.28709
-0.133019
0.756381
0.0316634
0.0596716
0.170608
-0.891063
0.450467
1.54043
-1.25192
-0.015734
-1.96615
-0.974105
-0.430512
-0.856824
-0.248959
0.823091
0.245637
-0.656233
-2.53732
0.299126
0.253511
0.508192
-0.544264
-0.786726
-0.374045
-1.46172
-0.0104846
-0.0137061
-0.384264
-1.40125
-0.618887
-0.914947
-0.216175
-0.561648
-0.528197
0.302009
0.60793
1.69885
-0.943488
0.0404414
0.0576534
-0.27582
-0.569656
-0.160018
0.209501
-0.164218
-0.0880102
-1.25827
-0.135987
0.852001
-0.533658
1.26888
0.984579
0.262805
-0.0899364
-0.219433
-0.300345
0.967616
-0.601768
0.222343
-0.682923
0.303293
0.398241
-0.337358
-0.535966
0.693057
1.13865
0.212064
-0.440276
-0.774062
-0.41724
-0.193041
-0.110156
-0.403842
-1.12891
0.317729
-0.964317
-1.1678
1.2277
-0.151403
1.28598
0.271917
0.427179
-0.427175
0.46365
0.314178
-0.577867
-0.028677
0.56293
1.35457
-0.93146
-0.222699
-0.584871
-0.28391
-0.0127763
0.16424
-0.205207
-0.110046
-0.215935
0.0822727
-0.060158
0.0890099
0.503632
0.411073
0.232483
0.647277
0.203132
-0.464272
-0.439364
-0.100417
1.38136
-1.17218
-0.945047
-0.144507
0.14655
-0.137388
1.22445
-1.12958
1.25199
-0.249889
-0.51422
0.31845
-0.437818
1.32726
1.02266
0.33485
-0.087535
-0.529579
-0.00120173
-0.0330874
-1.04422
0.567393
-1.1246
1.03327
0.727615
0.737483
-1.41509
0.526344
-1.237
0.181117
-0.0266721
1.67782
-1.64799
0.180772
-0.552799
-0.17447
0.0411408
-0.55042
0.430227
0.364113
-0.303382
0.773958
0.00587327
-0.114555
-0.334078
1.40186
0.76468
-0.191377
-0.0961963
-1.1448
0.938917
-0.954486
-0.263382
0.0178919
-0.795898
-1.35394
-1.65806
-1.26234
-0.00107258
0.958451
-0.253561
0.343659
-0.0730258
-0.93527
-0.829763
-0.3969
0.300504
0.771867
0.0658119
-0.054581
-0.546642
0.501129
0.964052
0.629625
1.74587
0.944753
-0.796411
0.0996437
0.202091
0.274837
1.01765
-1.10998
1.43738
-0.456169
-1.36004
0.259964
0.344941
1.42495
0.638968
-1.19229
0.735438
0.325579
-0.010719
-0.316705
0.606281
0.105547
-0.53154
0.0871504
0.670829
0.997262
0.945098
-0.724947
-0.194949
-0.0386229
-0.493123
-0.254049
0.954671
0.311461
-1.69801
1.12538
-0.283649
-0.284681
0.266809
-0.7397
0.281597
-0.804246
0.186031
-0.961941
1.48762
-0.991825
-0.182282
1.34655
0.0687144
0.983953
0.00570953
-0.112238
-0.607862
0.286949
0.355601
-0.383051
-1.10057
0.923437
0.866823
-0.253046
0.238067
-0.218379
-0.51815
-0.139285
-0.0130692
0.337684
-1.41577
1.05741
0.791629
0.231233
-0.670391
0.528529
0.255975
0.511239
0.58099
0.384292
0.423644
-0.329951
0.843698
-0.0848133
0.350664
-1.29301
0.274981
0.414076
-0.214434
-0.901397
-0.243275
0.111298
0.842519
-1.36097
-1.32477
-0.348499
0.400469
0.91713
-0.369717
0.0684254
1.10164
0.506149
1.07327
0.0264672
0.55796
0.579546
-0.296064
-0.0522068
0.0558547
0.852207
-0.571423
-0.0965893
-0.388554
-0.329097
0.975042
1.19936
1.0373
-0.256646
0.933967
0.054374
0.198158
-0.372783
-0.550571
0.735017
0.825254
0.362008
0.0198486
-0.331578
-0.812657
-0.555361
-0.427121
0.261749
0.246225
-0.0758956
0.384185
-0.311765
-0.346703
-0.194205
0.567582
-0.0824394
0.828458
1.29787
0.262636
1.84803
-0.895017
-0.375037
1.37212
-0.111771
-0.046754
-1.05435
-0.316868
-0.395165
0.561662
-1.00707
-0.538168
0.492897
0.161599
-0.080772
-0.670293
0.909129
-0.223763
-0.500762
-0.357907
0.673147
-0.380451
0.216054
-1.33969
1.01345
-0.221484
-0.185067
0.481517
0.588831
1.0204
0.57366
-0.268683
0.1247
0.92873
0.364217
-1.00208
0.195649
-0.293436
0.404454
-0.284786
-0.096943
0.261958
0.498149
0.307385
-0.0919318
-1.22667
0.623312
-0.108851
0.35097
-0.396182
-0.0257071
-2.23681
-0.319833
-0.562308
-1.48279
-0.16471
-0.420542
0.0418471
0.173041
-0.459308
-0.0323536
0.170546
-0.567798
0.0070127
0.179365
-0.24777
0.628185
-0.848873
-0.101829
0.0859741
-1.15172
-0.74697
-0.180984
-1.20045
0.116309
0.581631
0.0546459
-1.36191
-0.591338
0.305934
0.499438
0.0120921
-0.0464429
0.1227
0.408275
-0.513287
0.202198
-0.606139
0.616512
0.0958532
-0.258263
-0.770365
0.656113
0.24535
-0.157637
-0.29012
0.420233
1.03562
-1.26734
0.428546
-1.20646
-0.335809
-1.21376
0.114435
0.74797
-0.238346
-0.11184
0.0828581
-0.553712
0.238555
-0.248696
1.10223
0.992121
-0.222344
0.285918
-0.535475
-1.32752
0.388984
-0.313792
0.856344
1.09127
-0.62902
0.686896
-0.541239
-0.38993
0.45438
0.0499205
0.0475831
0.0412729
-0.238643
-1.78178
0.402104
0.88113
0.939672
-0.368398
0.00451993
-0.55035
0.582112
-0.375884
-0.577391
-1.58878
1.24411
0.640523
-1.19194
-0.063098
0.784232
1.88041
-0.5417
-0.899492
0.0940169
-0.163043
-1.2532
0.310963
-0.627034
-0.164906
1.04928
1.76955
-0.454553
-0.894899
-0.389692
0.179695
-1.58811
0.411892
1.03874
-0.0147711
0.651845
0.142602
0.493992
0.402126
-0.585378
-0.460694
0.771429
-0.154965
-0.542275
-1.21574
-0.108259
0.466583
0.047733
0.361383
0.0280468
-0.413962
0.111898
-0.416436
0.686311
-0.785353
0.136357
-2.33393
-0.216755
-0.399378
-0.0758753
-0.527655
0.0713231
-0.036982
-0.861584
0.299925
0.144418
-0.0985746
-0.0516908
-0.524247
0.1966
0.209037
-0.13379
0.619895
-0.417596
-0.376215
0.783875
0.0807858
-0.984806
-0.816101
0.270124
-0.745171
-0.0346088
-0.0628919
-0.568464
0.485984
1.51397
0.494287
-0.721111
0.475959
0.771279
-0.447928
-1.17909
0.23919
-0.726038
0.934651
0.517539
0.617788
-1.284
-0.863497
-0.647273
0.436651
0.0399836
-0.363133
-0.271138
0.0837363
1.19038
-0.397814
0.171966
0.973493
1.04067
0.165309
0.0268647
0.557966
-0.396642
0.530585
1.31069
0.367905
-0.311134
-0.251876
-0.532444
-1.15944
0.026396
0.135
-0.332196
-0.193161
0.903949
-0.521407
1.01806
0.160814
-0.987822
-0.112241
0.281031
0.113655
0.514534
0.241574
0.561097
-0.132965
0.156341
-0.150591
0.577593
-0.73683
-0.710038
-0.121746
0.632112
-1.69231
-0.640587
0.737438
0.554399
-0.560882
1.03566
-0.0153547
0.16599
-0.201563
-0.418806
0.322252
0.0907523
-0.853498
-0.500892
0.168027
-1.39056
0.395554
0.333237
0.519864
-0.784152
0.664592
0.0599388
-0.303254
-1.74061
0.192771
0.751537
-0.452541
-0.592151
0.355807
0.526675
0.0695149
0.571346
-0.104593
0.559976
0.6824
-0.197531
0.12746
-0.232077
-0.778431
-0.189478
-1.76446
0.325151
0.454809
0.377936
0.79137
0.488231
0.144051
-0.654959
-0.0350232
0.0297537
-0.0215686
-0.455642
-0.545348
-0.164331
0.119212
-0.388311
-0.00487485
-1.07943
0.727137
-0.609383
1.12452
0.973113
0.0445506
-0.134346
-0.637673
-0.679222
-1.0334
0.0735305
0.513636
0.551601
-1.63136
-0.0205528
-0.234859
-0.992036
0.307023
0.669849
-0.719621
-1.36718
0.305587
-1.10426
-0.138506
-0.111532
0.661067
-0.167132
1.3891
-1.11735
-0.574831
-0.251664
0.646792
-1.03883
-0.335936
0.6983
-0.878543
0.497754
-0.867001
-0.455709
0.188806
-0.221092
-0.534862
0.206941
0.597609
-0.663282
0.210749
1.3725
0.235274
-0.365106
-0.667677
-0.856382
0.0608239
1.04592
1.45612
-0.239354
1.05184
-0.142609
1.56381
1.24824
-1.01269
0.604477
-0.686349
0.874977
0.491114
0.456914
1.15765
-0.420964
0.857015
0.614697
-0.709794
0.164861
-0.461123
0.53118
-0.152002
-0.674951
0.732121
-0.18184
-0.599215
-0.44875
-0.263412
0.172944
-0.908588
0.962895
-0.833664
-0.183375
0.658283
-0.300631
-0.954212
-1.57802
1.33696
-0.871696
0.561289
-0.971136
-0.158156
1.71572
0.873532
0.668549
-0.149024
0.0610361
-1.09741
0.23208
-0.0286539
-0.262217
0.583972
-0.504502
0.638889
0.500933
0.485445
-0.9347
-1.71286
-0.516626
-0.374989
0.0819748
0.102255
0.191026
-0.427652
0.508386
0.274859
-0.142618
-0.366641
-0.0380794
1.33609
0.294198
-0.0522321
0.0245563
0.474819
-0.129208
0.335088
-0.788644
-0.408955
0.401457
-0.0433374
0.955967
-0.961761
0.290019
0.849391
-0.815643
0.305126
-1.19544
0.811109
-0.0352932
-0.903653
-1.85482
0.478162
0.876668
-0.318573
-1.4184
1.56308
0.0515044
0.533779
0.268636
0.0593465
0.216502
-0.495219
0.177793
0.888306
1.32914
-0.0953261
-0.242246
-0.211096
-0.885326
0.0920103
0.111162
0.363747
0.781478
-0.60666
-0.177257
-0.597097
1.01866
-0.0331294
-1.02893
-0.523595
-0.154757
-0.317825
0.205306
0.162921
-0.617814
-0.0903798
0.216211
-0.753253
-1.06027
-0.470072
-0.255897
-0.120995
-0.613928
-0.316098
-0.147374
-0.230796
-1.05467
-1.55809
0.236224
-0.240495
-0.101271
-0.172023
-1.09311
0.0773829
0.302399
-0.614288
-0.124579
-1.77456
0.74768
-0.928848
0.613377
-0.18589
0.516966
-0.744165
0.945701
-0.326856
-0.0954556
0.0742545
1.99001
0.846465
0.187851
-1.21791
0.965211
-1.774
-0.489973
1.07724
-0.579784
0.010158
0.536437
1.07365
-0.304795
-0.226656
0.64854
0.324076
0.151453
-0.128515
-0.517526
-0.415848
0.289156
-0.403522
1.24852
0.15642
0.741283
0.786582
-1.09464
0.77569
0.519385
0.627376
0.60641
0.351996
0.13561
-1.41647
1.13376
0.373331
0.417475
0.824402
-0.933199
-0.316443
-0.126099
-1.08501
0.279595
-0.301258
-0.355893
-1.15776
0.037847
1.18257
-0.233927
0.115787
0.398625
-0.433746
-0.097786
0.423618
0.324963
-0.830061
-0.79526
-0.739967
-0.96164
0.62713
-1.35849
-0.0906753
0.70414
-1.53523
-0.965989
-0.420277
1.01246
-0.0093053
-0.277484
-0.710406
0.0921889
-0.578381
0.775116
-0.641407
-0.134355
-0.326446
-0.925061
-0.393608
0.178106
0.584322
0.480439
0.929687
-0.0730821
0.384554
0.347688
0.280025
-0.303511
0.837797
1.09988
0.406101
0.392402
2.00243
1.14462
0.160823
-1.46479
0.271052
0.335931
-0.264803
0.780326
-0.733934
0.224205
0.108375
-0.536057
-1.32247
1.71579
-0.79377
0.213844
0.303248
0.0769201
-0.500816
-0.0330021
0.0542021
0.0658826
0.534805
-1.44272
-0.605134
-0.154657
0.785748
-1.81527
-1.35822
-0.0844239
0.406317
-0.218822
0.0549411
0.207178
1.22463
-1.29462
0.913137
-0.950248
-0.720047
0.21421
0.766787
0.306218
-0.365038
1.01942
-0.170329
0.364741
0.353878
0.725387
-1.34491
0.916218
0.108135
-0.901933
0.110798
0.665775
-1.23789
0.745884
1.07983
1.29742
0.122436
0.226374
0.390479
-0.720956
-0.180551
0.161598
-0.59166
-0.86458
-0.18251
-0.972614
0.435542
0.169616
-0.528476
-1.04298
-0.314672
1.23063
1.15731
0.248761
-0.834377
-0.959741
-0.306646
0.470883
0.44613
0.193973
-0.0653382
0.288899
1.38468
-1.4358
0.381019
0.669781
1.00423
-0.59899
-0.0393276
0.519926
-0.533367
-1.91629
0.809946
-0.371015
-0.0510282
1.08072
0.494657
-1.14799
0.661258
-0.89244
-0.170338
-1.1868
0.118169
0.61141
0.969238
-0.478425
0.870768
0.334219
-1.00395
0.0190047
0.321437
0.87755
-0.50365
-0.878387
0.087819
0.244736
0.74383
-0.636854
0.174271
0.357672
-1.1444
0.122884
0.0444051
-0.565964
1.13796
-0.244911
-0.269718
-0.929132
0.511465
0.1901
-0.292919
0.547551
-0.930833
-0.378858
0.0314731
0.846177
0.416683
-1.92841
0.341998
-0.679446
-0.260434
1.00295
0.245882
-0.448558
1.82147
0.322329
0.695898
0.717557
0.564852
-0.580439
-0.30087
0.413455
0.470238
-0.754214
-0.626985
-0.300872
1.74915
-1.50532
-1.08526
-0.642297
0.888822
0.0853296
0.360402
-0.436814
0.586733
-0.453656
0.28867
0.645043
-0.941702
-0.0121167
-0.56097
1.21416
0.107928
-0.0684493
-0.217455
0.503326
0.730971
0.859313
-0.981719
0.191913
0.0575532
0.681764
-0.862944
0.425651
-0.240489
-0.106695
0.552069
-0.122331
0.73778
-0.0943538
-0.326459
-0.830053
0.394438
-0.47901
-1.18993
-0.927113
0.687225
0.265984
0.391513
-0.0840162
-0.610972
-1.04615
-0.768673
0.446551
0.858896
0.170821
-0.439731
0.323366
0.378652
-0.239878
0.586629
-0.142531
0.130829
0.264478
-0.403766
0.130597
-0.357087
-0.482451
1.27223
1.41494
0.505802
-1.68017
0.325921
0.1365
0.505373
0.759357
-0.640499
0.262893
0.260918
0.197939
0.794881
-1.48371
0.139759
0.0971771
1.35177
1.02071
-0.0160991
-0.437742
0.177169
-0.617407
0.868605
0.152137
0.532833
-0.396447
-0.462673
-0.535507
-0.0511225
0.127764
0.874516
-0.173013
0.173842
-0.93533
0.601384
1.35035
0.198115
1.3063
-0.387769
2.37711
0.14777
-0.312481
-0.218309
-0.509484
-0.0231729
-0.015591
0.443016
0.424898
-0.0386924
-0.308207
0.25779
-0.0241656
0.0740121
0.571298
-0.353987
-0.20179
1.41612
-0.687983
-0.568876
1.20373
-0.201393
-0.464103
0.483386
0.476032
-0.695365
1.30703
0.595781
-0.414101
-1.94622
-0.772667
-0.256493
0.50627
0.430525
-0.165402
0.0869491
0.467575
1.43689
0.266815
-0.769963
0.33157
0.0419508
0.651908
0.134561
0.489002
0.340018
0.468585
-0.201863
0.69935
1.5732
1.16048
-0.983599
1.46282
0.799662
1.76404
0.202301
-0.421431
0.902315
0.835335
1.59336
-0.843671
0.00868147
1.58619
0.660895
-0.287254
-1.17514
-0.663306
-0.646564
0.189755
0.00625684
-0.50497
-0.486722
-0.114443
-0.165591
0.750894
0.412345
0.207717
-0.750243
0.530208
-0.593116
-0.36766
0.00285444
-1.02487
1.2326
-0.202417
0.203223
-0.416961
-0.949073
0.657881
-0.607073
0.152996
0.226357
-0.620694
-0.0962409
-0.475211
0.0381757
0.231263
0.843784
0.461476
-1.26211
0.461534
-0.384607
-0.60684
0.129807
-0.443713
0.432474
0.123747
-0.568593
0.0297855
0.822207
-0.717748
0.728975
-0.00987571
0.523216
-0.715852
0.531398
0.411428
0.00659747
-0.494149
0.271369
-0.879589
0.351346
0.623948
-0.288386
-0.36356
0.524289
-0.338687
0.672609
-0.312247
-0.106089
-0.949677
0.240974
-0.159086
-1.21619
-0.206467
-0.434739
0.661922
-0.560826
0.464716
-2.05642
0.361944
0.540986
1.06086
0.877861
1.23064
-0.194862
1.09808
-0.715885
0.348611
1.08161
-1.05163
-0.723365
-0.817173
-1.07701
-0.491596
0.331386
1.15021
0.282311
0.197409
0.409995
0.205409
-0.91342
-0.886641
-0.977318
0.306771
0.788398
0.442457
0.41499
0.504851
1.41092
0.756845
-0.191598
1.72744
0.452451
0.401204
-0.244113
0.281482
0.189071
-0.634092
-0.161083
-0.44791
1.90541
-0.0593109
-0.0700822
-0.458102
1.16992
-0.524412
0.413512
-0.370743
-0.390292
-0.489789
-0.729548
-0.415658
-0.184414
-0.829032
1.26211
-1.62486
0.176759
0.452192
-0.44115
-1.28638
-0.231217
0.768659
0.488052
-0.0912728
-0.216901
-0.731122
-0.820432
-0.228771
0.0827125
-0.905792
0.205855
-0.228977
-0.283269
-0.713769
0.114998
0.686467
1.0606
-0.20854
-0.250537
0.299234
-0.852554
-0.0244055
-0.786486
0.953902
1.0072
-0.888256
0.75725
0.343963
-0.476592
-0.237123
0.260867
0.0199685
-0.191882
0.228989
1.77244
-1.04089
0.894507
-0.214361
0.284892
0.0141902
-0.393418
0.839459
0.447055
0.143996
-0.0235344
1.13564
0.977174
-0.580021
-0.03177
-0.246065
-0.49496
0.765253
0.108056
0.641623
-0.869642
-0.304759
-1.16383
0.344057
-0.110142
0.277526
-0.0110082
0.219978
0.359972
0.888579
-1.10678
-0.532431
0.170402
0.219226
-0.745939
-0.194143
-0.753074
-1.20674
0.58875
-0.523212
1.05909
0.408434
-0.338078
-0.694998
0.726408
0.27494
0.423554
0.956803
-0.511283
0.0335609
-1.13605
0.480207
-0.466438
-0.287987
-0.352969
0.443858
0.763386
1.59945
-0.971857
0.502937
-0.46844
0.716346
-0.195978
-0.65145
-0.627752
0.0472728
0.313469
1.82786
0.573351
-0.267734
-0.713683
0.648052
0.00620319
0.156014
-1.23226
0.0578631
0.0422538
-0.718093
0.545659
-0.815823
-0.871029
-0.134399
0.468799
-0.23214
-1.0664
1.06909
-0.201645
-0.989861
0.641464
-0.48668
0.346948
1.07435
0.123183
0.188099
0.237412
-0.0697175
0.210019
-0.453289
-0.287648
0.918005
-0.721016
0.753772
0.60368
0.145825
0.824235
0.587997
-0.138671
0.206753
-0.552282
-0.0724501
0.0420925
-1.02275
-1.10192
-0.61667
1.10214
0.57234
-0.676226
0.162861
-0.734421
0.187546
0.25401
-0.815217
0.28268
-0.88177
1.09278
-0.739389
0.309455
-0.326718
0.394348
-0.284391
-0.68459
-1.15486
0.414444
1.11122
-0.487045
0.445966
-1.23242
-0.786763
-0.978045
0.510208
-0.344799
0.231729
-0.651065
-0.221128
0.760424
-0.64304
-0.408317
1.42325
-0.510407
1.22014
0.376814
0.0643861
1.95505
-0.0653407
-0.432785
1.11144
-0.592844
-1.1779
-1.59257
-0.0118319
-1.35378
0.37561
-0.0572546
0.298421
-0.0337586
0.261107
0.977631
-0.784119
-0.721144
-1.11559
-0.331628
0.438679
1.04694
-1.062
-0.158962
0.0955697
-0.510129
0.425708
1.39855
-0.105286
0.0902589
0.0306679
-0.72373
-0.729146
-0.689965
1.02824
-0.664958
-0.0828808
-0.507483
-0.0883567
0.561053
-1.07381
-0.0802747
0.0865541
-0.260677
-0.821445
0.428845
-0.359961
1.42097
1.0134
0.272804
0.00462933
-1.82814
-0.499788
1.05594
0.241284
-0.352806
0.0441093
-1.47142
1.39826
0.161474
0.231853
-0.184973
0.252385
0.0124108
0.429753
0.31425
-0.0762534
-0.751744
0.329947
0.597239
-0.697352
0.173502
1.22747
0.351687
0.215295
-0.730863
1.05728
-0.49567
-0.653098
1.33512
-0.639625
0.039234
-0.0384845
1.27233
1.70658
-0.0807335
0.428003
-0.250689
-0.137829
0.64812
-0.313737
-0.169464
-0.258905
0.212359
-0.00812576
-0.410306
0.895455
-0.0210814
-0.836588
0.705981
1.13615
0.61445
-0.308076
-0.303376
-0.881987
0.174316
0.514282
-0.0602123
-1.2349
0.189999
-0.0668401
0.311964
0.241425
0.690315
0.0238808
-0.160389
-0.799355
0.260226
-0.736169
-0.672524
0.526265
0.110691
-0.472845
0.596459
-0.167366
0.90111
-0.429753
0.782431
0.341434
0.645246
-0.132372
0.253259
0.64171
0.213906
0.542033
0.0653156
0.326915
-0.423775
0.547582
-0.0306915
1.21607
0.280454
0.835757
-0.415614
-0.257226
0.286033
0.0193493
0.260006
0.270837
-0.512743
0.272774
-0.63255
0.649272
0.387688
0.847881
0.688667
-0.408327
-0.418285
-0.981391
-0.235728
-0.624956
0.65084
1.65297
0.187676
-0.805498
1.29667
-0.202591
-0.0463324
-0.00369691
0.29563
-0.110269
-2.03534
-0.286455
0.759138
-0.381617
-1.42098
-1.18829
1.69634
-0.636704
0.823157
-0.111985
-0.854787
-0.710435
1.14788
0.891477
-0.370047
0.216134
0.887566
-0.272005
-0.291323
0.651288
-0.280518
0.337397
0.757949
0.571545
0.649846
0.0465354
0.954537
1.02587
-1.95964
-0.0872627
0.181145
0.0152819
-0.3679
0.387968
-0.753171
-0.860526
0.151263
-0.466366
-0.548854
-0.143172
0.598204
1.01972
-0.271869
-0.811536
0.272672
-1.78303
0.88901
0.496254
-1.00013
-1.71998
0.132544
0.869857
-0.107331
1.30019
-0.814489
-0.124626
-0.753046
0.151758
0.127358
-0.490112
0.037395
0.529926
0.381529
0.500074
-0.3206
0.365386
-0.765354
-1.92172
0.934637
-0.43665
-1.06634
0.215403
-0.597286
1.1086
-0.187878
1.06972
-0.0161215
-0.292019
0.595702
-0.0147846
-1.05331
-0.535159
-1.71828
-0.207245
0.0126752
-0.120575
0.729336
-0.470829
-0.167599
0.574273
-0.0216499
-0.973056
-0.153056
0.214291
0.863765
-0.0198081
-0.484732
0.839469
-0.850628
-1.34658
1.73262
1.31966
-0.393793
-0.738969
-0.683525
-0.372
0.456953
0.255132
0.32254
0.139324
-0.0915795
-0.213468
0.927917
-0.117486
0.00217929
-1.02056
-0.363816
-0.0818828
-0.236711
-0.0802034
0.542151
0.937015
-0.636753
-0.218785
0.159434
-0.101854
0.834275
0.204908
0.676334
-0.0998554
-0.582578
-0.260085
0.780398
1.57413
1.59108
0.64942
0.615945
0.359224
0.361169
0.117932
-0.266196
-1.38706
-0.161696
0.843772
-0.557599
-0.0697897
0.971728
-1.04368
-0.572819
0.73647
-0.456427
-0.588559
0.57613
1.0687
0.604174
0.441811
0.19024
0.0108723
-1.70314
-0.252136
-0.54266
-0.0401899
-0.0541644
-1.35441
0.73184
-0.344815
0.939399
-0.0793972
-0.95225
-0.704278
0.45112
-0.0491426
0.329538
-0.410877
0.595597
0.663139
-0.494274
0.791504
0.557654
0.857492
0.0478098
0.779478
-0.243309
1.02189
-0.587386
0.107057
1.23605
-0.387026
1.05317
-1.18996
0.937873
-0.246024
-0.0340483
0.912894
-0.436716
-0.407063
-0.110037
0.272459
-0.765278
0.17505
1.21286
0.81602
0.144358
0.336044
0.864751
0.0190835
0.143385
-0.24684
0.083523
-0.0990937
0.395882
-1.14743
0.778533
0.590892
0.0591497
0.994884
0.402021
1.0476
0.341327
0.175309
-0.3702
0.721452
0.743163
0.779426
0.241177
-0.733513
0.366336
-0.987922
-0.514884
0.217942
-0.809977
0.209159
0.0374373
0.245701
-0.454874
0.487088
0.269708
0.689186
-0.632898
1.62339
-1.25333
1.13395
0.835283
0.636149
-1.27885
0.700707
-0.975955
-0.701896
-0.553862
-0.461412
-1.49083
-0.633571
-0.911565
1.19113
-0.967109
-0.64726
-0.581923
-1.22482
0.759512
-1.24181
1.00182
0.453197
-0.311036
0.897361
-0.806156
-0.117158
-0.200144
-0.198214
0.714815
0.139346
0.159009
0.641981
1.0864
-0.920394
-0.867983
-0.35712
-1.01919
-0.963718
1.96876
-0.690723
0.831886
0.769187
1.33889
0.456451
-0.264029
-0.0766294
0.0571425
-1.32564
0.720897
-0.843148
-0.851104
-0.0189871
-0.275156
0.177725
-1.13516
-0.985881
0.347724
-0.317667
0.130399
-1.55733
-0.0264612
-0.217061
-1.41711
-0.706644
-0.86854
0.315292
0.588228
-1.23908
1.17738
1.14614
0.811633
0.473792
-0.475373
0.145609
-0.59391
-0.1781
-0.202734
1.12465
-0.790231
0.786533
-0.143251
-0.693952
0.170388
-1.09736
0.586027
0.262003
-0.367229
-0.620517
-0.611814
-0.14234
-0.0969775
0.721413
0.989224
0.0113793
-0.547103
0.0252195
-0.538791
-1.16289
0.280302
-0.397349
-0.52774
-0.270374
0.329137
-0.550566
-0.323316
0.986697
-0.0377079
0.658029
0.414509
1.61643
1.55186
-0.355922
-0.357427
0.425382
-1.16762
0.603766
-0.239677
0.823994
0.718121
1.1775
1.50617
0.597042
1.72231
-0.828675
-0.275811
0.581106
0.325746
0.37745
-0.848242
-0.37422
0.487305
0.0933187
-0.441304
0.920434
-1.19669
-0.0242723
0.0510032
-0.4499
-0.393419
0.852318
0.253571
0.623255
0.075881
-0.169234
0.252299
0.468976
-0.921036
0.11414
0.670749
0.0464979
0.506419
0.357797
-0.378059
-1.20343
-0.123699
0.188712
0.543451
-0.766992
-0.176981
0.966848
-0.82334
0.35785
0.0325261
-0.599817
0.460538
1.41317
-0.118991
-0.49567
0.15264
0.429418
0.922201
0.257926
-0.61197
-0.311885
0.102291
-2.01757
-0.834414
-0.939866
-1.03311
0.0011849
0.310248
0.534981
-0.906967
-0.122877
-0.461309
-0.235116
-0.629647
0.434192
0.158854
0.583974
-0.275543
-0.795254
0.99072
-0.337837
0.0132986
-1.22956
-0.641613
0.0544497
0.690309
0.0836841
0.678583
1.04537
0.995747
-0.265586
0.456232
0.198998
1.2535
0.972805
0.170737
1.04581
1.14218
0.728607
0.737179
0.63091
-0.509107
0.54188
-0.519061
-0.494306
-0.874715
0.869857
0.57428
0.61092
-0.135565
0.410797
1.10625
-0.926302
-0.238575
0.880093
0.0637911
-0.158616
-0.267803
-0.542071
-0.00555364
-0.104691
-0.507574
-0.425135
-0.837474
0.268531
-0.251212
0.796096
-0.804445
-0.151389
-0.873656
-0.34984
0.450038
-0.0369652
-2.31549
1.39568
0.898269
0.75684
-1.17945
0.806695
-1.22395
1.91148
-0.247269
0.620411
-0.030268
-0.879057
0.452249
1.03658
-1.67984
-1.57103
-1.85308
-0.0246098
1.22669
-0.805165
0.0488831
0.914045
0.435552
-0.0800348
-0.36341
-0.208458
0.0609274
-0.31785
-0.193525
1.00463
0.0284927
-0.551205
-0.466605
-0.0640752
-0.797385
-0.109219
-0.827375
-0.0312616
0.394333
0.199509
-0.264464
1.53761
-0.0246138
-1.1534
0.428125
0.657549
-0.058932
0.481757
0.634295
0.00658609
-0.384114
0.28401
-0.354914
-1.28759
0.185773
-0.137794
0.423419
0.204625
0.799029
-0.832827
0.190192
0.312256
0.0211183
-0.720002
-0.698361
0.374546
-0.535337
-0.617121
0.697945
0.0107238
0.577452
-0.828161
0.49221
0.666927
1.21889
0.939365
1.34422
0.0450385
0.424258
0.269545
0.586828
-0.122594
-0.752952
-0.374888
0.245502
-0.0710649
-0.540317
-0.00756897
-0.0765352
-0.198519
1.32747
0.565284
-0.0616123
-0.473654
0.344173
1.16366
-0.0969037
0.675484
-0.287258
0.487012
0.020981
0.0338057
-0.352429
0.72284
0.379776
0.126406
0.167668
0.770011
0.219188
-0.712932
1.24142
0.269515
1.10817
0.111098
-1.26449
-0.43099
-1.18056
0.912132
-0.413682
0.75655
0.565327
-0.272917
-1.44223
0.910432
0.0322111
0.835469
-1.40011
1.0093
0.185861
0.841168
-0.251243
-0.208955
0.946253
-0.679855
0.068534
-0.152027
-0.250489
0.335554
0.602847
-0.41235
0.452705
0.609179
1.81972
-0.329512
-0.115588
-0.0554302
0.474264
0.471086
0.153768
-0.363811
-0.00878876
1.00143
0.826994
1.14333
0.394692
-0.700166
-0.0262623
0.163317
0.0533874
-1.34856
0.184406
0.112679
0.601335
-0.284768
-0.173606
-0.180708
0.290853
-0.979117
0.777511
-0.371963
-0.789177
0.924216
0.46894
-0.383546
-0.404839
-0.643442
0.374831
-0.377571
0.387689
-0.240579
-0.233812
-0.225407
0.444044
-0.181734
-0.175456
-0.410043
-0.242487
0.923629
0.744497
-0.115136
0.39015
-1.02371
-0.361139
-1.54368
-0.297176
-0.161509
-0.432345
-0.0253972
-0.315595
-0.462301
-1.15177
-0.722324
0.0784727
0.698811
0.286584
0.147268
0.963612
0.535422
0.415869
-0.411761
-0.349987
0.27511
0.6965
-0.0872685
0.885111
0.44632
0.131763
0.0402949
0.770369
0.632761
-0.41579
0.398001
-0.56327
1.03742
-0.979129
0.355714
-0.00236037
-0.221704
-1.63426
-0.613365
0.964933
0.0109901
0.576125
-0.627916
0.600285
0.846739
0.133496
-0.757285
-0.948435
-0.827759
0.419203
-0.121606
0.233526
-0.063983
-0.628388
0.492295
-0.82996
0.376205
-0.755245
-0.666723
0.263138
0.115266
-1.4578
0.494012
-0.0430136
0.6502
1.07786
0.973264
-0.550246
0.581633
-0.192023
-0.319104
-0.274159
0.2409
0.354761
0.366495
-1.0618
0.19737
-0.679473
0.48012
-0.747379
0.175378
-0.0197998
0.96535
0.196218
-0.440985
-0.583251
0.717085
0.758492
-0.153545
1.02944
0.883339
-0.934268
-1.14649
0.0837146
-0.881561
0.529033
-0.131827
0.107265
0.505675
-1.09865
-0.425333
0.732756
0.42793
0.126851
-0.917176
0.392655
0.406295
0.980727
0.210314
0.120158
-0.126803
-0.994021
-0.890791
0.799459
-1.54883
-0.467208
0.652893
-0.871667
0.866579
0.413268
-0.0078412
-0.25465
0.36443
-0.114681
0.757308
-0.0526569
-0.0416738
0.0198231
0.973069
-1.47125
-0.151931
-0.886196
0.29467
-0.10891
0.177094
0.399207
-0.96832
-0.819666
1.82398
-0.992815
0.358549
-1.38789
0.674199
-0.414363
-0.402049
0.48729
-1.07753
-0.404946
-0.0993237
1.135
0.405516
-0.352188
-0.462814
-0.212385
-0.170127
-0.288097
-0.544607
-0.0284323
-0.920254
-0.137294
0.244055
-0.475869
-0.20097
-0.510374
0.441883
-0.187425
0.190085
0.822113
-0.450649
-0.517989
0.342246
0.371694
0.945538
-0.318961
0.259103
0.430145
-0.214111
0.998593
0.193549
-0.567376
0.0716309
-0.101079
0.482455
0.27031
0.345407
0.12535
0.970057
-0.00937832
-0.576626
0.840472
-0.939597
-0.720398
-0.125464
-0.335726
1.88746
0.870622
-0.0197391
0.652794
0.414349
-1.12788
-0.403897
0.855962
-0.798574
0.877085
-0.38743
-0.389499
-0.405636
-0.752151
1.04284
-0.717069
0.0192727
0.724555
-1.70776
0.22093
0.669965
-1.20093
0.530826
-0.670454
1.31926
0.436827
-0.874036
0.699981
0.465225
-0.702196
-0.665758
-0.249521
-0.145154
-1.43034
-0.25392
-0.14088
0.321304
-0.127936
-1.16337
0.588655
0.0829639
0.377194
-0.08584
-1.26108
0.0617651
0.125658
-1.02338
0.634391
0.351554
0.0586495
-0.55746
0.745019
-0.78299
0.114467
0.85995
-0.455127
0.194221
1.53005
0.0466462
0.810961
-1.30739
0.28126
-1.32235
0.112457
1.14667
0.369694
-0.0209703
-0.808888
0.0540101
-0.334534
0.243961
0.762997
0.10939
1.14438
-1.02518
-0.291599
-0.209365
-0.236321
0.445151
-0.593092
-0.984864
-0.24354
-1.03159
0.215178
0.0925551
-0.714052
-0.728265
-0.32485
-0.720312
0.622107
-0.373577
-0.640771
-0.0993449
0.247747
0.498435
-0.545791
-0.484824
-0.500126
0.463758
-0.47583
-0.398731
0.412999
-0.668194
-0.625647
0.790387
-0.460841
0.473716
-0.236194
0.355507
0.0811452
0.69513
0.209851
1.09906
0.290158
0.201118
-1.38799
0.0899192
-0.0327651
-0.543796
0.893369
0.415397
0.729122
-1.63074
-0.117508
-0.124473
1.18813
-0.116902
0.112014
0.467155
0.372347
0.0548035
0.319223
-0.924316
-0.766493
0.657101
-0.937358
0.497466
-2.04573
-0.953158
-0.529924
-0.122424
0.303899
-0.00396776
0.480751
-0.164069
-0.80996
-0.313341
0.417398
1.59282
0.131023
0.829333
-0.313223
0.382972
0.0143102
-0.00480782
-1.12774
0.125298
0.548837
-1.06058
-1.16443
0.603199
-1.74977
-0.601637
0.78736
-0.201032
-1.04196
0.274406
0.256287
0.0245451
-0.284558
0.12679
0.579191
0.252328
0.435337
0.657629
-0.548977
-0.256899
0.360111
-1.18707
-0.374823
0.234507
-0.270174
0.530252
0.438936
1.17784
-0.0645774
0.570065
-1.06749
-0.429214
0.470357
0.626156
-0.743648
0.533687
1.20646
0.276161
0.441735
0.838151
-0.263217
1.16267
-0.647274
-0.14446
1.39482
2.06843
0.493427
0.14727
0.698055
0.136652
0.497044
0.25932
-0.928822
0.717137
0.0213019
0.447921
-0.0435668
0.612173
0.747038
0.871048
-0.500582
-1.07138
0.709561
-0.33798
-0.820729
-0.0370532
0.666441
-1.35495
-0.632162
1.21028
1.58885
-1.19185
-0.0237882
-0.178516
0.427317
-0.282516
-0.556761
0.112604
0.100968
1.42071
-0.962469
0.168295
0.0913732
0.874171
0.973146
0.86111
0.956454
0.125749
-0.303931
-0.720361
0.00160045
0.436807
0.23154
-1.74349
0.257982
-0.682843
-1.01343
-1.0421
-0.357174
-0.034063
0.279143
-0.569131
-0.715883
-0.586472
0.82142
-0.133422
0.939477
0.671278
-0.26608
-1.10833
-0.564902
0.453404
0.479433
-1.71576
-0.563054
0.998451
-0.873047
-1.40312
-1.88916
-1.31844
-0.4045
0.153698
-1.00662
0.606713
0.188062
0.312069
0.901451
-0.23928
-0.629858
-0.109356
1.1571
-0.791469
-0.485866
-0.174884
-0.235254
0.17085
1.05211
2.04549
-0.193159
0.466737
-0.550962
-1.14111
0.560293
-0.186286
1.90656
0.56894
0.637174
0.351799
0.314485
-0.689896
0.677467
0.384549
-0.946806
0.623344
-1.03177
-0.34522
-0.132739
-0.71783
0.267649
1.11019
0.344514
0.455445
0.609173
0.245168
0.0105295
-0.217098
-0.144049
0.225887
0.394297
0.346467
-0.686084
-0.142561
1.05129
1.62143
-0.477134
-0.701552
0.963049
0.264051
0.254053
1.06929
-0.204941
-0.00735025
2.31813
0.536945
-0.14433
-0.0554165
0.348129
0.232108
-0.438323
-0.350636
1.30627
0.478569
-0.551428
-0.550544
0.278682
-0.631744
0.376822
0.556573
0.96548
-1.50797
-0.797126
-0.875568
-0.00431454
-0.174679
-1.04571
-0.0955538
1.18321
1.03264
0.752448
-0.131061
0.419412
0.0160762
-0.322965
-1.3105
-0.083725
0.911892
-0.0574093
0.413472
-0.386062
-1.60982
-0.740841
-0.404865
-0.177617
0.615926
-0.346038
-0.626331
0.774162
0.523613
0.222836
-0.295846
1.03096
0.0958549
-1.4002
0.695579
1.03071
0.513991
0.479949
-0.0918161
-0.910325
0.417207
-0.327116
0.217171
0.930924
-0.632344
0.876804
-0.979267
0.0449665
0.631099
-0.429032
-0.487898
0.570559
0.902491
-0.470568
-1.32302
-0.504541
1.06235
0.477998
-0.777624
0.666386
0.862625
-0.762629
0.750974
-1.46149
0.89146
-0.0516262
0.305555
-0.876179
-0.219797
0.945031
0.562255
0.263144
-0.025143
0.8743
-0.177561
-0.432289
0.1623
-0.459187
-0.756633
0.397074
1.06987
-1.67373
-0.37396
-0.0227979
0.711544
-0.209832
-0.57301
-0.0354081
0.899369
-0.041491
-0.501298
-0.0974694
0.933071
-0.120552
-0.920091
-0.463702
-0.39772
0.600703
-0.105923
1.13018
-0.554398
0.117168
0.29427
0.170351
-0.623953
0.566311
-0.00925846
0.620252
-0.475111
-0.226619
-0.892937
-0.217324
0.368052
0.0195394
1.26655
0.0706882
0.105471
-1.12236
0.0871262
0.141813
-0.630891
0.438876
1.4072
0.492482
0.321344
0.588184
-0.524745
-0.612502
-0.384699
0.0526167
-0.683347
-0.647207
0.31082
0.834849
-0.622167
-1.20131
1.89668
-0.0320046
-0.0527884
-0.58201
1.42793
0.557357
1.21797
-0.159336
-0.024952
-0.156652
0.745191
-0.282657
1.20861
-1.42369
0.188145
0.507596
-0.215106
-0.729249
0.0388196
0.125394
0.232022
-0.544493
0.671647
-1.1626
0.65979
-0.580014
-0.517113
0.623464
-0.458551
0.457161
-0.138225
-1.29768
-0.198151
-0.0202226
-0.909063
-0.94663
-0.228835
-0.0896979
1.06419
-1.23911
0.774895
1.04635
-0.872786
-0.311113
-0.00213289
0.932641
0.149145
0.526046
-0.0543054
0.617724
-1.05906
0.243517
-0.0824983
0.79037
1.00763
0.40395
-0.113848
-1.28723
0.574708
-0.362828
0.360706
0.0465064
-0.509728
-0.886216
-0.593373
-0.0074779
0.783118
-1.56296
0.369646
-0.194515
0.262631
0.167944
-0.142174
0.7645
-0.137634
0.457566
1.32132
1.99989
-0.801871
-1.37974
-0.433911
-1.79907
-0.865601
1.05393
0.232754
-0.186538
-0.227394
-0.4015
-0.836275
2.05823
-0.974306
0.515305
0.214457
0.886252
0.776329
-0.7113
-0.216981
-0.952277
0.491573
1.10075
-0.463623
-0.391387
-1.93256
0.250478
-0.833805
0.862992
-0.467828
1.12705
-0.327883
0.539984
0.00884513
0.557745
-0.701381
-0.0649164
0.757899
0.396777
-0.396236
-1.31451
0.984873
-0.76199
-1.08753
-0.853161
-0.304973
0.744774
-0.827274
1.02927
0.213564
-0.482056
-0.565285
-0.143792
0.684945
-0.311988
-0.137218
1.48908
1.61833
0.926552
0.0625946
-0.249865
1.77363
-0.58259
-1.10823
0.168946
0.337063
-1.09708
-0.331295
-2.04159
0.526099
0.176536
0.27822
0.0191331
-0.246082
-0.469203
-0.1956
1.31472
0.662024
-0.477421
0.308521
0.847616
0.387283
-0.422168
0.0893604
1.22925
-1.19043
-0.486803
0.492537
0.608771
-1.18714
-1.40651
0.222618
-0.673034
-0.442508
-0.662804
0.535567
1.41404
0.850206
0.707307
0.828372
0.221474
-0.0489984
0.529406
-0.856116
-0.0848842
0.507716
1.04262
0.0478933
-0.40729
0.602823
0.203127
0.0433318
-0.3448
0.428605
1.95153
-0.214876
0.857298
-0.101107
-0.207658
0.686293
-0.0530414
-0.250756
0.638069
0.44374
-0.378859
-0.153987
0.0591635
-1.45722
-0.759545
-0.463622
-0.216372
1.1954
0.791678
1.28187
-0.0527253
0.027655
0.995112
0.78462
0.509914
-1.33208
-0.454128
-0.329099
0.232992
0.552012
-0.0226596
-0.407798
-0.823015
0.110265
0.407511
-0.612061
0.701187
-0.197822
-0.0614817
0.761476
-0.404628
-1.10511
-0.281406
1.42763
-1.02226
0.309515
-1.00949
0.366533
-0.226175
-0.437689
-0.445916
0.185279
0.326579
-0.89201
-0.188008
0.596386
-0.66727
1.0466
0.472978
0.809886
-0.638206
-0.053324
-0.229411
-0.127283
0.126072
1.72465
-0.299116
0.410498
-0.817127
0.988812
-0.118006
-0.191842
-0.569513
-0.434457
-1.08157
0.335828
0.270365
-1.08943
0.325456
-0.000825039
0.612367
0.571092
1.19513
0.82179
1.11945
-0.0282397
-0.454961
-0.108106
-0.0845436
-0.0976052
-0.922602
-0.272438
0.17202
0.0413526
0.139657
-0.766104
0.713818
-0.608822
-0.255796
-0.438565
0.333065
-0.0836457
0.437762
-0.444556
0.765793
0.944171
0.564055
1.1925
-0.319674
-0.399103
0.121373
1.33904
0.393103
-0.499426
-0.300727
-0.404792
-0.0839254
0.575203
0.328279
-0.069491
0.181725
0.487202
0.369022
0.396361
-0.750816
-0.218041
-0.351468
0.355537
0.343341
-0.0558587
0.939619
0.521604
0.0359494
-0.816957
0.402014
0.452409
-0.590055
0.222561
0.373753
0.760428
-0.888552
-0.450711
0.597327
1.57091
0.813764
-1.15879
0.0782492
0.0799134
-1.14095
0.126246
-1.25118
-0.0613072
-0.691998
-0.813323
0.183471
-0.904374
-0.455764
0.804579
-0.482483
-0.419888
-0.297049
-0.706598
0.640335
0.466829
0.0980978
-0.216976
0.859876
0.808464
-0.941799
0.750447
-0.441327
0.123187
-0.0957811
-0.0396717
0.513992
0.905755
-1.2305
-1.081
-0.843467
1.18187
0.427665
-0.367443
-0.32646
0.874294
-0.575719
0.740836
-1.10764
0.0580832
-0.00448948
-0.0161851
-0.949333
-1.77862
-0.427972
-0.0527767
0.235875
0.780293
0.581898
-0.274787
-0.59947
-0.184762
-1.54546
0.696371
-1.77387
0.658095
0.547287
-0.295199
-0.39448
-0.538707
-0.393839
-0.541691
0.0120719
0.142311
0.184539
0.0558405
0.376531
0.186076
-0.308624
-0.806487
-0.878794
-0.241781
1.72009
0.499093
0.843666
-0.467095
0.309176
0.458269
-1.20983
0.117084
0.858166
0.0749083
-0.692777
-0.32406
0.821347
-0.488336
0.343858
0.799035
-0.708872
1.19502
1.08933
-0.321465
-1.2311
0.247864
0.524625
0.339227
0.101674
-1.10753
0.137033
-0.944329
1.1416
0.493306
-0.471742
-0.538277
0.177962
0.835842
-0.00543712
-0.673814
0.0530092
0.0327046
0.87155
1.30032
0.738423
0.399126
-0.722706
-1.2471
-0.48236
0.310637
-0.528812
0.631582
-1.4159
1.16604
-0.0193315
-0.161573
-0.6131
0.264241
0.520216
0.558006
-0.108388
-0.634544
-0.6004
-0.501516
-1.05766
1.16559
-0.887434
-0.110696
-0.0999773
-0.723278
0.662955
-1.62813
-0.706225
0.758906
0.49988
0.582346
-0.470618
-0.226048
-0.893486
0.209417
0.896191
-0.119665
-0.0882701
0.332201
0.701223
1.69865
0.710638
0.60824
0.792749
0.618605
-0.484474
0.966206
-1.01704
1.65978
-0.907026
0.76004
-0.0887264
0.461346
-0.355819
-0.536654
1.38649
-0.240344
1.30774
1.04182
0.514831
0.229249
0.264519
0.659833
0.84982
-0.085884
1.00924
0.628927
-0.262409
0.0414478
-0.625626
0.620265
-0.706313
-0.348999
-0.570371
0.325507
0.0185832
0.883251
0.271986
-0.0627387
0.855893
-0.557315
-0.965974
-0.0935289
0.288371
-0.498019
0.10774
0.685017
-0.00985925
-1.53104
0.652081
-0.828313
-0.373003
-0.508152
-0.782755
-0.243427
-1.64412
-0.346776
-0.459209
-1.83832
0.00437524
0.621775
0.705817
0.601147
-0.551468
-1.2428
0.21621
0.876846
-0.179098
-0.775623
-0.0462807
-0.218992
-1.30131
-0.6583
-0.657173
0.461459
1.03155
-0.568464
-1.2564
0.124679
1.14705
0.572324
-1.4466
-0.200502
0.426104
0.772741
-0.313003
-0.766212
0.446978
0.0707589
-0.66591
0.796784
-0.0115853
-1.52098
-1.03967
-0.916172
-0.392993
-1.56185
0.427669
-0.291738
0.819424
-0.612387
0.483156
-0.00809657
-0.572894
-0.424441
-0.457136
0.43791
-0.44564
0.287485
0.167662
0.109879
0.245399
0.305421
0.497489
0.152429
0.112764
0.30194
-0.615468
0.199488
-1.23307
0.305831
0.266773
0.105989
0.244025
-1.35081
-0.766119
-0.594819
0.671692
-1.19516
-0.508192
-1.0194
-0.638814
-0.605838
0.884164
-1.0313
0.998684
-0.84958
0.294474
-0.199792
-0.937441
-0.299976
-0.217143
-0.42066
0.142916
0.057557
1.22149
0.768402
-0.748194
0.553276
-0.216523
-0.00681484
0.799855
1.21378
-0.327263
-0.485939
0.182306
0.891879
0.488059
-0.0478423
0.193868
1.09917
0.485282
-0.0372248
0.502457
-0.12068
0.0623148
0.531777
-0.00565743
2.0636
0.111211
-1.14558
-1.09494
-0.365079
0.159435
0.658758
1.33974
0.187159
-0.181255
1.08361
0.576995
-0.585703
0.245956
-1.28301
-0.58802
0.529454
-0.574285
-0.592908
0.201754
0.0826273
0.895292
-0.627037
-0.839613
0.0469853
-0.0541509
-0.00641614
0.412684
0.130415
-0.0890114
-0.0866314
0.526114
1.49386
0.233462
0.0189411
-0.389991
-0.456864
0.564763
-0.0833749
0.804227
0.295225
1.46139
-0.44079
-0.0344889
0.358535
0.231574
0.559305
0.314801
0.911186
0.146793
-0.235927
0.354961
0.132627
0.0180182
0.858515
-0.245533
-1.31251
-0.0207897
0.993431
0.216266
0.206474
-0.0200882
0.564493
0.628761
-0.433859
-1.23957
-0.657004
-0.591904
-0.251105
0.918529
-0.159649
0.903184
0.937222
-0.232929
-0.333615
0.764245
-0.029027
0.670996
-0.151044
0.048854
-2.24664
0.818505
0.810296
0.431346
1.1505
-0.201025
1.26797
0.0359931
0.399569
-0.75022
-1.54352
0.615719
-0.0180906
-0.209364
0.549652
0.500755
-0.937649
1.48011
-0.354183
-1.04321
0.866214
0.801137
0.202484
-0.173004
-1.64338
-0.746005
-0.607988
-0.0795452
0.265789
-0.0562719
-0.472141
-0.179735
-0.0418485
0.882209
-0.570058
-0.146244
-0.0249189
0.796457
-0.572795
-0.75972
0.178509
0.451773
0.136615
-0.143205
1.06968
0.58815
1.19727
-0.831521
0.103453
0.0914743
0.111684
-0.622375
-1.07042
0.637985
-0.870315
-0.440515
-0.225777
-0.924044
0.237536
0.650671
-0.624973
0.791236
-0.0396345
-0.0079948
0.235453
-1.19698
0.368481
0.855424
-0.328904
0.272438
0.415829
-0.169915
-0.144002
0.51254
-0.0577586
0.92407
-0.855993
-0.601154
-0.0542306
-0.237029
-0.419539
0.975155
-0.630581
-0.687126
0.611108
0.412845
-1.0945
0.327473
0.732384
0.368042
0.152923
0.194957
0.318428
0.511543
0.0725467
0.68949
0.0811126
-0.211979
-0.734544
1.28567
-1.1437
0.565522
0.367093
-0.0721292
0.19813
-0.559642
-0.426264
-0.216
0.597377
0.393135
0.387857
0.190342
0.13152
-0.214675
-0.580985
0.0216117
0.396605
0.57951
-0.328913
0.543599
-0.247926
0.544575
-0.63124
-0.182582
1.17876
1.35949
-1.3471
-0.379859
-0.702644
-0.751475
1.25669
-0.0571767
-0.231853
0.750197
-1.37058
-0.11446
0.400127
-0.800963
0.252112
-0.490334
-0.353186
-0.369485
1.1415
-0.34902
-0.243884
-0.699777
0.283799
-1.3313
1.36831
-0.144325
1.0165
-0.139759
0.592289
0.171191
1.47392
1.92049
-0.295893
-0.132021
0.154318
0.0133138
0.0701378
-1.34718
0.662612
-0.464481
0.880802
1.21001
1.01141
-1.17539
-0.973043
-0.773127
-0.285344
-1.70831
1.58136
0.219442
0.110559
-0.0912852
-0.4327
-0.194558
-0.42414
0.387134
-1.26186
0.52411
-0.504174
0.530184
0.218041
-0.243197
0.548734
0.783831
0.765714
0.178814
0.226937
-0.648764
0.838732
-0.480261
0.4577
-1.74972
0.316243
0.636407
-1.036
-0.0131592
-0.80262
0.190821
-0.406938
0.376002
0.0567557
-0.163124
0.757875
-0.703272
-0.40363
-0.427053
0.063498
0.484368
-1.24102
1.65116
0.0551096
-0.43497
-0.270938
0.860814
0.493385
-1.20056
-0.911226
0.517169
0.853174
-0.838333
0.175266
-0.271971
0.326785
-0.311009
0.762572
-0.847122
1.32348
-0.0705109
0.786217
-0.386263
-0.543658
-1.72066
0.90706
-0.166533
-0.370045
-0.634865
-0.304936
0.351159
-0.536923
-0.317599
0.637714
0.768627
-0.819834
0.421998
-0.619568
-0.957585
-0.229243
-0.678587
-0.888338
-0.227815
0.130143
0.377849
0.527499
-0.518563
-0.324341
-0.073505
0.427827
-0.572739
-1.03986
0.23702
0.923035
0.601369
0.690002
0.701171
-0.51501
0.679801
-0.238002
1.14978
0.218547
0.423652
0.809317
0.0820335
0.599153
0.793829
-0.889872
-0.171722
0.0660125
-0.0969602
0.414888
-1.54223
-0.512607
-0.0150609
-0.44625
0.155879
0.0509013
0.924214
0.0458255
0.989454
0.323649
-1.63493
1.26269
-1.38681
-1.51538
-0.0841911
-0.0568824
-0.38221
0.00231394
0.735386
0.855398
-0.0911895
-0.474045
-1.2502
-0.89973
0.906421
-0.523251
-0.240898
-0.412703
1.26928
0.234587
0.345527
-1.14617
0.647183
-0.30135
-0.14544
-0.414166
0.259321
-1.00752
-0.0647051
-1.46677
0.153428
0.882407
0.685514
0.15541
-1.1806
1.11236
0.0203252
-0.894678
0.641839
0.0604969
0.513914
-0.186705
-0.246686
0.268125
1.1909
0.0832258
1.25792
-0.229486
-0.30657
-0.741899
-0.489715
1.14958
-1.12942
-0.529618
0.982435
-1.53968
0.408881
-0.0763914
0.680866
-0.18917
-0.282496
0.181145
0.432819
0.600026
-0.321683
-1.20016
-1.87307
0.155186
0.380823
0.830169
0.591248
-0.383888
1.67875
-0.559078
-0.0664186
-1.09887
0.107103
-0.00166782
0.389217
-0.0488712
0.283463
0.0438632
0.677236
-0.936388
0.782562
0.641537
-1.22261
-0.78946
-0.0276988
-2.04655
0.116815
-1.58498
-0.10995
-1.25397
0.901261
-0.590576
-0.0977407
0.202954
-0.484087
0.353557
-0.389459
0.708444
-0.487543
0.38915
0.605796
-0.0209283
-0.0232985
0.866624
0.593381
-0.101403
-0.75561
0.168905
-0.169643
-0.334439
-0.727508
0.313767
0.0104528
0.0143745
1.48466
0.883772
0.723623
-0.325467
-0.603932
-1.21011
-0.367201
-0.0739764
0.779181
0.147865
0.421027
0.0569255
-0.418511
-0.702862
-0.587953
-0.942361
-1.08613
1.22648
0.205945
-0.850852
0.31142
-0.39114
-0.780956
-0.339499
0.349476
0.452398
0.116698
0.654206
-0.659224
0.806706
0.886393
-0.256788
-0.887394
0.526163
-1.03795
-1.26491
0.388676
-1.22644
-1.01835
1.03729
0.263502
-1.29472
-0.540506
-0.438834
-0.690366
0.3373
0.54191
1.07264
0.794321
-0.398442
0.690157
-0.272032
-0.137782
-0.245295
0.761364
0.374595
0.879829
0.855956
0.293692
-0.953552
0.577843
0.318893
0.251913
-0.232065
1.45118
-0.294488
-0.486506
0.46547
0.316482
0.208097
-0.421121
0.505867
-0.512471
-0.528116
1.47952
-0.243814
-0.388536
-0.347371
1.02261
-0.435541
-0.677239
1.57295
1.71383
0.23004
0.586273
0.728852
-0.0978085
-1.21946
-0.975788
0.102742
0.104311
0.785675
0.950064
-0.873404
0.348648
0.0233657
-0.64534
0.476308
0.88146
0.333601
1.3603
-0.682863
-0.474833
-1.50288
-0.180548
-0.632427
-0.379229
0.347485
1.55469
-1.00668
0.23584
-1.08983
0.69433
0.762202
-0.139664
-0.235905
0.543675
0.378157
-0.253292
-0.430171
0.722512
0.494102
0.688227
-0.45271
-1.26533
-0.755708
-0.525103
0.0703769
-0.679299
-1.93406
0.0945998
0.0536737
0.403959
-0.148911
0.0314519
0.501621
-1.11365
1.71284
0.611581
0.924298
0.627722
0.0320883
0.272268
1.15818
1.39263
-0.191292
-0.693278
0.998923
-0.467711
-1.10323
0.216112
0.118782
0.0527084
-0.601517
-0.0513731
0.919114
0.635463
-0.0375717
-0.50742
-0.662404
0.141969
-1.37833
-0.512365
-1.00699
-0.427965
0.137186
-0.446925
-0.0667392
-0.00994649
-0.125458
0.949126
0.395173
-0.204049
-0.303195
0.228341
-0.763245
0.0700696
-0.0404734
-0.118614
-0.296033
-1.3549
-1.02628
0.463162
-0.584661
0.666972
-0.202409
-0.096561
0.381139
-1.97573
-0.79509
0.172371
-0.605698
-0.290575
-1.72472
-0.399247
-0.681582
-1.49895
-0.357896
-0.963354
0.483518
0.933029
0.722258
-0.140101
0.209156
-0.0166899
-0.149416
0.599302
0.494321
-0.805247
-0.724582
0.117734
-0.978684
-2.1385
0.583771
0.461827
-1.05479
-1.54361
-0.324307
1.18981
-1.22102
-0.662546
0.193132
-0.250618
0.433866
-0.861577
-0.183457
0.0387275
1.28388
0.592058
-0.506338
0.0701602
0.33519
0.129936
-0.258738
-0.481996
0.0577806
-0.0519618
0.0685911
0.983693
0.0947264
-1.50964
0.449685
0.316537
0.078695
-0.0618221
-0.316597
-1.2258
0.0200046
-0.373173
0.340062
-0.103148
0.277324
0.930181
-0.0478065
0.161508
-0.686929
-0.451451
0.695585
0.247385
-0.26604
0.871777
0.117571
-0.0753823
-1.70961
0.379981
0.102617
-1.90534
0.233121
-1.07991
1.17053
0.472342
0.264241
0.257174
-0.773881
-0.068433
0.0874637
-0.982439
0.72412
-0.478236
-0.862451
-0.723471
-1.40322
0.085999
-0.377167
0.227296
-0.503798
-0.51483
-0.0043509
-0.241623
0.0335136
-1.47721
0.180016
-0.300579
0.0973741
-0.00226248
-0.0319524
0.747165
-0.833673
-0.0405744
-0.217576
1.64944
-0.214313
-0.699457
0.298557
-0.301855
-0.831901
-1.25633
0.337926
-0.461113
0.755557
1.41821
1.04366
-0.526452
1.15934
1.19356
0.443953
0.775288
-0.729658
-0.04456
0.683546
-0.665018
-0.307003
-0.0397952
-1.26614
-0.206902
-0.000267591
-0.179292
-0.108584
0.998635
-1.00056
0.799439
-0.190178
-0.352557
0.548084
-0.540093
0.737001
-0.515445
-0.474119
0.480033
-1.05723
-0.165919
0.529043
-0.708588
0.068312
0.00451328
-0.735573
0.786034
-0.471133
-0.182816
-0.506838
1.18238
0.0214616
-0.396705
-0.659382
0.251871
0.125049
-1.42836
-0.0876835
-0.922987
-0.528522
0.284982
1.57183
-0.0888178
-1.12814
-0.620388
0.501546
0.700066
-1.00238
-0.28775
0.363134
-1.64237
-0.950534
0.608766
0.0259919
0.491795
-1.05068
0.689443
-0.355777
-0.877577
-0.787948
0.462278
0.374003
-0.345017
0.777738
0.0229648
-0.875666
0.319587
-0.861229
0.187573
-0.0760695
-0.364831
-0.823928
0.453059
-0.176282
0.224586
0.325436
-0.709341
-0.325538
-0.820309
0.635924
-0.584448
-0.51712
0.0539559
1.27673
1.27796
0.726942
-0.558785
0.163576
-1.15781
-0.699506
-0.311563
-0.172363
0.47989
0.0246828
0.562143
0.363319
-0.553076
-1.52153
0.0392161
0.252749
0.952542
0.339144
0.194164
-0.356173
0.269414
-0.321102
-1.32614
1.44558
-0.646842
0.499708
-1.09711
0.265699
0.112559
0.366908
-0.394399
0.220052
-0.268272
0.649481
-0.0889542
-1.34026
-1.02224
-0.362444
-0.596999
0.287355
0.28792
-0.379655
-0.521879
0.319589
-0.551449
0.584549
0.0121448
0.0682963
-0.222857
0.285398
0.451186
-0.545024
-0.172184
-0.339061
0.0788777
-0.435955
-0.425593
0.620045
0.563923
0.652772
1.24811
-1.065
0.326431
0.252755
0.996264
-0.254338
-0.774599
0.479831
0.157836
0.120957
0.29429
1.01734
-0.069199
0.333179
-0.758283
-0.903047
0.178409
1.3977
-0.579266
-0.889823
0.274824
-0.215962
-0.24221
0.784244
-0.101152
0.534177
0.52381
-0.18502
0.206782
0.809175
0.232177
-0.752238
0.0723782
-0.0100368
0.243515
1.35347
-0.361941
0.0652542
-0.542354
0.400017
-0.650665
0.367584
1.09531
0.689707
0.470934
-0.719942
-0.527263
0.259785
-0.341838
0.888274
0.0575641
0.085017
-0.261556
-0.226612
0.753656
-1.41817
-0.195114
-0.0948361
-0.418288
0.123886
-0.252738
0.328439
-0.67205
0.169302
-0.73227
-0.139231
0.445036
0.414731
-0.445343
0.0119035
1.01263
0.441842
-0.0188803
-0.365266
-0.430432
1.20816
0.896534
-1.11866
0.168379
-1.22764
-1.30089
0.818085
0.402759
-0.673154
0.736268
0.46517
-0.958069
0.770836
-0.241463
0.489873
-0.473212
0.327923
0.0842497
-0.449319
1.02607
0.000101049
-0.286184
0.0849264
-0.924477
-0.508422
-0.614246
-0.0741959
-0.736668
0.292418
0.579775
0.613812
0.304062
0.78542
0.0448394
1.41567
-0.113948
0.905127
0.0532074
0.245739
-0.504266
0.562289
0.549207
0.651628
0.852457
-0.519391
1.01928
0.744823
0.0340878
1.19893
-1.2079
0.175053
1.16493
0.963664
0.523137
-0.607876
-0.145552
-1.60666
0.369221
0.437329
0.0853736
-0.016358
-0.706616
1.12986
0.88634
-1.41833
-0.780275
-0.654183
-0.786741
0.442714
0.00374362
1.34399
0.0773046
-0.507301
0.554379
1.36388
-1.70285
-0.539434
0.192536
0.41805
1.57112
-0.474426
-0.808468
0.976967
0.565934
-0.58771
0.20093
-0.208049
0.494036
0.22746
-0.277835
1.03039
0.928836
-0.676575
0.53436
0.420901
-0.171929
-0.304465
1.03198
-0.371937
1.00862
0.623895
0.238328
0.392369
1.55345
-0.250586
-0.0206593
-0.0151397
-0.245745
-0.344471
1.71556
-1.09535
-0.0135432
0.187929
1.03542
0.94521
0.223922
-0.458607
0.894614
-0.657987
0.20071
-0.75479
0.14702
0.0975592
-0.213101
0.285032
-0.168831
-0.861936
0.606953
1.40885
0.585285
-0.804779
0.0839181
1.08396
0.237411
0.398444
-0.438004
-0.91524
0.213911
0.632691
1.30291
0.615996
-0.608781
-1.43022
-0.152011
-0.232169
-0.467411
-0.607944
0.516134
-0.162827
-0.637968
0.263516
0.104111
0.630537
-0.141853
0.45314
1.01785
-0.263175
-1.03611
-0.49296
-0.174783
0.0467952
0.640783
0.943478
-0.761172
-0.252131
-0.011973
0.95965
-0.0193831
-0.328734
-0.703443
0.814058
-1.45965
0.0666274
-0.415174
0.472185
-1.87738
0.999443
-0.341859
-0.616574
-0.977334
0.801056
0.928168
-0.0513034
-0.317925
0.536016
0.314261
0.165626
-0.94092
0.960555
-0.34368
0.906151
-1.13413
-1.71951
0.273136
0.347674
-0.165104
0.844263
-0.302674
-0.143554
0.467793
-0.13296
0.149754
-0.188642
-0.467261
-0.230459
0.924174
-0.591057
0.902285
0.85529
-0.082542
-0.208457
0.0772467
0.904139
0.505146
0.124901
1.21368
-0.479965
-0.0961295
0.471072
1.11962
-0.163443
0.105481
-0.95329
0.522036
0.427573
-1.20679
-0.478988
0.478905
-0.209953
-0.220511
-0.513328
0.697299
-0.600591
-0.167598
-1.50873
-0.830774
-0.430369
0.430683
0.509209
1.21407
0.487028
-0.64676
0.0368031
-0.3892
0.679603
-0.423344
0.0224412
-0.890311
-0.00748614
0.00205918
0.23407
0.22875
-0.906787
0.33662
0.148968
1.02017
-0.863352
0.210608
-0.238399
-0.575231
-0.820662
0.845643
0.703314
0.483721
0.833857
0.627888
-1.0863
0.721882
0.248801
1.03917
-0.525221
-0.0504036
-1.14362
-0.299464
-0.487226
-0.525157
0.36507
0.000768844
0.993969
1.04808
-0.375995
0.535482
-0.156203
-0.384666
0.0332478
0.127995
-0.400291
-0.291454
-0.340212
-0.65281
0.223586
-0.544037
-0.650577
-0.732893
0.342205
0.0672632
0.240217
0.305782
-0.982377
0.653119
-0.356162
-0.391559
0.167093
0.64517
0.685434
-0.636457
-0.453837
0.141072
-1.43304
-0.553192
-0.0351909
0.515613
-0.421131
0.54566
-0.689435
-1.02856
0.742959
0.525324
0.205175
0.107016
0.642057
-0.563554
0.145361
0.841341
-0.313956
0.864073
-0.9374
-0.0537655
-0.407222
-0.353625
0.361137
0.935626
-1.34002
-0.278706
-0.343468
-1.3698
0.359306
-0.336455
-0.657581
-0.698402
0.123651
0.808026
-1.32808
0.0829818
0.415456
-0.555512
-1.06946
1.33086
0.650676
0.508531
0.32147
-0.0341196
0.243809
-0.383206
-1.25911
0.756102
0.0737222
0.257183
0.222963
1.50534
-0.341814
0.490168
0.636211
-1.31059
0.352896
-0.545176
-0.0931837
-0.00909375
0.167439
0.433255
-0.794338
-0.887712
0.110369
0.387227
0.279122
-0.746641
0.687094
-0.335599
-0.841898
0.00813448
2.30177
-0.20178
-0.112695
-0.259726
0.626318
-0.00174037
-0.401861
0.470384
0.115878
-0.895677
0.512621
0.499645
-0.297103
0.324703
-0.0549246
-0.394288
1.26848
-0.758851
-0.995039
0.220435
-0.511169
-0.279832
-0.527375
0.190724
-0.518157
-0.0817667
0.362798
0.309388
-0.0677885
0.0710789
0.962015
-0.150534
0.247767
-0.0351864
0.893711
-0.0484125
-0.433348
-0.696105
0.861411
1.02169
0.81657
0.0507878
-0.347281
-1.77403
0.0396259
-0.262056
-0.868826
0.529889
0.429776
0.0619028
-0.833316
-0.519499
-1.34052
-0.653306
-0.125223
-0.428365
0.800114
0.0158716
-0.406422
0.18189
1.2687
0.201544
-0.126164
-1.80241
-0.103495
0.464591
-0.813971
-0.536954
1.14015
0.131369
-1.07291
0.145237
-0.252313
-1.47425
0.394245
0.49604
-0.390057
0.907296
0.170197
0.100085
0.555671
-0.377768
-0.2708
0.186799
-0.188291
0.153387
0.236001
-0.227224
-1.48123
0.0982061
-0.560501
-0.796467
-0.609344
0.280329
-0.316183
-0.109881
-0.707799
-0.771682
0.761526
0.0182109
-0.708692
-0.0967382
-0.0971281
-0.0645421
0.250338
-1.24431
-0.208307
-0.0251966
0.179278
0.990294
-0.0362822
-0.807785
-0.152665
0.67407
-1.21507
-0.381859
-0.546613
1.36475
0.609624
-0.665509
0.651371
-0.311106
0.851499
0.870344
0.272914
0.310433
-0.117251
0.168475
-1.55498
0.0544627
-0.462531
0.248428
0.306858
-0.44932
-0.459027
0.116612
-0.852259
-0.379979
0.0563246
-0.550336
-1.03514
0.496743
-0.678523
1.39696
0.677815
-1.12339
0.604617
0.313507
-0.0618875
-0.168654
0.107864
-1.6217
-0.232236
-0.700268
0.838778
0.369352
-0.135966
0.23845
-0.215773
0.0246441
-0.489316
-1.28703
-1.08837
-1.80572
0.403874
-1.03696
1.60708
-0.666803
1.07505
-0.584054
-0.214061
1.04587
0.0484314
1.45577
-0.433871
-1.26029
0.584766
0.0152403
0.104455
0.0638871
1.04656
1.03569
-0.583349
-0.436997
-0.382899
-0.0520262
0.248504
0.496339
-1.2397
-0.721596
0.0783699
-0.398821
-0.0393843
-0.16049
-0.800623
-0.740177
-1.13788
-0.0140272
0.806769
0.0598578
0.989663
0.833218
-0.494448
0.542129
-0.0923055
1.05531
-0.479377
0.090603
-0.534879
0.951207
0.790616
0.22932
0.402869
-0.489178
-0.483599
-0.895906
-0.332979
-0.313676
0.6468
0.891774
0.0175245
0.578834
0.256075
-0.174346
0.0568086
0.0291434
-0.399615
0.730866
1.02464
0.311252
-0.130699
0.122208
0.885121
0.346295
0.512261
0.613973
0.924487
-0.574962
-0.826753
0.7259
0.799021
-0.11805
-0.611852
-0.661271
1.21766
0.292003
0.228281
0.367774
0.830013
0.310438
-0.780727
1.03408
0.530974
1.37868
-0.0809282
-0.805199
0.955091
0.581165
0.196123
-0.296937
-0.0751362
1.00789
-0.643252
-0.530126
0.465907
-0.202058
0.207301
0.793908
0.833114
0.0405623
0.954325
1.48405
-0.26549
0.546826
0.238541
0.872474
-0.121461
0.282541
0.416821
-0.244357
-0.968069
1.05319
0.0346327
1.34867
0.190426
-0.520226
-0.0558613
-0.39883
-0.349024
-0.989958
-0.0538603
-0.186099
0.596843
0.774085
0.880318
-1.63824
1.41864
0.783301
0.817227
0.518339
-0.900683
-0.544304
-0.418335
-0.722676
0.421084
-0.299728
1.41818
-0.548738
0.631917
0.386218
0.127623
0.640554
0.50062
-0.494137
-0.0352236
0.655301
0.318316
-0.408064
-0.412114
-0.23336
0.0237905
-0.21041
2.46566
0.323517
-0.0939236
-0.480049
-0.267515
-0.566432
0.345849
0.337651
0.781667
0.985288
0.219393
0.0806571
0.597502
-0.411272
1.00085
0.790313
-0.0794589
-1.3623
0.276909
-0.402082
0.0376038
0.332016
-1.45977
-0.974809
0.820802
-0.0186057
0.117104
0.229087
0.382891
0.135524
-1.04963
-0.0741238
0.371156
0.189267
-1.3086
0.232027
0.576325
1.09531
1.29543
1.27413
-0.455939
0.166888
-1.24754
0.310589
-0.151589
0.269869
-0.187484
0.315617
-0.113875
-0.453898
0.00480481
1.02213
0.463512
1.1972
0.464324
0.261936
0.387008
0.223813
-0.30161
-0.223703
-1.03659
-0.922191
-0.392431
0.178768
-0.202722
-0.884132
-0.33263
-0.151458
-0.321461
0.225175
-0.194395
-0.529113
-0.412438
0.619347
-0.381489
-0.738727
0.893063
1.13565
-0.244723
-0.673279
0.71586
0.873004
0.219507
-1.16009
-0.458689
-0.868622
-0.181008
0.0722891
0.935466
0.845508
1.30261
0.0924684
0.29385
-1.72557
0.736048
-0.413068
0.788779
0.825247
0.0210267
-0.173058
0.0789704
-0.0161154
0.968446
0.0590139
-0.222724
-1.11869
-0.958405
-0.621423
-0.0419149
0.0918012
0.844201
-0.13777
-1.25289
0.233088
0.272913
0.621405
-0.594372
0.115756
-0.259337
0.0480784
0.447326
-0.387876
0.127613
-1.05597
0.350937
-0.475701
-0.0638574
0.459562
-0.954681
0.39863
-1.52789
0.735222
-0.171091
1.55623
0.555866
-2.18854
-0.213053
-0.618496
0.541928
0.553473
1.36803
-0.492698
0.967286
0.460727
-0.208403
0.532809
-0.408204
-0.076368
0.564805
0.336447
-0.324155
-0.727621
0.962096
0.056175
-0.185648
-0.770568
0.182616
0.727715
0.933981
-0.630458
-0.129414
-0.786244
1.02334
0.88635
-0.842986
-0.651279
-0.34447
-0.112567
0.748172
-0.281249
0.737933
-0.372731
0.786003
0.885068
0.0625758
0.793277
0.335346
0.306617
0.859118
-0.0539845
0.943199
0.137552
0.155757
0.307822
-0.475032
0.464146
0.871188
-0.125206
0.821906
-0.953418
-0.0954067
0.203582
0.595352
-0.92221
-0.585667
0.265984
0.198823
1.06652
-1.14603
-0.352728
1.16674
-0.889917
-0.536282
-1.0431
0.386795
-0.177645
-0.131607
-0.960164
-0.644291
-1.69832
-1.3211
0.0648724
-0.214432
0.464917
0.388924
-0.432311
0.664642
0.593435
-0.902135
-0.253495
-0.519439
-1.12001
1.29246
-0.480641
0.0329654
-0.11317
0.673696
-0.178685
-0.115865
-0.218981
0.0103023
-0.88971
-0.00539081
0.302316
0.697223
-0.748553
0.658891
0.951317
-0.382413
0.10603
0.123928
0.696007
1.26536
-0.0336078
1.22408
-0.902236
-0.921462
-1.33831
-0.499223
0.0804418
0.136575
-0.415886
0.752075
-1.0442
0.968203
0.50137
0.709748
-0.684142
-0.519721
0.214797
0.0228413
0.875318
0.320433
-1.16277
0.934137
-0.837503
-1.05457
1.07727
0.132296
-0.78553
0.431816
-0.310434
1.595
-0.541806
0.0320096
-0.973196
0.635259
0.846416
0.0715334
1.33287
0.887455
0.484556
-0.961834
2.02503
0.169644
1.50264
0.120277
-0.757506
0.21007
-1.0415
0.434117
-0.16058
-0.357939
0.966786
0.665543
1.18094
0.0175451
-0.797461
0.165996
-0.866923
-0.637531
0.0880049
0.142107
-0.195739
-0.693736
-0.30213
-0.201928
0.0270646
1.2298
-0.418582
0.518784
0.946134
-0.528994
1.07757
0.352856
1.50061
0.493931
0.250386
0.692205
0.546756
0.432565
-0.245097
0.00425584
-0.130768
0.184803
-1.45825
-1.00414
0.907501
0.630928
1.04395
0.0646994
1.08725
0.474072
1.35295
0.207416
-0.367876
-0.291001
-0.795957
0.0824215
-0.70146
0.528255
-1.20165
0.50423
-0.840245
0.200077
0.21859
-0.339422
-1.00063
1.2771
0.015415
-0.387407
0.15614
0.822791
-0.993406
0.259134
-0.414581
0.713244
0.452293
0.333735
0.788008
-0.83067
0.342971
0.606338
0.0751983
-0.352444
-0.591653
-0.479235
0.555641
-0.908632
-0.524416
0.151059
1.40696
-1.17353
1.07746
-0.217263
-1.50105
-1.6293
1.08297
0.166722
-0.17476
1.19181
-0.0907822
0.944746
-0.112708
0.865702
0.100067
0.233337
0.450768
1.35362
-0.0885843
-0.791611
0.370966
0.135874
-0.0826972
0.400654
-0.0729427
-0.788771
-0.294467
-1.25706
0.504212
0.32875
0.771435
-0.724931
0.805053
0.27129
0.499547
0.35446
0.374844
0.506175
-0.161486
0.943807
-0.775153
0.723455
-0.890338
-0.459667
-1.10655
0.0797695
-0.406225
0.818483
0.547382
-0.418762
1.00301
0.269733
0.0663393
1.40033
-0.65484
0.217603
0.00198013
-1.38164
0.231352
-0.26725
-0.544844
-1.87754
0.244637
0.244602
0.520567
-0.414723
-0.20158
1.10819
1.18057
-0.111973
-0.466413
-0.955071
1.52975
0.239184
0.655855
-0.54316
-1.03364
0.129894
-1.10552
-0.795727
-0.0913317
-0.933062
0.139314
0.85097
-0.0258208
-0.535516
-0.918167
-1.51274
0.282782
-0.890437
-0.706003
1.06281
-0.896632
-0.0205206
0.326375
0.834089
-0.215158
-0.253984
1.19069
0.895474
0.441363
0.223153
-0.06362
-0.023434
-0.756722
-1.82768
-0.962608
-0.21287
-1.68312
-0.180202
0.140485
0.696
-0.100331
-0.417647
-0.855427
0.724279
-0.184556
0.706811
-0.056827
-0.1005
-0.166191
-0.622543
-1.48815
-0.892254
0.200622
0.0587274
-0.0952641
-0.899282
0.0640289
0.198314
-1.14059
0.221726
-0.268664
0.678525
1.34646
-0.148607
-0.433548
-0.637823
-0.451986
-0.741657
0.456184
0.780126
-0.238536
-0.419774
0.593708
-0.901706
0.138437
0.181951
0.0174187
-0.302088
0.286862
-0.358999
0.20202
0.604904
1.10319
-0.193628
0.121025
0.585564
0.864088
-0.329149
-0.994745
0.702605
0.809558
0.964432
-0.983576
1.12804
-1.07411
-0.846912
-0.467096
-1.13145
0.880572
0.730163
0.605589
-0.00651004
0.639871
0.650904
-1.12404
-0.383319
-0.978459
0.138496
-0.420863
-0.514475
0.593196
-1.52132
0.326304
-0.544864
-0.626695
-0.951969
0.5377
1.74968
-0.524672
0.579477
-1.82016
0.0281903
0.201773
0.0272479
-0.7773
-1.04243
-1.4925
-0.215819
0.545795
-0.0740371
0.686042
0.208571
0.131365
-1.00281
-0.484007
0.152369
-0.140087
-0.390299
-0.0779719
-0.298293
-0.627466
0.622401
-0.465693
0.219288
-1.09205
0.767708
-0.887356
-0.539439
-1.46161
-0.55944
0.305422
-1.35236
0.0457324
-0.42995
-0.0618911
-1.14261
-0.0121541
-0.11549
-0.753692
-0.142745
0.347639
-0.0927738
-0.669012
0.964867
0.984229
0.401322
-0.687817
-0.392931
-1.29111
0.428148
0.426572
-0.0741783
0.411813
0.29591
-0.702918
-1.21592
0.466911
0.512274
-0.00798316
0.373241
-1.00962
-0.718904
-0.2016
0.475321
-0.346427
0.456409
-0.692284
1.46737
0.0950061
0.530316
0.129449
0.43849
0.419392
0.841285
-0.161926
-0.698903
-0.935741
1.1183
0.182594
0.596716
-0.833833
0.323528
-0.403175
-1.10139
0.482895
-1.15527
-0.0103393
0.142548
0.293068
-2.0082
0.370052
-1.71706
-0.0362727
0.573117
-0.331374
0.0508786
-1.10261
0.658802
0.251638
-1.02079
0.247941
0.170265
-0.177778
-0.14253
-0.217112
-0.127725
0.909005
-0.364045
0.495345
0.338814
-1.07938
0.704728
-0.182918
-0.525613
0.288133
0.255526
-0.070825
1.06954
-0.421565
0.410234
-0.355323
0.800791
0.557413
-0.203023
0.545916
0.718984
0.737387
0.944473
0.222957
0.944247
0.394846
-0.366959
0.548867
0.757317
-2.85468
-0.59838
0.464655
0.138468
-0.733822
0.777989
1.61155
-0.0159093
-1.64694
-0.266282
0.584584
1.32979
0.0133515
-0.00614438
-0.850476
0.182869
1.66764
-0.312458
-0.171136
-1.32458
0.670845
-0.390547
0.509638
-0.565723
-0.475944
0.33819
-0.391078
0.267467
-0.957649
-0.864159
-0.403024
-0.0857701
0.560284
-0.0540207
-1.50692
-0.297373
1.23241
-0.367137
0.52387
-0.900522
-0.835049
0.561445
1.60481
-0.97501
0.49723
-0.210657
-0.595942
0.733216
0.162764
-1.28056
0.985363
0.133533
-0.187884
-0.0729739
0.645803
-0.183383
1.12158
-0.482617
-0.966789
0.686404
-0.0764227
0.0197363
-0.185445
-0.481696
-0.649823
0.975511
-0.776368
-0.611438
-0.261093
-0.730586
-0.952691
0.641063
-0.0106767
1.07851
-0.755138
-0.907767
-0.173215
0.557788
-0.2398
0.470288
0.370309
-0.310572
-0.524973
-1.30277
0.962384
0.978808
-0.451322
0.190276
-0.304619
0.0053566
0.412278
-0.81816
-0.254609
0.749399
-0.00413011
0.51182
1.32461
1.32676
0.969013
0.435966
-0.0188604
0.679603
-0.644204
-0.0390243
-0.614071
0.634898
-0.428307
0.286131
0.536666
0.469139
-1.16247
-0.390682
-0.0968077
-0.0316572
1.09365
1.04729
-0.668225
-0.330314
0.478132
0.0324492
1.47375
0.0317408
0.289216
0.272162
0.162092
0.101726
0.197602
-0.329343
1.44035
-0.726323
0.0692579
0.682275
0.446858
0.675566
-0.846786
1.97726
0.348581
0.0250783
-0.803702
-0.0675644
-0.625916
-1.41138
-0.832602
0.209816
0.360523
-0.766033
-0.968078
0.722556
-0.115035
-0.184585
0.188615
-0.224826
0.500371
0.833556
-0.567364
1.10554
-0.165878
0.0243931
0.293153
0.582939
-1.50385
-0.130712
-0.265862
-0.696864
-0.0868341
0.197154
0.143735
0.592787
-0.00420342
-0.156171
-0.741678
-0.234511
-0.915975
0.428981
0.0567562
-0.625658
-0.779686
1.00636
0.489918
-0.888792
1.04243
0.340819
1.17882
0.0382731
0.194931
0.720767
0.775025
-0.667573
-1.46132
0.807146
-1.47386
0.0901722
0.132484
-0.0890555
0.602392
0.672859
1.61485
-0.183311
-0.289064
-0.427112
-0.330599
-1.10738
0.118129
-0.89595
0.416958
-0.218504
-0.222488
-0.496402
0.975953
-0.710877
0.724975
1.11078
0.235214
1.23196
-0.893856
1.63359
0.705104
-0.105958
0.529557
-0.379372
0.752327
0.477933
0.668828
0.520679
0.706288
-1.78556
0.168274
-0.657064
-0.239018
0.7445
0.705379
0.28735
-0.123661
0.440069
-1.37901
0.0650553
0.488491
-0.0230804
0.610055
0.289702
1.08986
0.0280615
0.589448
0.226087
-0.748545
1.07839
-0.730136
-0.00538045
0.16828
-0.0554179
0.520831
0.630129
-0.972966
-0.0995469
0.848589
-0.0490215
-0.281441
0.371176
1.08013
0.0940474
-0.942155
-0.0697248
1.21094
1.64554
0.259397
1.25948
-0.58167
0.494255
0.111338
-0.543601
-0.0639642
-0.151991
1.33718
0.547322
-0.447748
-1.05513
-0.0881932
-1.69029
-0.270992
-0.210283
1.50492
-0.778693
0.0273187
0.180402
-0.0355902
-0.546936
0.49424
-0.202283
-0.041443
0.963353
-0.407847
-0.033834
0.00915932
1.03843
0.212647
-1.61416
-0.399822
0.0409957
0.0225877
0.225477
0.214285
-0.173161
0.400188
-0.414108
0.545269
0.175177
-0.717424
0.938226
-0.347379
0.397686
-0.439911
-0.0668965
-0.611339
0.746212
0.87343
0.253184
0.311194
0.0930022
-0.313034
0.480655
-0.16081
-1.13035
1.19627
-1.23235
-0.0192663
0.619699
-0.0947263
0.0843942
-0.260076
-0.945389
0.0917005
0.858835
-0.606431
-0.538278
-0.212363
-0.0462071
-1.07978
0.168238
-0.701087
0.151482
0.0115434
-0.0394386
-0.216883
-0.00419623
0.0994751
-0.182285
0.708149
-0.193844
-0.0789149
0.922854
-0.0542939
-0.425587
0.15427
0.240293
-0.24145
1.02051
0.111247
-0.0556129
-0.438066
0.841667
-1.65559
-0.29581
1.06092
0.802759
1.26062
0.491492
-0.121469
-0.637646
-0.0999708
0.222582
0.560907
1.02818
-0.0612378
0.637212
0.64589
0.5742
1.09903
0.64882
1.30919
0.953563
-0.798309
-0.40736
0.65194
0.216295
-0.335106
-1.47841
-0.468815
0.232984
-0.104964
0.377598
0.652958
-0.910274
-0.18965
-0.00110193
0.383741
0.349588
-0.648388
-0.0719749
-1.24065
-0.614665
0.671481
-0.107549
0.155
0.202598
-1.88246
-0.756786
0.660632
-0.260664
0.660685
-1.24187
-0.2125
0.98488
-0.0705623
-0.148544
-0.706222
1.50062
0.0916345
-1.48952
0.127306
-0.684676
-0.70966
-1.28968
0.0977916
0.386211
-0.622212
0.487688
0.722015
-0.13639
0.420519
0.645071
-0.340558
-0.810829
0.37307
0.390121
0.857844
0.730872
-0.206016
-0.880556
1.18181
0.866028
0.765691
1.56477
-0.130328
0.434887
1.66303
-0.332497
0.0568181
0.0899642
0.639618
0.533359
-0.359076
0.147835
-0.877252
-0.835078
-1.86048
1.32543
0.303677
0.528702
0.644059
0.00732708
0.93256
0.435999
0.37876
0.321319
-0.517776
-0.534835
0.829434
1.74119
-0.457153
-0.858471
-2.5041
0.505253
-0.837771
0.319628
-0.868477
0.261572
-0.351804
-0.0912616
-0.671001
-0.126031
-0.624612
0.88975
-0.309431
-0.528696
-1.16684
-0.858588
0.26024
0.00825981
-0.742137
-0.190591
1.94174
0.940032
0.359513
-0.344601
0.551307
0.277924
0.0948969
-0.247099
0.733718
0.181505
-0.239213
-0.183407
-0.0943202
-0.620019
-0.0633487
-1.1707
2.01065
0.141155
-0.256758
-0.584204
0.390345
0.269697
-0.478908
-0.713174
-0.789514
-0.51015
0.992467
0.926345
0.979092
0.0664299
-0.691646
0.264714
0.603428
1.09987
-0.291885
-0.815341
-0.483913
-0.571626
0.767254
-0.393917
-0.0855897
1.05019
-0.256786
-0.253839
-0.256126
-0.69946
-1.07376
-0.236799
-1.24633
-0.600219
-1.40686
0.66007
-1.04783
1.03316
-0.520308
0.378544
0.527801
-1.17806
-0.176147
1.65662
-0.566281
0.467602
0.0420765
-0.5252
0.579195
-0.290639
-0.103406
0.465164
-0.209374
0.985176
0.096721
0.202582
-0.776521
-0.780085
0.17664
-0.626819
-0.369786
0.201948
0.563762
0.862955
0.591161
0.159698
1.39943
0.422417
-0.0131876
-1.42103
-0.728352
-0.532925
-0.786136
1.06615
-0.00945629
0.254602
0.885474
0.505006
-0.185194
-0.630052
-0.305036
-0.301109
-0.657202
-0.130798
1.49549
1.01673
-1.67027
-1.63075
-1.07017
0.815787
-0.0915096
0.564692
-0.306416
-0.550481
-1.63992
0.608968
0.695539
-0.558818
0.380784
0.0112202
-0.566286
-0.0772533
0.104232
-1.09143
0.979382
1.29415
-0.546542
-1.00425
1.27889
-0.834271
0.712169
-0.627159
-0.306309
-0.0692697
1.00008
0.246886
-0.35759
-0.86725
-0.0251323
1.0686
-0.904996
0.785259
-1.09464
-1.47397
0.158603
-0.216726
0.581837
0.398388
0.159907
0.804937
-0.301719
0.698247
-0.758805
0.561862
0.215618
0.373445
0.0508656
-0.636026
-0.311114
0.932638
-1.27259
0.90955
0.562064
1.59242
0.0522152
-0.150702
-0.864308
0.502229
-0.763365
0.186365
-0.591485
0.204713
0.638351
1.70245
-1.17008
-0.843966
1.39259
-0.19415
-0.0106736
0.238876
-0.127877
0.138178
0.638941
-0.100626
0.146715
-0.238753
0.247074
0.69182
1.19308
0.259496
-0.884077
-0.558402
-0.452184
-0.406677
0.27663
-1.02188
0.204032
-0.188082
-0.196975
0.0874083
0.338361
0.617987
-0.841969
0.4763
1.03681
0.0349009
0.407232
0.212519
0.583545
0.347545
-0.466084
-0.49802
-0.970405
-0.0517448
1.13769
0.0866558
0.737642
-0.146994
0.908918
-0.369047
0.368115
0.534771
0.184485
0.786254
0.233177
-0.228099
-0.0137543
-1.0659
-0.458468
1.04609
0.781851
-0.611981
-0.209411
-0.663531
-0.316334
-0.461249
1.44257
-0.207632
0.454046
0.121415
0.499176
0.580179
1.19945
0.488856
-0.938411
-0.421825
-0.133898
-0.318712
1.01936
-0.253906
0.178
-0.521694
-0.699212
-1.30286
0.741444
-1.595
-0.325944
0.992607
-0.3351
-0.84794
-0.151999
-0.837152
0.467824
-0.487443
-0.105162
-0.064559
-0.936427
0.317448
-0.363359
-1.12755
-1.60113
0.230953
-1.38209
-0.839823
0.0959316
1.12508
0.43514
0.229772
0.253269
0.974808
-0.590874
0.979513
-0.263005
-1.16422
0.199443
-0.275036
-1.7557
-1.17403
0.568255
0.633539
-0.076674
0.221295
1.0523
0.720484
-0.684092
0.242796
0.894327
-0.244226
-0.216708
-0.544287
-0.307286
0.46685
-1.26163
-0.720438
-1.31148
-0.244471
-0.322928
0.570398
0.157089
0.222312
-0.390802
-0.566396
0.50832
-0.562655
0.235679
-0.839492
-0.31745
0.73401
-0.142083
-0.419379
0.321242
-0.810167
1.08997
0.592504
-0.557623
1.08664
0.624465
-0.787319
0.441569
-1.80242
0.12882
1.38427
0.329232
-0.609698
-0.102433
-0.145212
-0.580283
-0.0458028
-0.952178
0.596687
-1.21546
-0.446887
-0.244828
-0.639673
0.128354
-0.734275
-0.997068
-0.518328
0.887835
-0.949514
-0.501993
0.602726
0.494861
-0.823253
-0.894078
-0.3444
0.356415
0.74273
0.694369
-0.284118
0.21095
0.612352
0.1132
-0.126304
-0.116583
-0.311638
1.52544
0.369073
-0.603663
0.225046
-0.0212307
0.0119639
0.21455
0.713668
0.231713
0.144441
-0.668615
0.0397256
0.170496
-1.90455
0.0341102
0.126524
-0.420515
0.449654
-0.902383
0.575023
1.06863
-0.600678
-0.485145
0.532085
-0.117601
0.588203
-0.297995
-1.05511
-0.394255
-0.302433
0.750455
0.415132
-0.0257108
0.0587846
-0.660829
-0.546212
1.27701
-0.277318
-0.306455
-0.213597
-0.240371
0.368974
-0.14353
-0.00234378
-0.503255
0.628214
0.405789
-0.0799763
0.490501
-0.684986
-0.749946
0.359381
-0.248782
-0.365256
-1.08124
0.746225
0.588575
0.557878
-1.01512
-1.19049
-1.10666
0.205895
0.0483835
-0.223509
-1.26393
-0.0798595
0.673277
-0.271246
0.0982131
0.551891
-0.703693
-0.527491
-0.72365
0.949683
-0.0614419
-0.271105
0.675452
1.29521
-1.00533
0.850723
0.374396
0.995593
0.682794
-1.29576
0.876646
0.99545
1.49082
0.300864
-0.033497
0.0929838
0.144142
0.948196
0.967286
-0.318471
-0.312836
0.143118
-0.298851
0.471631
0.710627
-0.813827
-0.540524
0.666512
-0.656044
-0.206338
-0.283284
1.49202
-0.316008
-0.333537
-0.405811
-0.244384
0.230558
0.208772
-0.0879966
-0.775001
-0.527832
1.07874
-0.210012
-0.498586
-0.542469
0.156256
-0.281325
-0.810256
1.46862
0.579459
0.751566
-0.174215
0.0189734
-0.269756
0.0805105
0.319338
0.252076
0.33135
0.138804
0.247865
0.232198
0.0215013
0.77001
-1.29501
-0.590546
-0.806965
-1.72274
-1.48334
1.17979
-0.845093
0.17004
-1.10542
0.33079
-0.234038
-0.177764
-0.45771
1.1296
0.207365
-0.831729
-0.294251
-0.860438
-0.0960438
0.914842
-0.594188
0.621797
-0.177834
1.0421
0.469635
0.506495
0.0836586
-0.809866
0.459394
-0.244889
-0.0429764
-0.794108
0.0744541
-0.721111
0.89776
-0.94095
-0.53219
0.14429
-0.0474943
-0.617458
-0.8877
-1.16739
0.790509
0.229634
-0.851416
-0.155324
-0.659386
0.0373053
-0.444894
-0.684719
-1.33773
1.63931
-0.806638
1.00345
-0.101465
1.28328
-0.280152
-0.240538
-0.564341
-0.12997
0.585907
0.0961879
0.953808
0.606806
1.08744
0.0116384
-0.505308
0.215736
0.205013
0.592551
-0.404414
0.244129
0.599029
-1.52685
-1.44786
0.291099
-0.143403
0.352787
1.05972
-0.362504
-0.368683
-1.6266
-1.1601
0.173725
0.992817
0.143486
-0.629467
0.370806
-0.80709
0.213212
0.311565
0.99515
-0.325428
-0.823298
-0.485958
-1.00932
-0.490976
0.502056
0.143148
-0.209091
-1.17171
0.232965
-1.34367
-0.682381
-0.598826
-0.12616
0.169295
0.432061
-0.774337
0.319771
0.493386
0.310885
0.967018
-0.656718
0.692762
-1.24663
0.180777
-0.342466
-0.913596
-1.62802
-0.471068
-0.974887
-0.698734
-0.208352
-1.06331
-1.35162
-0.332983
0.0101305
-1.46317
-0.11437
-0.634935
0.100656
-1.36312
-0.352997
1.13061
-0.447066
0.290252
-0.57446
0.770783
-0.159686
1.24472
0.289584
-1.55292
-0.611673
-0.308434
0.166563
-0.431807
-1.15552
-1.16143
-1.14737
-0.214591
-0.877417
0.0802904
-0.195849
-0.360185
1.01193
-0.41231
1.02892
-2.49768
-0.472804
0.421581
0.523106
0.688616
0.521492
0.242072
-0.0126277
-0.445834
0.0629547
-0.941326
-0.418648
-0.0828557
0.643943
0.590124
-0.225204
-0.631603
0.640582
0.195796
-0.873043
0.421328
-0.321018
-0.358104
-0.515148
0.236828
-0.631165
-0.435281
0.107138
-0.743063
0.147463
-0.105679
-0.00627352
0.359801
-0.250316
-0.183148
0.1779
0.889599
-0.246951
-0.0228455
1.22804
0.367276
0.168353
0.330417
1.00245
-0.909516
-1.22555
0.339344
-0.976768
0.0410262
-0.529893
-0.620687
0.0940109
-0.474896
0.378555
-0.749016
0.467798
0.0209511
-0.547113
-0.866811
0.598818
0.740768
-0.658006
0.533265
0.0778702
0.451602
0.38981
-0.586776
-0.341438
-0.117767
-0.755864
0.114056
-0.472746
-0.103035
0.509472
-0.0809904
-1.15481
-0.207084
-0.128572
-0.0839495
-0.38211
-0.426658
-0.125429
0.450586
-0.922028
-0.240637
1.30656
-0.498342
-0.180683
0.150281
1.30009
-0.748116
1.23203
0.171919
-0.890606
-0.00107145
-0.141216
0.206239
-0.307907
1.33853
-1.77104
-0.0173287
-0.497254
0.383593
-1.23922
-1.07205
0.53485
-0.495033
-0.602032
0.762543
0.112119
0.293141
-0.809733
0.266883
-0.85998
1.74643
-0.514812
-1.14893
1.48552
0.193703
0.224995
-0.160181
0.259275
0.764797
0.0605312
0.813216
-0.0205754
-0.222136
0.0594897
-0.396844
0.180326
-0.0611743
-0.323041
-0.152647
0.557956
0.241225
-0.922113
0.92467
-0.337287
1.02298
-0.31303
-0.350756
0.434897
0.22659
0.87187
-0.422073
-0.0771935
-0.55193
-0.201079
0.462619
-0.274426
0.535439
0.143415
-0.0291385
-0.759963
0.0398652
-0.700726
-1.19978
0.768191
0.263158
0.136033
-0.701722
1.14792
0.518093
-0.0579094
0.637825
-0.430576
0.678311
0.238061
0.293457
-0.293736
0.982855
0.15233
-0.101848
-0.214943
-0.669658
-0.789008
-0.779294
0.900663
-0.953932
0.254186
0.701443
0.67469
-1.565
0.361202
0.125408
-0.880592
0.0487995
0.0402613
-1.07317
-0.206438
0.172928
-0.917597
-0.767569
-0.289706
-1.03557
0.745678
0.544189
0.00241614
-0.482533
-0.619126
-0.397056
-1.26744
0.0989056
-0.527644
-0.21756
0.815111
-1.05669
1.46712
-1.09381
-1.08069
0.00743451
0.790086
-1.31699
0.426177
-0.177786
0.264735
0.792465
0.394112
-0.349253
-0.194803
0.503135
0.0413593
1.31196
1.19963
0.950167
0.155742
0.167841
0.934862
0.112865
0.0105479
-0.156515
0.956286
-1.28129
0.0377921
-0.17569
-0.849877
0.123173
-0.495276
1.23855
0.476906
1.0327
0.130412
0.484415
-0.455885
-0.504201
-0.0859962
0.309612
-0.182892
0.195036
-0.0528797
-0.235142
0.387176
-0.857606
0.212016
0.0108177
-0.257855
-0.427762
-0.809565
0.069562
0.22833
-0.36493
0.112442
0.373108
-0.205975
-0.213682
0.471961
-0.322625
-1.09156
0.761582
0.320245
0.599422
-0.0156751
-0.371336
0.381411
-0.481106
-1.44026
-0.465665
0.391947
0.290287
-2.27703
0.285703
-0.758883
-1.42663
0.297752
-0.417813
0.221431
-0.894442
-0.237752
0.353648
-0.267921
-0.463824
0.351166
0.352739
0.119949
0.961973
1.16398
0.682334
0.0351344
0.902013
-0.358598
-1.77252
-0.647428
-1.46624
-0.0448232
1.13289
-1.22023
1.76881
0.143827
0.198038
-0.85672
-0.0276794
0.027164
-0.197558
0.494027
0.974646
-0.672374
2.14935
0.0152317
0.806041
-1.34795
-0.0468954
-0.959216
-0.241946
-1.31127
-0.94608
0.92218
-0.289999
0.392686
-0.0883436
-0.0323992
-0.809791
-0.339569
-0.395149
0.564684
-0.564617
-0.511181
0.11866
-1.02156
0.106723
-1.69332
-0.0430897
0.0403654
-0.542762
-0.574499
0.472394
-0.22116
0.147658
1.2223
-1.17391
-1.46904
-0.606864
0.606282
-1.10129
0.366231
0.160444
-1.5921
-0.386048
-0.0573006
-0.602719
-1.25603
-0.72469
-0.32238
0.147351
0.820361
0.654056
0.231712
0.628882
-0.532987
0.212936
-0.756877
-1.04672
1.32127
1.3598
1.19187
0.243311
0.41582
-0.334685
-1.7229
-0.281106
-1.08144
-0.728052
-0.343966
0.0554582
1.86357
0.524387
-0.582442
0.50003
1.79962
-1.67235
0.255697
0.138735
0.345434
0.0582028
0.362958
0.128275
0.0333854
-1.723
-0.0310283
-0.616477
-1.5767
-0.424183
0.263953
-0.708014
1.66339
-0.686983
0.814999
1.33244
-0.0851467
-0.0722845
-0.136606
-0.0221573
-0.788783
-0.10959
0.0974366
1.04676
0.645616
-0.297308
-0.303039
0.477089
0.657589
-0.357967
-0.823223
0.169299
1.04871
-0.741985
-0.359016
-0.00898752
-0.607044
0.331531
-0.547467
0.369886
0.831741
0.545275
-0.708081
-0.582045
0.577017
0.455123
0.666956
1.56625
-0.577475
-0.0807605
0.500762
0.891064
1.01769
-0.611477
1.42708
-1.09033
-0.743456
-0.186179
1.01129
-1.36084
0.183917
0.45338
-0.482264
0.773991
-0.161941
-0.648974
-0.212449
-0.585826
0.228425
-0.217051
-0.285768
0.169943
0.017982
-0.612468
0.536473
-0.827663
-0.376086
-0.430236
-0.761184
0.263474
-1.80036
-0.743635
-0.523757
0.338994
0.164946
-0.389334
-0.527183
0.151907
0.0321851
-0.517149
0.520601
1.22456
-0.887821
-0.526655
0.570678
-0.143459
-0.297202
-0.412261
-0.192748
0.790439
0.302889
-0.32788
0.279697
0.954283
-0.211847
-1.86999
0.479787
0.114924
0.85777
-0.532448
0.679657
0.202839
1.52245
0.656829
-0.160688
0.912132
-0.278294
-0.803094
0.751958
-0.142771
-0.300364
0.491904
-0.77499
-0.243549
0.296906
0.567934
0.00534078
0.110698
-0.767137
0.335548
-0.197998
-0.0783341
0.675418
-0.414821
-0.219546
-0.187782
-0.0157354
0.759472
0.36471
-0.466837
0.405311
-0.428113
0.0851749
0.26768
-0.161599
-0.195289
-0.612928
0.680261
0.343472
-1.18565
-0.287108
-0.427137
-0.792034
0.778596
-0.797562
0.739558
-0.0593012
-0.0445484
-0.0639601
-0.437159
-0.687807
-0.0923821
0.252509
0.254809
-0.21
1.01776
0.114699
-0.465842
-0.386266
0.702477
0.0549396
0.997516
-0.762334
0.68949
0.679276
-1.51939
0.00942385
-0.273563
0.191943
0.86758
-0.798675
0.400271
0.124291
-0.350973
-0.0477857
0.200096
0.955234
-0.0533687
1.51412
0.272043
0.976501
0.0962632
-0.970045
-0.441963
0.294212
0.150897
-0.122242
-1.01175
0.328736
-0.184227
1.29342
0.109394
0.270086
-0.461351
-1.37721
0.137821
0.856496
-0.136113
-0.65875
-0.396163
0.676949
1.03912
-0.768147
0.066773
-0.133962
-0.172962
-0.381636
-0.162023
0.0433904
-0.738517
0.284353
0.96078
-0.512805
-0.132822
-0.361005
1.06018
-1.04734
-0.931497
0.609485
1.08309
0.369724
-0.748003
-0.845846
-0.0209173
0.581484
0.535774
0.633388
-0.550479
0.621988
-0.299949
0.145255
0.096094
0.0677328
-0.847739
-0.442222
0.113946
-0.460539
-0.0374296
-0.386647
-0.956649
-0.242721
-0.54792
-0.167545
0.586996
0.198316
0.768768
-0.119023
0.0610827
-0.151006
0.39408
-0.11801
0.0587154
-0.304936
0.495858
-0.91777
-0.0684416
-0.881722
0.174127
1.53733
-0.61789
-0.367436
1.00692
-0.466615
1.16289
-0.522877
-0.26911
-0.458305
0.0428476
0.0579405
-0.860848
0.0707574
-1.26854
-1.16525
0.318344
-0.541201
1.65871
-0.921022
1.3298
-1.8479
-0.196069
-2.04466
-0.61528
0.569058
-0.347076
0.330256
-0.606184
-0.18778
-0.746363
0.237946
-0.189291
0.884143
0.336964
0.852081
-1.05721
-0.424883
-0.182572
1.89457
0.0825199
-1.02918
-0.464659
-0.413392
-0.667151
-0.278591
0.64041
0.380648
-0.259068
1.31242
-0.758853
-0.037856
0.238325
-0.551956
-0.207764
0.635481
-0.531499
-0.0907496
0.0297456
0.118983
-1.45333
-0.8625
0.178238
0.881832
-0.572222
-1.88814
-1.14613
-1.38284
0.401613
-0.956352
0.189471
-0.327027
-0.296078
0.0240692
0.85667
0.778893
0.990819
0.346773
-0.818347
-0.327613
-0.213719
-0.317785
-0.000924356
0.786275
-1.02611
1.10568
1.15188
-1.03163
-0.148926
-0.980919
-1.35014
-1.3515
0.710739
0.464471
-0.554418
0.135107
0.133346
0.514666
0.633448
0.0810203
-1.27527
0.0837043
0.508886
-1.56504
0.285088
-0.935078
0.167838
-0.705714
0.611163
-1.48442
-0.0352079
0.732706
-0.447086
-0.153535
-0.989955
0.501791
0.475927
0.921564
0.0176713
-0.150398
-0.729849
-0.0745829
0.630748
-1.34568
1.17464
0.331161
-0.602301
0.520336
-0.0945886
-0.143356
0.039457
0.264084
-0.332995
0.799126
-0.544231
0.510945
-0.961313
0.926332
-0.372797
-0.460048
-0.162224
-0.730068
1.92626
0.583156
0.480167
0.491415
0.127747
-0.301332
-0.0330496
-0.903318
0.278562
-0.331083
0.256613
0.766666
-0.00847717
0.212475
0.366853
0.247853
1.0032
-0.202785
-0.466129
-0.45428
0.952385
0.637564
0.0982489
0.118919
0.0307365
0.115306
-0.886717
0.265546
0.315391
-1.27245
-0.502054
0.270944
0.662111
0.0162855
0.313316
-0.711609
1.14068
-0.161487
-0.613944
0.311461
-0.479352
1.39076
1.0829
0.635484
-0.71339
0.0262056
-0.0783141
-0.00749614
-0.668488
-0.452931
0.790503
1.25331
1.21305
0.923536
-1.04433
-1.17961
-0.311848
0.530348
1.34862
0.366848
-0.614638
-0.798176
-0.148305
-0.929495
1.06753
0.0275666
-0.251343
-1.28224
0.444308
1.45978
0.170492
-0.224624
-0.485679
-1.19032
-0.2921
-0.84083
-0.634849
-1.08124
-2.10274
-0.427693
0.258094
0.516288
1.00541
1.10209
0.0576116
-0.309665
1.14323
-1.06526
0.0401729
-0.418754
0.134893
-0.444156
-0.232078
-0.0559426
0.433043
0.766883
-0.577994
0.152871
-0.966595
-0.710046
-0.0670263
-0.00915267
-0.233945
-0.322899
0.117736
1.21734
-1.10014
1.159
-0.399932
1.09181
0.327946
0.816151
-0.21695
-0.0449952
0.0631927
-0.847691
-0.471333
0.204198
-0.48877
0.337706
-0.804228
-0.766763
-0.150842
0.272961
-0.700165
0.553654
-0.101244
0.0253754
-0.00653158
-0.39669
-1.84723
0.627107
0.176274
0.349352
-0.0127653
-0.180015
-0.472401
-0.26834
-0.601981
-1.1469
-0.204002
0.548442
0.143411
-0.227767
-0.0816995
-0.788662
0.402667
0.411343
-0.238238
0.320614
-1.08991
0.731066
0.559332
-1.04979
0.807086
0.867305
-0.342581
0.309436
-0.348541
0.445911
-0.0857832
-0.132453
1.24032
-0.337967
-0.629671
-0.799009
0.687188
0.387274
-0.768933
0.355491
0.200036
1.01681
-0.117691
0.305984
1.05518
0.692027
0.151269
-0.268515
0.618523
0.0985202
0.0402392
1.17652
-0.426221
1.46229
0.579905
0.391839
0.295851
0.475816
0.856002
0.98349
1.05615
-0.304929
-1.06655
-0.444339
0.663028
0.531109
1.16419
0.534632
1.12538
0.04541
-0.00366041
-0.818972
0.569351
-0.272426
-0.777343
0.190081
-0.453931
0.0251262
0.443901
-0.262455
1.09598
-0.734598
-0.483489
0.559511
0.0459134
-0.231632
-0.0740376
-0.558253
0.0552945
0.571238
0.801412
0.182191
-0.0645011
0.389461
0.386635
-0.21091
0.863596
0.650709
0.829301
-0.427482
-0.027505
-1.41631
-0.219713
-0.909319
0.614991
0.330521
0.590955
-0.825754
0.0364548
-0.534561
1.21361
0.128625
-0.43517
0.372492
-0.985953
-0.857021
0.0255606
0.614924
0.59401
0.116011
-0.601261
1.20128
0.83814
-0.570427
0.875447
-0.190537
0.330308
-0.301506
0.200937
-0.393689
-0.174506
0.889999
-0.285909
-0.699069
0.658313
-0.489695
-0.579055
-0.286166
1.37819
0.230102
-0.0958698
0.0314818
-0.824014
0.30784
-1.17577
0.328505
1.34597
0.11365
-0.226997
-0.220853
-0.377016
0.10727
1.43012
-0.321857
-0.176346
0.456243
0.171064
0.0077212
-0.99729
0.868554
-0.795353
-0.170172
0.29369
-0.324022
0.0631718
0.592813
1.0918
0.815926
0.195546
-0.6577
-1.46338
0.016278
0.925911
0.637375
-0.00746976
-1.13689
-0.441037
1.19275
-0.997188
-0.597698
-0.699744
0.500573
-0.985485
-0.206711
-0.117167
-0.552053
-1.16964
-0.745843
1.64069
-2.41522
-1.56492
-0.678962
0.178015
0.186916
0.349303
-0.0344978
0.611157
0.213124
-1.09387
-1.20519
0.0778895
-0.0824998
-0.761715
-0.794865
-0.389853
-1.46745
0.872566
1.95944
-0.000878635
0.773574
0.726241
1.07812
-0.087073
-0.293553
-1.01854
-0.48283
0.0431768
0.476368
-0.131626
-0.124335
-0.286485
-1.17049
0.690017
0.578319
0.234975
-0.0320101
1.26258
0.211331
0.409722
0.43363
-1.16292
1.32563
0.0700294
-0.334356
0.088498
-0.874116
0.304688
-0.480967
-0.618175
0.814377
-0.138476
-1.85165
-0.347386
0.310217
0.353205
0.840463
-0.153109
0.799025
-0.18845
-0.464736
0.721582
-0.497833
-1.55467
-0.559706
-0.548922
-0.568211
-0.274553
1.68531
0.493078
-0.0504817
0.36525
0.200313
-0.987058
0.802489
0.244078
0.72819
-0.158555
0.0838129
-0.00569871
-0.328465
0.253523
-0.554899
0.992294
-0.0418125
1.68194
0.1462
0.6567
-1.19135
-0.17747
0.543959
0.676004
0.52292
-1.05102
-1.05208
0.554412
-1.53566
0.773963
0.962879
-0.0973029
-1.71961
0.249097
0.0140444
0.651719
0.675548
-1.5086
1.31462
0.123911
-0.11957
0.870259
-0.775328
-0.77197
-0.0542604
-0.779202
0.605752
-1.87519
-0.062175
0.183779
-0.538732
-0.191668
-0.756664
0.53368
0.634086
0.126045
0.245386
1.34056
-0.814131
-0.403115
0.154691
0.991326
-0.0687796
-0.626226
-0.5904
-0.83678
0.345114
-0.895026
0.358706
0.103212
-1.08685
0.140579
0.753073
0.615896
0.349646
-1.76834
-1.6909
0.731668
1.069
0.119707
-0.790328
-0.225313
1.17221
-0.581746
-0.455029
-0.111666
-0.754301
-1.17603
-2.31267
0.332404
-0.0905725
0.649035
-0.61097
0.239192
0.685473
-0.0398708
-0.8693
-0.0469048
0.340691
-0.952754
-0.367387
-0.125161
0.366148
-0.0449375
-0.897736
-0.534608
-0.551815
1.76574
-0.374879
-0.912306
-0.207779
-0.192282
0.238585
-1.57947
0.111617
-0.76377
0.093464
-0.940061
-0.104979
-0.626688
-0.76271
-0.575306
-1.11278
-0.477079
-0.0982926
-0.589543
-0.127519
0.3511
-0.851258
-0.781898
-0.294007
1.06699
0.288768
0.379723
-0.566011
-0.22224
0.0862481
0.738618
-1.0993
-0.948513
0.231105
0.469892
1.81947
0.0803871
-0.314572
0.127489
-1.00852
0.191165
0.0481421
-0.819153
-0.686774
-0.712497
-0.375525
-0.596938
1.57613
0.875537
-1.44703
0.299271
0.852913
-0.769634
0.263798
-0.0600613
-0.590102
0.505154
-0.444895
0.0759168
-0.0871024
0.806966
1.34
0.0926944
-0.223333
0.105133
0.827159
0.868738
0.401102
-0.953637
-0.722903
-0.0399297
0.261593
-0.284596
0.361039
0.570061
-0.435952
0.302678
0.0286748
-0.544954
-0.484226
-1.52686
0.818088
0.414431
-0.507775
0.18199
-1.49835
-0.609056
0.412873
-0.537742
0.247507
-1.09266
1.57358
1.02926
0.900809
-0.552522
0.913517
0.481756
0.553024
0.244951
0.984102
0.683379
-1.20812
0.131472
-1.09683
-1.03962
-0.143638
0.405807
-0.321469
1.3881
-0.578585
-1.50578
0.520892
0.359891
-0.141421
-0.776791
-0.783659
-2.13296
0.197004
-0.251482
-0.0135403
-1.176
-0.262668
1.08615
-1.95599
0.00384786
0.203249
-0.319015
-0.675821
-0.204603
-1.21804
-0.428869
0.975404
-1.0639
0.387348
0.135288
0.150776
-0.19984
-0.165381
-0.680575
1.77088
0.678149
-0.651965
-0.219627
-0.48318
0.0592133
-0.725741
0.718591
0.480342
0.423857
-0.45478
0.128733
1.64602
0.359936
0.302879
-0.534671
-0.060442
1.2684
0.847708
0.838368
-0.119246
-0.00491029
0.145816
1.20467
0.298373
0.867114
0.358654
-1.32656
-1.10573
-0.140652
0.513125
-0.385127
-0.454021
-0.26227
-0.0473634
1.12031
-0.629039
-0.726474
1.21523
0.0077017
-0.892283
-0.345912
-0.898007
-0.781968
1.24608
0.885724
-1.13832
-0.529541
-0.109492
-0.0876254
-0.629484
0.727011
0.547415
-0.105892
-0.125811
-0.194413
0.223544
-0.679518
0.295143
-0.681411
1.13827
-0.333233
0.199354
1.04101
0.673772
-0.586258
-0.0380107
1.01872
1.04049
1.62168
-0.131311
0.801599
-0.575238
-0.433895
0.685046
-0.142775
0.781127
-0.0285063
-0.170768
0.72137
0.778679
0.825131
0.165945
0.108467
0.370459
-1.21436
0.835315
-0.385003
0.953521
-0.206187
1.30331
-0.569916
-0.530673
-0.137984
0.990254
-0.940889
-0.34934
0.606677
0.114202
0.421974
1.45955
0.110127
0.350252
-0.743855
0.133888
-1.06275
-0.0234895
-0.792871
-1.24864
-0.637637
-0.0188865
-0.172273
-0.743832
0.469485
0.630402
-0.572969
0.173796
-0.329571
-0.875001
-0.12249
1.25399
-0.307201
0.300577
0.107122
0.848282
1.12489
0.303954
0.0272763
0.791737
1.97807
0.218017
1.18549
0.440618
-0.489898
-0.741907
-0.117949
1.12284
-0.737732
0.0694895
-1.07231
0.494277
0.14719
-0.51544
-0.430005
0.487496
-1.86666
0.308236
-1.54908
0.49843
-1.00622
0.307677
-0.0502881
0.57124
0.461305
-0.931867
0.494828
0.762638
0.222732
1.4064
0.0754621
0.00566948
0.182388
0.649222
-1.50209
0.645777
0.167059
0.364033
-0.795389
-0.165907
-0.00577916
0.751057
-1.08563
0.466585
-0.61824
-0.394091
0.271648
0.790511
-1.00078
0.167201
-0.775038
1.0338
-0.828349
-0.414002
0.107807
0.42737
-0.0210517
-0.0832274
0.084674
-1.12686
-0.106684
0.975586
-0.64215
1.1409
0.684098
0.237365
-1.87129
-0.277225
-0.0654923
0.203547
-0.920481
-1.02068
0.145092
0.333371
0.360247
-0.506495
-0.575072
-0.990124
-0.309601
0.783117
0.444379
0.370195
-0.618285
-0.823757
-0.423698
-1.37775
0.827119
0.0103041
0.0792925
0.717272
0.53416
-1.0697
-1.22626
-0.16052
-0.954834
0.0982393
0.145792
-0.90041
-0.554742
-0.395909
0.324625
1.02281
0.0264685
-0.511723
0.158162
0.433867
0.283456
0.127624
0.438625
-0.0754934
-0.261992
-1.48187
0.0938581
0.423612
-0.773427
0.0163129
0.212518
0.718
-0.153795
0.0960744
1.29371
-0.125115
-0.100726
1.65986
-1.14814
0.0249415
-0.134212
0.873999
-0.965562
-1.22308
0.231757
-0.161388
-0.0215838
-0.14865
1.70186
-0.201855
-0.0407685
-0.544741
-1.15457
-1.01727
0.359765
-1.44666
-0.0208065
0.607602
1.08957
-0.632653
0.296757
-0.00186979
0.703468
0.398443
0.433176
0.220898
1.17017
0.446399
0.275348
1.1156
-0.472081
-0.0560191
-0.0941782
-0.533362
0.492716
-0.129682
0.328783
1.12208
-1.07189
-0.46069
-0.985012
0.147858
0.0612898
0.0198468
0.0215601
-0.550506
0.235509
0.573149
0.625062
-0.215195
1.10104
-0.0786868
-0.399467
-0.811663
0.422465
0.546567
-0.03583
0.710439
0.0849606
-1.00613
0.0758239
-1.15587
-0.875705
-0.458316
-0.0426913
0.282419
-0.506601
0.70199
-0.494647
0.348707
0.317498
0.653979
-0.391737
0.66084
0.0741582
0.992607
-0.872053
0.760772
-0.121593
-1.21555
-0.263308
0.264345
0.402581
0.395165
0.432531
-0.178427
-0.394424
0.127349
0.387617
0.377227
0.222797
-0.325753
0.952595
0.774989
-1.04519
0.162322
-0.237941
-1.44586
-0.0821029
0.48984
0.69867
-1.2265
-0.424821
1.06082
0.60697
-0.461737
0.353335
0.159495
0.773926
0.25562
-0.103574
-0.712248
-0.77714
0.505496
1.41738
-0.484725
-2.14236
-1.05455
-0.834331
-1.07482
-0.535392
0.946595
0.199891
-0.157333
-0.723907
-0.491508
-0.546103
-0.703538
-0.117862
0.157432
0.416746
-0.315022
0.100193
-0.683807
-0.560776
0.170697
-0.157798
-0.0592853
0.168456
0.344157
0.592472
1.38408
0.736731
-0.0880238
-0.494471
-0.00111871
0.272281
0.239629
-0.197241
-0.547969
0.63238
0.80133
-0.337389
0.422286
-0.766769
0.0918637
0.798984
0.0874912
-1.46567
-0.634435
-0.824963
0.0999009
0.683201
0.403859
-0.492435
0.0537507
0.419718
0.49219
-0.872596
-0.823356
-0.795479
-0.685899
0.732515
-0.263786
-0.22307
-0.48918
-0.759804
0.467611
0.0797132
-0.465954
-0.0917203
0.0413301
-0.749035
-0.903862
1.73819
-0.117273
-0.45937
1.38706
0.0135692
-1.59129
0.362465
-1.07252
0.0500725
-0.306918
0.425491
0.126075
-0.915265
0.566151
-0.498765
-1.28733
0.549793
-1.61678
0.378133
-0.453984
0.312138
-1.1623
1.05285
-0.0312047
0.845752
-0.491977
0.387942
-0.592855
-0.69391
1.26556
-0.60851
-0.142131
-0.330822
-1.05469
0.0942172
-0.101049
0.610059
-0.380017
-1.16619
-0.0209763
-0.429801
-1.25049
1.67464
-1.17892
-1.01312
-0.238244
-0.773122
0.395853
-0.14011
-0.326038
-0.841193
-0.565478
-0.521133
-1.43281
-0.375761
-1.3271
0.91921
-0.929154
-1.04081
1.05095
0.340309
0.667934
-0.236623
1.03893
0.609655
0.662543
-0.40783
-0.225631
0.302722
-0.343874
-0.00936495
0.12159
0.417048
-0.151006
-0.436178
-0.359335
-0.513774
-0.426911
0.141609
0.305375
-1.72152
0.730844
0.952058
-0.885072
0.605506
0.184216
-0.608257
-0.14784
1.3444
0.337964
-0.00625092
0.103516
0.0797698
1.96045
-1.12592
-0.60606
1.19858
0.17421
-0.392994
0.0410117
0.996655
0.364982
0.99966
-0.0265609
-0.173115
0.572917
0.384514
0.277968
-0.347833
0.284354
1.39361
0.141616
1.00011
-0.1161
0.612983
0.195811
1.21835
-1.34157
0.248292
-0.462179
-0.243511
-0.217547
0.278286
-0.704196
-0.264501
-0.405217
-0.301643
0.236202
-0.536968
-0.515146
1.38796
0.21116
0.439945
-2.07444
-0.192643
1.2481
1.27473
-0.80542
1.14896
-1.13713
0.0678073
-0.8279
-0.856805
1.30507
0.591388
-0.970938
-0.291287
-0.373528
-0.426121
-0.574376
0.345973
0.509412
0.75908
0.374582
0.474853
-0.387841
-0.0389858
0.409063
-0.349902
0.572579
1.33686
0.603167
0.322631
1.46983
-0.669791
0.608614
-0.204453
-0.521703
-1.21802
0.125048
-0.341472
-0.236802
0.926951
-0.0256305
-0.0192233
-0.197445
0.55894
0.514602
0.0113484
-0.218453
-0.385522
0.570438
0.559696
0.60977
-0.410506
0.852668
0.134373
1.0865
0.516077
0.147086
0.101685
0.664732
0.547449
-0.642785
-0.168481
2.31413
-0.192084
-0.632738
0.643339
-0.595329
0.884525
0.196887
-0.0280039
-0.377369
0.361061
0.0765558
0.0467887
-0.169538
-0.0558535
0.072909
0.0612448
-0.27049
-0.0346716
0.897533
0.229135
0.20972
0.217347
-0.0921277
0.132176
0.447351
0.31877
-0.555564
0.311556
-0.125552
-0.935349
0.208048
-0.00137111
-0.88272
-0.151236
0.42656
-0.648435
0.438943
-0.158424
0.236833
-0.12262
0.900086
-0.342987
0.760995
-0.00541893
-0.312759
-0.156338
-0.165457
-0.192379
0.999611
-0.0176188
-0.286958
0.364946
-0.112871
0.115167
-1.17545
-0.664579
0.919875
-1.204
0.171294
-0.435211
0.306084
-0.0239762
0.126292
-0.598936
-0.64522
-0.482796
1.95954
0.22441
0.65427
0.0599252
-0.0480676
0.185118
-0.511583
0.00698869
-0.349294
1.78741
-0.0736661
-0.0238444
0.238581
-0.557633
-1.55572
1.15118
0.00897767
-1.00585
-0.610174
-0.95399
0.308217
-0.0286248
-0.432497
-1.36435
0.341404
-0.493412
-0.470776
2.33816
0.422933
-0.858058
-0.44987
-0.0468739
0.554332
0.971381
-0.639012
-0.242817
-1.1661
0.940687
-0.606213
1.24212
0.798077
1.2176
1.24236
-0.181953
0.0684527
0.123178
-0.846133
-0.83769
-0.496764
0.222818
-0.396835
0.424568
0.32534
-1.57367
-0.49711
-0.596697
-0.299007
0.0837453
0.216998
0.688493
0.911868
-0.833069
-1.53519
-0.946646
-0.917416
1.41081
-0.0839324
-1.00337
-0.689609
-0.76619
-0.221526
-0.0432982
-0.345085
0.173707
-0.628222
1.00036
-0.0453356
-0.61909
0.150135
0.920915
-0.372319
0.566841
-0.00435015
0.511152
-0.85967
-0.68339
-1.18115
0.205721
0.165211
0.88832
-0.0242836
0.516561
1.03581
0.0892119
0.0111767
-0.711783
0.378398
0.178316
0.141774
1.21823
0.407158
0.60009
1.05978
-1.10712
0.89341
0.0545658
-0.136774
0.232463
-0.854199
-0.948845
-0.464851
-0.24628
1.88003
-0.396823
-0.702523
1.36373
0.195005
-1.51518
0.271571
-1.17645
-0.327742
0.403035
0.386803
-0.275161
0.668588
0.851874
0.321942
0.51464
0.199753
0.764775
-0.231661
0.2619
0.246004
-0.747876
-0.17866
0.534545
-0.767231
0.507172
0.607887
-1.27023
0.171293
0.0694124
-1.03997
0.142622
-0.277773
0.479594
-0.211782
-0.958908
-0.466781
1.23714
-0.466717
-0.161992
-0.546616
1.14637
-0.0248299
0.180044
0.432601
0.76835
0.643431
-0.663835
-0.315176
-1.29961
-0.305294
0.798172
-1.13107
0.205894
0.213488
-0.535182
-0.364369
0.157625
-0.526393
0.119519
-0.402462
0.534276
0.494974
-0.218989
-0.390704
1.24755
0.0137335
0.835375
-0.153708
-0.552083
1.22075
-1.2099
-0.00344619
-0.140733
1.683
-0.584235
0.34733
0.662613
-0.369862
-0.267233
1.20365
-0.409881
-0.139463
-0.414721
0.281919
-0.205094
0.264565
-1.05247
-0.325008
-0.109166
-0.370126
0.871553
0.901162
0.87523
-0.742357
-0.876479
0.847638
1.06582
0.193959
0.886491
-0.826154
0.237299
-0.105608
-0.784708
-0.103481
-0.00586375
-0.144157
-0.228095
-0.25276
0.0331029
-0.203983
1.14376
0.162034
0.0599773
-0.694169
-0.612799
-0.605488
0.807906
0.499692
-0.0498178
-0.540387
0.0121566
-0.816457
-1.16087
0.3456
-1.46894
1.57092
-0.319772
0.834145
1.15098
0.0845508
-0.697836
-0.29318
-0.0574514
-0.986099
0.580578
0.200909
0.0912707
0.812035
-0.133708
-1.27077
-1.17428
1.53417
0.0541558
0.776589
0.500969
-0.403109
0.0712918
0.125535
0.241475
-0.328699
-0.804532
1.59835
0.473317
1.45923
-0.403775
-0.286757
0.0817182
0.377629
-0.203196
0.0342523
0.880375
1.18015
0.745788
-0.140241
0.169066
-0.774531
-0.912384
0.251623
0.829346
0.531593
0.321315
0.00990428
-0.447787
0.0252917
0.678672
1.54215
0.959398
0.579436
0.632265
-0.380601
0.303419
-0.321924
0.332621
0.549164
0.0916642
-0.728312
-0.457218
0.433255
0.150476
-0.257715
-0.244769
0.573387
1.95581
0.20829
0.00475607
0.340694
-1.23844
-0.363572
0.566772
0.00458574
0.0281586
-0.688062
-0.518821
-0.0686188
-0.279595
-0.259172
-0.546187
-0.305915
0.359743
-0.851965
1.28845
-0.0698096
0.68072
0.158116
-0.942801
-0.00299395
-0.437547
1.31345
0.981043
-0.153526
-0.124989
0.976562
-0.354156
-0.0938379
1.46259
-1.26124
-0.0596748
0.828151
0.877896
-0.129551
0.207011
-0.229911
-0.3599
0.712243
-1.17905
0.711471
-0.461195
-0.161185
-0.406374
1.8331
-0.279242
1.02867
-1.01892
-0.48248
-0.0157322
0.110265
0.0191976
0.687943
0.202856
0.0337019
-0.781785
-0.253218
0.574417
-0.162134
-0.272319
0.358025
-0.880631
-0.115537
0.305142
0.546533
0.392853
-0.84716
-1.17966
-0.0362596
-1.10786
1.24534
0.470545
0.300434
-1.12251
0.24002
0.249045
-0.500037
-0.253349
-0.528159
-0.0131593
0.211919
-0.978868
0.47463
-0.251001
0.23347
-0.106293
1.14665
-0.579079
-0.793053
0.772487
0.197778
0.516437
-0.366133
-0.754759
0.788024
-1.09698
0.377602
0.323566
0.411507
0.727394
0.917071
-1.28862
-0.182897
-0.314572
0.772781
-0.828618
0.386547
0.0920742
1.47033
-1.16182
0.503666
-0.204762
-0.0904171
-0.264707
-0.630288
-0.924442
-0.184653
-0.0884077
1.03203
0.119583
-0.922391
1.07007
-0.00121667
0.425424
-0.057815
0.549111
1.48924
-0.267939
0.138223
-0.241845
-1.64348
0.281235
-0.123665
-0.845919
-0.525975
-0.15294
0.550544
-0.901624
0.297122
-0.333912
-0.0150045
0.230559
0.496373
-0.439898
0.355423
0.231483
-0.050675
-0.203845
-0.575724
-0.26508
-0.274848
-0.457249
0.188845
-0.0994069
-0.702597
0.114459
-0.268236
-1.68988
0.595454
1.89238
0.493323
1.64184
-0.263513
0.658076
-0.807201
0.145323
-0.626599
0.57341
-0.474548
0.483681
0.86498
0.484311
-0.25409
-0.632619
0.837824
0.294124
-1.44545
1.15981
0.554544
1.19242
0.664496
0.400428
-0.1123
-0.326163
0.11113
-0.442909
1.32
0.391029
-0.275446
0.324377
-0.17951
0.813356
-1.20678
0.872416
1.03425
1.02035
-0.886813
0.199066
0.727284
0.949668
-0.450833
-0.144401
-0.979114
0.758004
0.278583
-0.184899
1.50703
0.248833
0.803871
0.0665973
0.920275
1.0553
-1.67356
0.482145
0.319476
0.581992
-0.602569
0.567605
-0.757572
-0.0910955
0.924708
-0.107223
-0.0457559
-0.095583
-0.947993
-0.381103
0.398205
0.211968
-0.569766
-0.481531
-0.228679
0.819933
0.172029
-0.318992
0.724845
0.239189
-0.919297
-0.0886073
0.145925
-0.346889
0.743027
-0.134038
0.235008
-0.263607
-2.10239
0.429272
-0.11204
-0.0724661
-0.712707
0.734364
-0.41429
-0.766957
0.327016
-0.00262465
1.01142
-0.105588
-0.914113
-0.371487
0.551845
0.838272
-0.0731542
-0.618857
-1.09838
0.297133
-0.399594
-0.725215
-1.41169
-1.65192
0.0206976
-0.204923
0.249501
0.748368
-0.770241
0.618579
0.472913
-0.0739186
0.28993
-0.234069
0.710222
-0.109422
0.114734
-0.228707
-0.679598
0.412235
-0.0259096
-0.174537
1.37769
-0.108687
-0.0897486
0.345119
0.135411
0.14323
-0.977352
0.740594
-1.33937
0.769377
-0.160577
0.0988092
0.00905131
-1.66728
-0.150839
-0.491282
-0.945632
-0.520794
1.17259
-0.114978
-1.4285
-0.744147
0.368719
0.255804
0.829408
-0.798544
0.463645
-0.598123
-0.399049
0.398766
0.748978
-0.0713976
0.727212
-0.0684988
0.0760261
-0.315579
-0.845186
1.18009
-0.515865
1.81376
0.301086
-0.293535
0.469961
-0.41451
-1.58195
-0.482625
-0.339809
1.76576
-0.623509
-0.180037
0.434696
-0.539786
-0.516604
0.590761
-0.692925
-1.93653
1.25891
-0.0306288
0.137992
0.332952
0.0885836
0.891405
0.0346215
0.161556
0.549463
-0.572239
0.390695
-0.367131
0.228913
0.390457
-0.730601
0.740387
1.39661
-0.162119
0.015532
-0.597767
-0.0620589
0.763951
-0.510865
0.274932
-0.8066
1.66425
-0.200317
-0.845649
0.102093
0.325747
1.46736
-0.326843
0.925705
-0.0272011
0.117728
-0.446403
0.614992
-0.0462664
-0.283429
0.359386
-0.759668
-0.526132
-0.959422
0.238982
0.701852
-0.456483
0.121207
-0.968824
-0.148171
0.0602068
0.18094
-0.0637882
-0.596445
0.337591
0.986675
0.761663
-0.217915
0.598139
0.796003
2.47863
0.627786
0.477507
0.0156858
0.285593
-0.394005
0.472082
-0.213043
-1.05505
0.61301
1.12966
-0.578285
-0.896862
0.0590794
0.384428
0.324584
-0.400339
0.851115
0.159291
-0.730824
-0.310778
-1.18076
-1.8209
-0.132168
-0.601375
-0.850912
-1.10445
0.575005
1.0266
0.501642
1.47754
0.0084439
0.186999
0.415572
-0.444572
1.39579
-0.174575
0.220434
-0.238774
1.04032
1.69032
-0.567494
0.894143
-0.135829
0.949554
0.0552695
1.09393
0.41229
0.609656
0.067225
0.283791
0.106552
0.591624
0.672771
-0.744926
-0.129403
0.770349
0.615154
0.457306
-0.389492
0.184424
0.844886
0.911914
-0.632475
0.490947
1.23782
-0.291871
0.281785
-0.381662
0.828857
-0.345027
-0.131597
0.136213
-0.31122
-0.0140787
-0.140327
-0.629596
-1.18977
1.21357
-1.91103
-0.275252
0.125429
0.700939
-0.226248
1.08468
0.809176
0.434619
-0.870757
-1.43017
-0.257307
-0.00430402
0.661333
0.628622
-0.601946
-0.44973
-0.00412577
0.256743
1.17043
0.323794
-0.487603
-0.92906
-0.551118
-0.379452
-0.233345
0.594536
0.152602
-0.241376
0.88337
-0.380965
-0.826475
-0.841344
0.362148
0.3842
-0.372096
-0.00914521
0.4427
0.253063
0.168375
-0.142457
-0.0478876
-0.0118556
0.053781
0.876813
-0.392073
-0.0936673
-0.720009
-0.38662
-0.0542491
-0.461564
0.336151
-0.140385
0.944958
-0.329161
0.182559
-0.170304
1.07252
-0.297862
-0.215754
0.784666
-0.174688
0.0263958
-1.27028
1.28264
0.302799
1.46655
-0.235862
0.100216
0.037206
1.47725
-0.43207
0.716952
-0.943179
1.16892
0.725197
-0.771074
-0.694195
0.614698
-1.17737
1.08722
-0.288106
0.457573
0.0312725
0.611816
0.9548
-0.116166
-0.753402
-0.53503
-2.67875
-0.325078
0.284018
-0.165725
-1.66884
0.876279
0.560848
0.826259
0.218106
0.0729353
-0.527125
-0.578664
1.2703
-0.180541
-1.05711
-0.466999
1.44663
0.799541
0.0493251
-0.488544
1.65283
-0.172422
0.80071
0.276393
-0.539382
-0.229885
-0.335832
-0.286163
-0.572006
0.314754
0.0727851
1.34253
0.703033
-0.252388
0.77089
0.400212
-0.587372
-0.813303
-1.01852
0.782098
0.290606
0.528136
-0.715974
1.59016
-0.977222
0.666157
0.282717
-0.384058
0.06333
0.992268
0.763447
0.591569
-0.0130922
0.726982
0.417435
-0.195635
-1.16063
-0.713869
-0.466607
0.196001
-0.367648
-0.0374142
-1.36022
2.27334
-0.0972543
-1.09659
0.763663
0.0790168
0.126953
0.600351
0.385315
-0.143406
-1.55343
-0.916489
-0.342393
-0.733924
1.14518
0.927175
0.219113
0.977553
0.146202
-0.0760409
0.338179
-0.135436
1.13965
1.12796
-1.26286
0.855491
0.155272
-0.095889
-0.491666
-0.0129347
-0.420529
0.502155
-1.06411
0.799401
-0.772189
-0.261691
0.448054
0.0725357
-0.372262
-0.159408
0.618726
-0.505249
0.425068
0.233075
-0.508308
1.60971
-1.90784
-0.788722
-0.817217
0.637732
-0.580745
0.630468
-0.873232
0.82247
0.399058
-0.707313
0.0287014
0.145676
-0.640185
-0.312397
-0.522002
0.459614
1.11434
1.20599
-0.101413
-0.0996903
0.764655
0.0561541
0.57842
0.734875
0.414714
-0.21195
0.349316
0.00272286
-0.869825
0.881938
1.08623
0.434858
1.6968
-1.29231
0.0154866
-0.374305
-0.325688
0.725331
0.112055
0.322044
-0.0201648
-0.197544
0.96709
-0.815577
0.162509
-0.61296
-0.485267
-0.330128
0.513281
0.130266
0.22487
0.311633
-1.16264
0.00958281
-0.343993
0.544947
0.07311
-0.370434
-0.946899
-0.149989
-0.347556
0.406587
-0.0151165
-0.22736
-0.59017
1.43609
0.265797
-0.419077
-0.571468
-0.431724
-0.647924
0.249162
-1.71101
0.15184
-0.0105527
0.289953
-0.152482
-0.228761
-0.510925
-1.60547
-0.307676
0.543043
0.202352
-0.473938
0.47444
-0.832189
-0.333418
-0.362341
0.446688
0.55391
0.0472138
1.39449
-0.813744
1.21151
-0.340702
0.800616
0.721539
1.20314
-0.90874
0.507416
-0.0101993
0.686513
-0.0152718
0.459878
0.850446
0.928182
0.369476
-0.644644
1.02186
0.0732503
0.434893
-0.617443
-0.119288
-0.669971
-0.243694
0.0842021
1.20534
-1.93401
-0.0934914
0.499962
0.227118
0.0870748
0.218333
-0.660172
-0.272794
1.2421
-0.76393
-0.594065
0.478853
-1.27979
-1.20318
-0.407545
-0.788422
-0.31711
-0.298457
0.216078
-0.547314
0.120396
-0.140902
-1.6246
-0.747924
0.46547
0.368942
0.987791
-0.705881
-0.609666
2.02263
-0.393821
0.232772
-0.885393
-0.751848
-0.311194
0.690884
0.838224
0.775718
-0.167003
-1.00583
-0.238412
-0.0245359
1.26916
-0.561767
-0.716039
-1.29987
-0.00224434
0.96637
0.326655
-0.276169
0.938488
-0.641677
0.75811
-0.306879
-0.251727
0.679391
-0.000775046
-0.350757
-0.861039
-0.661655
0.465383
-0.327741
-0.531942
0.27641
0.516872
0.0722306
0.0233611
1.01582
0.123003
-0.410187
0.103882
0.279644
0.277884
-0.676377
0.289257
-0.0169347
1.63259
0.380265
-0.558818
-0.855646
0.179246
1.07055
-0.391054
-0.012005
1.24451
1.28658
0.171462
-0.704605
0.139033
-1.92008
0.483901
0.693667
0.0292388
0.258581
0.392249
0.673317
0.382975
-0.775146
0.916861
-0.569646
-0.507758
-0.0673766
0.433522
-0.455353
-0.36231
-1.40804
0.561735
-0.378523
-0.716659
1.08869
0.715779
0.327125
-0.549621
0.039789
-0.713067
0.0166053
0.201591
-0.479759
-0.153471
-0.271904
-0.800885
-0.0420035
0.872357
-0.123871
-1.29755
-0.000678861
-1.14319
0.241875
1.20078
-0.386304
-1.0721
0.0335769
-0.376815
-0.162444
-0.150856
1.51626
1.39892
-0.245596
0.038968
-0.311705
0.635685
-0.533709
-0.844492
-0.0185628
0.0123266
-0.536643
0.183469
0.716288
-0.44524
0.771224
-0.236074
0.224958
-0.228052
-1.02241
1.07047
0.211683
-0.742651
0.355551
0.575516
-0.0885863
0.403253
1.17207
-0.585875
-0.065088
0.300777
-0.682653
0.856313
0.961374
-0.154369
-1.79915
-0.760195
0.297498
0.324487
0.527198
-0.854939
-0.0677656
-0.780675
-0.268504
0.296015
-0.241184
-1.0672
-0.77306
-1.01784
0.503637
-0.141294
0.549298
0.214596
0.605039
-0.585185
1.01046
-1.69684
-0.147829
0.0633683
-0.227751
0.945559
-0.257178
-0.0680945
-0.0519971
-0.244497
0.331142
0.168389
0.369538
-0.661648
0.658259
-0.201071
0.953099
0.122713
1.15868
-0.37046
0.920077
-0.00444627
1.12975
-0.0746457
0.0623779
-0.719974
0.256426
-0.795231
0.121174
-1.51479
0.0833032
-0.345199
0.401398
0.310635
1.20668
-1.27978
-0.474423
-1.01849
0.706888
-0.263201
-0.85341
1.31677
-0.356747
1.09214
-0.558771
-1.06407
1.39415
-0.235836
0.56534
-0.430554
1.19881
0.795364
0.917048
0.324431
0.0901106
-0.745649
-0.187872
-0.0837876
-1.08497
0.27991
0.285564
0.176565
-0.351756
-0.533026
0.223814
0.648431
-0.599548
0.0745911
1.14
-0.463325
0.858759
-0.501843
-0.885174
-0.884725
-0.141464
-0.984503
1.01892
-0.676703
0.825328
-0.0473996
-0.312446
0.5775
0.0492336
0.905397
0.409048
-0.793862
-0.745081
0.214492
0.331365
-1.18303
-0.778647
0.623336
-0.903183
-0.340539
0.671233
-0.0404163
-0.541645
0.160533
-0.651123
-0.33365
1.11609
0.214254
0.515876
0.196339
0.722712
-0.401483
-0.597827
-0.0505318
-0.677564
-0.201565
-0.421675
0.239441
0.82493
0.867917
-1.33968
-0.965287
-1.0056
0.533265
-0.839282
-0.722717
-0.499282
-0.646511
-1.30355
-0.643068
-0.167303
0.586262
-1.98871
0.499022
0.523688
0.26146
0.233498
-0.402513
-0.53441
0.263118
0.439076
0.652302
1.11098
1.11599
1.87553
0.126229
0.590162
-0.166597
-0.0657103
-1.29136
0.236558
-0.314494
0.229331
-0.913696
-0.192987
-0.0803036
0.237921
1.46787
-0.821338
0.594748
0.803008
-0.252359
-0.0596371
0.704234
-0.0837279
0.715208
0.0702127
-0.201475
0.309294
-0.0142699
0.874496
-0.89441
0.474931
-0.359886
0.462207
0.301637
-0.0321722
0.85293
-0.0541835
0.341742
-0.822548
-0.337457
0.0528477
1.32788
-0.283702
0.745864
-1.00566
-0.872106
-0.375132
-0.378366
1.26873
0.838324
1.59413
1.20839
0.653647
-0.782322
-0.181068
0.255313
1.25758
0.367101
-0.0490605
-0.0117177
1.1122
0.629212
-0.687643
-1.10782
0.865243
0.72045
-0.204809
-0.767392
0.77851
-0.0700865
-0.427172
-0.538389
0.0374721
-0.937083
-1.19834
0.83616
-0.327597
1.69983
0.962436
-0.346843
-0.359989
-0.208685
0.34727
-0.345596
-0.332654
-0.622881
0.181905
0.266571
-0.347651
0.256956
-0.51617
-0.435299
-0.185797
-0.95439
0.132208
0.853807
1.11051
-0.536923
0.60608
0.465645
0.91171
-0.407478
-1.05471
0.699002
0.138418
0.436971
-0.940334
0.411677
0.111484
-0.271071
-0.00796557
-0.2801
-1.89644
-0.630362
-0.715963
-0.264811
0.865669
-0.685821
-1.15105
-0.192504
-0.0716805
0.376508
-0.929117
-1.2571
-0.829696
-0.952177
-0.121299
0.630109
0.0254547
1.4812
-0.0134216
0.169352
-0.143933
-0.383453
-0.368048
-0.312447
-0.342866
0.870692
-1.45081
0.0541752
0.61569
0.29216
-0.741262
0.430358
-0.231944
-0.418244
-0.51542
-0.307757
0.451511
-0.00831554
1.32506
-1.47287
-0.731415
-0.369592
1.00352
0.405882
0.292014
-1.1986
-1.07042
0.183956
0.470825
0.00579324
-0.748566
0.0502737
-0.155024
1.38499
1.71086
0.722109
-1.20032
-0.393561
-0.63319
-0.982834
-0.138209
1.15732
-0.907874
0.399658
0.570347
0.340611
0.648499
-1.16652
-1.1042
0.13185
-0.219145
-0.66752
0.129798
-0.188606
-0.371472
0.254499
1.80469
-0.159957
-0.0721593
-0.858137
-0.0396619
-1.21544
1.04031
-1.2423
-1.13784
-0.485291
-0.144842
0.0907213
0.525212
0.387566
0.329266
0.941657
-0.388146
1.22941
-0.393283
0.592272
0.270214
-0.842873
-0.136341
-0.109133
-1.46168
-0.144254
-1.40583
-0.126542
0.46174
0.353255
1.35451
0.0217964
-0.192414
0.0297055
0.271879
-0.47537
-1.14253
-0.767967
0.439034
-0.423405
0.465931
0.298187
0.443921
-1.18462
0.775604
0.93145
1.11506
-0.744831
1.15858
0.315188
-0.174385
-0.860102
0.734828
-0.457635
1.66188
0.741007
-1.09302
0.45124
0.60571
-0.933479
-1.48059
1.21569
0.674547
0.0484466
-0.718232
-0.128636
0.801616
-0.350244
0.387023
-0.525
-0.261915
0.096004
-0.514095
0.399907
0.169467
0.171317
-0.710906
0.0753367
-0.198838
0.0971433
-1.03948
0.316092
-0.19986
-0.164578
-0.175921
-0.912462
-0.725987
-0.416194
-0.771746
-0.280543
0.898557
-0.712132
-1.45288
-0.373393
-0.773143
0.273793
0.309802
0.514722
0.276201
0.188247
-1.10446
-0.0139541
0.0569274
-0.882102
1.00454
0.317945
1.12379
-0.185747
0.872337
-0.885655
-0.588764
-0.954105
0.720738
1.23078
-0.0859241
0.749763
1.3991
-0.167538
-0.5365
-0.330684
-0.604172
-0.380621
0.557307
-0.538975
-0.528666
0.124365
0.891607
-0.297672
-1.0531
0.289793
-0.356448
-1.07013
0.106844
-0.157677
1.45109
0.476682
0.295092
0.616907
0.0369944
-0.611724
0.458785
0.195013
-0.359344
0.555839
0.334806
0.718511
0.584906
0.256621
-0.0334523
-0.425288
-0.0593175
0.687387
0.510973
-1.89923
0.506267
-0.402622
-0.367018
-0.817447
-0.322624
0.715783
0.806605
0.189743
0.58894
-0.419248
0.0588143
0.153412
-0.0420525
0.301979
-0.122246
-0.259811
1.08945
-0.196467
-0.0706457
-0.0345529
-1.49487
-1.20783
1.05846
0.23106
-0.499732
0.415538
0.216601
0.461083
-0.227559
-1.5428
-1.61009
-0.254926
-0.177358
-0.442866
-0.0826398
0.286025
-0.840774
0.00802683
-0.388204
-0.048819
0.378639
0.411333
0.24444
0.723776
-0.79929
-0.139408
-0.1306
-0.364357
-1.09603
-0.515575
0.633268
0.827272
-0.344115
0.388414
-0.49305
-0.153107
1.15108
-0.72572
0.572941
-0.542124
-0.996568
-0.791912
-0.495602
-0.52971
0.14048
1.01132
-0.250903
1.4087
-0.296821
-1.16583
-0.292591
-0.213041
0.0278046
-1.20119
-0.105572
-0.282862
0.294516
0.835239
-0.335241
0.894252
0.534253
-0.171407
0.115344
-0.344737
-1.19135
-0.173565
0.153075
-0.511885
0.713866
0.047144
-1.14333
-1.00702
-0.774111
0.728852
0.687205
0.385024
-0.610314
1.60884
0.423069
0.694118
0.695157
-0.133819
0.817065
-0.476539
-0.852424
0.18715
-0.0921827
0.453777
0.469945
1.30973
0.518776
-0.694242
-0.9944
-1.48147
-0.449152
0.938033
0.148748
-0.512077
0.830604
-0.600091
-0.0815083
-1.27593
0.0434128
1.02494
-0.335481
0.201155
0.104592
-1.48316
-0.781289
0.413106
0.98837
0.15854
-0.43212
-0.295035
-0.126963
0.0534471
0.482927
0.0409389
-0.157495
0.084139
-0.169338
-0.216288
0.135415
1.64856
0.458598
-0.445863
-0.0786289
-1.45427
-0.544251
-1.3597
-0.394602
0.12587
-0.578036
-0.827751
1.10496
-0.832077
0.315273
1.20793
-0.275097
0.0489662
-1.01189
-0.967623
0.398112
0.45843
0.458493
0.585738
0.821999
1.0818
-0.112331
0.0833885
-1.15327
0.427071
0.614373
0.0828546
-0.258898
-0.699847
1.56373
0.402211
-0.823142
-0.109896
0.67448
0.562605
0.0110312
0.0911301
1.27508
-0.349192
-0.672273
-0.160261
1.07105
0.207004
0.163996
1.06726
0.252981
-0.334307
-0.734898
1.24005
-0.23343
0.401473
1.25692
-0.332874
-0.0100769
-0.0826505
-0.675886
-0.559891
0.953701
0.816233
0.313353
-0.85893
-0.779529
0.129425
-0.461501
0.325185
-0.460337
-0.464229
-0.551261
-0.789789
-0.421195
-0.961193
0.380681
-0.662856
-1.13624
-1.49115
-0.179669
-0.362804
1.76821
-0.179998
0.465479
-0.956572
-0.363194
-0.148483
-0.921614
-1.13056
0.703297
-1.53361
-0.955771
-0.330257
-0.57559
0.218898
0.600858
-0.490966
-1.12195
0.611301
-0.857605
0.12107
-1.58836
-0.726484
-0.334351
0.178207
-1.99409
0.574599
-0.180532
-0.676728
0.482393
-0.0299411
0.359509
0.170291
-0.644073
-0.900043
-0.380683
0.855411
-2.08432
0.735177
0.030514
-0.511454
-0.182516
-0.472757
-0.143511
1.37501
0.341874
0.441705
1.22317
-0.568479
-0.163419
-0.693157
-0.194214
-0.511481
0.470383
0.763958
-0.152256
0.944876
0.159043
-1.20764
0.288696
-0.476239
-1.05553
1.19342
-0.808142
0.713331
-0.192984
0.25973
0.574343
1.19198
-0.0118765
0.418872
0.513905
0.6982
-0.829993
0.675019
0.418421
0.676414
-0.889821
-0.19963
0.474074
-0.382885
0.608344
0.107702
-0.354534
-0.455311
-0.13726
1.9619
-1.42244
0.0556218
2.35792
0.765146
-0.893478
0.0295386
-0.37901
1.31593
0.958728
0.882782
0.598861
0.00366563
0.00351624
-0.121011
-0.525487
-0.22365
-0.690497
0.254037
0.129849
-0.723569
-0.922878
-0.23419
-0.891207
-0.437594
-0.669489
0.14048
0.243442
0.32136
-0.617141
-0.808515
0.202418
0.0628481
0.88417
0.460068
0.177725
-0.919717
-0.265881
-0.219357
-1.30334
-0.194822
-0.230647
-0.462872
-1.16397
1.13441
0.270391
0.599254
0.553353
-1.10961
0.298481
0.357578
0.600246
-0.819953
-0.578593
-1.23515
-1.19798
-0.811575
1.46844
0.875798
-0.425183
0.124294
-0.0365794
1.96775
1.09214
-1.32721
0.0628079
0.934669
-1.22449
0.0509746
-0.0663531
-1.08577
-0.45855
0.449788
-0.650943
0.803365
-1.1214
-0.872935
0.724924
0.177514
-0.916888
0.295201
0.195162
0.149464
0.31163
-0.0810292
0.482917
-0.429435
-0.135519
0.138407
0.150784
-0.840806
-1.47916
-0.331187
-0.17323
0.423933
-0.353922
-0.61736
-0.973598
0.727545
-0.975857
-0.291258
0.215193
-2.29318
-0.0926116
0.386136
-0.0335323
-0.12559
-0.18032
0.641
-0.711878
-0.417677
-0.480251
0.0258667
-0.236156
-0.442424
-0.0849112
0.181811
0.116374
0.946401
-0.658229
-0.741481
-1.10163
0.591215
-1.32496
-0.648939
-0.163683
-0.158322
-0.616866
0.570721
-0.0975805
0.0386036
0.256838
-0.707976
-0.17908
0.0848953
-1.15647
-1.0861
0.354428
-0.742517
-0.328089
0.107121
0.477597
0.0145832
1.51028
1.12343
0.370527
0.167855
0.192312
-0.160087
0.131896
0.169846
0.691746
0.776642
-0.364057
-1.01553
-0.0146155
-0.00252727
0.285173
-0.644257
0.0277315
0.35144
0.0545252
-1.28712
-0.0869053
1.14149
-0.759042
0.673475
0.13854
-0.432796
0.206246
0.126882
0.88971
0.68691
0.517553
-0.178592
0.0315661
-0.0062517
0.0846946
0.24368
-0.340314
-0.256723
-1.29296
0.196484
0.0518638
0.631668
-0.125077
0.0663758
0.0117177
0.30079
0.00622616
-1.0639
0.348192
0.559308
-0.0879161
0.764898
0.50782
-0.482526
-0.614867
-2.06523
-0.0867779
-1.05143
-1.23157
-0.139509
-0.917652
0.0239468
0.649495
0.522046
1.72369
0.904764
-0.263492
0.855928
0.677505
0.595451
-0.818539
-0.275413
0.84218
-0.0999646
0.0459947
1.45363
0.526107
-1.23211
1.16091
1.05313
0.296554
0.288634
-0.635527
-0.0631381
1.14657
0.486472
1.2968
0.963357
0.954592
-0.190833
0.362442
1.31507
0.866539
0.594277
-1.40388
0.132709
0.838567
0.126101
-0.509536
0.287847
0.0069615
-0.148992
0.628361
-0.230196
-0.759038
0.50308
0.464225
-0.237355
0.234382
-0.257604
0.223521
0.400191
0.333326
-0.68379
-0.697408
1.12447
0.250907
0.584858
-0.252636
-0.833624
0.199726
0.022
0.0747227
0.240137
-0.827932
-0.809884
-0.516398
0.0255462
1.30773
-1.62173
0.343281
-0.380527
-0.168618
-0.69429
-0.900767
1.06316
-0.686218
-0.388817
-0.588037
0.589537
-1.54314
0.598922
-0.589867
-1.48385
0.643705
0.826304
-0.613058
-0.795543
0.402282
0.0631329
0.560837
0.186704
-0.525512
0.558922
-0.27433
1.79764
0.558768
-0.189936
-0.0241105
0.137168
0.224566
-0.0215981
0.218824
-0.175222
-0.868417
-0.461873
1.16634
0.122853
-0.0920376
1.11777
0.202682
0.274679
-0.598412
0.0814344
1.0082
-0.00771274
-0.500439
0.205171
-0.198992
0.850116
-1.16905
1.09902
0.771921
0.965997
-0.317232
-0.671181
-0.739303
-0.116958
-0.782039
1.11386
-0.829787
-0.399458
-0.0971773
-0.288284
-0.929117
-1.01569
0.308266
0.6305
-0.176731
0.848471
1.30595
0.395035
-0.0880342
-0.524045
0.235602
0.197537
-0.0599662
0.150539
1.0932
0.217572
0.512619
0.61723
1.37199
-0.660944
-2.148
-1.04892
0.689359
0.785592
-0.362245
-0.427623
0.282016
0.863517
-1.37168
0.473424
-0.511745
-0.795405
1.35948
-1.3068
0.40874
-0.635393
-0.752036
1.0624
0.460616
0.743408
-0.229774
0.722575
-0.763545
-0.567377
0.156682
1.56139
-0.16389
0.972162
-0.536099
1.76721
-0.666925
0.455108
-0.816459
0.0670741
-0.441551
0.123649
-0.145772
-0.247398
-0.92969
-0.603909
-0.758095
0.770517
0.110605
-0.233466
0.613368
-1.13522
-0.0226763
0.216415
-0.00823614
-0.0104833
0.121965
-0.537217
-1.05036
-0.00959945
-0.500826
1.6017
-1.45457
-0.0768088
0.0043601
-0.000402988
-0.190609
-0.181271
0.824752
-0.337704
0.23522
-0.482509
-0.236705
0.0110819
-0.296087
-0.280208
-0.428072
0.146846
-1.21857
0.210774
0.220895
0.190597
-0.135296
-0.285557
1.40927
-0.249538
0.646714
0.255479
-0.731265
-1.63733
-0.147112
-0.614448
-0.607822
0.562226
0.504052
-0.0924194
0.209185
0.758437
0.628784
0.629126
0.0645097
0.172391
0.65439
0.0663072
-0.165049
-0.311538
0.982316
0.224221
0.105423
-1.27257
0.419534
-0.166342
-0.0640357
0.472094
-0.15075
1.05915
-0.144256
-0.883866
1.38259
-0.423607
0.280296
-0.208034
0.487915
1.03587
0.712611
-0.26033
0.564065
-0.162434
0.097371
-1.14443
-0.750346
1.52612
0.238402
-0.131337
1.03513
0.310806
0.235283
1.09582
-0.894923
0.408005
-0.629054
-0.0758935
-0.631062
1.63251
-0.759691
0.949375
1.25948
0.667453
-0.894507
-0.648827
-0.768262
1.10248
0.374964
-0.200088
-0.0594848
0.711047
0.242082
0.0170927
1.32577
0.0495375
2.27091
0.622006
-0.237397
-0.854234
0.158721
-0.994945
-0.324406
1.16924
1.80696
-0.693757
-0.0218492
-0.67926
0.160453
1.52082
1.13806
1.13309
0.520692
0.831789
1.33221
1.04627
0.145888
-1.01921
-0.250242
0.374733
1.03634
0.539849
-0.0609795
-0.699082
0.573187
1.31996
0.00703763
-0.13531
0.159855
-0.864576
0.819703
0.814508
-0.0140547
-0.627618
1.30361
-0.139149
0.0990193
-0.910114
-0.75477
-0.0997452
0.0233609
0.802265
1.46663
-1.12231
-0.919448
0.511226
-0.373327
0.962521
0.995024
-0.446544
-0.64989
1.85884
0.0465841
-0.817233
0.133209
0.271705
0.370649
-0.182192
-0.168386
0.495028
-0.484031
0.408566
-0.0845901
-0.291481
-0.189832
-0.278257
0.554206
1.7437
-0.191147
-0.449553
-0.0346919
0.155781
-1.00424
0.168787
-0.491079
0.42338
0.205561
0.688345
-1.4827
-1.32698
-1.69999
0.661351
-1.96269
-0.0440592
-0.879657
0.468837
0.510131
-1.56641
-0.368162
-0.555337
-0.997783
-0.373474
0.513139
-0.314811
-0.0332084
0.42493
-0.24939
0.5788
0.705244
0.358728
-0.70684
0.521151
0.0138922
0.773676
-1.00939
-0.783882
-0.201732
-0.321975
-0.229205
0.00415642
0.00318817
0.225065
1.47949
-0.245654
0.217011
-0.252054
-0.274786
0.359388
-2.02214
-0.422313
-0.279296
0.797542
-0.424427
-0.821362
-0.750053
0.0839345
-0.275558
-0.389086
0.332087
-0.66862
1.14786
0.923406
0.383709
-0.0902349
0.885523
-0.0988447
0.66547
0.784309
-1.23856
0.780891
0.697652
0.364736
-0.386004
1.23716
1.24866
0.983539
0.639857
-0.681256
1.22077
0.466238
-0.405519
-1.50789
-0.497932
-0.502755
-0.0178937
0.0254527
0.666976
0.379611
0.822627
0.682248
-0.220786
-1.28208
0.146481
-0.078413
0.949413
0.837282
-0.359481
0.658328
-0.0556528
-1.24742
-0.855594
0.83911
0.233672
-1.10995
0.682093
-0.656455
-0.241384
-0.0787228
-0.409254
-0.0326267
-0.594094
0.364458
0.809328
0.548805
0.297476
0.279477
0.353465
-0.144653
-0.512841
0.16983
-0.414281
-0.19093
1.15198
0.672267
-0.737312
0.542505
1.23806
-0.711367
0.0669366
-0.811349
-0.187934
0.394405
-0.0788507
0.307759
-0.60813
-0.198925
-1.74271
0.165094
1.28229
-0.0734344
0.128845
-0.620783
-0.35548
-0.823271
0.491684
-0.660323
-0.293593
0.710961
-0.469416
-0.603875
0.224372
1.14321
0.269521
0.00232306
-0.0808146
-0.635785
0.287022
0.0925504
1.46134
-0.128412
-0.17091
0.921331
-0.565015
-0.926938
-1.32852
0.773066
1.06291
-1.70829
-0.275877
0.588503
-0.0983299
-0.133209
-0.314394
-0.352799
0.496499
-0.294157
-0.260542
0.448403
-0.63687
1.40484
-1.7132
-0.350017
0.00167905
0.624134
1.02981
1.27218
0.796855
-0.71783
0.967393
-0.11175
-0.650344
-0.682666
0.133521
0.9396
-0.583476
1.43199
1.13347
0.635601
-0.00283444
0.0192788
0.804189
0.0270658
0.374418
-1.18144
0.400584
0.132721
0.398949
0.976091
-0.407352
-0.648166
0.044629
-0.480276
0.624349
-0.724401
-0.261083
1.72243
-0.787428
-0.222699
0.903581
-0.592549
-0.615146
0.12784
0.855086
-0.218272
1.03396
-0.40468
0.374544
0.673336
-1.80411
0.196502
0.108165
0.16884
0.228171
0.324135
-0.392089
-0.166548
0.497335
-0.370562
0.608216
0.39947
-0.877291
0.86997
-0.903715
0.178075
-0.958009
0.0993134
0.244885
0.627802
-0.105009
1.06937
-1.08246
-0.743136
0.908785
2.05031
0.983557
0.295492
0.198623
0.42182
-0.532827
-0.821018
0.565584
-0.543724
-0.236596
-0.023245
0.141379
0.433395
0.00199807
0.114927
-0.950837
-0.522804
-0.963541
-0.261742
1.34359
-1.04386
1.23454
-1.2882
0.706316
0.00963886
-0.0127717
-1.03005
0.396797
0.231439
-1.29483
1.85088
0.480863
0.480899
-1.69212
0.829214
-0.418525
-0.432093
-0.712227
-1.1497
-0.174602
-0.131173
-0.0876183
-0.370706
-1.00167
0.768119
-1.2439
0.0456897
0.808079
0.665383
-0.16789
-0.546166
0.123422
-0.288073
-0.264826
0.483344
-0.170465
-0.0576823
0.597175
0.781852
-0.229912
-0.638172
0.901437
-0.506445
0.30887
-0.373513
0.107768
-0.817302
-0.532694
0.345725
1.21367
0.0735367
0.0697164
0.000926829
-0.226434
0.0508901
0.207445
1.36482
-0.710331
-0.0377554
-1.39358
-0.123692
0.275058
-0.674086
0.610201
0.961001
-0.704052
-0.831057
-0.485975
0.454358
-0.227268
-1.24875
-0.643473
-0.713243
0.407962
-0.00303059
0.304378
-0.767886
-0.361332
-0.706868
-0.348431
0.128007
-0.945764
-0.230489
0.218922
0.0969392
-0.00665585
0.315715
-0.275232
-1.46339
-0.393416
0.433844
-0.139489
0.433873
0.254604
0.532328
-0.771585
-0.321712
0.114857
0.32318
2.15311
-0.910539
0.356727
1.0495
-0.354568
-0.616949
0.19375
-2.22394
-0.664691
-0.31132
0.315506
0.439644
0.566041
-1.45583
0.245646
-0.14451
-0.653607
-0.708821
-1.19387
-0.903958
0.447837
-0.389231
-0.819819
1.41788
-0.242042
-0.519539
1.07722
0.250187
-0.657467
-0.737371
-0.567361
-0.223161
0.370529
-0.745883
0.705699
1.48614
1.25769
-0.427039
0.664364
0.268909
-0.273761
0.441186
-0.142668
-0.969999
0.16267
0.191258
0.47986
-0.0693754
0.206254
-0.0599569
-0.961531
0.439513
0.0650876
0.0225274
0.339728
-0.0977156
0.0331559
0.92834
0.432805
-0.606759
-0.421961
-0.280108
1.36281
-0.782223
0.559382
0.00429176
0.583208
0.208347
0.0193242
0.240834
-0.851467
-0.372362
0.567983
-0.996871
1.91757
-1.16202
-0.0897251
-0.749904
-0.488043
-0.746887
0.155335
-0.00621448
-0.186356
1.27047
-0.507679
-0.0226873
-0.157349
1.00273
0.999502
0.837284
-0.547031
0.318661
0.0749404
-0.576142
-0.275528
1.2232
0.0681802
-2.17229
0.184763
-0.278139
-0.550043
-0.458571
0.0982523
0.985466
0.652534
-0.703891
0.3281
0.932312
-0.689728
1.05657
0.108879
0.794954
1.3556
0.12252
-0.412547
0.0720003
1.0038
-0.512372
0.670107
0.560239
-0.0534018
-0.927165
0.226108
0.167715
0.183623
0.463268
-0.522541
0.651965
0.732362
0.404433
-0.436599
-0.507993
-1.83503
-0.37588
0.673015
-0.0294154
-0.333093
0.499705
-0.0751599
-0.665929
-0.980426
-0.56507
0.00897188
0.436188
-0.478348
0.042476
-0.570727
-1.64384
1.38753
-0.683043
0.571139
-0.436603
-0.741428
0.622336
0.484239
0.737803
-0.835294
-0.281382
-1.22756
-0.140208
-0.757828
1.21452
-1.23647
0.905513
0.204417
0.0760854
0.469874
-1.55574
0.91578
-0.410846
-0.31112
0.647649
0.149344
-0.651877
0.627318
-0.0149094
-0.704065
0.632938
0.0609204
-0.238201
0.129589
0.973893
1.52957
1.1951
-0.042906
0.587792
-0.575672
1.35899
1.43765
-0.140056
-1.49843
-0.0925905
-1.18918
0.0957184
-0.141087
0.186139
-0.162077
-0.346874
-0.258937
0.738161
0.141125
0.0988102
1.07952
1.56627
1.37198
0.804762
0.173464
0.156962
-0.491443
0.054819
-1.14552
0.772892
-1.42274
-0.0963562
-1.69905
0.217664
0.373253
0.366048
-0.199962
-0.169353
-0.210198
-0.255862
0.925152
-0.326617
1.87414
-0.135204
-0.852788
-0.168422
-0.509478
0.250924
0.0325055
-0.594907
0.00726336
0.12236
-0.852624
0.50967
0.48028
-0.00947324
-0.0599633
-1.00871
0.332912
-0.618144
-0.809853
-0.0979497
-0.496717
0.282971
0.229214
-0.451101
-1.19065
-0.307295
-0.563597
-0.314078
-0.774294
-0.388813
-1.06026
0.598354
-0.576163
0.276294
0.0539282
-0.588806
0.341156
-0.559566
-1.16258
-0.753531
-0.0545916
-0.628712
-0.312203
0.171804
0.202044
0.0514134
0.489937
0.186323
-0.0481302
0.299107
0.183968
0.403826
-0.622187
0.874997
1.34749
0.656853
-0.509521
-0.658114
0.0100322
0.411732
0.188945
0.15047
1.12086
1.34771
0.249162
-0.349998
-0.000743536
-0.357405
-0.426076
0.280535
-0.137956
-1.28987
1.09
-0.480193
0.252898
-0.47347
1.02528
0.623315
0.406238
-1.62972
0.0431834
-0.713953
0.480124
-0.593512
0.537643
0.498074
0.304646
-0.804466
0.8256
1.48676
0.1711
0.48196
0.0631633
0.510323
-0.139633
0.654718
0.753562
-0.181436
0.0339793
-1.5661
-1.17776
-0.520108
0.0452341
1.4158
0.825112
-1.24775
0.665821
-0.593719
0.536034
-0.690212
-0.448093
-0.510213
-0.0810697
0.634639
0.505324
-0.430947
0.537072
-0.960904
-0.595752
-0.330528
0.566617
-0.183298
-0.201417
-1.18778
-0.0994757
0.404144
1.49751
1.07306
-0.395358
-0.541061
0.319127
0.0567344
-1.14909
1.36021
0.00643942
-0.832305
0.0103318
-1.08769
-0.14967
1.10907
1.12653
-1.44634
1.04883
0.833219
0.0123143
0.588849
0.993319
-0.176521
0.211108
0.045358
-0.517677
0.0776586
-1.53534
0.375883
0.292608
-0.41211
0.318341
0.358298
0.615125
-2.29143
0.337602
-0.794592
-0.93857
-0.215302
0.527805
0.352468
-1.50576
0.0285424
0.277705
0.0451336
-0.182216
0.296232
-0.998963
-0.273525
0.465539
0.808276
0.114587
-0.87349
0.54017
0.44442
0.914017
0.725409
-0.0948975
-0.602403
-1.17992
0.451899
0.48157
-0.457663
-0.353356
-0.635867
0.247735
-0.0819539
-0.922708
1.72899
-0.0218007
-0.757069
-0.0171189
-0.7532
1.16471
-0.654105
0.752904
0.579435
-0.413231
0.294441
1.09711
-1.08042
0.357867
-0.403259
-0.367717
-0.074591
-0.26494
-1.02964
1.16904
0.591841
-1.21071
0.157331
-0.207181
0.52527
-0.389126
-0.614384
-0.723722
-0.0804397
0.583119
0.34051
0.167334
0.724764
-0.392796
-0.542152
-0.76481
-0.15512
0.00617901
0.171552
-0.488559
-0.57309
0.709037
0.325846
0.654998
0.264489
0.00887799
-0.00455388
-0.0364036
0.7647
0.172396
1.2244
0.373548
-0.646847
-0.472206
0.0733201
-1.17593
-0.575518
-0.124523
0.0308877
-0.0215712
0.853521
-1.32584
-1.43935
-0.395833
-0.0267205
1.01416
-0.13675
-0.235842
-1.22838
-0.0896086
0.384006
-1.27964
0.759275
-1.69163
0.363942
0.298225
-1.03521
0.754194
0.861355
0.58056
0.522113
1.17633
0.0522662
-1.26308
1.03557
0.118698
1.22043
0.816698
0.505973
-0.415854
-0.511155
0.374134
-0.0142271
-0.766192
0.8791
-0.962801
0.24854
0.861566
-0.680596
-0.817212
0.326534
1.105
-0.459886
0.198794
-0.739054
-0.891858
-0.927926
-0.974615
0.964179
-0.240257
0.751399
-0.637416
0.345711
0.0530449
-1.47609
-0.653128
-1.29167
-0.474147
-0.459738
-0.0133163
-0.446523
-1.73281
0.411269
-0.0128012
-0.638981
-0.998538
-1.32349
0.0819126
0.713643
-0.087159
-0.639793
-0.852783
-0.495481
-0.164529
-0.825529
0.102954
-1.07581
-0.219445
0.228872
0.557505
0.737152
0.346657
0.434305
0.618747
-0.162018
0.431989
-0.144369
-0.0932728
0.741343
-0.827203
-0.344734
-0.0919105
1.29923
0.985843
-1.80886
0.194749
0.189977
0.017829
-1.62156
-1.00841
-0.23937
0.985836
-0.828946
0.127519
1.09365
0.993861
0.137145
0.275278
0.323166
0.173756
-1.15938
-0.374199
-0.94838
-0.639792
-0.0174048
-0.00528052
-0.812084
-0.311644
0.763539
0.525565
0.651227
-0.365313
0.494817
0.89414
0.424252
-0.174139
-0.174094
-0.233312
0.251332
1.65595
-0.387097
0.188666
0.314579
-0.949559
1.07831
0.320534
0.490695
0.626432
-0.838606
-0.449356
-0.0282841
-0.763217
-0.726457
-1.03555
-0.191628
0.0601654
0.065469
-0.456671
-0.860504
0.551618
-0.279437
0.341117
0.633985
1.35642
0.501004
-1.19573
0.375839
-0.678902
0.588939
0.827529
0.0487971
0.597941
-0.308692
0.100521
0.445631
1.03387
0.867758
-0.865899
0.721158
-1.12654
0.54125
0.557756
-0.751339
0.398467
-0.836813
-0.10165
-0.562509
0.145008
-0.602389
-0.165187
1.18444
0.793371
-0.738061
-0.248129
0.507811
-1.00155
0.812664
0.46627
-0.44507
0.556014
0.373505
0.293515
-0.227926
0.347827
1.06123
0.119772
0.947273
-0.330291
0.255705
-1.10805
-0.949796
0.909004
0.356279
-0.150848
-0.565235
0.143059
-0.235346
-0.428942
-0.226283
0.0765858
-0.708539
-1.06481
-0.210023
-1.2975
-1.02232
0.399031
0.634409
-1.57262
-0.2998
0.445748
-0.244201
0.0692459
-1.13516
-0.666969
-0.0489552
0.353927
0.36003
-0.526527
-0.874696
-0.205232
-0.643574
0.0467667
-0.0212841
0.68536
0.386493
0.010554
0.690305
0.965274
0.249166
-0.440981
-0.558878
0.0541761
0.167553
-0.078211
-0.662387
0.517288
-0.038875
-0.714392
0.363464
-0.85071
-0.493099
0.29453
0.705774
0.730316
0.607463
0.487074
0.0208394
0.21961
-0.716919
-0.0219045
-0.378355
0.27581
0.460396
1.11796
0.168962
1.35722
-0.330464
-0.586858
0.151088
0.206219
-0.125366
-0.620421
-0.243257
-0.319704
0.414237
0.583319
0.155557
0.248035
0.554605
0.285754
-1.17918
-0.280285
-0.700972
-0.0714454
0.254208
0.389099
-1.44216
0.840989
-0.793738
0.820545
0.215905
0.599411
-0.205202
-0.944968
0.155334
0.772137
0.576034
-1.03294
-1.39119
0.529374
-0.199234
0.546891
0.451439
0.00284341
-0.328559
-1.38803
0.731021
-0.372717
-0.533463
-0.555593
0.379186
-0.199417
0.120233
-0.374666
-0.72248
0.287396
0.451623
-1.59318
-0.0652887
1.32999
-0.496907
-0.876956
-0.5831
0.74432
-0.721348
-0.00596609
0.308035
0.141277
0.329428
-0.19595
0.210042
0.954151
-0.431959
0.361816
1.17291
0.545059
1.13397
-0.198031
-0.97439
0.19399
0.987859
0.911481
1.23432
1.17642
0.315901
-1.09748
0.620289
-0.211413
0.455796
0.509448
-0.274625
0.0658687
0.0320178
0.719282
-0.95781
0.0589218
-0.847334
0.50115
-0.245539
-0.693758
0.148551
0.188532
0.928834
-0.34159
-0.563529
0.961503
-0.82097
0.938229
-0.673989
1.49039
-0.589717
-1.22001
-0.205327
-0.235222
0.543958
0.589778
-0.00766588
0.0355387
-0.260192
-0.577943
0.221023
-1.00711
-0.147153
1.08994
-0.210426
0.148022
-1.66785
0.0809055
0.3817
0.658853
-0.239656
-0.182501
-0.403033
-0.903423
0.500524
-1.95676
-1.121
0.350781
-0.460793
0.170639
-1.2019
-0.557918
0.567468
0.773631
-0.486377
-0.0831532
0.182436
-0.680928
-0.510777
0.0175481
0.262353
-1.08295
-0.892935
-0.822564
-0.0701292
1.15694
0.0820074
0.425491
-0.186005
0.526279
1.47039
-0.360593
-0.236519
-0.0285715
0.771517
-0.91072
0.422698
-0.537685
-0.0455447
0.832836
-1.21789
-0.616001
-0.0152346
0.202844
-0.634747
-0.285784
-0.78245
-1.76229
-1.07941
-0.584073
0.731382
0.292654
0.224717
-0.398256
0.795894
0.165179
0.730923
-0.628727
-0.394101
-0.345949
-0.0315456
-1.02375
0.252918
-1.17354
-0.371916
0.134136
-0.643425
0.203813
-0.849094
-0.641547
0.678388
0.32196
1.4491
0.736205
-0.224596
-0.831229
0.0299527
-0.886744
-1.12619
-0.378738
0.435086
-0.806096
0.83724
1.72259
-0.912425
0.236637
-0.0616115
-0.0985613
1.16564
0.157012
1.37084
0.541399
-0.862656
0.177869
-0.5213
1.85735
0.768487
0.141285
1.03623
0.205656
-0.769683
0.806007
0.29668
0.0570875
-0.73496
0.197302
-0.127814
0.934279
0.681067
-1.23021
0.283776
-0.759377
0.256151
-0.133563
-0.510261
-0.810233
-0.102816
1.59605
1.44455
-0.5511
0.421251
-0.386967
0.0264222
0.134637
-1.12944
0.0388881
0.311346
0.0265155
-0.0959619
0.375862
0.943635
0.905096
-1.64089
0.957189
0.478953
-0.0648094
0.193668
0.831362
0.433007
0.494222
-1.38041
-0.807314
-1.06089
-0.464269
-0.0878232
0.000127037
-0.440931
-0.0177881
0.175162
1.02366
-1.86299
-0.127637
0.0320302
-0.220408
-0.286522
0.0965524
0.354977
-0.180795
0.315351
0.241376
-0.0219879
0.43031
0.130504
-0.314766
0.609496
0.613801
-0.460192
0.0791665
-0.51059
0.978355
0.314295
-0.323118
-0.42808
1.17761
1.55167
0.176156
0.0100784
-0.124686
0.33791
-0.0764377
-0.589751
1.05204
-0.988711
0.313608
0.203118
0.00383443
-0.763142
0.195458
-1.03453
0.830099
-0.985405
0.383263
-1.22562
0.900165
-1.57063
-1.9172
-0.523512
0.937804
-0.189509
-0.555734
-0.334769
0.339817
0.40685
-0.191952
0.495426
1.12266
0.302902
-0.240719
-0.930472
-0.394228
-0.0842435
1.11003
0.446285
0.647884
-0.272305
0.723226
-0.354519
-0.784057
-0.645488
-1.2284
1.18208
-1.51491
-0.283384
0.717983
-0.965723
0.822403
-0.30962
0.928045
0.326657
-0.378767
-0.401529
-0.912333
0.319993
0.559782
-0.00847513
0.458459
-0.300074
0.482473
0.395112
0.18566
0.228866
1.26206
0.272544
1.00651
-0.0614386
0.894581
-0.410263
0.509521
0.17738
0.0780559
0.699541
1.09528
-0.483242
-0.425054
-0.801532
-0.293668
0.538314
0.174175
-0.231903
0.431232
-0.343562
-2.37957
0.944457
-0.0880143
0.102615
0.742084
-0.998884
-0.731041
-1.77071
0.391193
-1.24903
-0.434616
-0.666507
0.0407468
-0.395716
0.0893961
0.947492
0.585992
-0.358884
0.167001
0.560712
-0.346936
0.102867
0.230567
-0.254359
-0.241886
1.15284
-0.539083
-0.718371
-0.404023
-0.799755
0.799624
-0.317939
0.878221
0.479944
0.57336
0.780428
0.855292
0.322141
0.801945
-0.845052
-0.475737
-0.740884
0.866497
1.22349
1.11704
0.1779
0.361097
0.508695
0.173164
0.408188
0.0737402
-0.782279
-0.0107819
-0.175805
-0.622531
0.624488
0.318405
-0.201062
0.0274178
0.436264
-0.210816
0.521903
0.169859
0.251687
-0.426309
-0.789044
-0.587031
0.022093
0.223316
-0.405447
-0.234641
0.727234
-0.41323
-0.575042
0.259479
-0.348773
0.930604
1.30339
-0.686649
-0.062089
-1.09242
0.0103558
-0.991051
-0.258689
0.00855241
-0.505947
-0.890271
0.237672
-0.211878
-0.423312
-0.963152
-1.00426
-1.05293
-1.02535
-0.174713
0.772631
-0.477701
0.569784
0.265074
0.204036
1.10289
0.448717
-1.52592
0.197207
1.80051
0.714589
-0.0166893
-1.51966
-0.210468
0.0971447
-1.30846
0.538591
0.32264
0.986275
0.0965429
-0.58308
-0.0650129
-0.0661191
1.16085
-0.108358
0.676676
1.04561
0.062973
-0.578485
0.0670572
0.530715
0.681476
0.837832
-0.479142
-0.43102
1.07451
0.734735
0.603196
-1.62751
-0.999976
-0.339182
0.140328
0.0418567
-0.425132
-1.25668
0.227974
-1.06231
-0.493029
-0.723099
-0.593687
-0.322169
0.26537
0.933793
0.697079
0.0814527
0.261527
-0.0260123
-0.0184214
0.244861
1.19745
-0.643819
-0.222176
-0.3931
-0.220894
0.957448
0.0707162
0.220945
0.859762
-0.111712
-0.558687
0.293567
-1.07153
0.0421782
-0.102557
-1.13596
0.651149
-0.582129
-1.64347
0.892353
-0.581209
-0.430549
0.847788
-0.232516
1.41603
0.960744
0.694336
-1.48984
-0.297297
0.621578
-0.750125
0.464322
-0.146567
-0.594148
-0.653437
1.52978
0.190356
0.00811814
0.393137
0.500735
0.176819
-0.370611
-0.522998
0.122944
0.864461
0.196506
-0.791919
0.229629
-0.427237
-0.986539
1.15042
0.342528
1.59915
-0.584884
-0.0319079
-0.0720915
-0.425479
1.69629
-0.420033
0.499163
0.37473
0.177846
-1.09722
0.205675
0.698869
1.17664
-0.352748
0.607274
0.226533
1.02697
0.592569
-1.40522
-1.17203
-0.373785
-0.341748
-1.21724
-0.0196018
-0.194017
-0.373378
-0.0966283
0.573861
-0.981072
-0.139773
0.756818
-0.793056
-0.000560727
-0.942421
-0.52041
1.39384
0.419667
-0.850868
0.629571
1.25368
0.478617
1.11198
0.868121
-0.805239
-0.216919
1.33162
0.326466
0.295014
-0.376382
1.18258
0.470729
-0.836662
-0.281025
-0.162546
-0.614437
0.799309
-0.71098
0.905376
-0.403615
0.442381
-0.742248
-0.658336
-1.67956
-0.649884
-0.274308
-0.180818
0.497664
0.362652
0.866023
-0.594846
-0.259414
0.0491197
0.59302
1.08289
0.550599
-0.668535
-0.786897
0.178172
0.0931925
0.468108
0.697565
-0.0701857
1.28926
1.69028
-0.365836
0.499369
-0.106325
1.05731
-0.376496
0.220352
-0.596967
-0.300614
-1.46671
-0.204213
-0.583378
0.79984
-0.840387
0.716023
1.09102
-0.087014
1.11293
-0.0492337
0.954603
0.227617
-0.229405
-0.338481
-1.63137
-0.54068
0.296541
-1.21696
0.687255
-0.37421
-0.692145
-0.180526
0.733962
0.184946
-0.33624
-0.743276
0.215428
0.202539
-0.468821
0.422676
0.269686
-0.187888
-0.84377
0.2346
0.0270523
-1.34225
-0.467999
-1.31829
0.123325
-0.837162
-0.293109
0.941534
0.273876
-0.847944
-0.634587
-0.980236
-0.849747
-0.317481
0.427451
0.227533
-0.258026
-0.303541
-0.904062
0.766048
0.643559
0.801816
0.468909
-1.54233
0.418747
-0.0500408
-0.58885
1.30142
-0.289988
-1.8195
-0.0687568
0.363914
-1.34454
-0.0988869
0.647735
0.532738
-0.499091
0.850824
0.0548081
0.252567
-0.845379
-0.0923574
0.31879
-0.671664
0.474783
0.438265
-0.656776
-0.00695921
0.17252
-0.752609
-0.45726
-0.17849
-0.437685
-0.827047
-0.394684
0.132553
0.564712
0.373518
-0.376103
0.448517
-0.539053
0.399945
1.55582
-0.0751066
-0.0609474
-0.641499
-0.683748
-0.451925
-0.151906
0.144049
-0.622193
-1.27554
0.947951
0.547717
0.537388
0.63252
1.07197
-0.260363
0.708109
0.297024
0.411815
1.75111
-0.152571
-0.805108
0.733242
-0.113047
-1.83133
0.0157458
0.219058
-0.564497
-0.495903
0.768517
0.112626
-0.395057
0.604127
0.3491
0.0557643
0.16474
0.913015
0.786756
1.07137
1.75948
0.0832479
1.81527
-0.671346
0.674355
0.384812
0.309274
0.0885855
-0.859515
-0.371546
-0.100863
0.385923
-0.718982
0.676021
-0.234756
0.265905
-0.0486633
-0.610401
-0.146476
0.53416
-1.49991
-0.350378
-0.173271
-0.623634
-0.768356
0.206258
-0.154333
-0.446063
-0.123981
2.37547
-0.713671
0.337246
-0.784224
-0.379277
-0.516602
-0.133865
-0.0458087
0.175079
-0.656129
-0.179713
-0.439678
1.05535
0.0996907
-0.772455
-0.720593
-0.147131
-0.277387
-0.350007
-0.290204
-0.314194
-0.314838
-0.0432069
-0.977925
-0.64141
-2.4415
-0.343345
-0.916829
0.369899
-0.943756
0.522298
0.879403
-0.763481
-0.803033
-0.424438
0.378593
0.008559
-1.67467
0.816086
-0.647173
0.820219
-0.314698
-0.373102
1.3064
-0.830347
-0.214653
0.81174
-1.22103
-0.171154
0.967039
0.647188
0.554918
0.737037
-0.00387407
0.0526568
0.758663
-0.0644546
-0.292006
-0.861083
-0.916824
-0.399926
-0.328717
0.747338
0.832708
0.206494
-0.630013
-0.518043
-1.08677
-1.76055
-0.0948566
0.474669
1.05091
-0.749711
-0.68934
0.263899
0.121406
0.708819
-0.48716
0.336789
0.30656
-0.48454
-0.158475
-0.761052
1.43568
0.656166
-0.80401
-1.27966
-0.434087
0.961965
-1.00495
0.720736
-1.47631
-1.40977
-0.426747
0.596855
0.523194
0.794593
0.350771
-0.0800079
1.16115
0.29617
-0.24557
-1.20891
-0.366398
0.245826
0.373934
-0.102146
0.514274
1.23297
-0.284389
-0.594859
-0.340268
-0.440518
0.261931
-0.831939
-0.250356
-0.203303
-0.420244
0.30752
0.89542
-0.490665
0.993963
0.858843
-0.290891
-0.00447878
-1.55297
1.27575
0.305162
1.05276
-1.39674
0.190767
-0.0801196
-0.597253
-0.889108
-1.06983
-0.70504
0.793872
-0.732468
-0.758346
-0.0112852
0.146095
0.134965
0.350686
0.314604
0.560523
-0.974596
0.0961215
-0.279866
-1.10584
-0.487505
-0.374624
0.722244
-0.293385
0.42902
-0.392634
-0.202323
0.129055
-0.489832
0.207035
-0.309865
0.970819
1.87976
0.332967
0.215484
-0.504286
-0.335912
-0.89165
-1.22659
0.170249
0.981801
0.925123
-0.722272
-0.0869958
-0.826902
0.214712
1.17271
-0.497226
-0.671441
-0.637275
-0.0704446
0.930828
-0.856335
0.229985
-0.890058
-0.711756
-0.0744294
-0.319205
-0.11345
-0.850875
0.345218
0.202543
0.577089
0.577585
-0.276115
0.405382
-0.74756
-0.603845
0.0724447
0.0176193
0.508594
-1.72351
0.00204979
0.705901
-0.584481
-0.7477
0.853381
-0.504232
0.391593
0.987564
-0.38305
0.683184
1.36885
0.405572
-1.18558
-0.0882433
0.804962
0.336324
-0.0865062
-0.975036
-1.40674
-0.723883
-0.409908
0.601969
-0.384667
0.132739
0.184439
0.483563
0.263351
0.424664
-0.407656
-0.0715383
0.0757088
0.8902
-0.382008
-0.563724
1.2292
0.522991
-0.031767
0.519487
0.69418
-0.117983
0.592684
0.730753
0.0143602
1.04117
-0.86179
0.0582636
-0.838044
-0.810132
0.257599
0.0877087
0.286583
0.105383
0.616874
-0.955575
0.747784
0.603198
0.955989
-0.456872
1.011
0.731789
0.589148
-0.894989
-1.20256
0.174083
-0.3638
0.187086
0.240954
0.222083
0.710588
1.07059
-1.28187
1.12957
-0.794873
-1.06465
1.24456
-0.664509
0.702023
0.30477
-0.898966
0.669171
0.644165
0.0658961
0.501318
-0.315735
-0.514439
-0.635909
0.0419786
0.158441
0.753557
0.869525
0.479116
0.173159
-0.272905
-0.147433
-0.150696
1.80299
0.419138
-0.913151
-0.149463
0.266315
-0.935963
-0.352942
-0.622553
-0.513248
-0.494482
-1.04463
0.0748428
1.17894
0.249733
-0.717886
-1.10783
-1.19171
0.334405
0.834088
0.0539682
-0.112708
-0.588408
-0.0140118
0.577777
-0.625432
-0.306852
-0.690206
1.20743
-0.614797
-0.969294
-0.792175
-0.195715
-0.258337
0.391973
-0.299316
0.757727
-0.595181
0.667599
-0.392564
1.09433
0.453697
0.416435
0.397029
-0.661293
-0.214117
-0.239714
0.414875
1.2625
0.456095
1.3666
-0.816682
0.875967
-0.409019
-0.109489
0.114528
1.79315
-1.09897
-0.843838
0.84513
-1.27836
-0.043506
0.806387
-0.791467
0.203237
0.30275
-0.631635
0.540194
0.0186783
-0.580104
-2.2318
-0.266883
1.09568
-0.431497
0.260269
1.17887
0.996005
-0.828427
0.102285
0.333594
-0.314463
0.651577
-0.410279
-0.267346
-1.84483
0.649981
-1.02705
0.00693712
0.117537
-0.981501
-0.40922
0.411394
0.766868
-0.273606
-0.0678628
-0.357515
-1.17813
-0.23544
1.37904
-0.0584238
-1.23846
0.867412
-0.341205
-0.677211
1.38617
0.754528
-0.150257
-0.973372
0.37232
-0.195282
-0.486286
0.272771
-0.785062
-1.2115
-0.300378
-0.147937
-0.256991
-1.06637
-0.110362
-0.222339
-0.804119
0.30377
-0.535515
0.14648
0.201774
-1.37716
1.17802
0.653416
0.155184
0.37108
-0.291349
0.17467
0.532542
-0.353686
-0.290688
-0.711986
0.719583
0.435094
1.02983
-0.38396
0.764967
-0.303381
-0.169553
0.42026
-0.292972
-1.06766
-0.817532
0.422915
0.216663
0.928145
0.0822328
-0.333442
0.0835101
1.06546
-1.73446
-1.08844
-0.816674
-0.0646617
0.526573
-1.2373
1.05129
-0.607548
1.28658
0.340493
0.559039
0.411496
-0.475589
-0.406926
-0.691096
0.861988
-0.137023
1.20352
1.22036
0.186039
-0.783214
0.0122164
0.647254
0.255044
-0.909841
-1.86315
-0.895527
-0.0468669
0.191407
-0.16703
-0.631487
-0.260319
0.00573823
-0.69259
-0.993877
-0.43941
0.374045
1.28824
0.893185
0.871371
0.604894
-0.112368
0.0744085
0.25746
0.361562
-0.277142
0.446577
1.5667
0.893084
1.07327
0.0535182
-0.660006
-0.629257
0.255011
-0.437004
1.15194
1.25077
-0.71173
0.475074
-0.492001
0.84441
-0.890393
0.561737
0.30534
-0.308889
-1.48652
-0.80648
0.84596
-0.124559
1.12552
-1.01236
-0.145752
0.327181
0.625456
-0.94124
1.01732
1.2313
-0.997433
-0.350777
-0.925967
0.45243
0.256617
0.494452
1.13239
0.554143
0.67351
-0.0404831
0.886961
-0.252248
0.728647
-0.225272
0.696777
0.266481
0.294673
0.442935
-0.557249
-0.118796
1.20047
-0.843503
-0.0628863
-0.188803
-1.41004
-0.22141
0.81848
-0.0696432
-0.509461
-0.0840327
0.278132
0.632393
-0.351954
-0.388704
0.778694
0.428306
-0.506642
0.350014
-1.85906
-0.148767
-0.247945
-0.384253
-0.602545
-0.549726
1.48598
-0.959916
-0.122997
-0.195725
-0.209279
-0.45057
0.0689292
-0.130397
-0.642845
0.200985
-0.0345021
1.31012
0.622638
-1.5192
-0.188177
-0.445989
-0.156562
-0.21399
0.474716
-0.754172
-0.702991
-0.14263
0.404768
0.557767
0.205485
1.0413
-1.26702
0.79458
0.0466415
0.379314
-0.313799
-1.22085
-0.456022
0.275482
-1.19601
1.4665
0.117059
-0.0739884
-0.697421
-0.680553
-1.12999
-0.855373
1.37063
-0.653179
-0.110942
0.366258
-0.0817845
-0.52029
0.738842
1.46809
-1.10562
1.06918
-0.427776
-0.681975
0.285306
0.637901
0.570882
0.335419
0.346476
-0.464109
0.806765
-0.392735
0.158768
0.555442
-0.459966
0.749181
0.568794
-0.429687
-0.558106
0.527347
0.723837
-1.20195
0.483989
-0.0986092
-2.05575
1.33837
-0.230892
0.584293
0.242884
1.02821
-1.54875
-0.174463
-0.203476
1.18373
0.0418788
0.484317
-0.173936
-0.289349
0.0214536
0.386558
0.0824802
0.445814
-0.942001
-0.0290267
0.466887
-1.14429
1.03604
0.19189
0.298514
-0.33284
0.235354
0.577776
1.18907
-0.281422
0.437684
0.431598
-1.3469
0.324501
0.632778
0.135926
0.14951
-0.190572
-0.180921
-0.273793
-0.134686
0.814588
-0.52098
0.217149
1.41
-0.751297
-1.15045
-0.584017
0.580073
-0.644508
-0.314044
-0.111939
0.359
-0.116464
-0.0696506
1.20193
-1.4957
-0.495532
1.50522
-0.463768
-0.016886
0.306258
0.808349
0.314584
-0.023192
-0.529117
-0.501862
1.36645
0.834332
1.47218
-0.233874
1.17117
-0.23622
0.594817
-0.0494693
0.0199074
0.187105
0.978783
1.27566
-0.721929
-1.33044
0.356753
-0.729057
-0.44671
0.209687
1.14514
0.369152
0.326933
1.02433
0.553668
1.41108
1.0368
-1.37749
-0.939917
-1.30574
1.11278
1.10177
0.919599
-0.83489
1.05739
0.525829
-1.09396
-0.561491
-0.125885
-0.0528902
0.118738
-0.242006
-0.0721777
-1.3704
-0.887228
-0.274207
1.09397
0.175931
0.134878
-0.207726
0.141733
-0.739945
0.025661
-0.454857
0.894578
-0.724512
-1.27546
0.329197
-0.201046
-0.4545
0.651759
1.39234
0.482222
-0.0753868
1.1442
1.12161
0.279524
-0.26918
-0.413357
-0.22327
0.112432
0.724135
0.179903
-0.0723816
0.3599
-0.396333
-0.123553
-1.07539
-0.0105512
0.819738
0.401524
0.552451
1.06457
0.659225
-0.506945
0.251391
0.336263
0.325569
-0.601879
0.289474
0.146764
-0.0721637
-0.182793
0.262571
-1.49092
0.838944
-0.196843
0.0862909
0.285242
0.922809
-0.0814059
-0.282001
0.846218
-0.425051
1.00297
0.599729
0.252868
-0.27026
-0.263434
-0.623078
1.22265
1.09087
0.600279
-1.14348
-1.262
-1.11708
-0.936106
1.05856
0.720413
-0.742987
0.620219
-0.387545
-0.908592
-0.0641032
-0.477084
0.353553
-0.13917
0.00901769
-1.1711
0.341245
-0.225622
-1.70026
-0.442332
-1.48538
0.487993
-0.622409
0.363222
1.72662
0.477632
0.246672
0.525764
-0.0770005
-0.208137
0.187557
-0.413927
-0.691225
-0.935852
-0.200079
-0.190041
-0.341132
-0.319319
-0.893969
-0.639999
-0.341854
0.227577
-0.590564
-0.783515
0.143943
0.0550774
0.332308
0.389005
0.216583
-0.880498
0.931961
0.459116
1.61046
-0.428966
-1.49127
0.158663
-0.110853
-1.19006
0.679391
-1.11531
0.770299
-0.936429
0.201106
0.512382
-0.720927
-0.448307
1.18776
0.067848
-0.400413
0.519474
0.331533
0.166718
1.18876
1.53763
0.849477
-1.14801
-1.04197
-0.00763204
0.62608
0.255556
0.0419768
-0.66595
-0.212315
-0.1585
-0.685202
0.172056
-0.267972
0.883456
-0.100566
0.174207
-1.40696
0.0370791
-0.020986
0.747623
-0.00818158
-0.315523
0.197517
-0.518042
-0.755018
-0.396077
-0.84442
-0.82695
0.458446
0.0628382
0.557328
-0.341216
-0.174795
-1.02272
-0.242888
0.324351
0.0633477
-0.172645
1.21418
-0.604964
-0.12281
-0.122922
-0.800731
1.44631
0.179499
0.547286
-0.415748
0.0243729
1.27512
0.407383
0.298691
-0.3623
0.216151
0.263897
-0.0930063
-0.41049
-0.309662
0.0958964
-0.24464
-0.269092
-0.368393
0.257378
0.961788
-1.29819
0.419781
-0.726162
-0.699398
1.01706
-1.10361
0.508216
-0.0245124
-0.927614
0.39161
0.660653
-0.0961638
-0.0845779
0.241054
-0.84749
1.07992
-0.0327426
-1.90046
0.54982
-0.22818
0.148965
-0.402556
0.519807
0.212901
0.366456
-0.17104
0.477221
0.958156
-0.772612
0.416153
-0.430772
1.56255
-0.575722
1.02962
0.80845
0.0680774
0.0345883
-0.579814
0.925104
-1.07668
-0.784225
-0.894337
0.492335
1.19018
-0.290967
-0.426859
-0.13026
-0.568153
0.17427
0.0283961
0.279907
-0.0987492
-0.108307
0.295419
0.180259
0.359909
0.746207
0.53943
-1.7536
-0.292833
-1.74506
-0.0495626
0.32436
-0.114096
-0.380381
0.0163938
-0.251438
1.7781
-1.0763
0.138104
-0.0203398
0.0246187
0.483543
-0.35886
-0.241491
-1.10663
-0.0496358
0.153851
-0.495373
-0.122159
-1.04008
0.441525
1.02024
0.454098
0.591891
0.13006
-0.834599
-0.595352
-0.0289701
-0.512941
-0.259761
-0.593073
0.0244893
-0.231404
-0.133295
0.552735
-0.706861
-0.660311
0.483055
0.317801
0.148248
0.944408
-1.31818
-0.168546
0.334702
0.503216
-0.376168
-0.4806
0.397665
-0.891331
-0.614096
-0.232088
-0.580311
-1.00358
0.041766
-0.522539
0.105867
-0.21967
-0.317806
-0.80845
0.791434
-0.642606
-0.654476
0.369172
-0.214859
-0.956407
0.165437
-0.236802
1.36377
0.481907
-0.517534
-0.31153
0.0109269
0.0866472
0.37295
-0.619514
0.377972
0.202726
-0.459252
0.819808
-0.0642338
0.135193
-1.21634
-0.447457
1.15094
0.60072
0.404127
0.824112
0.348486
1.29885
-0.981805
-0.0819996
-1.01344
-1.61854
0.303014
-0.557312
-0.731543
0.769987
-0.0447608
-0.365868
-0.659342
1.21449
-0.0328175
-0.0776692
0.269901
1.11227
1.12385
-0.300485
-1.14486
-0.757656
1.00816
-0.25942
-1.03919
-0.514164
-0.877958
0.533622
0.249839
-0.498615
-0.0875282
0.45995
0.0658611
-0.96394
-0.163991
0.282562
-0.508768
-1.09077
0.551299
0.397019
-0.490748
0.0523849
0.00488144
-0.70205
-0.573859
0.586594
-0.995855
-0.00655414
0.203771
-0.173697
-1.02556
-0.0278364
0.497522
0.554754
-0.89419
0.285532
-0.399935
0.0328033
0.00529286
-0.669387
-0.467895
-0.5676
0.842879
-0.862499
0.928548
-0.583073
0.865972
0.0017498
-0.45285
-0.0111619
0.113805
-1.16778
-0.147077
0.0154154
0.612501
-0.194162
2.33865
0.698247
-1.47602
0.521705
0.533552
0.190381
-0.057731
-0.519001
-0.617669
-0.590008
-0.468816
0.590739
0.817414
-0.236719
1.02811
-0.34948
0.327193
0.824316
-0.148679
0.418384
0.641758
-0.0676403
-0.144227
-0.0235114
-0.0365112
-0.0336334
-1.27501
0.287778
-1.46261
-0.309066
-0.310951
-0.667393
-0.548247
0.123282
0.558374
0.584676
-0.432016
0.00758841
0.900108
1.02332
-0.0216518
-0.811219
-0.802939
-0.69922
0.845217
-0.531856
-0.661934
-0.35288
-0.500327
1.57704
0.525619
-0.286262
1.41253
-0.523734
0.590993
-0.327865
-0.0746942
-1.72495
0.309052
-0.0273395
1.24824
-0.249953
-0.0440337
-0.293124
-0.330772
1.29401
-1.20842
0.376278
-1.51476
-0.641978
-0.245748
0.583106
0.660267
-1.27459
-0.190856
-0.0754441
0.546788
0.725691
-0.618425
0.313163
0.297504
-0.422325
-0.822952
-0.184974
-0.981553
0.443826
-1.2548
0.72622
0.262492
0.949218
-1.14692
-0.878297
0.32096
0.080839
1.41247
-0.332043
-0.0146704
0.10559
-0.678423
0.274529
0.317391
0.222985
1.13945
-0.172137
0.336084
-1.502
0.190618
-0.0704358
0.957108
-1.02734
0.161205
0.164083
0.0854578
-0.717564
-0.601754
-0.222273
-0.228988
0.897953
0.566868
-0.301922
0.631092
0.761385
-0.281195
1.34263
-0.0283374
0.49546
-1.34462
-0.0296582
-0.937323
-0.0873494
0.0422427
-1.6947
1.16026
0.179846
-0.643811
-0.124039
-0.484174
-1.07796
-0.0264568
-0.0336982
-0.392662
0.468918
-0.763667
-0.230549
-0.294913
1.20963
-1.3886
0.0709064
0.0304104
-0.218605
-0.448766
-0.584713
-0.412992
0.37478
0.726505
-0.817469
1.07917
0.576843
0.502617
-0.217397
0.27884
-0.374074
-0.861623
-0.679752
-0.0151364
0.0947823
-0.716152
-0.132199
-0.198516
-0.274046
1.0724
0.719098
0.655034
-0.35434
-0.125493
0.60542
0.289929
-0.373238
-1.40663
0.991331
-0.513408
0.436692
-0.506367
0.461158
-0.468577
-0.389011
0.279297
1.03077
0.0973683
0.547005
0.360154
1.21111
-0.316169
0.676063
0.565047
0.0776669
-0.776853
0.348707
1.08324
-0.860914
-0.727679
-0.419983
1.75882
-1.1234
1.10456
-0.00709003
0.308534
-1.02688
0.147175
0.628442
-1.53371
-0.444159
0.162267
-0.988967
0.575772
1.35612
-0.417621
-1.42297
-0.153325
0.905648
-0.576469
-1.08947
-0.673614
-0.154736
-0.267785
1.69958
-0.86258
-0.163234
-0.259771
0.626123
0.178781
-0.685005
0.313264
0.0819208
-0.627342
-0.688884
0.526981
0.914247
-0.473238
-1.12992
-0.427236
-0.592399
0.240145
-0.677438
-0.10262
0.800268
0.768469
0.470468
0.340479
-0.153959
1.10202
0.174062
0.209286
1.28952
0.547669
-0.189677
-0.1867
0.0946626
0.368889
-1.18666
-0.761039
-0.290932
1.14796
0.29591
-0.0717143
-0.792263
-0.649229
0.404745
1.09113
0.84815
0.583595
-1.15939
-0.537457
-0.206964
-1.06629
-0.986156
0.220908
0.356759
-0.336113
-1.11228
-0.451538
0.548613
0.207247
0.146387
1.04397
-0.307386
-0.83224
2.24101
0.809991
-1.1671
0.624991
-0.137485
-0.534826
0.0113244
-0.583736
0.492334
0.317396
-0.351945
0.711782
-0.853525
-0.903393
-0.00564333
0.518294
0.859285
0.663764
-0.398473
0.0204715
-0.121652
0.433444
-1.03708
-0.108694
-0.193125
-0.0081006
0.676477
0.701591
0.436897
-0.429618
0.31663
-0.92436
-0.0249015
-0.133597
-0.768495
-1.2278
0.244419
1.1561
-0.552615
-0.38536
0.000609029
-0.565137
-0.602299
-0.737987
-0.180059
0.434448
-0.672096
0.90749
1.35217
0.580332
-0.902555
1.24905
-0.0772431
-0.495291
-0.0385981
0.247192
0.145107
-1.05379
0.207012
1.11927
-0.450804
0.489088
-0.343813
-0.117093
2.63789
-0.391429
-0.142716
-0.433664
0.138921
0.201146
0.831687
0.068873
0.759271
0.0497297
0.919725
0.0905472
0.236547
-0.191522
-0.460386
-0.014606
0.20437
0.0749879
-0.644434
-0.517268
1.14422
-0.20175
-0.401951
-0.551072
0.460645
-0.00829019
-0.332015
-0.00311801
0.82769
0.664531
0.000221205
0.215731
-0.08112
0.00516845
-1.5034
-0.196736
-0.167531
-1.27072
-0.637818
0.766307
1.44705
-0.331424
-0.465857
-0.517911
1.39017
-0.706548
-0.338964
-0.728009
0.579263
-0.595244
-0.677174
-0.181569
-0.534771
0.556322
-0.0468088
-0.234806
0.767713
-0.27321
-0.604838
0.305953
0.819057
0.591389
-0.423542
0.22703
0.155398
1.17341
-0.00589009
-0.347912
0.54107
-0.205054
0.555083
0.177775
-0.579451
0.523455
-0.23264
0.390709
0.552067
1.26016
-0.906209
1.14766
-0.664929
-0.146048
0.579475
-0.0402634
-0.966206
-0.285905
-0.300001
-1.06989
-0.526202
-0.26458
0.199845
0.494838
1.04524
-0.94535
0.713029
0.63418
-0.588233
-0.773785
-0.000230198
-0.277567
-0.749855
-1.66545
0.348537
-0.828359
-0.620825
-0.331935
-0.444761
0.695841
-0.0939181
-1.0811
0.104849
0.567159
-0.514661
0.177906
-0.822774
0.625152
0.0634897
0.356339
-1.5047
-0.319962
-1.41597
-0.151562
0.464248
-0.793085
0.470218
0.216024
0.0698257
-0.806568
-0.14763
-0.618667
-0.248255
-0.0137375
0.540559
-0.148804
0.336932
0.0743546
-0.00975598
0.26552
0.502805
-0.229386
-1.18034
0.210054
-1.33186
1.04385
-0.773158
-0.192808
-0.569203
-0.119563
-0.675574
-0.286335
0.299776
-0.335216
0.276593
0.386821
1.22374
0.667562
-0.675476
0.598673
0.524972
2.0319
0.434618
0.108736
0.492113
-0.527682
0.596905
0.436559
0.296235
0.657142
0.432931
-1.54458
0.151758
0.416262
0.660339
2.54052
0.722804
1.0535
0.66697
0.306299
0.748573
0.457176
-0.716108
0.240427
-0.128225
-0.760442
-1.41443
-0.42247
0.338986
-0.548136
1.08738
-0.719724
0.493618
-0.540926
-1.07622
0.955726
0.616573
-0.510376
-0.691567
0.514044
-0.738284
0.660697
0.733279
-0.783304
0.696937
-0.413362
0.439514
0.0934563
-0.146871
0.0164828
0.782364
1.06638
0.187992
-0.0675892
-0.741757
-0.673078
-0.0850727
0.0970155
-0.445527
1.07873
1.32725
0.24931
-1.31306
0.846911
0.662678
-0.128532
0.373294
1.16021
0.622483
-0.728942
0.0649467
0.182953
0.11373
-0.378735
-0.414291
-0.177261
0.503037
0.137553
-1.87929
-0.246933
-0.268005
-0.506801
-0.617673
-1.32984
-0.385306
-0.454447
0.619335
-1.69633
0.483562
0.00965381
-0.300101
-0.0354609
-0.138524
-0.999238
-0.3317
-1.28263
-0.152345
0.970494
0.536505
-0.815234
1.17965
0.0318345
-0.697279
-0.560554
0.173144
-0.437082
0.585292
-0.364551
-1.34296
-0.625066
-0.453429
-0.167524
-0.136681
-0.404638
0.0202778
-0.945113
0.314619
-0.983732
-0.905168
0.613682
-0.128819
-0.300629
0.417703
-0.566228
-0.036199
0.482702
0.540786
-0.270073
0.473263
-0.142478
0.933224
0.80219
-0.990509
-0.253294
-0.107239
-0.438013
1.25416
-0.592453
0.613485
-0.770687
-0.292304
-0.355762
-0.0146936
0.456582
-0.0155185
0.138732
-0.970812
0.991295
0.724536
0.286511
-0.791345
0.299958
-0.434034
-0.597387
0.370536
0.182898
-0.646212
-0.649927
0.307844
-0.556706
0.728746
1.11333
-0.190787
0.139124
-0.156523
0.244161
1.73933
-0.787918
-0.497968
-0.238808
-0.358949
0.125841
-0.244272
-0.0331342
0.250477
1.42594
0.303912
-0.0983056
-0.302353
0.306241
0.605079
-1.09288
-0.522405
1.16011
1.30903
-1.35246
-0.1159
-0.456826
-0.505122
0.21289
2.17708
0.903266
1.50431
-0.664462
-0.498067
-0.433612
-0.15541
-0.229684
-0.836753
-0.0429989
0.377823
-0.399294
-0.110118
0.13864
-0.0809568
0.266983
0.463587
-0.212226
0.0940777
0.212716
0.346647
0.476582
-1.23365
-1.23203
7.83129e-05
-0.435152
-0.016015
1.71858
-0.229306
0.551294
-0.422823
-0.562501
1.03821
-0.00384783
0.804119
0.337273
-1.03517
-0.0247167
-0.162881
-0.612198
-0.0491861
-0.00431077
1.13476
-0.671847
-0.25816
-1.29663
1.40032
-0.623722
-0.311563
1.47509
-0.437893
0.858447
-0.00854513
-0.614269
0.748459
-0.389468
0.440032
0.235239
0.506366
-0.0979535
-0.138657
0.0942059
0.17376
0.745635
-0.0484423
-2.03287
-0.966464
0.15089
0.386141
0.37047
-1.00194
-0.330259
-0.204786
0.131733
0.598493
-0.0261695
0.203916
-0.782706
-0.579478
0.0974982
0.516333
1.20284
-0.0971772
0.890256
1.00566
0.760847
0.387663
-0.400541
0.233238
-0.198754
0.499898
1.4609
-0.0408144
0.792216
0.448533
-0.614076
-0.267085
0.537682
-0.193537
-0.656651
-1.88068
-0.536248
-0.588717
0.386264
-0.162392
0.681929
0.737684
0.812646
-0.0524549
-0.183772
-1.54226
-0.0512885
0.171169
1.4311
-0.464979
-0.223053
1.61259
-0.104933
-0.916663
-0.731608
0.645947
-1.54206
-0.468194
2.03588
0.16449
0.790212
1.22125
0.561767
-0.547997
0.835852
0.19312
-1.22979
-0.158727
-0.788139
-0.25382
-1.25956
0.771363
0.264955
-1.66078
-0.119417
-1.26961
1.05021
-0.372559
-0.871025
-0.286538
0.220484
0.928637
-0.631558
-0.822363
0.204054
0.00117676
-0.216606
-1.11257
0.589776
-1.1895
-0.24824
-0.415166
1.34927
0.458817
0.522748
-0.279711
-0.78743
-0.0868529
-0.196608
-0.607579
-1.48567
-0.119693
1.43842
-0.400797
-0.0406467
0.853645
-1.65857
0.963531
0.205713
1.37759
-0.143893
-0.702197
1.06137
-0.201448
0.126081
0.813761
0.334851
0.415646
0.899552
-0.0179698
-0.341437
0.295513
0.0792622
-0.834364
-0.189337
1.06726
-0.272229
-0.475816
0.263773
1.62075
0.125394
0.295697
-0.308954
0.962699
-0.429299
0.208347
-0.193507
-0.533099
0.194855
-0.676726
-0.330062
-0.345088
-1.44955
-0.313388
-0.305934
-0.275882
0.295972
0.582877
0.815302
-0.405898
0.945609
1.21123
0.104043
-1.48218
-0.569205
-0.816197
-0.204057
0.452879
0.994916
-0.45205
-0.7762
0.293446
-0.976927
-0.149673
-1.15432
0.412352
-1.10102
-0.466556
-0.286865
0.757226
-0.0481915
0.0131262
0.553045
-0.631639
0.0128688
0.626175
0.327058
0.192156
-0.0617842
-0.19498
-0.417911
0.477585
0.739169
0.598109
0.48301
0.526357
-0.689546
0.754294
-0.489495
0.542329
0.0364209
0.490054
0.879912
-0.73702
-0.199377
0.364151
-0.820231
-0.832993
-0.676534
0.12922
-0.752887
0.395888
0.359718
0.301299
0.316993
0.432012
-0.803318
-0.168315
0.394414
-0.520582
0.156095
-0.456421
0.147272
-0.267207
-1.21163
0.455625
0.340422
-0.558477
-0.480219
0.0664794
0.920611
0.2001
0.435352
-0.29321
0.871494
-0.140027
-0.210519
1.05078
0.240865
-0.0325334
-0.689985
-0.706823
0.194926
0.175329
0.226122
0.819567
-0.0730923
-1.78529
0.455003
-0.132777
0.833626
-0.0399418
0.911349
-0.869107
-0.00918176
1.1702
-0.166319
1.34834
-0.945209
1.02748
-0.284733
-0.618226
0.433131
0.446322
0.768661
0.377861
-0.154669
0.0576218
0.562593
0.896633
1.8388
0.0633319
0.220882
-1.18629
-1.70771
0.147691
-0.990424
-0.941651
-0.0844081
-1.11297
-0.50526
0.757168
-0.936855
-1.06996
0.273902
0.177978
1.12359
-0.970385
0.161355
-0.32475
0.114697
0.542684
-0.690277
-1.41176
-0.214671
0.33775
1.63099
0.91313
0.0494956
1.22283
0.870425
0.779448
1.06001
0.354451
-0.599463
0.387807
-0.295638
1.58132
0.164472
-0.0648614
0.797038
0.211546
0.330767
-0.0773755
0.0370821
0.353771
-1.01364
0.157979
0.380943
0.753426
0.70759
-0.931702
-1.53444
-0.165724
-0.120998
-0.108081
0.505615
-0.289853
0.386744
0.525839
-0.70039
0.704199
0.712155
-0.448934
-0.0778645
-0.709128
0.492506
0.893428
-0.828442
0.119809
0.215487
1.53777
-1.51069
-0.528913
0.615074
-0.988319
-0.407561
-0.292001
0.142228
-0.957325
-0.632365
-0.380075
0.0465481
0.813503
0.12173
0.186367
-0.0384301
0.912074
-1.0182
0.829341
0.31538
0.0270396
-0.712729
0.0420192
0.416981
1.19065
0.27327
-0.486806
0.314062
0.547021
0.507077
1.02164
1.2621
-0.265408
1.14224
-0.589121
-0.373207
1.18478
-1.15199
0.364726
-1.57879
0.319944
-0.0457559
-1.34176
1.19581
0.159675
-1.4521
0.426593
-0.175598
0.594886
-0.794904
-0.102131
0.0573823
0.350123
0.224151
0.162044
-1.82146
-0.0490271
-0.670891
0.271854
0.085152
0.184407
0.631842
0.016084
0.660991
-1.01263
0.500542
-0.459767
1.00199
0.683761
0.250161
-1.40818
0.0262073
1.5554
-0.126526
0.425504
0.780632
0.479747
-0.660667
-1.15813
0.217916
-0.133561
0.826467
0.261429
-0.862736
-0.83817
0.844583
0.157125
-0.209051
1.00689
0.307336
-0.0471891
-1.0722
-0.256559
-0.0745997
0.524175
-0.0265542
0.461674
0.101269
-1.20243
-0.130637
0.190397
-1.07305
-0.88957
-1.1207
-0.345531
-0.249502
-0.0982484
0.508366
-1.25808
0.501312
-0.46547
0.942678
-0.459758
0.670971
-0.282809
-0.180714
0.158871
0.60852
-0.969498
1.62043
-0.130564
0.692517
0.914229
0.132533
-0.426532
-0.0531857
0.329078
-0.60755
0.542814
1.58975
-0.491433
-0.245566
-1.00278
-0.196104
0.196648
-0.407665
-0.861462
0.313781
1.13536
-0.603045
-0.189059
-0.513581
-0.741533
-0.0801869
0.575664
0.747536
-0.0404761
-0.171527
-1.0381
0.916834
-0.294557
0.314907
0.382304
0.716446
-0.324422
0.813901
0.882405
0.777968
0.0577582
-0.849066
0.55205
-0.839051
-0.49833
1.31271
1.15266
1.40465
-0.555276
0.737325
-0.728192
-0.267841
0.298293
-0.0772097
-1.17329
-0.263839
0.853407
-1.05967
1.5088
0.331865
-0.237787
-0.626996
1.4173
-1.20228
-0.0525527
0.092565
-0.223104
-0.784632
-0.682102
0.586028
-0.193139
-0.420346
-1.01045
1.93163
1.01045
-1.1249
0.00582979
0.223452
0.764825
0.133258
-0.195352
0.104822
0.183975
1.788
-0.530855
-0.438766
0.711449
1.04002
-0.254433
-0.616143
0.161951
-0.41654
-0.81411
0.574611
-0.656156
1.70623
-0.49013
-0.296328
-0.673367
0.77239
0.162966
0.542919
1.22805
0.47689
0.496824
-0.731879
-0.310767
-1.67548
-0.297248
-0.276869
0.69283
-0.149291
-0.110159
-1.02937
0.107179
-0.403936
-0.414649
-0.00469765
0.564996
-0.699686
0.330813
-1.1517
-1.69707
1.04959
-0.353894
-0.405877
-0.0914988
0.338443
-0.0921144
-0.745279
-0.164581
-0.235817
0.899525
0.565008
-2.00439
1.05159
-0.56386
-0.554181
-0.749153
-0.674856
0.295686
0.229782
1.44912
-0.735134
-0.333247
-0.401848
-1.02324
-0.940432
-0.12153
-0.765679
0.093551
-0.514953
-0.090035
0.491637
0.500112
-0.189786
-0.974556
-0.303196
0.943315
0.397802
-0.571965
-0.711945
0.288861
-0.57353
0.0707789
-0.663427
-0.689929
-0.27656
0.540495
0.00690138
-0.603311
0.899987
-0.598189
-1.35452
0.574253
1.11435
1.0133
-1.42102
0.51704
-0.0620786
0.907919
0.442123
-0.147392
0.320307
-0.608542
0.535636
-0.619976
-0.13403
0.531242
0.104138
-0.649298
1.63014
0.704572
0.897363
0.144523
-0.107882
-0.225995
-0.886195
-0.788742
-0.252425
0.516215
0.764715
-0.958336
-0.247271
0.0706767
0.0989498
-1.36259
0.600317
-0.332435
-1.33844
-0.251117
1.4455
1.79355
-0.269685
-0.113794
-0.171302
0.469059
0.1172
0.13636
0.540451
0.0796345
-0.133771
-0.779966
0.959865
-0.216035
0.299453
-0.323945
0.733742
-0.874487
-0.645863
-0.335169
0.0768746
-0.587036
-0.16135
-1.51032
0.195523
-1.16768
0.465956
-2.19851
-0.921989
-0.2799
-0.411938
-0.287595
-0.533619
0.427183
0.127964
-0.466184
0.952621
-0.934101
0.366059
-0.791335
1.18177
-0.127847
0.178603
-1.61795
-0.178148
0.581708
-0.211394
0.0856199
-0.615449
0.982084
-0.202553
-0.291138
1.30834
-0.0805477
0.190216
-0.449085
-0.511649
-0.393848
-1.05934
0.719853
-0.76499
1.04188
0.306267
0.331178
-0.797107
2.09051
0.00275886
-0.0275976
0.255106
-0.742425
-0.104265
-0.927907
-0.473626
0.0643043
-0.840394
-0.703411
0.882234
0.0855954
-0.495015
-0.487078
-0.0139988
-0.78411
0.368226
1.32747
0.608008
-0.897614
0.673555
0.169801
-0.917836
0.19012
-0.346928
-0.587892
1.39308
-0.726478
-0.164538
0.223938
0.485956
1.83392
0.7361
1.00864
0.726877
-0.311395
0.798383
-0.952285
1.49366
-0.365293
0.746921
-0.0898861
-0.164231
0.524639
-1.27695
0.417641
-1.34512
-1.00689
0.107326
-0.0887636
0.01146
0.00752025
-1.11686
-0.00938662
0.369362
0.236501
-0.317745
-0.683573
-1.11198
0.703039
-0.429847
0.311424
0.10488
-0.262971
-0.222596
0.298739
-0.115996
-0.55222
0.289943
-0.0995495
0.488456
-0.230767
0.612027
-0.00238734
0.775135
-0.423112
0.270467
1.23162
0.07181
0.168766
0.688924
-0.0808383
-0.180531
0.537127
-0.505222
-0.000181413
-0.691728
0.513757
-0.50745
0.276428
0.542098
1.06643
0.0192522
0.470068
-0.0698787
0.307846
0.175551
0.414096
0.379968
-0.215255
-0.310212
-1.41002
0.790995
0.898315
0.854454
-0.570338
-0.921791
0.0478183
-0.489553
0.355472
0.360739
-0.338092
1.31025
-1.04239
0.20968
0.281457
-0.0674763
1.28257
-0.789758
0.0958765
-0.967621
-0.031735
0.877219
-1.63139
0.71356
-0.46837
0.507132
-0.216658
1.18913
-0.0324867
-0.425192
0.763712
0.655659
-0.453945
-0.68308
-0.546939
-0.686925
1.25156
-0.708746
-0.382714
-0.257194
-0.392788
0.102549
0.351644
-0.593643
-0.154122
-0.0557077
-0.393752
0.0751876
0.0844943
1.05372
1.23606
-0.0779767
-1.19619
1.81437
0.85733
0.120897
-1.08145
-0.302499
-0.769979
-1.6094
-0.972698
-0.23481
-0.274835
-0.569418
-0.726924
-0.545887
0.0136559
0.065641
-0.134936
-0.685219
-0.354572
-1.16649
0.313144
0.643803
-0.888625
-0.0867984
-0.59082
-0.822956
0.730594
1.16098
-1.77026
0.670517
-0.710431
-0.174992
0.833589
-0.603239
-0.779962
0.0578052
-1.10891
0.380833
0.843582
0.908705
0.523991
-0.0942143
1.09495
1.09457
0.244882
0.427985
-1.21562
-0.750857
-0.845182
0.242568
0.45813
0.40832
0.327753
-1.73793
-0.717793
0.186885
0.0170292
0.45853
0.750113
-0.450169
0.884528
1.25614
0.432037
-0.447415
-0.989984
-1.61149
0.886665
-0.046532
0.0433658
0.142466
-1.99795
-0.125321
0.00597288
-0.856689
0.555557
0.416742
0.946777
0.143973
0.954645
-0.240179
0.480665
0.184879
-0.567035
-1.0359
0.598109
1.14417
-0.0593882
0.0991364
2.0272
0.383939
0.94496
-0.456488
-0.12739
0.552974
1.59252
0.0697944
1.45591
-1.29689
0.601587
-0.235625
-0.417365
-0.255721
-0.381215
-0.604983
-0.0550705
-0.808019
-0.703199
0.714279
-0.383612
-0.059362
0.10212
-0.462701
-0.0113139
-1.32881
-0.507371
-1.33414
0.232479
-0.675467
-0.312476
-0.215814
0.521626
-0.0744036
-0.367382
-0.423588
0.618963
0.0366422
0.201903
-0.545691
0.249772
0.147838
0.365723
-1.09053
-0.282487
0.578049
-0.233662
0.272359
0.289353
0.0809747
0.067906
-0.506319
0.134671
0.210609
-0.502613
-0.0841192
-0.256289
1.73128
0.377226
0.0252277
-1.65453
0.273186
0.664523
-0.157169
0.166832
-1.03191
0.50057
-0.289024
0.799941
0.872319
-0.365634
-0.368771
0.422953
0.331835
-0.0537267
-0.258084
-0.425761
0.96909
-0.447657
-0.514368
-1.26883
0.241679
0.291709
0.571551
-0.691137
0.238458
-0.30148
0.386997
0.0137234
0.517468
-0.295707
1.33156
0.0546377
0.610177
0.557307
0.293713
0.67885
0.720255
0.601071
-0.0298647
-0.686152
0.558569
0.570989
-1.17236
-0.19237
1.22136
-0.580315
-0.425745
-0.999339
-0.137733
0.523863
-0.413213
0.118186
0.0323553
0.226002
-0.220341
0.633597
0.724445
0.0840769
-0.237623
-0.143622
-0.0752049
-0.395652
0.0716439
-0.203522
-0.161051
0.337263
0.393254
1.36157
0.878364
0.413425
-0.486913
-1.32183
0.302781
-0.164298
-0.088116
-0.786175
0.572129
0.254301
1.66636
0.126581
0.41228
-1.27357
0.595664
-0.769989
0.155789
-0.891072
0.486609
-1.04034
-0.67376
2.04969
0.0147764
0.373753
0.200781
0.0186184
-0.0948235
0.641537
1.46625
0.524138
-0.443997
1.57711
0.845408
-0.394475
-0.323208
0.408203
-0.0327865
-0.226164
0.0082757
-0.815557
0.480827
0.230001
-0.0939055
-0.235247
-0.318514
0.750481
-1.29953
0.704381
0.61125
-0.80723
-0.00222794
0.251396
-0.414519
0.166576
0.0160126
-0.739402
-1.19972
-0.502201
1.29572
-0.297188
-0.335514
0.690889
-0.893857
-0.890368
-0.321955
0.0880248
-1.03714
0.787319
-0.0434434
-0.821936
0.0649907
-0.6352
1.06355
-0.307685
-0.494524
0.253598
-0.423499
0.68318
0.760653
1.05147
0.473461
0.247996
-0.542857
1.00798
0.420143
0.108721
-0.00928422
-0.166593
-0.461209
-1.33927
-2.33582
0.321756
0.483239
1.0572
-1.10492
0.258913
-0.274876
0.165341
0.584194
0.512432
-0.486426
-0.806243
-0.664934
-0.16049
0.0400662
-0.0635045
-0.29271
-0.00695872
-0.486336
-0.147247
0.0603493
0.175498
0.0873833
-0.313258
-0.0618485
1.20255
0.228539
0.434065
-0.578721
0.391295
0.232503
-0.229668
0.404856
-0.93222
0.32898
0.085509
-0.487024
1.41133
0.167053
0.204423
-0.0345569
1.34573
-0.753232
0.0177646
-0.165561
1.10352
1.45054
-0.634842
-1.18243
0.250454
1.05071
0.0132378
-0.170289
0.108941
0.927745
1.32952
0.60279
-0.133414
-0.109764
-1.43816
0.826887
-0.63723
-1.61566
-0.347182
-1.27573
-0.350764
0.0549339
-0.816752
0.811615
-0.135744
0.864574
-0.3187
0.187241
0.867258
-0.197869
0.810369
-0.685767
-1.37247
-0.207447
0.327404
-0.039944
-0.204654
0.336997
0.940812
0.615973
0.0412955
0.100305
0.0711255
-0.703052
0.613493
1.28996
0.873019
0.0760264
-0.426681
0.368241
-0.0381897
0.465831
1.33045
0.129372
-0.764622
-0.650299
-0.0137329
0.226153
-0.392796
-0.898344
-0.68966
0.632129
-0.203959
0.228592
-0.380686
0.65606
0.677754
1.03239
-0.675541
-0.204541
0.767014
0.0879502
-0.100648
0.823288
0.834089
-0.686084
-0.278097
-0.606944
0.199507
-0.32295
-0.226409
-0.398103
-0.330926
-0.118887
0.58257
-0.825961
0.26918
1.0257
0.974682
-0.343512
-0.657984
-0.454547
-0.803653
-0.87864
-0.597029
0.373637
-0.127789
1.80908
-0.0774539
1.04038
0.748958
0.320492
0.796247
-1.13021
0.661121
-0.343209
1.27912
0.216959
0.829057
2.57359
0.122907
-0.103526
-0.944427
0.737929
1.3166
1.25983
0.580847
-0.476532
-1.12917
-0.562044
0.681575
1.43673
0.5798
0.0710072
0.406663
-0.0634617
0.349234
0.842924
0.606046
0.561187
0.0287427
0.0509524
0.352633
0.486376
0.508862
-1.12738
0.472192
-0.581904
-1.43381
-0.701239
-1.30008
0.101472
-0.296704
-1.26303
0.387384
0.136177
0.0218801
-0.498708
-0.243883
0.110421
0.0439451
-0.12002
0.0352084
0.241064
0.164849
-0.153783
0.337706
0.547404
-1.10717
0.164005
0.942026
-0.703127
1.04807
-0.259653
0.505064
-0.221595
1.76778
-0.0868479
-1.30802
-0.34051
0.0911497
-0.592794
-0.764868
-0.135635
0.1704
1.12138
0.586834
0.423252
0.79323
-0.0757219
0.557737
-1.17127
-0.481358
0.567822
1.22978
-0.483237
0.259733
-0.172726
-0.226125
-0.246718
-0.80869
-0.207888
-0.8821
0.131708
0.328412
0.579761
-0.525927
-0.201184
-0.6395
0.643004
-0.208328
-0.961233
0.036626
0.681401
0.106243
-0.00588871
0.259564
-0.676668
-0.480802
-1.12408
-1.18807
-0.685206
-0.933596
0.359985
-0.478905
0.287661
0.329965
0.172624
-0.182511
-0.337401
-0.237935
-0.422253
0.0925398
0.409698
-0.496147
0.252212
-0.519186
0.882789
0.910011
0.871019
-1.56528
0.345062
0.167715
-1.19463
0.744115
-1.11931
0.522272
0.996721
-0.114045
-0.110123
0.911944
0.343129
-0.827089
-0.15306
0.300126
0.399129
-0.488305
1.09013
0.709994
-0.685385
-0.220064
0.195542
-0.0318004
-0.257419
-0.717159
-0.242412
0.167603
-0.839158
-1.37335
0.778389
-0.501607
0.828132
1.16186
-0.0678336
-0.0726043
0.454246
-0.121097
-0.468226
0.335875
0.103142
0.287848
0.196878
-0.350079
0.667199
0.783189
-1.73158
-0.113681
-1.25004
0.685895
0.694108
-1.27346
0.316
0.674696
-0.388494
-1.41994
1.39774
-0.182204
0.163896
0.372819
-0.44517
0.330497
-1.02652
-1.4243
0.114982
0.120843
0.487566
-0.234768
0.475549
-0.518391
-1.58948
0.296884
-0.419894
1.59155
-0.418122
-0.744436
0.400363
-0.926382
-0.614358
-1.59941
-2.45604
0.290938
0.616252
0.776698
0.303737
0.97037
0.638726
0.531544
-0.481902
0.014035
-0.285373
-0.438619
0.464257
-0.208439
-0.224019
0.752255
-0.864673
0.269373
-0.0873783
0.710487
-0.916186
-0.648685
-0.516826
-0.923465
-0.198454
0.50039
-0.970995
0.434239
-1.49464
-0.399334
0.295059
0.548445
0.534198
0.288247
0.360684
0.607122
-0.135948
-1.54429
-0.898251
0.465637
-0.19985
-0.359645
-0.587172
0.895768
0.488975
0.423776
0.214852
0.212272
0.387784
-0.273657
-0.575314
0.518507
-0.404521
1.05208
0.861803
0.258473
-1.18617
0.652218
0.847081
-0.135346
-0.26428
-0.67448
-0.37899
0.685955
0.671891
0.971672
-0.0950537
0.324131
0.464476
0.40744
0.149176
2.34981
0.966197
0.666123
-1.17579
-0.284638
-0.131885
0.177898
0.730076
-0.182161
0.186141
-0.512205
-0.05378
0.225357
1.31781
-0.0831928
-1.23559
0.331146
-1.09942
0.277791
0.899576
1.53197
-1.16708
0.760279
-0.474493
0.0882997
0.00949067
-0.351062
-0.504526
0.659405
1.12484
0.790894
0.218316
0.570346
0.0487617
0.515284
0.77826
0.529005
-0.629131
1.18036
0.318233
-0.207015
-0.504497
0.0799068
-0.316224
0.84216
-0.249185
0.636092
1.25881
0.674007
0.0716243
1.04936
-0.326863
0.598397
-0.0104918
-1.35934
-0.332125
0.368126
0.685155
0.107922
0.238122
0.222533
-0.602041
0.674204
-1.83491
-0.485841
0.173366
-0.709126
-0.375748
-0.267661
-0.15958
0.668119
1.05475
-0.769916
0.825704
-0.5018
0.301053
0.27197
0.783891
-0.718586
-0.290382
-0.602279
-1.28879
-0.89832
0.603779
0.593277
-0.625619
-0.597762
-1.25629
1.27393
0.390357
-0.441546
-0.939435
-0.113909
-0.253142
-0.461507
-1.45181
1.23141
-0.938149
1.9881
-0.449466
0.102479
-0.278148
-0.971707
0.794083
0.15768
0.141909
-0.516119
1.08912
-0.336324
-0.436816
-0.052836
0.251046
-0.336637
-0.174238
0.778453
0.628022
0.232814
1.67132
-0.63843
0.957382
0.776872
-0.080215
-0.505005
0.61456
0.245385
0.35126
-0.390233
-0.644956
-0.127464
0.700639
0.575419
-0.749533
0.56204
0.86743
-0.62497
0.373524
0.186252
-0.140809
-0.797217
0.647728
-0.829115
0.774284
-0.965662
-0.1644
0.848755
-0.454367
-0.11539
0.258557
0.973429
-0.347001
-0.644631
-0.0308358
2.11794
-0.358979
0.995537
-0.113392
1.05609
-0.458237
0.450275
-0.506663
-0.814839
0.0021045
0.34002
1.96359
-0.882793
-1.14885
-0.163558
0.0127288
0.512513
-0.396939
-0.725218
0.841643
0.163549
-1.1587
-0.433064
-0.858218
-0.234656
0.0797292
-0.244459
-0.0220385
-0.299912
1.20312
0.559056
0.471304
0.213201
1.43163
0.0152703
0.547658
-1.05286
0.647998
-0.396813
0.367505
1.05813
0.502436
-0.0820311
0.407225
-1.08743
0.314796
-0.165474
-0.292871
0.729677
-0.121197
0.101128
0.0938808
0.689422
-0.818021
-0.899706
0.965608
0.614264
0.35485
0.0893412
0.430895
-0.700149
0.275287
-0.327345
-1.31655
-1.35636
-0.599209
-0.82773
-0.219814
-0.300741
-0.314758
-0.0909962
0.123913
1.30311
0.580902
0.80151
0.42273
0.0114355
0.513013
-0.390864
-0.858705
0.684246
0.925016
-0.427853
0.922679
-0.459419
0.11013
-0.156881
-0.049119
0.330921
-0.182543
-0.744867
0.432833
0.669898
-1.09981
-1.18783
-0.469403
-0.863256
0.143089
-0.461973
-0.189947
-0.945316
0.317424
-0.432542
0.3572
1.25939
-0.953602
-0.281325
0.164453
0.694476
-0.117787
1.64021
0.85724
0.830683
-0.632244
0.468943
0.106229
-0.177865
-0.987805
0.329401
-1.76894
-0.164939
0.0725701
0.821131
0.769907
0.901324
-1.47794
0.0526853
-0.590487
-1.12086
1.32691
-1.41963
-0.31288
1.06759
-0.337095
-0.387945
-1.51496
0.508356
0.258083
1.20909
0.456777
1.30563
-0.07455
-0.33594
0.068888
0.316609
-0.819528
-0.712717
-1.35859
-0.560594
1.09238
-0.303148
-0.00383882
0.00355952
-0.375228
-0.229922
0.153599
0.018859
-0.176414
-0.613405
0.823915
0.0814188
0.81291
0.712748
0.459822
-1.02879
0.960677
-0.0522731
0.651208
1.04754
0.222873
0.0541804
0.795954
-1.36086
-1.11857
0.00567303
0.201121
-0.34908
-0.43457
-0.326485
-0.254841
-1.77827
-0.0755814
0.25349
0.00874494
0.675247
-1.03581
0.144107
-0.0360317
1.36132
0.350546
0.436914
0.107609
0.977061
0.755914
0.542974
-1.00013
0.664056
-0.449045
0.558629
0.128639
0.00933486
0.260952
0.831099
-0.282476
0.406482
-1.01096
0.943782
-1.63161
-0.551138
-0.53566
-0.956398
1.32522
0.913149
0.742502
0.0539081
0.472759
-0.401277
-1.20656
0.272973
0.187281
0.403083
-0.14003
0.567645
-0.0441409
-0.756836
-0.224506
-0.243599
-0.166823
-0.504414
0.0617013
-1.68916
0.228117
0.33487
-0.503429
0.476192
0.815054
0.480288
0.672996
-0.353125
0.00601282
-1.24729
0.208232
0.250271
-0.283653
0.863056
-0.83476
-0.0925861
0.697421
1.1705
-0.832186
-0.00945862
-1.21912
-0.17696
-0.617591
-1.19172
0.221153
0.349804
-0.121922
-0.267069
-0.279216
0.504013
-0.866347
0.397816
-0.327553
1.0414
-0.0484544
-0.300384
0.681701
-0.626515
-0.271147
0.675708
0.0899828
-0.122207
-0.811471
-0.793644
1.40498
-0.324031
0.97216
0.673485
0.0327257
0.501494
-0.285145
0.493521
-1.74608
-0.605912
0.340319
0.174047
-0.726737
-0.18917
0.145618
0.98965
-0.289658
-0.460095
0.392058
-0.237769
-1.223
0.440015
-0.138622
0.0348259
-0.12998
-0.426679
-0.507637
-0.247375
0.411198
-1.02287
0.283316
-0.719926
-0.737158
1.15094
-0.878568
-0.0210035
0.0156964
0.99978
-0.741555
0.107549
0.063584
0.170615
-0.759551
0.471334
-0.00221353
0.187432
-0.124078
0.295274
-0.636696
0.846091
-0.381957
-1.70083
-1.50264
0.213461
-0.148157
0.345175
-0.82498
-1.18946
1.09015
-0.825928
-0.140874
0.712346
0.942022
0.222994
-0.279196
-0.372662
0.726538
0.139672
-1.30953
-0.482474
-0.924084
-0.484266
-0.169177
0.125332
-1.09054
0.680955
0.469114
-0.952278
-0.437399
0.442815
0.438162
-0.77175
0.480507
0.0619929
-0.240076
1.33944
-0.879449
0.209388
-1.08665
0.849479
0.826417
-1.44859
-0.893912
0.14973
1.46869
0.678204
0.52604
0.442915
0.0649898
0.00395126
1.16371
-0.371478
2.13097
-0.404068
-0.46036
-0.352541
-1.25782
0.0415599
-0.927901
0.8225
0.0319956
0.960903
-1.07061
-1.39486
-1.08501
0.769959
-0.563116
0.584799
-0.351789
0.756592
-1.28429
-0.200882
0.19761
-0.572862
-0.82599
0.097533
-0.00368337
1.94282
-0.00848923
-0.259615
-0.674836
-0.316978
-0.625171
0.263114
0.763773
-0.233687
-0.290911
-1.5608
-0.226866
1.26762
-0.844263
0.158424
0.00355355
-0.636873
-0.975886
-0.110881
-0.159377
-0.20655
-0.927587
0.0437503
0.0917899
0.597942
-0.638805
-0.51378
-0.412415
-0.167347
0.284376
-0.815055
-0.437268
1.28238
1.00464
-0.558865
-0.25289
0.331433
-0.148113
0.754957
0.697074
0.804625
-0.694655
1.39921
-0.000322321
0.351432
0.0536479
0.917635
0.0903711
-0.14603
-0.0144502
0.00897965
1.26001
-0.197626
-0.883481
-0.376219
0.540063
0.272064
-1.06123
0.369128
0.526812
0.000655943
1.15128
0.363916
-0.30358
-0.896211
0.212651
1.61134
-1.1561
0.461196
0.780678
0.426894
-0.0703507
0.283805
2.00387
-0.551782
1.29834
-0.0347217
0.558178
0.181442
-0.261913
-0.600656
-0.858823
0.013964
0.455535
-1.05222
0.367677
0.807473
-0.408642
1.20281
0.244137
0.270388
-1.82053
-0.484876
0.276084
0.937326
0.740529
0.276973
-0.880124
0.102906
-0.88801
-0.924284
0.593055
0.497093
1.78279
0.394803
0.261153
-0.501284
-0.768112
0.683275
1.37116
-1.37984
1.18666
-0.291871
-0.210471
0.291182
0.182335
-0.265746
-0.573139
0.10902
0.422798
0.883125
1.26392
1.16463
-0.291095
-1.1443
0.678215
-0.10933
0.725325
0.543878
0.0757013
0.80641
-1.49833
-1.3061
-0.899769
0.0767629
0.879121
-1.01031
0.944319
-0.73345
-0.109395
-0.18176
0.706045
0.137682
0.305075
1.43854
0.259142
0.673746
-0.270426
-0.448709
1.10448
-0.425941
-0.607661
0.801115
-0.0473165
-0.575013
-0.358228
-0.653215
1.27725
1.69931
-0.896411
-0.701326
-0.254531
0.967079
-0.148211
-0.290008
0.86949
0.0360036
-0.382154
1.96102
0.36557
-0.169774
-0.799741
1.70756
0.0784131
-0.532102
0.670146
-0.388435
-0.51714
-0.138135
1.03038
-0.159147
-0.241035
0.255901
0.445527
-0.863369
-0.91876
0.645631
-0.628981
0.353252
0.222835
-0.0906849
0.373905
-1.01223
0.379044
0.54324
0.1949
-0.0209006
-0.240401
-0.117978
-1.59036
0.582129
0.358736
-0.283792
-0.480474
-0.187113
-1.08825
1.0494
-0.124928
-0.476778
-0.604655
0.408522
-0.94253
-0.372792
0.382456
1.21045
-0.463546
0.668856
-0.525173
0.308305
0.0422413
-0.0528671
0.0319888
-0.550841
0.130276
-0.387278
-1.43756
-1.02976
-0.786442
-0.0946536
0.0199216
-0.00106119
0.198657
0.227264
-0.0546944
0.0769803
-0.436659
0.710073
0.346283
0.134151
-0.722811
-0.203318
-0.401464
0.946618
0.87164
0.466886
-0.129724
-0.932815
0.0338787
0.318216
-0.356858
-0.204936
0.104201
0.0600036
0.361911
0.575088
-0.971947
-0.209402
0.0795636
0.105223
1.33294
0.457966
-0.164753
0.551388
0.414014
0.0998183
0.28126
-0.675907
0.0603506
0.332712
0.359164
-0.962344
-0.29831
0.287282
0.559034
-1.11024
-0.718983
0.252055
0.0733987
-0.061048
0.327219
1.10793
-0.829563
-0.516978
1.51177
0.0665289
-0.0849937
-0.379478
0.266016
-1.38773
0.750132
0.56165
0.665946
-0.431062
-0.472094
-1.3043
0.853085
0.34269
0.772728
0.109089
-0.785439
1.22656
-0.564426
-0.190998
1.0026
-0.74553
0.581511
-0.0938441
0.202773
-0.320058
-0.703015
-0.00984323
0.210359
-0.376758
0.220334
0.598412
-0.410422
1.09826
-0.391538
0.944056
0.171897
0.855161
0.899369
0.686778
0.290233
-1.31088
0.373659
-0.801723
0.720112
0.438756
0.167183
-0.0419656
-0.00651735
-0.368117
0.901496
-0.102868
0.71943
0.171235
-0.593588
0.272763
0.360962
0.593284
1.03065
-0.978378
-0.861915
0.433571
0.480353
0.221823
1.30902
-0.440575
0.298069
0.961747
1.27157
-0.147261
-1.11509
-0.199085
0.568113
-1.14346
1.64608
1.3118
-0.672531
-0.772236
-0.816863
0.17317
0.611761
-0.43435
-0.362436
-0.750448
1.29189
-0.139105
0.167565
0.0734937
1.43473
-0.318148
-0.0681936
-0.319216
1.04534
-2.2673
-0.0434904
0.576892
-0.0333977
0.991768
-0.162809
-0.624861
0.0139455
-0.905451
0.925872
0.104886
0.361837
0.927587
-0.0753257
0.523503
0.811599
0.499932
-0.326371
-0.239436
1.44251
-0.028217
0.133882
0.86164
0.536692
-0.460693
-0.479064
-0.206526
0.462189
-1.05128
-0.899216
0.193498
-0.594403
-0.836578
-0.424535
-0.488646
0.106965
0.185913
0.707424
-0.316197
-0.116204
-0.76906
0.376856
0.894429
0.168548
-0.143507
-0.68275
-0.662207
-1.48631
0.362314
-0.306284
-0.407729
1.08682
0.258882
-1.34909
0.107737
0.106678
0.72681
1.62384
-0.960387
-0.0240568
0.54202
0.268108
1.92454
-0.196337
0.772451
0.0665579
-0.600349
0.274942
-0.328437
0.964525
-0.0147121
0.57674
-0.261841
0.0196695
0.108475
-0.604707
0.481988
0.328053
-0.29342
-0.480284
0.413092
1.48594
0.123464
1.49834
-0.703862
-0.13465
0.513004
-0.257828
1.81197
0.537343
1.76598
-0.0965105
0.0826983
0.14716
-0.401413
-0.708111
0.198946
-0.379008
-0.77355
0.0534568
0.691133
-0.761792
-0.60225
0.307345
0.330874
0.246704
-0.282553
-1.61017
-0.130848
0.551123
-1.28153
0.460164
0.314619
-0.632283
0.151231
0.810758
-0.609855
-0.428883
0.437679
-0.184955
0.074866
-0.321888
-0.839546
-0.923617
-0.145601
1.11267
0.619967
-0.0727386
-0.569052
-0.0462537
-0.437085
0.368106
0.690214
0.0458528
1.32435
0.684748
0.487828
-0.253623
0.382765
0.286067
1.30337
0.0473457
-0.668514
0.260595
-0.360377
1.31436
0.272911
-0.776572
0.477196
1.31787
0.374045
0.10566
0.687051
0.538201
0.224654
0.394337
0.46334
0.388533
-0.534221
0.850101
-0.54486
-0.536782
1.04271
-0.637534
0.0876832
1.2938
-0.274167
-0.853723
-0.196187
-1.05226
-0.133138
-1.1752
-0.111785
0.544565
-0.301257
-0.497217
0.410828
1.94729
0.642648
0.237703
-0.0289064
-0.107016
-0.23402
0.0243201
-0.83298
-0.540251
0.566486
-1.25405
-0.316202
0.463036
-0.408525
0.162686
-1.16574
1.05088
-1.04164
0.222024
0.385304
-0.435305
1.79238
1.74085
-0.0209172
-1.18396
-1.00388
-0.551642
0.389477
0.151452
0.133239
-1.06599
-0.262202
-0.562391
0.461798
-0.529703
-0.477648
0.714105
0.747275
0.680467
-0.221664
-0.701305
0.584616
1.09168
-0.530781
2.06653
-1.87262
0.524686
-0.0528089
0.811273
0.858534
0.0885359
0.22361
-0.00191387
0.0304277
0.785992
1.06111
-0.559376
-0.636195
1.02724
0.840622
-0.245815
1.78694
0.140218
-0.9942
-0.350626
0.720883
-1.21536
0.151747
-0.187296
0.865083
-1.37057
-0.697709
0.396085
0.028938
0.395807
-1.22016
-1.11699
0.400785
1.72245
0.719554
-0.87873
-0.546384
0.664044
0.649401
-0.378645
-1.12164
-0.947843
0.357663
0.127266
-1.25377
1.59397
-0.328068
0.418129
-0.091293
-0.442307
0.7529
-0.0804794
0.73266
0.389319
-0.613893
0.89843
0.572819
-0.224495
0.298862
-0.683153
0.478798
0.273367
0.0684848
0.391033
-0.237224
0.780117
0.256739
0.803983
-0.408205
-0.552572
-0.401508
-0.421623
-0.0130161
0.841699
-0.269036
-0.259529
0.0610856
0.800134
0.753287
-1.31638
0.0509629
-0.439551
-0.842095
-1.12006
0.907983
-1.35451
0.100846
-0.216579
-0.810713
0.0983494
1.25238
0.621013
0.593411
-0.775636
-1.6184
-0.340618
0.823802
-0.989608
0.210383
0.801648
0.321242
-0.738729
-1.02461
-1.40594
-0.869111
-2.2175
1.09016
0.582615
-0.0833425
0.0051996
-0.00345152
-0.0439356
-0.624465
-0.814901
-0.183846
0.664788
0.840153
1.4624
-0.59811
0.939697
0.629671
0.736133
0.129116
-0.923274
-0.889902
-1.20016
0.0487667
0.817531
0.793844
-0.605525
-0.776877
1.07634
-0.412306
0.414618
0.437869
0.226629
0.265605
-0.696288
-0.972959
-0.276659
-0.33123
0.663925
0.937475
1.33129
0.0225727
-1.44373
0.0793092
-0.0132388
-1.17776
0.178498
0.414138
-0.868669
0.474231
0.213501
1.92117
0.297114
-0.0310569
0.624811
-0.363043
-1.16448
-1.82673
-0.00188658
-0.432186
-0.384622
-0.228499
0.372575
0.176545
-0.135284
0.853883
0.251343
-0.0382844
0.576317
0.849085
-0.559075
-0.128791
-0.310397
-0.291533
0.729484
-0.541256
-0.289497
0.236049
0.448829
0.263643
1.81986
0.0643068
0.472299
0.752253
0.24594
0.343043
0.0921502
0.00275627
0.649041
0.44438
-1.2463
0.470566
-1.15451
0.291944
1.00937
0.914923
-0.282547
-0.231059
-0.341513
0.103343
-0.5985
-0.590278
0.255055
-0.409753
1.45087
-0.90602
0.919143
-0.0712728
-0.589198
-0.566839
0.406972
0.702111
-0.235627
-1.12176
0.395701
-1.0462
-1.11959
0.983539
-0.0120364
-0.362367
-1.08399
-0.900363
-0.771207
0.549697
-0.596623
-0.0673732
-0.25854
-0.485981
0.0249219
-0.0842184
0.226686
0.0362848
0.0870152
0.198331
-0.863204
0.880389
-0.399332
0.354774
0.636348
0.146598
-1.82663
0.187457
-0.209348
0.068098
-0.889081
0.303443
-0.619317
0.669673
-0.779395
-0.627997
-0.29819
0.0338408
-0.6965
-0.48182
-0.37317
-0.438053
0.80076
1.44503
0.190262
0.232534
-1.44165
0.611204
0.469079
-0.355098
-0.552818
1.02722
-0.573275
0.137563
0.550767
-0.277177
-0.474259
0.127184
0.380443
0.603148
0.33215
0.783128
1.06895
-0.137831
0.311147
0.537289
0.491334
-1.26531
-0.0603444
-0.327146
0.923043
-0.110156
-0.56238
-0.595846
0.840315
0.194089
-0.672039
-1.12509
0.205287
0.0698389
1.22356
-0.0579208
-0.466511
-0.276626
0.0747643
-0.315951
-0.786038
-0.667545
0.00852011
-0.47588
-0.205048
0.292589
0.841825
-0.43231
-0.270543
0.570082
-0.419543
-0.334877
-1.20667
0.345618
-1.18816
0.0288719
-0.483287
-0.314096
1.67502
-0.023266
0.232963
0.424666
0.649039
-0.57012
-0.469742
-0.287304
0.36193
-0.574358
-0.28467
1.20117
-0.45319
0.00794465
0.700472
0.0261816
-0.28706
0.340564
-0.0368141
-0.220659
0.209555
-0.508761
0.77497
0.272492
0.161311
0.199787
-0.577129
1.10782
-1.33882
-0.143534
2.30368
0.589251
0.692872
-0.0195
-0.11136
-0.195439
0.608436
-0.7535
-0.507663
0.417043
-0.241747
-0.187686
-0.163516
0.694757
0.189222
-0.264548
-0.211461
0.444183
-0.106859
-1.09892
0.656933
0.59555
-0.60738
-0.660019
0.873606
0.398213
-0.202178
-0.441754
0.156287
0.526608
0.833497
0.449077
0.386717
0.069615
1.87496
0.300242
-0.580798
-0.261408
-0.0538675
0.568241
-0.312253
2.28555
0.0189825
0.193762
-0.30021
0.522707
1.0901
-0.45858
0.399415
-0.629894
-0.86238
0.988537
0.355172
-0.181954
-0.109613
0.193791
0.805695
1.89723
-0.803508
-0.0347377
-0.658477
-0.828563
0.232903
-0.493793
-0.668982
0.577592
-0.335371
-0.535347
0.0477632
0.471536
0.708964
-0.477813
-0.651861
-0.0417211
-0.110633
0.37702
-0.0495645
0.719399
-0.403667
-0.0710227
0.918127
1.36568
-0.210009
-0.368073
-1.29902
-0.476179
-0.886938
-0.347038
-0.149786
0.297528
0.601519
-0.193163
0.537455
0.457028
-0.0622834
-0.542528
0.180299
-0.124258
-0.327049
-1.09978
-0.00598492
0.0112275
-2.13639
0.787779
0.0208807
0.873194
1.07064
-0.933031
-0.745824
0.0361905
0.358752
1.32647
0.827045
0.588692
-0.563852
0.0597384
-0.395318
0.222604
-1.54322
-0.763476
0.630336
-0.185259
1.00878
0.386593
-0.927146
0.897297
-0.354757
-0.110749
0.266371
-0.934834
-1.14561
0.0257645
1.06875
1.20405
0.502721
0.414739
-1.1462
-1.09758
1.22165
0.160974
0.595655
0.62089
-0.515333
0.522219
-0.167083
0.155002
-1.28331
1.02174
-0.114106
-0.718514
0.422393
0.558433
-0.389113
-0.216565
0.2193
-0.777994
-0.0386211
-0.263758
-0.309408
-0.611226
-0.303212
0.399953
-0.449388
0.678679
0.563178
-0.358123
-0.019211
0.32176
-1.72244
-1.03407
-1.21445
-0.0521149
0.317422
-0.0234972
0.315377
-1.32968
-1.22078
-0.363431
0.772163
0.672604
-0.473488
-0.501019
0.072648
0.768716
0.0441528
-0.120374
0.425193
-1.00462
-0.641831
0.254734
0.345693
-0.143126
0.0143858
0.26573
-0.284539
0.629572
0.265299
0.910965
0.373214
-1.17797
-0.547233
0.17668
0.366627
0.326797
-0.27512
-0.0980944
1.00532
1.14988
0.840005
-0.139518
-0.264614
0.582522
1.04401
0.0530638
-0.0867558
0.707409
0.352586
0.623359
1.17596
0.310225
0.491572
1.04664
0.0407231
-0.367435
-0.433498
0.33024
1.02639
0.28638
-1.11708
-0.0598122
-1.96444
0.449005
0.530418
-0.364857
-0.353426
0.349433
-0.374943
0.418794
0.660085
-0.879057
-0.135716
0.12304
0.160748
-0.368273
0.655995
-0.55553
0.458213
0.237145
-1.2966
-0.454732
-0.00409995
-0.571146
0.282632
-0.286772
0.517547
-0.230249
0.444926
-0.415093
-0.655791
-0.43614
-0.693559
-0.527146
0.725546
0.0193296
0.501557
-0.463683
-0.415267
-0.216287
-0.852269
-1.04705
2.06985
0.284423
-0.712969
0.129431
-0.317111
-1.63282
-0.227736
-0.722632
0.212583
0.0852143
0.118478
-0.573191
0.16376
0.0207484
0.16939
1.15071
0.967931
0.482092
0.613317
0.371676
0.667601
1.47185
-0.828092
-0.716615
-0.677679
0.499828
0.992645
0.14478
-1.00548
-0.270782
-0.0412087
0.386176
-0.674087
-0.417467
-1.26971
-0.516596
0.704084
-0.525802
0.207532
-0.0671854
0.0156744
-1.56476
0.269703
0.947271
-0.0463841
0.458881
0.528799
0.384782
0.0793608
0.168773
0.255883
0.0236519
0.718533
-0.674867
0.379713
-0.546164
0.0937028
-0.819934
0.865761
0.855315
-0.367458
-0.707796
0.105196
1.03445
-1.06833
-0.717562
-1.26452
-1.37382
0.208698
1.78195
0.402559
0.785131
-0.638779
0.115328
0.91441
0.545261
-0.235917
-0.519394
-0.332757
-0.842113
-0.748455
-0.377247
-0.29185
-1.22323
-0.512823
1.04589
1.24126
0.0607224
0.213277
0.792611
-0.267906
-0.435222
0.64087
1.12936
0.0760189
0.0542942
0.276556
0.994575
-0.377412
1.00563
0.0920726
0.667228
0.145477
-0.228394
0.116918
-0.149768
-0.417066
-0.990688
1.27333
-0.732205
0.255846
-0.291224
1.33588
0.421865
-1.29057
-0.0719203
0.360896
-0.241421
0.378388
0.83224
1.23567
-0.879545
0.931991
-0.373234
0.807129
-0.184794
-1.04716
-0.669605
0.420383
-0.26783
0.337803
-0.708045
-1.42946
0.183693
-0.742206
-0.471159
0.0392042
-1.26052
-1.78687
-0.207617
-0.99117
-0.00687249
-0.609763
1.27305
-0.0937998
0.69439
0.469685
0.839788
0.268398
-1.31181
-0.565014
-0.10166
0.066021
-0.899578
0.611303
1.2933
-0.445141
-0.540667
0.1743
0.464503
0.242584
-0.375877
0.753683
-0.442352
0.189753
0.478283
-0.801556
0.469869
0.0879759
-0.736512
-2.01564
-0.18481
-0.97187
-0.960075
-0.404244
-0.164072
-0.270971
-0.922318
0.961493
-0.356933
-0.70398
0.316795
0.824387
1.33862
-0.536265
-0.498788
-1.00534
-0.252746
-0.420769
-1.24548
1.50483
0.211903
0.489101
-0.672933
0.851143
0.831465
-0.28035
0.497626
-0.244072
-0.3384
-0.571325
-0.00713344
0.333576
-0.211626
-0.971209
-0.928252
0.137238
0.34228
-0.20514
-0.186907
-0.251634
-0.800407
-0.0883407
0.0953039
0.81515
0.0863478
-0.322996
-0.298215
0.854253
-0.293077
1.30307
0.447953
0.796298
0.194299
0.0541301
0.0319712
0.81136
1.35883
0.355382
-1.05169
-0.637073
0.38992
-0.282862
-0.630503
0.0363661
0.14895
0.535046
-0.351881
0.149321
-1.2414
-1.15819
0.602056
-0.0927316
-0.193217
-0.832606
-0.0389078
-0.231059
-0.0356778
-0.22897
-0.0916505
0.414502
-0.272573
-1.28905
0.893197
1.7704
1.19498
1.33683
0.892919
-0.150382
0.55174
-0.0173748
1.00897
0.747548
-0.369204
-0.68874
1.83887
1.61733
-0.813583
0.319157
0.919963
1.14927
-0.00212917
-0.215286
0.0119286
-1.25493
-0.806391
-0.486137
0.388098
0.477718
-1.08558
0.107444
-0.240092
0.5804
0.124585
-1.64632
-0.534188
-0.420691
-0.717323
0.310767
0.385953
0.100391
1.04738
-1.21388
1.24445
0.489484
0.655989
-0.547732
-0.706305
2.19327
0.233495
-0.595555
0.76728
0.492829
0.307704
0.342818
0.156433
0.641631
-0.0970294
0.183544
-0.0552655
-0.260725
-1.51171
-0.464993
-1.06502
-0.454708
-0.440614
0.65523
-0.77801
0.375713
0.215377
0.517355
-0.0638383
0.525258
-0.12081
0.789482
0.73507
0.950528
0.203208
0.12762
0.131203
0.128
-0.724992
-1.09672
0.503265
-0.725725
-0.20468
0.791436
0.878215
1.35573
-0.195984
-0.0581256
-0.0592457
-1.62663
0.982266
-0.548045
0.256682
0.0196956
-0.0239415
0.222483
-1.74055
0.15828
0.673234
0.363345
-0.297863
-0.352543
0.496569
-1.33808
0.274918
0.172054
-0.519393
-0.318534
-0.04133
-0.0952588
-0.340223
-0.91496
-0.312103
0.584305
0.0716143
0.550144
-0.728262
1.06365
0.470047
-0.200461
0.179309
-0.282049
0.5758
0.429118
-0.54211
-0.443137
0.0293236
-0.478246
0.0871218
-0.37994
0.111017
-1.55163
-1.14751
-0.239109
0.389151
-0.837701
0.487326
0.309046
1.09655
-0.297462
0.0195502
0.452223
0.784913
0.94364
-0.682636
0.291095
1.33958
-0.446102
0.804227
1.09157
-0.80754
-0.40855
-1.04411
0.253516
0.918666
0.834725
-0.739612
0.471856
-1.16281
0.905003
0.263893
1.33074
1.4072
-0.0826826
-0.0135902
0.67268
-0.557616
1.08905
0.289637
-0.380007
0.562283
-1.19897
-0.556568
0.345916
1.08329
0.592509
-1.08903
0.0891383
0.380644
-0.100078
0.836116
-1.11043
1.63056
0.499054
-0.363766
0.718671
-1.31121
-0.0975245
-0.303267
-0.0306475
-0.726862
0.672849
0.372106
0.230766
-0.68629
0.380208
-0.690122
1.29426
-0.333822
-0.738736
-0.257989
-0.660252
0.185552
-0.320593
-1.12666
0.702275
-0.214465
0.757331
-0.990519
0.669973
-0.789048
0.764113
0.453593
-0.214899
0.023478
-0.167623
-1.05752
0.329635
-0.328837
-0.202712
-0.138477
-0.589808
-0.713813
0.750781
0.459051
-0.795101
-0.721311
0.438277
0.197489
-0.642616
-0.433762
0.0940404
-0.0975748
-0.305716
0.0646014
-0.395654
-0.260638
0.109481
0.633841
-0.364181
0.123514
-0.336147
0.432425
0.445357
-0.286452
-0.963283
0.385805
-0.170461
1.53813
-0.30835
1.72666
-0.498838
-1.64064
-0.255109
1.71261
0.141941
0.352364
0.113432
0.902886
0.0671276
-0.812543
0.676503
0.80763
-0.446449
-0.269353
1.2943
-0.0272618
1.10065
0.595982
0.316449
0.596082
0.126384
-0.710351
0.345218
-0.421991
0.22134
-0.900144
0.122741
-0.327754
-0.937975
0.454766
0.500995
-0.173579
1.05259
-0.853145
0.872109
-1.00759
0.103439
-0.530729
-1.02129
-0.598797
-0.204797
0.128444
-0.540592
1.27412
0.862472
-0.231844
-0.0575894
0.172261
-0.284754
0.682572
-0.00712839
0.220529
0.736593
0.801462
-1.02713
0.545772
0.629057
1.49901
0.50943
-0.579944
-0.926713
0.0498551
-0.352071
-0.75231
0.341101
0.753264
0.346771
-1.48966
-0.18742
-0.280941
-1.05962
1.93269
0.369572
-0.0392639
0.195302
0.010131
0.670935
-0.701139
0.535366
1.38818
0.028165
-0.661567
0.23963
0.261655
1.60128
-1.03348
-0.363057
0.167627
0.76285
0.887621
-0.48618
-0.242026
0.0827284
-0.0902342
0.266032
-0.181941
-1.88974
-0.296913
-0.792671
-0.361071
0.499644
-0.581847
-0.835292
0.664089
1.15102
-0.392616
0.200958
-0.447167
-0.165762
-1.15123
0.776203
1.03236
-0.756595
-0.46755
-1.23234
-0.147775
0.267824
0.996961
0.952612
1.27777
0.274912
-0.249987
-0.252098
-0.391207
-0.988653
-0.219122
0.450483
-0.0391923
-1.04778
-0.669268
0.264344
0.225799
-0.00288614
0.0510931
0.709097
0.59506
0.281187
-0.251877
-0.57404
0.293065
-0.0235911
0.904493
0.732506
0.475131
1.22585
-0.658865
0.164425
-0.0877856
0.203538
0.183875
0.175145
0.434698
0.252813
0.821639
-0.762586
-0.693216
-0.743243
-1.53415
-0.207136
-1.2196
0.300048
1.31699
-1.03572
-0.218363
0.565126
1.03326
0.0995817
0.856785
0.425897
-1.39842
-1.74067
-0.784757
0.352717
0.979783
-0.445326
-1.95506
-0.0485167
0.00788803
-0.413602
-0.307508
0.231263
1.02689
0.808784
-0.334949
-0.317802
1.95827
0.40362
0.0564128
1.70038
-0.13509
-0.84664
-0.174595
-0.354087
0.578543
0.00229263
1.50097
-1.1532
0.260971
-0.363925
1.40165
-0.952876
0.908135
0.786705
-0.355549
-0.181857
-0.292465
0.692783
-0.148669
-2.16422
0.0973634
-1.04513
-0.505833
0.937106
-0.812538
0.831884
0.0483429
-0.132745
-1.13649
0.135178
-0.28077
0.526398
0.405502
0.28832
-0.550363
0.69951
-0.0198418
0.686112
0.773874
0.381904
0.136015
0.022104
-0.720275
0.629749
-1.98718
0.32866
0.133775
0.800338
0.795158
-0.825336
-0.22535
0.312947
0.852492
0.116764
0.854035
0.0755704
-0.400572
0.688449
-0.982815
-0.193654
0.17053
-0.805746
0.308894
0.434025
0.182875
0.0890175
0.389707
0.819471
-0.160305
0.432916
0.492049
-0.265427
-0.919902
1.08115
1.65481
0.573401
-0.961301
-0.793572
-0.744618
-0.66784
-0.974783
2.14432
-0.218656
0.244924
-1.79888
0.958639
-0.513978
-0.378869
0.760883
1.6847
-0.391176
-0.608116
-0.0421029
-0.954508
0.354327
-0.275082
-0.083615
0.00881359
-0.590715
0.0172588
0.511723
0.313066
0.331115
-0.120152
0.0442075
0.336681
-0.0886495
-0.254493
0.454949
0.48059
0.254491
0.761743
0.364344
0.740813
-0.8404
-0.104174
0.115433
0.158589
0.838973
1.3812
-0.259926
0.614236
-0.32985
-1.70426
-1.12986
0.806838
-0.626971
-0.158241
-0.297832
-0.204246
0.215803
0.492584
0.780724
1.1773
-0.560352
1.17508
-0.977963
-0.167684
-0.661366
0.0257528
-0.766528
0.522923
0.257472
-0.329104
0.787365
1.34071
-0.0501016
-0.271417
1.20605
1.18891
-1.74476
0.350532
-0.105139
0.445727
0.784454
0.516267
1.21584
0.0913626
-0.407665
0.232564
0.252406
-1.28249
-0.185364
0.846544
-0.331397
1.04413
0.0252448
1.04975
0.308566
-0.689932
0.890725
0.428414
-0.716253
-0.682106
1.70367
1.86586
-0.300638
-0.912083
0.307018
-0.0736256
-0.522663
-1.83683
-0.128825
-0.165559
-0.646427
-0.681912
-0.016034
-0.485954
1.00374
0.527577
0.195831
-0.32016
-1.04337
0.671347
0.734617
0.0702625
-0.431651
-0.925152
0.112808
0.490994
0.171528
-0.585023
1.25599
0.166393
0.195556
-0.523539
-0.136412
0.221874
0.907111
1.37289
0.443928
-0.0174304
-0.826011
1.70732
0.703957
-0.0745805
0.808741
0.512057
-0.392719
-0.144447
-0.596545
-0.585385
0.900126
-0.443721
-0.548026
-0.605099
0.370506
-0.56928
-0.131196
0.036145
0.108619
0.118113
0.462854
1.06369
-0.278824
-1.00888
-0.590844
0.745368
1.32506
-0.55051
-0.453792
-0.0628371
0.312519
-0.398976
0.728005
-0.648715
-0.0601095
0.741592
0.525049
1.32657
0.308424
-0.454197
-0.759653
0.629664
0.0726938
-0.178701
-0.172125
0.510624
-0.440103
-0.237515
0.11079
1.09464
-0.670219
-0.537532
0.437578
1.11885
0.941335
0.792275
0.943409
-0.773994
0.847809
0.67809
0.442606
1.02362
-0.145379
0.0618987
-0.454699
-0.484994
0.490336
-0.349799
-0.468262
-0.416051
-0.332741
0.0598241
-1.5847
1.3041
-0.0579834
0.638633
-0.581082
-0.0978628
-1.07756
-0.141477
-0.420519
-1.15424
-0.443542
-0.184684
0.628865
0.0739567
1.27186
0.649169
-0.067888
-0.459429
-0.429224
0.703322
0.0888851
-0.831994
-1.09548
-0.11699
1.2054
0.355509
0.127003
-0.425071
-0.260878
-0.409305
0.582088
0.725274
-0.367269
-0.916049
-0.284675
0.0885928
0.181338
-0.557665
-0.108095
-0.324947
0.111597
0.125168
-0.0681776
0.357105
-0.15134
-0.0542719
0.383873
0.797661
0.431659
-0.0787759
-0.245853
0.71182
0.525954
-0.264153
0.145655
-0.994735
-0.482843
0.251387
0.205838
-1.08175
-2.10779
0.206179
0.611115
-0.735932
-0.38181
-1.13108
-0.497499
-1.15402
0.421459
0.379084
0.496087
-0.639877
0.441734
0.957469
0.310497
-0.309595
-0.899133
0.199489
0.186096
-0.595883
-0.775998
-0.25447
1.89316
-0.617327
0.753036
0.47423
0.187979
-0.35315
0.027475
-0.668244
-0.249591
0.441402
-0.722192
0.947041
0.220651
-0.906601
0.0210025
-0.6063
-1.17934
0.324119
-0.167653
-0.432774
-0.462127
-0.306108
0.882045
0.350467
-0.14776
0.559834
-0.607526
-0.947518
0.177453
-0.303086
0.421378
0.552904
0.209409
0.140093
-1.54907
0.317562
0.349689
-0.458353
-0.411547
-0.458996
0.4383
-0.426145
0.623692
-0.766222
-0.685183
0.619887
0.626804
0.269733
0.100378
1.13411
0.26203
0.329728
0.86043
-0.720515
0.3657
0.615836
0.373285
0.0093019
-0.999639
-0.59961
0.238975
0.0268181
-1.56601
-0.283804
-0.0573635
-0.486843
0.238558
0.708013
-0.968072
0.996393
0.906124
0.113095
0.467121
-0.171752
-0.11222
-0.866465
-0.923861
0.444419
-0.851256
-0.596225
0.0704596
0.564905
-0.835687
-0.99194
0.118755
-0.53057
-0.300021
1.05512
-1.78423
0.430181
0.810045
-0.351633
0.0140942
0.270065
-0.13375
-0.0631997
0.220633
-0.884574
0.515827
0.0765691
0.617736
0.216676
0.945613
0.651293
-0.397567
-1.20567
-0.024587
0.0482904
-0.0701188
0.524732
0.825252
-0.204772
1.19841
0.781062
-1.04879
-0.535035
0.254651
0.0305842
1.50236
0.894077
-0.593327
-0.353495
0.102053
-1.19406
0.908521
0.884545
-0.774406
-0.455832
-0.883175
0.570406
-0.150937
-1.64105
0.91938
-0.600597
0.429925
0.178769
-0.0215453
0.178256
-0.498185
0.777631
0.520869
1.60985
-1.5206
0.0338742
1.00191
1.33028
-0.0177186
-1.21588
0.16676
0.72359
0.0958118
-1.63311
-1.08265
-0.181065
-0.717392
-1.81092
-0.320338
-0.438479
-0.0327326
-0.342157
0.560964
-0.117087
-0.110157
-0.0120543
0.0176462
-0.739887
-0.608347
0.388149
0.39494
-0.953242
1.42025
0.544617
-0.639535
0.195028
0.268261
-0.893579
-0.339795
-0.263919
-0.912432
0.922192
0.00311869
0.527712
0.00690641
-0.000529583
0.068027
-0.134914
-0.269903
-0.723411
0.297846
-0.24164
0.24559
-0.337942
0.114969
0.0433983
-0.554315
-0.781386
-0.444871
0.620773
-0.0396193
-0.78858
-0.000772892
-1.44598
-0.130976
0.806944
0.0881241
-0.246112
0.47985
-0.494532
0.667484
0.478839
0.26658
0.521919
-0.575912
-0.434024
-0.839716
0.247112
0.463094
0.172951
-0.162351
0.435297
0.649646
0.484256
-0.671863
1.0029
-0.21806
0.0654107
-1.76179
-0.654262
0.296594
-0.425797
0.813516
1.39293
1.39359
0.503296
-0.212675
0.529446
-0.393782
0.356196
-0.413352
0.945738
0.197439
0.437735
0.558668
-0.143188
-0.365248
0.484916
0.0818507
-0.212007
-0.761626
0.619618
-0.149853
0.503818
-0.0200312
-0.0426533
0.780271
0.039059
0.415345
0.299845
-1.42642
-0.568501
-0.715783
0.151599
0.14619
0.685812
0.368863
-0.389687
-0.820261
0.22103
-0.271829
0.556235
-0.279065
-0.180003
-0.342475
-0.920602
0.589491
-0.459557
-0.203987
0.0329143
-0.508739
-0.434355
0.0512621
0.32089
1.75249
2.24743
-1.19292
0.385303
-0.260658
0.0114406
-0.999513
-0.98248
1.2482
-0.268301
-0.15496
0.0583738
0.0387136
-0.614025
-0.140514
-0.154623
-0.687655
1.78762
0.447681
-0.919011
-0.372063
0.754045
0.661864
0.369879
-1.45651
-1.71575
-0.0412497
1.25136
-1.08422
-0.130291
0.794612
0.0909751
-0.495203
0.445664
-0.334977
-0.703192
-0.144548
0.83262
0.666362
0.216036
0.661913
0.559676
1.13607
-0.56476
-0.66742
0.588057
-0.778664
-0.530168
-0.221237
0.603706
-0.270426
1.18277
-0.187443
1.71597
-0.437024
-0.0205937
-0.5373
-0.829806
-0.148149
0.123652
0.0219147
0.476175
-0.606558
1.32634
0.120585
0.0793031
-0.36951
0.312704
-0.599389
0.0410774
0.108445
0.70851
0.423992
1.66919
-0.588046
-0.120809
0.613596
-0.517968
0.285708
0.134941
0.167621
-0.665099
-0.581092
-0.244398
0.492943
1.31885
-0.257175
-0.306126
-0.801873
-2.28022
0.968496
-0.679684
0.718965
-0.126272
0.573948
-0.250861
-0.405893
1.18441
0.08641
-1.17737
0.152311
-1.24193
-0.26614
-0.194349
-0.326804
-0.876522
1.32236
0.839041
-0.879684
-0.662861
-0.354358
-0.143799
-0.3957
-0.0652816
0.470901
0.382066
0.274731
0.367238
-0.72037
0.456662
-0.282303
0.546458
0.159318
0.451441
0.709321
0.0744796
0.90268
0.0232078
-1.02424
-0.643608
-1.83249
0.3675
0.940608
0.382392
0.936998
0.100862
-0.543256
0.668056
-1.2511
0.473939
-0.17753
-0.360193
0.387617
0.59866
-0.813662
0.818698
0.148834
0.303919
1.45662
-0.33165
0.333884
1.52268
-0.0437914
-0.45267
0.198482
-1.24114
-1.71645
-0.157882
-0.807278
-0.919759
-0.736017
-0.348416
0.250594
-0.659364
-1.178
-0.223601
0.633504
0.403127
-0.380806
0.589474
0.151175
-0.501642
0.0664355
-0.291387
0.293292
1.13072
0.11967
-0.0700932
-0.0062024
-0.113059
-0.352926
-0.238268
0.446088
0.0280563
0.893036
0.466286
0.687617
0.237084
-0.629921
1.06875
0.791865
0.823518
-0.836016
-0.477312
0.514318
0.773041
-2.06105
0.505141
0.702759
-1.28746
-0.657588
-0.237652
-0.746306
0.294042
-0.0902856
0.734842
0.388825
0.152236
0.458711
1.1188
0.204703
-1.34517
-0.857262
-0.356662
0.284772
-0.00104908
-0.527476
0.270073
0.260623
0.423323
-0.345223
0.270575
-0.123915
-0.297207
0.687237
0.149433
-0.88652
1.17385
1.14221
0.492421
0.238552
-1.41806
-1.60387
-0.269258
-0.39887
-0.343184
-0.144153
-0.156982
-0.217755
-0.685965
0.0615748
0.0264551
1.3217
-0.57477
1.07058
0.275986
-1.07417
0.163253
0.606542
-0.163845
-0.574508
-0.714042
0.0509196
0.646054
-0.846025
0.0397613
0.20064
-0.2027
0.257104
-1.34297
0.410424
-0.423851
-0.457849
0.306912
-0.50915
0.134046
0.856529
-0.154358
-0.0993764
-1.72799
0.514
0.817977
-1.45273
-0.795571
0.4084
0.483643
0.426464
-0.0488399
-0.557876
1.39874
-0.687526
-0.719508
1.11736
0.100619
1.21113
0.256039
-0.160722
-0.0743599
0.891356
0.287878
-0.0893123
-0.8797
-0.132064
0.339697
-0.894448
0.0761644
-0.0557712
0.314622
-1.25638
-0.889946
-0.543481
-0.606216
-0.901334
0.0610188
0.592288
-1.53359
-0.0668255
-0.728482
0.803083
0.285359
0.49218
-0.20868
1.8853
0.39924
-1.07201
0.725231
0.554569
-0.0367701
0.142856
0.143281
0.729476
-0.895469
0.539829
0.759325
-0.727628
-0.464062
0.153696
0.107358
-0.841468
-0.175122
-0.0958989
0.0879096
-0.68375
-0.477116
0.757928
0.64211
-0.609196
0.686674
-1.07544
0.458108
0.767973
0.440487
0.584935
-0.782912
0.0622018
1.36937
-1.27261
0.0569678
0.551283
0.945816
0.200652
0.816024
0.208582
-0.0131691
1.48838
0.784768
-0.176076
0.516832
1.14316
0.239276
1.0868
-0.772319
-0.581826
-0.46414
-0.674677
0.00131792
-0.169098
-1.17191
0.417512
-1.35013
-0.021154
0.00852853
0.284673
-0.0954566
-0.364574
-1.15653
-0.930879
1.08432
0.205025
0.873317
-0.525159
0.846297
0.590516
0.649689
0.764724
-0.88771
-0.561077
0.250147
0.45276
-0.745211
1.2452
-0.986482
-0.63583
0.420479
0.91419
0.341656
0.520768
0.798607
0.860395
0.49701
-0.437056
-1.00508
0.659006
-0.434887
0.00918395
0.590014
-0.834189
-0.377027
-0.759938
0.772265
0.600218
0.600527
0.587629
-0.119229
-1.07955
0.601972
0.179408
0.508241
0.272136
0.443
-1.24127
-0.102298
0.518467
1.73757
0.200092
0.859343
-0.0735232
-0.119487
0.0493998
0.430966
-0.808065
0.815197
-1.46019
0.918066
0.794506
0.0143396
-0.613227
-1.76
0.270752
-0.339126
-0.5354
-0.743079
-0.342813
0.0463126
0.0800651
0.733932
0.162162
0.235068
-1.47247
-0.353229
-0.276879
0.252916
0.107271
-0.592159
0.126406
0.231344
1.2303
-1.10917
-1.07308
1.0816
0.8995
0.494628
1.01774
0.0183743
-0.644393
-1.50218
-0.198768
0.356888
0.973005
0.10777
0.0998652
-1.16614
-0.368558
1.5225
0.679523
-0.0556994
0.0490284
-0.989942
0.51504
0.0892984
-0.264391
0.712741
0.807046
-0.577109
0.453104
0.684459
-1.00901
0.700637
1.01824
-0.446109
0.0583454
0.675038
1.81068
-0.466517
-0.86974
0.840049
-0.0261028
0.150782
-0.315085
0.327127
2.00741
0.52444
-0.971487
-0.452065
-0.245108
-0.252739
0.876666
-1.09168
-0.102587
0.634766
0.889949
0.58707
-1.12816
-0.400157
-0.289264
-0.61167
0.126414
-0.148812
0.733358
0.457688
0.748733
0.302237
0.90307
-0.00204916
-0.527703
-1.13576
0.721223
0.858454
-0.232177
0.5685
-0.18609
0.287238
-0.196338
-0.27103
-0.557364
0.347104
0.0517829
1.43
-0.0011598
-0.0158686
-0.210762
0.0367189
-0.361114
0.56945
-0.491001
0.342681
0.145836
-1.20816
0.397573
-0.916755
-0.257858
0.393682
-0.352243
0.800885
-0.28586
2.87871
0.168999
-0.245175
0.422077
-0.634017
0.100857
-0.422768
-1.1911
-0.407126
-0.8874
0.260674
0.311044
0.862718
-0.670686
0.338278
0.0719465
0.301746
0.884998
-0.229485
0.845076
-1.0213
-0.330764
0.789712
-0.511199
0.881411
0.988757
-0.135302
1.10916
0.021256
-0.899702
-0.38923
-0.620411
-0.282774
-0.0209478
0.805558
-0.397361
-0.299856
0.355645
0.576226
0.910882
-0.229052
-0.648267
0.548691
-0.549165
0.0381954
-0.00194287
0.0417989
-0.505707
-1.03029
0.910919
-0.322027
0.626486
-0.642982
0.444073
-0.380752
-0.158598
0.0371107
-0.995531
0.541115
-0.971903
0.0606512
0.379105
0.59507
-0.982977
0.192817
0.136621
-0.2621
0.360621
1.51926
-0.186769
-0.331232
0.818904
0.419224
-0.485845
-0.493535
0.161754
-0.20531
-1.18836
-1.15398
-0.218614
-1.32297
-0.323775
-0.690209
0.226634
-0.472058
-0.023417
0.0203204
-0.0608541
-0.00477286
1.47993
-0.789587
0.0887098
-0.421217
1.53024
0.123854
1.87151
-0.164039
-0.419383
-0.653376
-0.16674
-0.0931517
-0.904891
0.675015
-0.750706
-0.624132
-1.26338
-0.166586
-0.476123
0.0141335
0.340989
-0.309116
1.67956
0.359441
-0.28592
0.00516912
-0.129561
0.431637
0.678823
-0.530714
0.780822
-0.574668
1.09018
0.428568
0.0758242
0.140795
-0.211542
0.819022
0.593791
-0.375741
0.343065
-0.369482
0.596852
-0.0876466
1.61345
0.286781
-0.263026
-0.479907
1.2258
-0.398095
0.31449
-0.369326
-1.18371
0.640085
-0.836078
0.023291
-0.517096
-1.0031
-1.19297
-0.351965
-0.297321
-0.967189
0.464996
0.170766
-0.722921
-1.31354
0.266374
0.801844
2.0289
-0.63102
-0.0819611
-0.524131
0.542963
0.385742
0.603137
-0.465402
-1.62941
-0.0890893
0.132172
-0.0451113
-0.107997
0.834878
-0.450079
-0.677839
-0.475293
1.65518
0.373376
-0.569533
-1.85666
-0.23021
1.10105
-0.844784
0.596407
-0.645958
0.112501
-0.0464737
-0.768159
-1.48856
0.296285
-0.0225013
-0.54521
1.33837
-0.429348
1.43422
0.245428
0.179029
-0.649145
0.613204
0.106416
0.0574996
2.09737e-05
0.280484
0.0684125
0.910071
1.06547
-0.00433212
-0.679509
-1.29533
-0.933066
-1.19689
-1.75956
-0.517552
0.00919359
0.709496
0.0371485
0.120214
-0.892772
0.94891
0.757829
0.816419
-0.376397
-0.250215
0.838858
0.404621
0.308505
0.327858
0.280124
-1.1602
-0.385442
-0.502513
0.201816
0.14559
-1.26943
1.44018
0.540966
-0.304248
-0.958967
0.724182
-0.254906
-0.619816
-0.55696
0.167066
0.452631
-0.717171
0.826852
-0.248756
-0.552699
-1.50266
-0.180355
0.552873
-0.661918
-0.886193
0.570293
0.402011
0.328549
-0.974068
0.334261
1.45751
0.863681
0.0875493
0.120993
0.00524775
0.872602
-1.34318
-0.584176
-0.627154
-0.953806
-0.0915072
-0.615423
0.543348
-0.484575
0.629936
0.132578
-0.93671
-0.139728
0.0370418
-0.210948
-0.257905
-2.10577
-0.794791
0.663384
-0.109147
1.21933
1.6492
0.494427
-0.544153
0.102908
0.582271
1.74708
-1.07104
0.115211
0.362849
-1.44428
-0.658005
-0.451522
-0.987863
0.277799
0.254657
-0.00618102
1.29595
0.155591
0.375009
-0.758925
1.18914
-0.0056577
0.829409
0.551905
-0.147321
0.95164
-0.926205
-0.717126
-0.316135
-0.659753
-0.226994
0.423122
-0.0993902
0.232096
0.692042
-0.0365671
-0.132371
0.688623
-0.54449
0.669739
1.02952
1.27523
-0.565169
-0.652374
0.495331
-0.0499677
0.351557
-0.24879
0.00620335
-0.842151
1.35132
-0.884511
0.0881348
0.861968
-0.677078
-0.304798
-1.89048
-0.172699
1.22379
0.31677
-0.499953
-0.624131
1.13347
-1.62005
0.613515
-0.821544
0.10179
-1.2407
1.07244
-0.0278976
0.373675
0.278946
1.00294
0.710664
0.768517
1.47657
0.753658
0.0185495
0.145061
-0.670311
-0.0511888
0.255677
-0.0867941
-0.0326094
0.329178
0.490814
0.667267
0.532466
-0.714921
-0.15516
0.622998
-0.0742259
-0.0246237
-0.472374
0.536799
0.15864
-0.844191
-0.762225
0.946079
0.0615356
0.115515
-1.06401
-1.1704
0.00198957
0.0772077
0.0347105
-0.556003
-0.238814
0.280349
0.0479145
0.0956789
1.40772
0.254727
0.574415
0.361948
-0.0335734
0.87368
-1.09319
0.274798
-0.20176
0.155741
-0.570224
-0.661267
1.27629
-0.114418
-0.0614312
-0.840454
-0.538138
-0.144477
-1.08091
-1.60459
0.707672
1.13628
0.621531
-0.153045
0.185854
0.442366
-0.544609
-0.421648
-0.603723
-0.183144
0.0956094
0.557832
-0.0190609
-0.534733
-0.174527
0.530098
0.964792
0.516975
0.818475
-0.819499
0.240562
0.292666
-0.814102
-1.21629
0.238941
0.454163
-0.579634
0.542581
-0.547674
-0.0440229
0.517636
0.390842
-0.148557
1.25358
0.0408371
-0.0261945
0.0865169
0.512424
0.451595
-1.31916
-0.389373
0.0301557
-0.358379
-0.476528
0.192086
-0.621662
-0.501507
1.04436
0.167985
-0.00620426
-0.863428
0.72437
0.148429
0.30592
1.30858
0.179424
-0.986512
0.281489
0.144956
-0.154428
0.5747
-0.858808
-0.326996
0.32437
0.324517
-0.40248
0.301974
0.541783
-0.104652
-0.899357
-0.129928
0.183173
-0.20207
0.248768
0.839178
-0.848133
-0.437441
-0.0659766
-0.0243802
0.157093
-0.429218
-0.980898
-0.109216
1.06231
1.82811
-0.137155
0.565833
0.768532
0.993907
0.971982
0.526333
0.223074
1.27312
-1.4857
-0.559703
-0.149247
0.405521
0.267828
-0.573723
0.86507
0.690672
-0.438553
-1.55559
-1.12084
-0.768608
-0.00430307
-0.0957263
-0.164841
1.12939
0.159658
-0.689299
-0.350775
-0.818177
0.121731
-2.03478
-0.792571
1.90186
-0.414679
0.10199
-0.640637
0.50026
-1.96563
-0.561319
-0.969731
-0.712373
-1.05381
-0.661178
-0.397441
-0.822012
1.21099
0.0830716
-0.304999
-0.303869
0.191058
0.206621
-0.0587666
-0.250007
1.0049
1.80175
-0.10968
0.357532
0.500379
0.335257
0.304872
0.546763
0.244074
-0.471554
0.161756
-0.326188
-0.533543
0.251878
-0.0354614
0.466607
-0.196306
-0.0369275
-1.5215
0.252005
0.46425
0.614585
-0.586892
-0.831822
0.146674
1.26357
-0.231005
-0.786698
0.405312
-0.350809
1.08635
0.0719687
0.308995
0.111551
-0.0234151
-0.595391
-1.76497
0.29483
-0.419141
-0.346749
-1.04272
0.518597
0.609296
-0.0189821
0.98377
0.0484889
-0.450476
1.23113
-0.989024
-1.04133
-0.108169
-0.680598
1.06403
1.33651
1.08955
-0.317084
-1.19298
-0.386371
-0.278912
-0.43183
-1.13228
-0.939279
-0.224569
-1.00184
0.527012
-1.10624
0.567602
2.07627
0.849659
-1.26914
-0.880696
0.053851
0.10537
-1.19536
0.426602
0.101253
-1.00488
0.0756689
0.463103
0.913818
1.41424
1.18625
-0.223575
0.301366
-0.830272
-0.333975
0.957909
-0.0420218
-0.47167
-0.828472
0.730344
0.162434
0.141287
-0.480023
-0.250251
-0.252097
-0.619223
0.906279
-0.412447
0.395581
-1.40306
-0.866167
-1.0591
1.26344
0.139811
1.00534
-0.367782
0.723801
0.647863
0.138348
-0.329848
1.39717
-0.995237
0.736011
0.148623
0.0593392
0.0444581
0.194432
-0.0840971
-0.272006
-0.889762
-0.335957
1.4738
0.18427
-0.424568
-0.863213
-0.391429
0.161568
-0.644848
0.616845
-0.431695
-0.379973
0.384531
-0.477914
-0.275488
-1.25697
-0.69299
0.460626
0.373961
0.549326
-0.557518
-0.180504
1.02054
-0.0347055
0.0708274
-0.807005
0.0507492
-0.891702
0.683729
0.130437
0.442239
-1.15225
-0.108199
0.42917
-1.00444
-0.270655
-0.765497
0.340157
-0.198097
-0.218542
0.743399
0.206728
-0.936266
-0.336956
0.583214
0.704799
0.311338
-0.193345
0.814323
-0.234417
-0.642478
0.316262
-0.0147763
0.37932
0.125887
0.0417801
-0.198065
0.135338
0.400335
-0.540956
-0.978927
-0.527174
0.512219
-0.235801
-0.540301
0.0704321
0.19694
-0.124759
0.193987
-0.344018
-0.742362
0.0734129
-0.452233
-0.108901
0.0413669
0.220492
0.0499427
0.96266
1.00796
-0.469177
-0.0417885
0.0867038
-0.356352
-0.953504
0.214138
-0.0506737
0.159058
0.387612
0.0389478
2.0765
0.14511
-0.679322
1.33729
0.28076
0.0414191
0.488131
-0.50765
-0.166261
0.0760664
0.547764
-1.05077
1.19508
1.88554
0.754801
0.33374
-0.0762268
-0.449822
-0.709749
-0.488454
-0.218382
-0.00999912
1.03958
0.173142
-0.450615
-0.964978
0.148842
0.941372
1.11339
1.14015
-0.375741
-0.369277
0.201342
0.29447
0.524858
-0.458998
-1.12608
-0.912052
-0.632951
0.443966
-0.856947
0.886645
0.813155
-0.780796
1.03119
0.726049
-0.479911
-0.0783382
0.222791
-0.717978
-0.932469
1.1629
-0.676963
-0.754901
-1.23556
-2.08709
0.269311
0.379915
-0.164048
-0.101425
-0.187525
-0.568804
0.602582
0.614254
-0.0759543
-0.886937
0.543106
1.11808
0.628326
-1.79874
-0.777478
0.163608
0.274165
-0.147006
-0.226482
-0.196439
0.548262
0.498439
0.0852353
0.187518
0.839442
-1.58787
0.501267
0.44739
0.353118
0.277648
-1.03676
-0.391137
-0.52267
-0.020752
0.53907
1.04752
1.5875
-0.416146
-0.0683393
-0.261936
-0.46109
-0.282835
-0.248137
-0.975325
-0.810606
0.800579
0.390228
0.0624453
1.39621
0.215298
1.84376
0.0107166
0.277212
0.448697
-0.25197
1.14928
-0.435446
-0.338334
1.01336
-0.39028
-0.556954
-0.0850157
-0.741936
-0.786191
0.421387
-0.372452
0.213298
-0.531582
0.816508
-0.100717
-0.507926
-0.803973
-1.23809
0.985119
-0.972199
0.578941
-0.145333
0.464221
0.881145
-0.519239
-0.214636
-0.5918
-1.2033
-0.311694
-0.216475
-0.616408
-0.389727
0.828367
-0.201561
-1.40987
0.284468
-0.488404
0.368343
-1.00295
-0.953654
-0.705365
0.444719
-0.269731
-1.63492
0.450963
0.425123
-0.285213
0.834817
0.51073
0.879906
0.223246
-1.08819
-2.17441
0.311132
0.976579
-0.503372
0.283384
-1.64882
0.66916
0.154318
-1.18714
-0.485702
-0.130604
0.661277
-0.342359
-0.465034
-0.190694
-1.24848
-0.537802
0.231273
0.396964
0.581265
0.736195
-0.323811
-0.27873
-0.00970757
0.426233
0.257524
0.18788
0.245657
0.50816
1.54156
0.560488
-1.6755
0.280947
-0.531056
0.432671
0.360593
0.263988
0.218223
0.793585
0.000764441
0.302155
0.534563
-0.512056
1.87329
0.298098
-0.809637
0.00463272
-0.0676726
1.12601
0.145605
0.113221
0.481321
0.0172458
0.548968
-1.23963
-0.296284
0.180001
-0.217979
-1.18971
-1.098
0.895825
0.580139
-0.473778
0.345443
0.268774
0.446165
-0.265313
0.0975525
-0.504088
-0.12067
0.548515
-0.133097
-0.238319
-1.37357
-1.12078
-0.282164
-0.378236
0.747127
-1.04396
0.716963
-0.155664
-0.0723034
-0.0664033
1.06318
0.435542
-0.0540043
-0.504952
-0.56792
0.333735
-0.666619
-1.09005
0.225271
0.362366
-0.010343
1.11326
-0.279642
-0.72417
-1.09747
-0.266911
0.062445
-0.282789
-0.42377
0.693067
-0.453422
1.51413
0.0247769
0.536518
1.27943
0.733645
0.869071
0.764315
1.04404
-0.825828
-0.289196
0.113418
-0.0140723
0.314103
-0.0994183
-0.0246368
0.591916
-0.497549
0.574654
-1.31057
-1.21968
-0.434998
-0.538216
-0.0487081
0.58621
0.572378
0.021429
0.133201
0.886415
-0.127249
-1.00669
0.710196
-0.0507215
-0.888984
-0.943037
0.574209
-0.167236
-0.375144
0.595713
0.469563
-0.193771
1.30234
-0.0283533
0.230018
-0.671353
0.211728
1.06452
0.307744
0.066157
-0.859466
-0.0199887
0.465504
-0.0980431
-1.21764
-0.308427
-0.0710327
-0.770979
1.30835
-0.455362
-0.447193
0.371529
-0.673918
0.221043
0.447251
0.192112
0.985064
-0.741969
-1.1496
-0.0417494
0.516908
-0.0622928
0.80443
-0.512732
-0.000999952
-0.929234
-0.132923
1.28161
-0.288086
-1.86071
0.00379458
0.202536
0.75648
-0.456811
0.0467525
-1.16049
0.683106
1.37693
0.131843
0.585608
1.66039
-1.16295
-0.129624
0.0605667
0.447106
-0.392786
-0.180162
-0.519118
-0.431651
1.45404
0.135855
0.192331
0.903278
-1.42961
0.716271
-0.0334377
-0.525381
-0.138378
0.794197
0.0752658
-0.469208
0.533026
0.358521
0.105152
-1.14374
-0.900591
0.469474
1.60355
1.14225
0.286737
0.76293
0.289393
0.31024
-0.866855
0.700169
-0.79339
0.257261
-0.365961
0.819434
-0.293546
0.628243
-0.910839
1.00607
-0.17104
0.80801
0.676304
0.363204
-0.0387135
-0.535099
-2.03838
-0.535567
-0.96344
-0.130896
-0.565041
-1.21708
0.269612
-0.970088
0.979855
0.857193
0.246294
-0.399153
-0.137279
0.26165
0.161866
-0.716205
0.923207
-0.543003
-0.0541298
-0.776725
-0.201687
-0.0730462
0.332746
-0.130089
-0.106252
-0.159379
0.0986776
-0.111926
-0.570024
0.283639
0.119407
-0.703965
0.458682
0.890475
-0.781487
0.921177
-0.632822
-0.371698
-0.098158
0.0151937
0.185875
1.16562
0.599352
-0.438305
1.23304
0.513371
-0.453832
0.511988
-0.194584
-0.517028
-0.713075
0.0710557
-0.371006
-0.413718
-0.548284
0.135216
0.0785731
1.3177
0.018457
0.0382118
0.070819
-0.178922
-0.221266
-0.558699
0.373242
0.782853
-1.23131
0.438128
0.698153
-0.15493
0.352773
0.46934
0.275097
0.68299
0.543846
0.657889
0.205515
-0.130526
0.555419
-1.36764
0.759019
-1.15645
0.899217
-0.54449
-0.616208
0.360471
-0.227375
0.672719
-0.162766
-0.929947
0.167525
0.985285
0.0220066
-0.92608
0.329656
0.274534
0.423255
0.215864
-1.29553
-0.218318
0.115448
-0.441927
0.732833
-0.744234
9.39136e-05
1.4696
0.0957009
-1.46045
-0.547825
-0.0170923
-1.64187
0.545782
0.282684
0.864719
-0.541409
-0.992343
1.03365
-0.153132
-0.140927
-0.198416
0.621172
0.089859
0.00257076
0.324624
-0.234446
-0.0231962
-0.441852
0.342769
-0.761775
0.01149
-0.0132733
-0.371085
1.23184
0.469725
0.721011
-0.691527
-0.201578
-0.258608
-0.0085916
-1.49543
0.871844
-0.173098
1.48764
0.00959425
0.146658
0.0171766
-0.424797
-1.18289
0.177045
-0.32813
-0.625909
1.48781
0.143142
0.296191
-0.30256
0.762032
0.31511
0.00389751
0.566453
0.443791
0.0904394
-0.74167
0.078857
0.0968717
-0.911926
0.266514
-0.411245
0.594485
0.187304
-1.06909
0.475337
-0.355753
0.0372364
-0.0896573
-1.1401
0.637308
0.141586
-0.467176
-0.946161
-0.227487
-0.156599
0.396433
0.278785
0.839134
-0.793298
0.0235351
0.634797
0.0567279
-0.0852126
-0.191675
1.00303
-0.34202
0.217766
-0.665504
-0.0807307
-0.132057
-0.0368503
-0.104422
-0.122216
-0.465554
-0.142245
1.16299
0.825759
-0.984359
-0.37202
-0.455448
-0.366154
-0.0498352
0.465665
-1.77783
0.168853
-0.207135
-0.408955
-0.0281924
-0.563563
0.734201
0.0914421
0.694186
0.565236
1.4803
2.00251
0.274974
0.439933
0.356193
0.374575
-0.334379
-0.522306
0.325444
-0.378759
-0.58561
-0.395531
0.285892
-0.476701
0.831661
0.156069
0.237479
-0.470282
0.265736
-0.312954
0.31786
0.452439
0.665923
0.813751
0.296804
-0.522967
0.628281
-1.71379
0.0765741
1.23092
-1.18868
-0.558293
-0.409405
0.252427
-0.667491
-1.6197
-1.71119
0.134999
1.1265
-0.0990812
-2.53123
0.614968
0.942921
-0.170361
0.290688
0.81281
-0.811696
-0.419644
0.634266
-0.713383
0.365798
0.248348
-0.561627
1.67324
-0.656376
0.301197
-0.388286
-0.861813
0.304884
0.155476
0.0525568
-0.0610676
-0.256025
-1.32143
-0.501938
-0.754792
0.53731
0.33174
-1.41505
-0.36311
1.51605
-0.325709
0.81
-0.0746427
0.412681
1.4492
0.704798
1.91937
0.136381
0.0810817
-0.33458
0.562583
0.25622
-0.0660415
-0.360846
1.38435
0.21043
-0.213326
-0.0768407
-0.0341435
-1.04706
1.45077
1.07076
0.643442
0.779111
0.0163308
-0.2848
-0.147523
0.549446
-0.0650106
-1.02399
1.01147
-0.376818
-0.942519
0.739823
0.791213
-0.817967
-0.859225
1.03839
0.257375
-1.19026
0.0485041
0.371901
0.0845993
-0.921578
0.876982
-0.586369
0.732825
-0.762604
1.2262
-0.153011
-0.440584
0.293055
0.368697
0.957653
0.512462
-0.0705899
-0.167553
0.648789
0.383494
0.109787
-0.200492
-0.240298
-0.39331
-0.208092
-0.421185
-0.332038
1.17129
-0.525218
-0.63876
-0.195656
-0.0217091
-1.24396
0.57295
-0.920239
0.701231
0.0107372
-0.576824
1.33331
0.0491504
-0.221834
-0.0865944
1.20068
0.670256
0.955994
0.147885
0.289664
-0.757083
-0.479119
-0.514044
-0.0179783
-0.445716
-0.853989
0.0793511
-0.330605
0.730428
-0.23544
0.141958
-0.392928
-0.849294
-0.126174
-0.844248
-0.637225
-1.46889
1.86426
0.735642
-0.0553694
-0.736137
1.22623
-1.2552
-0.682963
0.270103
-0.148518
-0.816718
0.116244
-0.14306
0.0852315
1.93237
0.178632
0.592085
-0.729873
0.285072
0.229301
-0.558762
-0.627445
0.984547
0.112792
0.360319
-0.16674
0.0674896
0.396316
-0.504498
0.590336
0.015341
-0.0565615
0.104734
-0.98532
0.39478
0.687306
-0.761655
0.157273
-0.240063
-0.377688
0.0537452
0.443414
-0.0119928
-0.508519
-0.61649
-0.891815
0.557337
0.389773
-0.214955
-1.04313
0.275506
0.874967
-0.345239
0.872708
0.973083
-0.613628
0.106019
-0.00533798
-0.314619
-1.40761
0.938657
-0.315128
-0.266749
-0.97382
-1.11309
-0.59972
0.447137
1.02885
-0.687399
0.29184
0.290725
0.252782
0.229819
-0.127416
0.342586
-0.193372
0.0035783
-0.381651
-1.78531
0.023092
0.00228177
-0.512318
-0.020702
-0.30033
0.914313
0.286669
-0.177565
0.865368
1.11675
0.115068
-0.110956
0.388157
-1.19474
-0.919138
0.228517
-0.500356
-0.127819
-0.197305
-0.79469
0.520515
0.317481
-0.291949
1.02341
0.714849
0.0770161
0.0343677
-0.148896
-1.57647
-0.201464
0.0601559
-0.204995
-0.313413
0.2013
-0.331924
-0.698255
0.401043
-1.59109
0.0909593
0.493363
1.3841
0.0895321
0.102433
-0.113607
-0.00926447
-0.789906
-0.27694
0.935321
0.834091
-0.414278
-2.63704
1.28602
-0.602858
0.295944
-0.215961
-1.37986
0.0194478
0.0749395
-0.56752
1.4165
0.845176
-0.550161
0.696104
-1.12493
-0.0796665
1.08887
-0.372955
-1.33037
-0.151497
0.812891
0.0736662
0.0756226
-0.377326
-0.672095
-0.221109
0.106008
-0.546549
0.131403
-0.237026
-0.847939
0.520558
0.0196279
-0.276851
1.00857
0.294953
-0.518238
-0.118871
-0.401346
-0.681375
-0.18052
-0.560528
-0.120095
0.554323
-0.354461
-0.385398
0.139075
-0.112342
0.220883
-0.473399
0.0671321
0.417452
0.0520816
-0.342961
-0.356172
-0.487657
-0.630491
0.845612
0.700619
0.571127
-0.15193
1.71387
-0.866815
-0.168074
-0.751115
-1.5621
-0.0636493
0.698511
0.443153
-0.122722
0.115729
2.03281
-0.374976
-0.561264
0.555407
-0.918279
0.915468
0.902065
-0.0192239
-0.318845
1.07493
0.461808
-0.143581
0.760401
-0.41635
0.418576
-0.827942
-0.512508
-1.50676
0.0870692
-0.488828
0.385473
-0.233821
-0.318487
1.91148
-1.23123
1.46517
1.30857
-0.032235
-0.316173
0.137914
0.604152
0.656183
-0.281099
0.906321
0.368742
-0.166093
-0.844192
-0.143394
-0.644503
-0.0303099
0.449307
0.929046
-0.319289
0.269351
1.67867
0.0920053
0.47893
-0.573222
-0.367457
1.08686
0.374261
-0.469167
-0.883929
0.904587
-0.379356
0.994443
0.763452
1.67036
-0.418717
0.0785838
-0.741879
0.58683
-0.300034
-0.116316
0.0713149
0.503908
-0.515701
0.386831
0.826048
0.00976439
0.119322
0.148086
-0.325557
0.270831
0.725943
-0.668429
-0.245588
0.617206
-0.0396468
-0.0316821
0.105527
0.345883
0.608728
0.122631
-1.24083
1.0563
0.596557
0.725684
0.302114
0.429915
0.642876
0.647668
0.126085
-1.62833
0.19391
0.0305611
-0.185111
-0.0348687
-0.613053
-0.655737
-0.777507
-0.510536
1.76325
0.339309
-0.190564
-0.665997
0.164339
-0.08572
0.739385
-1.00571
-0.619801
-0.447479
0.227222
0.0260318
-0.701588
-0.214174
-1.18597
0.656634
0.0483411
0.443293
0.307757
-0.26142
-0.299054
-0.107361
0.58182
-0.592515
-0.115829
0.337995
-0.364692
-0.880522
-0.233459
0.481774
-0.170948
0.695138
0.0376197
-0.286505
0.279326
0.135002
-0.419248
1.21041
-1.2949
-0.584302
-0.0748128
-0.011799
0.929609
0.754399
-0.718853
-1.22252
-0.425251
0.446723
-0.459251
-0.334275
0.530792
0.408433
-0.076572
-0.617342
-1.08176
-0.495563
0.726166
-0.951445
-0.536911
-0.384648
0.0558441
-0.513425
-0.385963
0.243898
0.551471
1.18315
-1.21846
-1.84223
-0.042071
-0.835905
-0.458065
-0.255293
0.0876553
-0.229712
-0.476225
-0.484271
0.512316
0.470158
1.48043
-0.243629
1.83886
0.177963
-0.266529
-0.337368
0.571003
0.0948758
-0.442767
-0.532346
0.79473
-0.00147407
-0.00124092
-0.00616945
-0.0958302
0.430469
0.269793
-0.151487
1.22252
-0.705857
0.379827
0.846138
0.460088
-0.378886
0.524907
-0.753276
0.935938
1.23677
0.745432
0.722748
-0.517314
-0.0586454
-0.654335
0.115729
0.28702
0.375682
1.51011
0.968237
-0.446184
-0.769155
-0.896962
1.03577
-0.382532
-0.146091
0.310626
0.465057
-0.735802
-0.907895
-0.00951419
0.406796
-1.3186
-1.40064
-0.170793
-0.0580825
-0.0113319
0.698231
-0.803982
0.126334
-0.975774
1.19862
0.432617
-0.159086
-0.0624245
-0.583548
-0.622361
-0.581312
0.475657
-0.828774
-0.0311666
0.302759
0.387074
-0.242936
0.69481
-0.0372378
-1.04272
-1.03766
-1.19786
-0.232932
-0.26706
-0.306876
-0.113591
1.21183
-0.315174
1.01168
0.908466
0.316102
1.55948
-0.396031
0.265174
-0.457052
-1.54256
-0.445152
-0.490231
-0.807638
-0.238144
0.31028
-0.0306975
-0.657569
-0.770307
0.390975
0.893767
-0.225162
0.356855
1.15632
-0.300611
-0.362337
-0.0141694
0.968684
0.597418
-0.391337
1.31396
0.447287
-1.15378
-0.310626
0.983559
-0.329711
0.15229
0.00391374
0.0149296
-0.58019
0.783817
-0.233186
2.20046
0.644199
0.382683
-0.442561
-0.380025
-0.851263
0.225806
1.12801
0.386649
0.800732
-0.171442
-0.309933
-0.569651
0.913497
-1.01599
-1.13675
-0.572738
0.646699
-0.0245516
-0.00615704
0.529935
0.258049
-0.947767
1.08899
1.00245
-0.36844
-0.257877
-0.201348
-0.557997
-0.0210658
-0.953434
1.93188
0.236949
0.664862
0.244485
-0.264708
0.689895
0.830358
0.892323
-0.51293
-1.18852
0.444459
-0.04081
-0.420474
0.993121
0.378874
1.02166
0.197681
-0.487628
0.794337
0.751523
0.0249651
0.461044
0.224214
-0.433357
0.141856
0.60433
-1.8584
0.408934
-0.959255
-1.61612
-0.011418
0.71953
-0.506323
-0.052861
-0.178129
1.08773
-0.0515715
-0.358931
0.393123
0.064651
-0.701918
0.279298
0.148939
1.09061
-0.408099
0.341379
-0.368994
0.215717
0.760786
0.36529
-0.237182
-0.130434
0.437369
-1.00258
0.45359
-1.50812
0.974005
0.118629
0.203932
-0.606868
0.346818
-0.0609005
0.274774
-0.575142
-0.465167
0.462836
0.79803
-0.129271
0.463845
0.639251
0.305348
0.179709
0.399912
-0.175217
0.429131
-0.131918
-0.906363
-0.158222
0.308005
0.797351
0.732657
-0.565306
0.517527
-0.306548
-0.192345
0.152555
1.36677
-0.208384
-0.388005
-0.624399
-0.333775
-0.125485
-0.0773987
0.287125
0.347392
-0.342876
-0.443725
-0.616621
0.155447
0.369526
0.640166
-0.440883
-0.800331
-1.19719
-0.33357
0.105407
0.424366
0.965748
-0.077569
0.95021
0.54941
-0.00269843
1.3913
-0.35735
-0.295475
0.331168
-0.478573
-0.912808
0.132842
-0.426908
-0.117057
1.27666
0.206033
-0.030151
0.275177
0.238876
1.01962
-0.414567
0.784858
-0.472583
-0.204805
-0.436865
0.147362
0.286575
-1.21904
-1.01957
0.118382
1.47936
0.0546292
0.0115879
-0.666266
-0.106776
-0.882422
0.196021
1.11624
0.0585292
0.114648
0.538062
-0.364895
0.518688
0.71084
0.681281
1.40514
-1.35348
-0.102247
0.546686
-0.076846
0.0642595
0.893518
-0.667945
-0.0994448
-0.304587
-0.528778
0.939302
0.932366
-0.151539
0.263604
-0.522348
0.577604
-0.388712
0.229969
0.510833
-0.123791
0.587073
0.0465582
-0.406639
-0.201467
0.35563
0.284529
-1.4221
0.15839
0.767981
1.19237
-0.501611
-0.238638
0.807805
0.418971
0.105192
-1.25824
0.610619
0.36236
0.730162
0.274253
0.106034
-1.53135
0.0837047
0.157625
0.0449691
0.633681
0.507744
0.0361451
0.664594
0.106962
0.0164614
0.506813
-0.887226
0.089733
-0.313977
-1.43675
0.233727
-1.24952
0.43591
-0.401406
1.05228
0.884652
0.331659
-0.377477
0.165541
0.0443572
-0.248752
-0.139514
-0.813196
0.00972241
1.44513
-0.257962
1.18452
1.40068
-0.439233
-0.0276066
-0.193914
-0.5329
-1.27754
1.42514
0.32753
0.279603
-1.42946
0.670696
-0.0348355
0.824481
-0.161659
-1.60463
0.783715
0.175449
-0.946713
-0.768299
0.0664841
0.170514
-0.358312
-0.23086
-0.805274
-0.0757256
-0.413594
-0.252684
0.307032
-0.322003
0.354255
-0.576642
0.232933
1.40214
-0.283566
0.0294347
-0.195885
-0.2444
0.19368
0.431712
0.431318
1.1854
0.287747
-0.0806249
0.619392
-0.863836
1.07821
-0.573557
-0.950473
0.358511
0.366229
-0.386923
-0.43616
-1.30917
-0.0884029
-0.399078
0.32796
0.235981
-0.70238
-0.778164
-0.119233
0.665075
1.58837
-0.695386
0.650352
0.201194
0.0750318
-0.554521
0.949076
0.734444
0.877271
-1.62067
0.56525
-1.18622
0.826989
-0.535425
-0.713928
0.911893
-0.781393
0.0755998
-1.01179
0.398572
-1.03778
1.36635
0.434753
0.826694
0.231453
-1.21424
-0.377129
-0.56019
-0.161235
-0.000829743
0.43476
-0.348279
-1.13455
1.22719
-0.353874
-1.01635
-0.347866
-1.0837
0.237122
-0.146449
-0.223396
0.361669
0.47873
-0.217152
1.14815
1.166
1.0301
0.470862
-0.118738
0.746799
0.0123294
0.275485
-0.168827
-0.486644
0.428806
-0.845947
0.668663
0.301528
0.463064
1.13672
-0.278542
0.569143
0.0410313
-1.5254
0.022306
0.202649
0.415583
0.867469
0.547093
0.62401
-0.522611
0.740279
-0.596477
-1.3067
1.11153
0.5265
0.517328
0.486532
-0.185449
-0.258772
0.267256
0.865647
-1.32697
-0.133374
0.773873
-0.57637
0.336781
1.08474
-0.897831
-0.48713
-0.400491
0.666974
-0.00389546
-0.015244
-0.0546745
0.0297284
-0.789026
0.701678
-0.351881
1.20958
-1.14747
0.630134
-0.531797
-0.668378
-1.14096
-0.206464
0.297935
0.125306
0.546738
0.188661
-0.30844
-1.06095
0.920125
0.367451
0.452422
0.134026
0.844754
0.244573
0.0929019
-0.278267
-0.0387353
0.274849
0.895822
-0.872675
0.177076
0.0875246
0.750813
0.293309
0.0308901
-0.223037
0.25154
0.36937
-0.0757343
0.944033
-0.313548
1.55809
0.539119
-0.867357
0.434265
0.110731
-0.29603
1.18629
-0.58189
-1.05507
-0.829439
0.149085
-0.00239762
-0.914261
0.43804
-1.72577
-0.181403
1.29859
-1.07632
0.1286
-0.330115
-0.942302
-0.820241
0.724779
0.111854
-0.685064
-1.34681
0.476902
1.1615
-0.588153
-0.511086
-0.657324
-1.25434
0.327357
-0.234527
-0.582712
0.285465
0.919153
0.0555154
-0.619144
-0.00080711
0.5635
0.373705
0.761073
-0.591967
-0.522525
-0.239111
0.338219
-1.30038
-0.584131
0.0907356
-1.31938
0.687478
1.79098
0.172222
-0.966147
0.953916
-0.34636
-0.0281092
-1.33375
-1.33873
-0.0578978
-0.0301007
-0.789851
0.255695
-0.031785
-0.220779
-0.176991
0.623599
-0.613633
0.0945181
-0.336361
-0.642507
-0.753048
0.574977
0.334223
-1.13691
0.838378
-0.0807146
-0.465396
0.474682
0.175046
-0.40127
-0.790623
-0.406927
-0.592199
-0.223604
0.0180175
-0.56141
0.162522
-0.340346
-0.749586
-0.277317
0.671845
0.135853
0.228256
-0.408617
-0.0466232
-0.265585
-0.260863
0.0476699
1.61264
1.01232
0.0946457
-0.382501
-0.444667
-0.277975
0.894866
-0.265445
-0.420836
1.00998
-0.139851
1.88627
-0.730289
-0.286111
-0.150311
-1.33517
-0.787179
0.884562
-1.05834
1.17968
-0.711459
0.738659
0.350154
0.112888
-0.813326
0.027527
-0.159579
0.0398534
0.067946
0.593849
-0.213654
-0.236631
-1.11949
1.23913
-0.0323603
0.663261
0.0767435
0.215771
1.44132
-1.01773
1.08951
1.56549
0.770439
-0.162497
0.0227226
-0.45559
-0.409875
0.212651
0.330544
0.142546
0.109614
0.0479256
-0.0313583
-0.426709
-1.66273
-1.22174
-0.205394
-0.980008
0.552769
0.0211561
0.207656
1.34957
0.93534
0.827315
0.493696
0.119003
0.648032
-0.268461
0.845655
-0.528014
-1.0561
1.29135
0.821202
0.0977385
0.635569
0.181198
-0.434188
0.415346
-0.62347
-1.7055
0.537938
0.219912
1.19023
0.379302
-0.394611
-0.447416
0.524074
1.43586
0.042261
2.98567e-05
0.0644836
-0.254743
0.259914
-0.0879
0.488808
-0.251345
-0.529764
-1.03515
-0.803003
0.0444336
-0.093174
0.0352086
1.27821
0.396937
-1.4182
-0.613816
0.259427
-0.17648
-1.59274
-1.20672
0.304888
-0.30723
-1.29307
-0.433088
-0.381959
0.670404
-0.462453
0.00938097
-0.711826
0.850762
-0.412245
-0.117848
0.481796
-0.114184
-0.423567
0.295697
0.336461
0.906138
-0.488012
0.66308
1.01525
0.211299
-0.12361
0.199582
0.267125
-1.0923
-0.181028
0.249864
0.457421
0.525003
-0.815614
-0.699129
-0.234016
0.152969
-0.952365
0.564328
0.406603
0.222811
0.851628
0.836346
-0.186566
-0.141386
-1.38296
0.532976
1.33775
-0.369167
-0.063431
-0.760373
-0.423396
-0.226891
0.436749
-0.205035
-1.20035
0.467206
-0.842538
0.416971
0.0647636
-1.4097
-0.397632
0.917201
-0.503006
-0.842433
-0.411851
-0.730813
0.292891
-0.159077
-0.526025
0.0643364
-1.33093
-1.07168
0.0771753
0.636817
1.22868
-0.669904
-0.671414
0.214329
-0.452361
1.46045
-0.525278
-0.0638613
0.166595
-0.238797
-0.863682
0.508267
0.394616
-0.602385
1.06497
-0.763208
0.251121
0.919378
-0.706348
0.201653
1.07984
-0.358795
0.718916
0.124296
-0.125666
-1.32935
0.425756
-0.200361
0.16056
-1.80647
-0.16727
0.647477
1.06508
0.232506
1.19436
0.203746
-0.0527576
-0.0368919
0.371461
0.368173
-0.0881022
0.0255195
0.47462
0.660322
0.295861
-0.0315469
-0.282156
-0.0807364
0.439871
-0.0444283
0.454603
-0.771222
0.0625957
-0.774349
0.337938
-0.00536432
0.447071
0.640812
-0.382013
-0.842817
-0.0676065
0.391842
0.383531
-0.0642314
1.04149
0.459307
-0.710522
0.319403
-0.138429
0.918912
-0.492956
-0.511243
-1.33897
0.630176
0.977144
0.294343
0.00436086
-1.01793
-0.48009
-0.0982292
-0.77413
0.866279
0.0848952
0.230987
-0.0806683
0.142324
0.00544436
-0.51767
-0.128271
-1.5178
-0.741616
-1.32902
-0.399201
0.00261762
1.19953
-1.05088
-1.1194
-0.522489
-0.672552
0.435671
0.668818
0.698675
0.0547182
-0.732814
-1.10337
1.51994
0.541655
-0.46594
-0.694343
0.886233
-1.03418
-0.74571
0.793108
0.996641
0.184161
0.441168
-0.51574
-1.23066
0.652061
-0.512954
0.932786
-1.12067
1.10633
-0.756959
0.861676
-1.23057
-0.415224
0.376055
0.253604
-0.678573
-1.16729
-0.0263025
-1.48621
0.726028
-0.902921
0.0989796
-0.237157
0.644453
0.0351939
-0.0341912
-0.131485
0.677026
-1.19491
0.672366
-1.03309
0.170865
0.0544797
1.92259
-0.85229
0.431253
-0.171727
1.69841
-0.45754
0.912442
0.784904
0.43086
1.03146
-0.450231
0.374285
0.924931
0.241574
-0.220557
-0.440362
0.475961
-1.13493
0.313027
1.0277
-0.75436
0.409463
0.420184
-0.0959183
0.677258
-0.673589
-0.65789
0.359944
0.16507
-0.425485
0.606458
-0.237045
-1.22182
-0.121573
-0.240606
-0.132768
0.0909358
-0.863649
-0.0939311
0.420791
-0.19468
-0.354235
-0.370547
-0.389166
0.856099
-0.671996
-0.547211
-0.22628
0.707764
-0.850707
-0.255996
-0.523694
0.353699
0.179511
0.255987
0.327189
-0.961155
-0.0848868
1.35892
-0.0508432
-0.244983
0.733991
-0.432272
1.47969
0.475563
0.101221
-1.42691
-1.00077
0.39854
0.430178
0.649465
0.282894
0.192569
-0.473791
-0.557751
0.212192
-0.102479
0.578792
1.8637
0.41819
0.105705
-0.995004
-1.58048
0.683679
0.548382
0.557792
0.210384
0.0598764
0.243305
0.391755
1.43681
0.652867
-0.657984
0.830982
0.502443
-0.649766
0.197354
-1.00599
-0.575336
-0.46433
0.434247
-0.789652
-1.45607
0.892063
-0.600982
0.108472
0.321305
0.564972
-0.141781
-1.27607
-0.246553
-1.2229
-0.6649
-0.49051
-0.16831
-2.05222
-0.125337
-0.490583
-0.413892
-0.443745
-0.318708
0.856557
0.133487
-1.47451
0.293204
-0.91408
1.03533
0.621098
0.453533
-0.662253
0.163198
-1.2382
-0.920765
-1.48445
-0.436574
-0.0777277
0.745825
0.429111
0.611005
0.075299
0.921392
-0.945127
0.0179327
-0.383774
-0.477187
1.45059
-0.225746
-0.951837
-0.223621
-0.571189
1.50824
0.149839
-0.194712
-0.900253
-0.074787
0.74104
-0.256759
0.101274
1.37157
0.303027
0.650157
-0.531652
-1.53419
-0.513566
0.681948
-0.801521
-0.21082
-0.345182
0.267287
-0.0157804
0.110073
-0.552438
1.47731
0.629836
0.196946
0.281845
0.455077
0.683516
-0.865781
-1.10273
-0.700234
-0.753244
-0.7216
-0.110629
-1.70641
0.0468559
1.38277
1.10088
1.34591
-0.327723
-0.911044
-0.351175
0.0727636
-0.546456
-0.458919
0.119017
-0.346281
1.98003
0.639726
-0.689694
0.306006
-0.369328
0.111124
-0.515726
0.117186
-0.515701
-0.809406
0.646201
-1.24878
-0.42384
-0.657495
-1.20187
1.54086
-0.441748
1.69677
-0.988636
0.642269
0.367161
-0.835309
0.222369
0.0211435
-0.741528
0.469249
-0.811677
-0.90448
-0.351437
0.508748
-2.28251
-1.15421
-0.0360663
-0.161532
0.0742181
0.588386
-0.294084
0.511488
-1.02565
-0.201118
-1.13268
1.12592
-0.605284
0.337379
0.837599
0.8711
-0.23464
-0.0647473
-0.789591
0.508186
-0.0642535
0.609267
-1.07747
0.470811
-0.64942
1.30568
0.329923
0.290492
-0.420868
-0.406666
0.806446
-0.166787
-0.15328
0.0519998
-0.0226554
-0.0131865
-0.506754
0.488062
-0.339513
0.00904004
-0.0829703
0.319219
-0.318234
1.16187
-0.495692
0.0658749
-1.12029
-0.331508
1.05947
-1.25069
-0.0818416
0.1652
-1.04097
0.497059
0.442977
2.19289
-1.13155
0.552452
-0.384265
0.969591
1.51395
0.0270969
-0.141491
-1.51563
-0.533521
-0.494633
-0.536566
-0.836283
0.159563
0.346332
-0.0767325
-1.94182
-0.619861
-0.784627
-0.0989106
-0.912452
-0.550637
-1.12396
0.00328169
-0.129137
-0.151228
-1.10231
-1.14056
-0.336146
-0.372503
0.656822
0.063336
1.11476
0.0772958
0.826525
-0.922156
-0.327496
0.721093
0.568576
0.771095
-0.384085
-0.630765
0.325339
1.29623
0.707213
-0.117036
0.0536172
-0.511359
-0.112831
0.223177
0.0568349
-0.00488018
-0.270243
0.221511
0.634872
1.12028
-0.0797032
-0.108907
-0.148858
-1.04052
0.528135
0.924311
0.513397
-0.0926438
1.1725
-0.24476
0.307837
1.26275
0.983191
0.585773
-0.125989
-1.29777
0.995332
0.427539
0.395599
0.0499742
-0.893509
0.991043
-0.0789428
-1.1076
0.196968
-0.319527
0.599201
0.189084
-0.26664
-0.579644
-0.471748
-0.138398
-1.10778
0.507516
1.02571
-0.551101
-0.275195
-0.063572
1.06254
0.0162795
0.0461697
0.230375
-0.300527
-0.45302
0.117478
1.03559
-0.437409
0.309698
-0.368946
-0.334627
0.58862
1.70549
-0.628661
-0.208782
-0.583519
0.514374
-0.283288
-0.681931
0.239421
-1.23357
0.0616442
-0.472595
-0.922662
-0.662145
0.98258
0.23486
0.0275605
-0.73103
-0.530092
0.14634
0.0228575
0.268101
0.071828
0.303495
0.447965
0.934349
-0.156758
1.0028
0.183671
-0.219626
-0.466037
-0.434619
-0.0529759
-0.342033
-0.181083
0.203284
-1.21678
-0.186104
0.454045
0.232443
-0.441009
0.134723
-0.116503
0.598495
0.040857
0.859576
0.258392
0.625669
0.560698
0.818602
0.281857
-0.212804
-0.0436585
1.1388
-0.262693
0.0759252
0.709141
1.70979
-0.255798
0.534216
-0.017484
-1.08596
0.395931
0.696907
1.21442
-1.07226
0.110824
0.328548
0.519997
-0.719355
0.137138
-0.539864
0.1276
-0.321517
0.164956
0.0882756
-1.14217
1.26415
-0.348495
-0.830924
-0.0240491
-0.392911
-0.371019
0.0940106
0.474121
1.3652
-0.596166
0.488618
-0.162961
-0.797179
-0.877412
-0.56796
0.0460464
0.37117
0.588906
0.0597406
-0.848487
-0.482277
0.448751
1.27884
-0.706068
0.0302894
0.364576
0.784416
0.602894
-1.21394
2.22255
-1.28293
-1.45363
-0.0249824
0.315311
-0.421731
0.213886
-0.121634
0.906344
-1.41479
-1.66964
0.45249
-0.720464
-1.30771
0.379897
-0.434594
0.780399
0.266156
0.409192
-0.0148637
0.182964
-0.927448
0.590957
1.14361
-0.31542
0.231394
-1.05298
0.163943
0.461159
0.413956
-1.33197
-1.42032
0.32099
0.411639
-1.148
0.229182
-0.373503
0.471611
0.203633
-0.827333
1.10755
0.376955
0.383249
0.530759
-0.892474
0.261847
0.810054
-0.0592771
-0.00166576
1.30701
-0.277956
1.6686
0.996846
1.02158
1.25707
-0.150799
0.913632
0.431231
1.6478
-0.76904
-0.930418
0.494129
0.593846
-0.347925
0.606638
-0.997144
0.657173
0.0147298
-0.793954
0.742827
1.06769
0.714242
-0.482545
-0.41089
-0.705464
-1.8315
-0.969989
-0.796037
1.59194
-0.3744
0.963401
0.00909812
0.818637
-1.03248
-0.200071
0.924204
0.283212
0.579997
-0.115327
0.299795
0.27599
0.549585
-0.351558
0.013467
-0.223381
-0.720866
-0.0361856
0.0553295
-0.188497
-0.141756
0.35333
0.47144
-0.480566
-0.462383
-0.143358
-0.0601861
0.00347505
0.416068
0.0193879
-0.150662
-0.460055
0.509694
0.862702
0.391636
0.395572
0.0637793
-0.99671
0.488781
0.193221
-0.559076
-0.105998
-1.69405
0.212287
1.11531
0.0197305
0.0322616
1.06041
-1.51378
-1.06879
-0.290465
-1.34615
-0.485758
-0.322442
-0.30352
-2.06388
-1.38055
0.205812
-0.713963
-0.130884
1.36118
0.533226
-0.500782
-0.256886
-0.515592
0.0963977
0.342788
-0.345368
0.359652
-1.25615
1.02332
0.155139
-0.932765
-0.827821
-0.0298291
-1.34257
0.899916
-0.402864
-0.525485
-0.686304
0.539901
0.929095
-0.587281
1.93972
-1.63356
-0.135493
-0.416218
0.612918
0.422873
-0.21064
1.4285
0.0222763
-0.0772839
0.0444372
-0.934826
0.124271
-0.0667589
-0.952879
-0.0323894
1.44794
-0.128382
-1.04845
0.681399
-0.509566
-0.106372
-0.400717
-0.225672
0.368662
-0.357622
-1.13554
-1.30705
-0.166083
1.00338
-0.117702
-1.91493
-0.24652
1.46318
-0.476706
-1.14008
1.0008
-1.06447
-0.0873347
-0.307021
-0.0822108
0.779657
0.701562
-1.21288
0.128776
0.726441
-0.114172
-0.106719
-0.964232
1.41484
-0.820879
1.0408
0.56883
-0.623614
-0.408905
-0.024062
-0.811641
1.06647
0.0634677
-0.323319
1.18707
-1.09872
0.366512
-0.606474
-1.01007
-0.999154
-2.0424
-0.563475
0.558458
1.01556
0.540586
-0.226972
0.160462
0.36352
-0.6625
-0.169699
0.29221
0.711194
-0.114132
1.06067
-0.078321
0.39312
-0.349478
0.290904
-0.334266
0.979147
0.2801
-0.148872
-0.23174
-1.19406
-0.32742
0.330657
0.21884
1.27139
-0.0534611
-0.26296
1.93822
-1.23572
-0.467142
-0.0693909
0.23252
-0.649195
-0.913981
0.132233
-0.488113
-1.09312
1.4777
0.046188
-0.497823
0.845595
0.343216
0.30251
-0.573334
-0.356022
-1.05708
0.0890163
0.173016
-0.885346
0.581653
-0.847694
1.20226
-0.899491
0.569668
0.212383
-0.601797
0.0995067
0.843981
-0.999592
-0.0844145
-0.053138
-0.137716
-0.0251862
0.233718
0.954314
0.408024
-0.108997
0.331475
-0.921445
0.379466
-0.908499
0.0654313
-0.650877
1.21056
-0.13638
-0.00194588
-0.833732
0.330391
0.34277
0.806724
0.921635
-0.407343
1.20575
0.301913
0.0603861
-1.2101
0.166178
0.207387
-0.483227
-0.22569
0.631306
1.87203
-0.502907
-0.208301
1.12871
-0.468109
-0.394862
-0.371798
0.562642
0.348593
-0.217228
-1.20524
0.155846
0.0910697
0.0726638
-0.251557
-0.568693
0.387666
0.492938
-0.688686
0.135462
-0.915086
-0.000610285
0.421471
-0.694079
-0.833822
1.34583
-0.639055
0.315289
-1.23074
0.222989
0.745658
0.0858368
-0.184006
-0.356363
1.14213
1.32795
-0.213925
-0.578079
0.24732
-0.857637
-1.53573
-0.385632
-0.709253
0.200824
-0.377187
0.90727
-1.165
1.53648
-0.366352
0.221236
0.459591
1.1927
-0.182341
0.884924
0.171764
-0.557158
0.94254
0.182618
0.355907
0.338493
-1.66878
0.82064
1.35574
-0.0736838
0.822776
-0.510315
-0.128956
0.525843
0.272809
-0.702881
0.2159
0.479027
-0.181261
-0.667492
-0.0657273
0.0103746
1.16139
-0.303263
0.250234
0.007585
-0.199646
-0.183973
-1.27274
0.928333
-0.227623
-0.87592
-0.152849
1.38721
0.135641
-0.174616
-0.681695
0.284828
-0.337721
0.80417
-0.500304
1.25342
0.643235
0.0850674
1.45559
-0.323834
1.1161
-0.604656
-0.479276
0.20976
-0.916959
0.156492
1.07593
-0.290888
0.823282
-1.05865
1.80556
-0.39425
-0.926524
0.237609
-0.501519
-0.0773523
-0.288211
-0.357355
-0.663038
0.0733651
-1.18952
0.321074
-0.354478
0.511703
0.47662
0.993525
0.236393
0.542761
0.548672
-0.181493
0.7719
1.02281
0.280813
-0.269945
-0.177205
-0.733911
0.375561
0.329204
-0.253733
0.113494
0.200237
-0.551576
0.802708
0.541423
-0.604553
1.12371
0.291737
0.50359
-1.28794
-0.140021
0.556584
0.54961
-0.626049
-1.24619
0.195508
0.66028
-0.862355
-0.241355
2.44803
-0.469097
-0.151989
0.163014
0.339099
0.0649358
-0.764357
0.22662
0.0728527
0.449418
-0.163742
-1.14641
0.980149
0.532351
-0.0739195
0.800143
0.463486
0.336901
-0.090903
-1.14404
0.0659312
0.456764
-0.904736
0.616349
-0.797497
0.125322
-0.423584
0.0173119
-0.472718
0.0685436
-1.05009
-0.529686
0.907566
-0.238621
-0.587335
-0.119057
-0.902061
-0.918529
1.40932
0.934063
0.301568
-0.26198
0.0272849
0.592828
-0.0917862
-0.161224
-0.854599
0.209755
-0.225177
-0.498009
-1.96515
-0.337701
-0.235875
1.0443
0.533
-0.157831
0.919962
-0.213783
-0.990719
1.26785
0.176823
0.0542193
-1.10507
-0.579879
0.139886
-0.894899
0.0983515
-0.0131565
-0.150089
0.2885
0.012583
0.370629
0.228843
-0.00286023
0.938647
0.0598108
0.939568
-1.41522
-0.614303
0.523529
-0.264719
0.600764
0.0654585
1.0716
-0.0408362
-0.167597
-1.26537
1.50456
-0.439278
-0.963828
-1.03559
-0.528572
0.267797
1.12501
0.255194
-0.461464
0.537202
0.749168
0.18725
-0.328923
-0.658851
-0.445761
-0.176687
-0.452126
-0.0172069
-0.171784
-0.710282
-1.00847
0.838189
-0.378954
-1.04487
-0.618916
-0.789065
1.22908
0.59285
0.750205
0.245291
0.215087
0.480078
-0.726971
0.793348
0.315136
0.300816
-1.18453
1.18608
-0.359846
0.997689
-0.0833192
0.588134
0.854976
-0.332319
1.23778
0.178618
-1.25246
0.0563116
-0.37803
-0.465069
0.369199
0.321158
-0.110954
-0.434969
-0.565435
1.24155
-0.753816
-0.557527
-0.411642
0.628731
-0.944723
-1.35708
0.82247
-0.629314
0.174876
0.323965
-1.08301
0.338936
-0.474367
0.503953
0.0300425
1.34235
-0.714953
0.0193784
-0.4416
0.392735
0.442869
0.196386
-1.33335
-0.12399
-0.695203
0.152398
0.620998
1.00783
-0.444182
0.862341
-0.419668
-0.512388
-0.627272
0.0823558
-0.514647
0.134165
0.749954
0.356544
-0.458944
-0.855908
-0.488817
-0.790141
-0.853042
-0.753028
-1.1275
0.460486
-0.938135
0.650123
0.0741295
-0.523073
0.97204
0.370127
-0.310084
-1.21134
0.00625822
-1.01844
0.425085
0.286599
-0.471308
-1.05838
-0.751418
-0.842545
-0.49875
0.401638
0.208208
-0.210163
-0.468466
-1.19329
0.487355
0.123142
-0.729188
0.292718
-0.360034
-0.151103
-0.774717
0.793411
-0.0648918
-0.710465
-0.444868
0.331281
-0.0395548
-0.200999
-0.0205349
0.96747
0.122288
0.844018
0.35035
0.0449224
0.0493771
-0.410984
0.0691822
0.844865
0.249216
-0.182388
-0.0356059
0.751189
0.00224734
-1.74398
0.124028
-0.125031
1.49315
-0.0823736
-0.905694
-1.56936
-0.596466
0.946784
0.0612407
0.345412
-0.0795752
-0.391065
-0.700473
0.712944
0.288033
-0.566416
-0.00901797
0.5268
-0.901091
0.270792
0.696276
-0.0657663
-0.0875309
-1.0508
-0.394933
0.397472
-0.55863
-0.70711
0.580026
-0.991752
-0.597336
0.593599
0.738558
1.10772
0.145079
0.100879
1.06819
0.502498
0.506222
-0.741513
-0.719642
0.229296
-0.938928
-0.721915
0.234623
0.132871
-0.362699
-0.469844
-0.0851749
0.611938
0.1038
-0.701569
-0.453619
0.161839
-0.193303
-0.693938
-1.29891
-0.17599
0.461386
0.486445
-0.0273909
1.1547
0.296295
0.461783
1.46036
-1.1863
-1.00254
-0.797288
0.687697
1.19307
0.0774041
0.205265
0.861565
0.122865
-0.00122958
-1.23404
0.269122
-0.330307
0.484354
0.0662923
1.2621
-0.723358
-0.817377
1.04295
0.582796
0.506524
-0.741713
0.215354
0.771326
0.524434
0.559892
0.781518
-0.698227
-0.516674
-0.557038
-0.179177
-0.445958
0.644217
0.106693
0.782637
0.820313
-0.456852
-0.442515
0.127964
0.36657
0.550513
-1.15177
-0.0123191
0.286216
-0.20198
-0.00604417
-0.803541
0.506807
0.808703
-0.221003
0.422906
0.404799
-0.725442
-0.15454
-0.691708
-0.290847
-0.999363
1.05775
0.379234
0.298626
1.56883
0.473391
-0.227253
-0.929081
-0.38747
0.0249035
-0.160795
0.505702
0.871115
0.583758
-0.725061
0.418024
0.53215
-1.07902
1.28735
-0.7661
0.628691
1.31609
0.704393
0.764038
1.01856
0.558116
0.459802
-1.08209
-0.896421
-0.156228
0.278613
0.466308
-0.384836
-0.329663
0.0475536
0.301972
-0.0362707
2.12151
-0.0903277
-0.0709487
-0.361071
-0.167928
-0.552216
-0.569119
0.633923
-0.447014
1.10833
-0.850689
0.217772
-0.433054
0.0218072
-0.49307
-0.779541
-0.591231
-0.481515
-0.390937
-0.693076
-0.178567
1.93844
-0.0923404
0.982769
-0.143409
1.39238
1.20985
0.658765
0.110918
-0.695855
-0.376339
-0.384496
-0.494476
-0.00863271
0.354705
0.994659
0.782821
-1.16413
1.00383
-0.387922
0.0090088
-0.187219
-0.951563
-0.930848
-0.00509073
0.441398
-0.0448773
-0.455521
-1.11069
1.04036
0.569466
-0.0845419
-0.0426499
0.509682
1.30446
0.407515
-0.351508
-0.92136
-0.748669
0.329603
-0.760679
-0.388807
0.629936
-0.0922565
0.892437
0.808223
-0.633466
0.371221
0.835781
0.756817
-0.0433119
-0.525455
-0.641791
0.898295
-1.68497
-0.41951
-0.721277
-0.377454
1.13932
0.176186
-0.792127
-1.00706
0.938046
-0.298105
-0.240997
1.11037
-1.18907
-0.243935
-0.619854
-0.523818
-0.57119
-0.0522854
-0.799048
0.446536
-0.226894
0.28403
-1.02338
-0.27694
0.745297
-0.571305
-0.408973
-0.330378
-0.452845
1.31954
0.188176
-0.695903
-0.602488
-0.241097
0.668679
0.348239
-0.673542
0.106715
-0.961074
0.168736
0.171695
-0.394837
-0.538354
0.446258
0.655546
1.43108
0.989538
0.0205815
-0.0979329
-0.766636
1.13496
-0.758375
-0.233107
-0.309777
0.737093
0.368856
-0.126056
0.652041
-0.517383
-1.16881
0.0534574
0.9318
0.43584
-0.813124
0.186558
0.247479
-0.0360767
-0.699534
-1.07203
0.212548
0.517823
0.360794
-0.781105
-0.00644211
-0.253825
-0.880504
1.1716
0.195055
1.4776
0.114369
0.309648
0.443064
0.310596
-0.988901
-0.876776
0.350528
-1.81315
-0.730435
1.66532
0.0885875
-0.852461
0.239321
-0.585886
-0.424091
0.238643
-0.133288
0.238185
1.15971
-0.789104
-1.51393
-0.44366
0.434462
-0.477929
-0.860385
-0.892029
-1.18752
-1.57072
0.931501
-0.469661
0.821492
1.38932
-1.15799
-0.99185
0.146604
0.325334
1.20701
0.878927
0.731692
-0.404087
-0.527533
-0.00778688
1.067
-0.692999
0.46232
0.670014
0.348421
-0.77238
-0.136804
-0.0389243
0.0651426
0.0347662
-0.0463407
-0.274808
0.244539
-0.238092
0.324066
-1.16693
1.10979
0.234434
0.917924
-1.03181
0.106643
-0.595525
0.213297
-0.799321
-0.717288
1.02054
0.458632
-1.90754
-0.25634
0.312627
0.679279
1.14878
0.0231708
-1.19461
-1.3623
-0.82227
-0.336482
-0.465156
0.373432
-0.501119
-0.614664
-0.977026
0.184017
-0.0355921
0.494123
0.328106
0.634384
2.02544
0.643101
-0.524033
-0.612242
-0.554228
-0.897294
-0.990833
-0.216426
-0.351468
0.360018
0.706331
-0.0483999
-0.292708
0.11183
0.54941
0.223452
-0.460005
-1.38969
-1.40169
-0.186521
-0.632492
-0.885558
1.90656
0.540649
-0.0668209
0.662782
-0.195253
-0.0066851
-1.09496
-0.463777
-0.154169
1.15425
0.867452
-0.448762
-0.259717
-0.00596731
-0.775462
-0.0645089
-0.0516382
-0.19921
-0.377548
-0.46482
-0.00773113
1.40054
1.18121
-0.52906
0.445752
0.00482551
-0.211566
0.927908
1.23064
-0.0886389
0.305187
1.59888
0.363928
-0.542678
0.314708
-0.24199
-0.36545
-0.183337
-0.616058
0.108948
0.219599
0.00402559
0.82928
0.805456
0.449832
-0.408957
0.72485
-0.0987981
-0.499472
0.526215
-0.0307882
-0.542467
-0.503856
-0.799821
0.149147
1.87067
0.421486
-0.5917
0.162756
0.279689
1.05106
0.854895
0.366031
0.392708
-0.609876
-0.589788
0.242398
-0.277351
-0.0808614
-1.49208
0.727671
-0.592653
0.0444489
0.113055
0.981883
-0.475968
-1.22935
-0.962943
-0.137759
-0.14049
-0.55228
-1.23928
0.0706956
-0.222682
0.257635
-0.0473126
-0.457272
0.885291
0.494651
-0.430763
0.531729
0.360377
1.26203
-1.01559
-0.927801
0.0667843
0.449603
0.0737253
0.543607
1.34534
0.250849
0.542397
0.63419
0.386821
-0.354415
-1.23516
1.27054
0.0417572
-0.261064
-0.011346
0.756608
-1.95611
0.341188
0.229306
-0.803555
-0.839747
0.252403
-0.700509
0.653514
-0.247006
0.253278
-0.181276
0.33312
0.193894
-0.57947
0.0819706
-1.63351
0.00700389
0.203341
0.31387
-1.1278
0.62901
-0.0373116
0.155994
-0.330111
0.202553
-1.14444
0.835373
0.592621
1.2722
-0.86321
-0.535281
-1.55498
0.162686
0.0591698
-0.724769
-0.616632
0.387113
-0.256481
-0.96008
1.28214
-0.94479
-1.9281
-0.0809034
-0.178673
0.0872492
0.0938926
-0.802904
0.716248
0.425866
0.587259
-1.32881
0.314043
-0.127306
-0.329175
0.73572
-0.464092
-0.460677
0.214825
0.730506
1.17077
-0.0421785
-0.338984
0.240043
-0.199101
0.385414
0.338925
-1.37701
0.23955
-0.651269
-0.173169
-0.998372
-1.36088
1.13393
-0.264311
-0.268972
0.069493
-0.340563
0.476449
-0.608108
-0.940934
-0.116763
0.790801
0.561933
-0.587179
0.115253
-0.0748324
-0.749601
-0.0463444
1.09668
0.471454
-0.652997
0.27674
0.398968
-0.375748
-1.07229
0.074313
0.333518
0.860862
-1.13854
-0.544476
0.196859
-0.0552008
-0.0696552
0.0266157
0.488505
0.0659718
0.240998
-1.01529
-0.249571
-0.0648717
0.625417
-0.106065
0.156109
0.194866
0.314334
0.458117
-0.734344
-0.00447196
-0.24004
-0.826708
-0.164557
-0.537211
-0.126331
0.12448
-0.667109
0.591033
-0.0953532
-1.04126
0.77098
0.566201
-0.551436
-0.413952
0.402312
-0.571524
0.320047
0.388036
-0.302934
-0.529768
-0.128092
-0.515186
0.352028
-0.0208005
-1.37065
-0.0613077
-0.243953
0.651863
0.131728
-1.087
-0.781894
-0.187637
-0.264535
-0.275323
-0.577853
-0.686822
-0.787389
-0.716491
1.33862
-0.304337
-1.49421
0.222408
0.0301423
1.42866
-0.131698
1.82599
0.0060188
-0.35384
-1.2142
0.234827
-1.05495
1.3758
0.61414
-0.423984
-0.355449
-0.127461
-0.447209
1.05359
-0.150581
-0.835428
-0.0826597
0.500451
-0.382159
0.294487
-0.161273
-0.825413
1.1337
-0.390612
-0.340571
-0.129649
0.80169
-0.0439036
0.164007
0.526282
1.06247
-0.15039
0.103209
1.3902
-0.798891
0.0941348
0.989645
0.6825
0.7242
-0.434009
0.767706
-0.693876
-0.99158
-0.380401
1.18958
0.376006
0.260592
0.613463
0.137897
0.564649
-0.105388
-1.22422
-0.180596
0.443429
0.0445506
1.17025
0.149361
0.335089
1.73484
-0.135289
1.26312
0.266681
-0.0287122
-1.46327
0.157461
-1.15
0.891296
-0.905503
-1.0002
1.4532
-0.405022
-0.262571
-0.607111
0.396876
0.859196
0.282146
-1.68264
-0.159613
0.651704
-1.06256
-0.107761
1.05898
-0.0739361
0.0738936
-0.577234
0.860535
0.183605
1.35961
0.565205
-1.28701
0.627796
-0.0355991
-0.309565
0.731521
-0.150939
-0.998233
0.114174
-1.01062
1.3612
-0.576312
-0.130299
-0.629905
-0.954944
1.15561
-0.0748737
-0.701428
0.179178
-0.66289
0.769395
1.00056
0.495766
0.152514
-0.750998
-0.927407
1.44881
0.0209757
-0.563959
-0.602834
0.0287107
0.540777
0.178078
-0.250587
-0.419458
0.269348
-1.10888
-0.355011
0.112646
-0.871104
-0.310628
0.657461
-0.559805
0.854184
1.04726
-0.368215
1.13853
-0.304483
0.474827
-0.687073
-0.160578
-0.161115
-0.0130593
-0.269911
0.512589
-0.268041
-0.664002
-0.55988
0.129814
-0.526798
1.52235
0.155683
-0.510997
0.741216
0.0393731
1.82452
0.465945
-0.204868
-0.914051
-0.0457927
0.990517
1.28999
-0.160993
0.684496
0.586732
-0.659263
1.1905
0.154586
0.013279
0.658524
-1.07571
-0.917172
-0.710096
0.415027
0.230037
0.204686
1.12493
0.886598
-0.596839
0.0861135
-0.144607
-0.630375
-0.0332758
-0.702875
-0.0502299
1.42006
-0.425095
-0.307056
0.355453
0.650377
-0.963804
-0.252683
0.608743
0.545326
1.05787
-0.0415087
0.148457
-0.3805
-0.027056
-0.908377
0.722947
0.0386612
0.0688133
-0.196629
0.252216
-0.248401
0.214209
-0.11825
0.158598
-0.0586201
-1.16562
-1.01532
-0.41969
0.187618
-1.02142
-0.272094
0.477623
-0.702629
-0.405237
0.0788004
-0.0581853
-0.295885
-0.35478
-0.800769
-0.612354
-0.386716
-0.377513
0.225046
0.133274
-0.162736
0.717989
1.8285
-0.451448
0.530845
-0.933991
0.919623
0.440338
0.055974
-0.466816
-0.112975
0.112971
0.716676
-0.141369
0.670316
-0.430207
0.560717
-0.94207
0.735089
-1.00959
1.07716
-0.178728
-0.690586
0.38583
-0.578103
-0.192339
-0.362559
-0.0118457
-1.77987
-0.816525
1.17651
-0.572253
0.0434941
0.18934
0.320378
0.172733
1.08215
1.71571
0.744906
0.123388
0.826575
-1.31344
0.626079
-0.635636
0.619509
-1.20433
0.519437
0.185133
1.04028
-0.866511
-0.530366
0.724695
-0.938082
0.247242
-0.640398
-0.274804
0.804635
-0.285192
-0.0318203
0.337191
-1.55885
-0.235519
0.0637317
-0.917804
-0.163199
-0.784538
0.706238
-0.21892
-0.754968
-0.0667096
-1.11545
-0.590155
-0.324417
-0.214772
0.905477
0.665287
0.435877
-0.694252
-0.164102
-1.00546
0.517057
-0.863881
0.335266
-0.185714
-0.824753
-1.78331
0.0979259
0.447178
1.59811
-0.0695984
-0.303972
0.523431
0.897744
-0.247996
1.29369
-0.577077
0.0284282
0.399775
0.653819
-0.0671257
-0.322756
-1.21659
0.0275474
-0.166131
0.502003
-0.805748
-0.766949
1.57744
1.17524
0.231302
1.54871
1.26397
-0.0489851
-0.929842
1.41318
-1.13479
0.173617
-0.323474
0.286275
-0.578753
1.07587
0.591046
1.29311
0.422834
-0.251746
-0.280447
0.281275
0.646903
0.254567
-0.0223883
-0.0420168
0.027201
0.772111
-0.873906
0.159085
0.324249
0.156971
0.681282
-2.12436
-2.62687
-0.402731
-0.515611
-0.982105
0.287308
-0.545594
1.58977
-0.728696
0.464529
-0.323516
-0.0271765
0.895386
-0.687228
0.534845
-0.0644973
0.429501
-1.2003
-0.0298798
-0.525551
0.627084
-0.443772
0.437529
0.555043
-0.162097
0.0347027
0.229728
-0.709359
0.270391
0.0671536
-0.153549
-0.0739328
-0.907909
0.79883
1.01182
0.635446
-0.31714
0.169758
1.60677
1.12973
-0.152889
0.0104221
-0.103249
-0.0295653
0.210669
0.906575
0.699722
1.3628
0.138417
-0.892931
0.0245564
-0.436601
0.598023
0.363955
-0.588234
0.844227
0.424882
-0.579219
0.826271
-0.940943
-0.18013
1.33052
0.0267618
-0.83114
0.0617852
-0.844277
0.403165
-0.177116
0.19598
0.300737
-0.626947
0.692051
-0.771509
-0.0218435
-0.251485
1.16622
1.06343
-0.931478
1.05298
-0.618957
0.633955
0.496268
-0.0763463
-0.0719642
-0.508072
-0.508766
0.248776
-0.437796
-0.843306
-0.733945
-0.0834219
-0.330829
0.717032
-0.155839
0.38136
0.215786
0.648879
0.734289
0.0840553
0.00770005
0.879719
1.28574
-0.283285
0.804856
0.084794
-1.07828
1.53261
-0.689589
-0.246742
-0.427413
0.627774
1.88072
0.477806
-0.64318
0.337751
-1.14685
0.303547
-0.591429
0.128609
0.471666
1.22997
-0.0369937
-0.478661
0.279566
2.03723
-1.59541
-1.06674
-0.422571
-1.08239
-0.980088
-0.282362
0.602615
0.961713
-0.411676
-0.284407
-1.11455
0.526148
-0.289786
-0.500902
1.40711
0.458622
0.936098
1.40249
-0.069959
0.913975
-1.36958
0.781004
-0.814957
0.179121
-0.594621
0.706207
-0.0224707
0.331172
-0.172988
0.585343
0.933303
0.849509
0.292228
-1.13043
0.433541
-0.719509
1.9548
0.951563
-0.474952
-0.428135
0.599583
-0.606393
-0.26127
-0.206699
0.693482
0.188306
0.0569258
0.351859
1.19212
0.0199391
0.296435
-0.154185
0.89787
-0.769733
-0.0643767
-0.620756
-0.44364
0.26204
-0.344882
0.232005
-0.19664
0.332221
0.20581
0.695087
-0.685396
0.0442647
-0.904524
0.977738
0.272825
0.572997
-0.311172
0.203505
-0.286472
0.34992
-0.130477
0.820974
-0.231099
0.132932
0.568784
0.300668
0.319695
-0.0201304
1.00054
0.0772154
-0.35564
0.44037
-1.34354
-0.295884
-0.815433
-0.773785
0.59479
-0.405782
0.723243
-1.10162
-0.266493
1.64098
1.0771
-0.158156
-0.528857
0.2955
0.808275
0.561094
-1.37749
-0.0880671
0.393813
0.00572339
0.00067197
0.392713
-0.190738
-0.138068
0.596616
-0.383583
-0.597684
-0.392846
-1.6552
-0.440856
-0.657338
0.308251
-1.72554
-0.946145
-0.442358
-0.886191
0.156578
0.0211207
0.281307
0.29225
0.151264
1.1246
0.0812544
-0.182163
0.835506
0.487565
-0.394264
-0.899829
-0.395249
0.067446
-0.772525
-0.690817
-0.718843
-0.497815
-0.631809
-1.52912
-0.387014
0.144842
-1.45585
-0.483132
0.422795
0.967836
0.723397
0.303352
-1.52662
-0.716002
-1.11451
0.769358
0.221315
0.258798
-0.0966039
-0.3966
1.10454
-0.0605909
0.039426
0.213209
0.050161
-0.5988
-0.178678
0.0983003
0.116029
0.491423
0.411593
0.327163
-0.519533
-0.31212
-0.1848
0.132732
-0.0176104
-0.730256
0.741294
0.218898
-0.0800139
-0.129095
0.494261
-0.449234
-0.519506
0.310148
0.891224
-1.0597
0.296952
-0.684197
-0.409825
-0.207433
-1.44817
1.32068
-0.214297
0.277893
0.384078
0.0433478
0.209023
0.536186
0.730338
0.21276
0.50352
-0.514665
-0.487936
0.652167
0.298484
-0.10695
0.123758
0.206457
0.250376
0.0406112
-0.0121695
0.00889342
1.4329
-0.676099
-0.975825
0.251398
-0.459844
-0.478724
0.18192
0.196482
-0.702529
0.256288
1.10293
1.52521
1.28814
0.613316
-0.696
-1.0007
-0.230412
-0.589621
0.910592
0.64754
0.70829
0.67198
0.0285323
-0.0983541
0.311817
-0.0790551
0.514185
-1.04522
0.232024
-0.0744525
-1.02916
0.495635
0.011102
1.1723
0.142555
0.55005
-0.00373789
0.318683
0.872541
-0.991172
0.103931
0.694379
-0.0630611
0.780167
0.843006
-0.674134
-0.191162
0.777726
-1.02072
-0.418268
0.277823
0.168818
0.827149
-1.06116
-0.432155
-1.09159
0.703331
-0.600452
-1.02034
0.759842
-1.09021
0.622175
-0.633994
-0.0535008
-0.827721
-1.23841
-0.249854
-1.60615
-0.314504
-0.135947
-0.436444
0.434734
-0.052052
-0.642117
0.748476
-1.12208
-0.0101915
0.293876
-0.189377
0.728557
0.016347
-0.20097
0.272622
0.706228
-0.676404
0.864219
1.10036
-1.0767
0.0969242
-0.954935
0.573215
1.38254
0.777039
-0.410997
0.750607
0.189774
-0.136541
-0.768236
-0.358979
-0.764703
-0.451982
-0.954154
-0.594852
0.962154
-0.615485
0.693888
-1.35809
1.60479
-0.946392
-0.474579
-0.229668
-4.5179e-05
0.851545
-0.134862
0.703811
0.550157
1.08586
1.18865
0.0510257
0.0709741
-0.471728
0.336094
-0.478588
-0.555791
-0.339248
1.1074
1.42578
0.277819
0.304332
-0.0243221
-0.877513
-0.173314
-1.99257
0.207013
-0.00904467
-0.319217
0.135923
0.151193
-0.657904
1.14922
-1.23459
0.805365
-0.826089
0.00583738
-1.14745
0.618099
0.469106
-0.194191
-0.489384
0.687869
-0.0864366
0.491095
-0.549501
0.456179
0.5397
0.357608
-0.417624
0.904943
0.251213
0.180596
0.641413
-1.03645
-1.06398
-0.240177
-1.08342
-0.554258
0.891019
-0.0917363
0.944024
-0.0499781
1.58728
0.157251
0.102498
-1.43242
0.358763
0.680148
0.369627
0.170677
-0.728008
0.630861
-0.0623671
0.338594
1.04191
-0.407571
0.24998
-0.780057
-0.763418
-0.411876
0.130371
-0.34107
-0.68776
0.294631
-0.809206
0.348355
-0.832868
0.052552
-0.640859
-0.949101
-1.54374
-0.81906
-0.416403
0.357163
-0.317664
0.595609
0.550687
0.570397
-0.33219
-0.0791784
-0.0838972
1.23764
-0.0618613
0.0174216
0.758147
-0.713842
0.0609911
1.50671
0.411878
-0.334229
0.601615
-0.985604
-1.39299
0.118723
1.83749
-0.568075
-0.151993
-0.480656
0.0846116
-1.09685
0.546221
-0.0518583
-0.190194
0.6182
0.45692
-1.87589
-0.282841
-0.631665
-0.343618
-0.201034
0.360407
-0.319608
1.01324
-0.327539
1.30793
-0.202482
-0.345685
0.336742
0.266711
-1.45901
-0.157857
-0.365038
0.589191
0.770653
-0.13126
-2.01699
-0.0547782
-1.16768
-0.543537
-0.975966
0.499883
0.194986
1.12746
0.738837
-0.65104
-0.141681
-0.499096
0.577021
0.463156
-0.114524
1.1633
-0.184082
-0.0876902
1.2007
-0.365413
-0.269881
1.53538
-0.0314036
-0.18642
-0.726665
-0.0406388
-0.937356
-1.06098
0.121383
-0.336694
-0.988289
-0.687383
-0.784931
1.38036
0.461028
0.826181
-0.119445
-0.0430699
-0.417438
-0.470189
-1.04311
-0.534869
0.857933
-0.438001
0.0514847
-0.530499
-0.549415
0.477799
-0.636408
-0.322859
-0.735231
0.992185
-0.419441
-0.794641
-0.394764
-0.598125
0.900069
0.857783
0.609823
-0.118248
0.0518328
-0.731727
-0.153768
-0.524746
-0.281548
0.645743
-0.975832
0.390705
-0.72071
-0.682422
0.121807
0.255151
0.187302
-0.226308
-0.288077
-1.85133
1.35951
1.32649
-1.30824
-0.323434
0.281969
0.0788762
0.219357
1.0494
0.682087
0.414681
0.70857
0.102563
-0.0211998
0.549121
-0.454766
0.243252
-0.790278
-1.36328
-0.139728
0.439844
0.677051
-0.0538097
-1.51122
-0.49835
0.267694
-0.947796
0.512145
0.335486
-1.17726
0.102562
-0.0234867
0.530842
-0.733415
0.202697
1.07819
0.159627
-0.450018
0.0692963
0.19611
0.224216
0.374825
-0.570358
-0.765736
0.472489
-0.943603
0.182627
0.502926
0.118989
1.06802
1.04486
-0.721414
-0.731743
-0.0523747
0.0931849
0.831728
0.0841309
0.271647
-1.09416
0.671092
-0.738514
0.222833
0.630696
0.270806
0.450241
-0.0953789
-0.270282
0.0631387
-0.63349
-0.510522
-1.1316
0.51485
0.433128
-1.57005
0.00919774
1.10691
0.288674
0.769938
-0.359817
-0.0563435
-0.801609
0.280999
0.250264
-0.544718
0.170926
-0.566581
0.275215
-0.987097
-0.505136
-0.48673
1.53717
-1.48229
0.912273
-0.483851
0.0614835
-0.785834
0.149046
0.237995
0.384866
0.413926
0.754157
0.930456
0.723721
-1.53169
0.341092
-0.442946
0.835668
-0.449915
-0.490166
0.683267
-0.066204
0.0781899
-0.0918232
-0.272925
0.341151
-0.498122
0.0328751
0.656829
-0.0807617
0.0109101
-0.781451
-0.563884
-0.568366
-0.0597153
0.554152
0.786347
0.0452902
-0.186085
-0.0532136
-0.11168
-0.382032
-0.924145
0.214094
1.21881
0.352557
-0.411911
-0.281892
0.148828
0.266289
0.270446
0.0452427
-0.558108
-0.148664
-0.0362566
0.457816
-0.222273
0.738132
-0.387906
-0.253433
0.28266
-0.191328
2.14006
0.101837
0.0313773
0.193155
0.633992
0.1193
-0.5018
0.773637
-0.281061
0.456041
1.38754
0.0404941
1.46398
-0.0293566
-1.2907
-0.589286
0.328426
0.838908
0.525807
0.473484
-0.276262
-1.04786
1.13224
0.419556
-1.4047
-0.858243
-0.220282
-1.14713
0.0147451
-0.0658349
0.164997
0.672961
1.68767
-0.0182966
-0.171571
-0.239044
0.559125
0.58018
-0.0442911
0.400586
-0.159774
-0.00282032
0.628116
-0.339673
-0.615292
-0.91967
0.660265
0.240715
-0.505133
0.678274
-0.302632
-0.432442
1.13628
0.629489
-0.421017
-0.841833
0.357159
-0.908645
-0.725918
0.331187
0.225303
-0.421487
-0.106137
-0.893755
-0.366654
-0.458059
0.136398
-0.917156
0.177119
0.100594
-0.678564
0.511588
-0.599103
-0.366662
-1.14084
-1.23763
-0.26412
-0.361165
-0.303808
0.887509
1.04614
0.107323
0.212167
-0.936617
1.45663
-0.498129
0.46204
1.38261
-0.319891
0.0632723
-0.18932
0.145442
0.923325
-0.399699
1.1959
-1.19845
0.275921
0.706933
-0.894877
2.88795
0.0465882
-0.464068
-0.182082
0.345939
-1.03966
0.479127
-0.240811
-0.0224809
-0.431609
0.141313
0.7743
-1.41974
-0.554875
0.0892374
1.13258
-0.354326
1.32047
-0.547745
0.812087
0.65334
-0.275335
0.125278
1.10264
0.838558
0.000272631
-0.378729
0.0761428
-0.118495
-0.489318
-0.898324
0.305293
-0.00224802
0.746389
-1.4179
-0.134335
0.707594
-0.311056
-0.248145
1.12991
-0.501051
0.19145
-0.164995
-0.218067
-0.326702
0.86403
-0.0889547
0.057429
-0.473496
-0.13584
0.0943253
-0.807624
-0.228153
0.41547
1.18855
-0.10937
-0.870819
0.709031
0.862938
-0.236335
-1.19623
0.482005
-0.0156377
-0.525998
-0.192142
0.543717
-0.0209881
-0.263294
0.0719489
1.53544
0.244845
0.876908
0.784054
0.681732
0.36404
-0.905726
-0.327343
0.0481269
-0.443175
1.35657
-0.432586
0.861611
1.45639
-0.247285
0.42679
-0.517399
-0.602581
-0.114987
0.414638
0.00463532
-0.681637
0.222254
-0.638721
0.702603
0.591712
0.912084
0.638792
0.257438
-0.409516
-1.50477
0.0155093
-0.398599
0.0150257
0.906118
-1.05918
-0.0250408
-0.632618
0.029724
-0.435733
0.767056
0.128034
-0.158629
0.864396
0.0959752
0.944776
-0.723435
0.0895413
-0.726676
0.6158
-0.137019
0.0105518
-0.559282
-0.428135
-1.41309
-0.692387
0.387083
0.935743
-0.722425
-0.321452
0.826758
-0.135103
-1.24262
-0.500556
-0.94104
-0.813996
0.275237
0.355625
-1.30606
-0.230277
0.726728
-0.129754
-0.470372
0.232033
0.239205
0.63829
1.09473
2.37921
0.958886
-0.128727
-0.351059
-0.22869
-0.363287
0.426859
0.996916
0.428542
-0.0412815
-0.723832
-0.797783
-0.723106
-0.365313
-0.261401
0.155125
-0.518625
0.221902
-0.299048
-0.811554
-0.607684
0.583633
0.825231
-0.0919509
0.0556178
-0.310994
0.559315
0.851355
-0.396236
1.14235
0.352965
0.746742
0.773565
-0.068895
0.365315
0.901173
1.41277
0.106237
-1.23551
-0.0710375
0.528
-0.0492608
0.929994
0.201669
-1.44353
-0.991593
-0.0475652
-0.0778225
0.103765
0.0153205
0.00842194
0.0126757
0.365424
-1.39389
0.763436
0.205336
-0.214789
0.432463
0.72797
0.506213
0.340505
0.479103
-0.918701
-1.13139
0.904466
-0.605172
-0.216704
0.215982
0.24181
0.46607
-0.492041
-0.700885
0.517574
0.375765
0.291906
-0.379864
0.0469954
1.41004
-0.685404
1.05968
-0.161029
0.714788
0.358253
-0.595881
-1.21651
0.542364
0.767114
0.00342909
-0.713005
-0.106846
-0.564361
-0.25751
0.700177
-0.190104
-0.0574377
-1.40972
0.426603
-1.43202
-0.543045
1.15604
0.194419
1.10361
-0.296768
-0.0545992
-0.967251
-0.942709
-0.362837
0.370746
-0.569924
-0.263679
-0.0513587
0.550492
-0.10289
-0.582258
0.807237
-0.0595277
-0.721515
-0.252891
-0.120186
-0.841976
-0.799267
0.319096
0.27422
0.584662
-0.926248
0.0285877
0.664293
0.22193
-0.221381
1.09917
-0.0676886
-0.275816
0.0733591
0.737151
-0.879966
-0.512288
0.215339
0.801031
-0.398744
-0.00247405
0.064814
0.168111
0.282978
-0.305842
-0.201905
0.12538
-0.475361
-0.407351
0.366836
0.902142
1.07578
0.36264
0.174623
-0.57831
-0.305382
-1.76594
0.593333
0.819176
-1.31225
-0.461118
-0.163289
-0.426857
0.126529
-0.0221181
-0.0783057
0.844438
0.0832569
0.251704
1.38978
1.06306
-0.357227
0.406472
-0.000209337
0.816174
-0.633627
0.153482
-1.01182
-0.872527
0.0450133
-1.55871
1.33913
-0.258106
0.343246
0.460648
0.411414
-0.846232
-0.560497
0.880704
0.0832189
-0.762824
-0.87287
0.277721
-0.00110423
-1.05198
0.956185
0.0586944
0.233062
0.0705888
-0.201023
-0.295868
-1.03541
0.282511
-0.275288
-0.0328398
-0.601178
-0.142091
-0.579785
-0.674664
-0.344224
0.0756749
-0.450232
0.953586
0.730595
-0.0930473
0.951943
0.774658
-0.293102
-0.195139
-0.645229
-1.20089
0.191816
-0.0733083
-0.568634
-1.73494
-0.135165
1.52876
1.28239
-0.907696
0.340343
0.737905
0.48169
-0.840382
1.32131
-0.040769
-0.548252
-1.00791
-0.224709
0.888766
-0.00631922
0.350325
-1.26785
0.504289
0.622583
-0.137526
-0.356936
-0.815827
0.0384662
1.10919
-1.08874
-0.558883
0.082319
0.947531
-0.763868
-1.00335
-0.867548
0.626328
-0.7129
-0.0209606
-1.03741
0.643778
0.249877
-0.353845
-1.70138
-1.14061
0.0893848
-0.111313
0.111307
0.871125
0.934404
-0.753373
0.164792
-0.211211
-0.466974
-1.53427
-1.24745
1.67655
0.355005
0.198568
1.0139
-0.0601346
-0.496579
0.887249
-0.237966
0.710642
-0.161566
0.130703
1.70701
-0.323009
1.02242
0.464941
-0.662964
-1.25479
-0.745936
0.716006
0.598073
1.03769
-0.317689
0.875674
0.746024
-1.20529
-0.682027
-0.084462
-0.465917
0.315516
0.353927
1.50454
-0.302952
0.516555
-1.14707
0.223161
0.157505
-1.28362
-0.175503
0.541506
-0.645357
1.0248
0.402656
0.336699
0.147715
0.367969
0.711104
-0.477257
-0.712845
0.175618
-1.46789
0.135135
-0.438866
-0.562288
0.197255
-0.0173806
-0.048688
-0.215474
0.518572
-0.408635
0.195488
-1.0546
0.78305
0.206051
0.202832
0.368338
0.205221
-0.788461
-0.582833
-1.43666
1.89722
-0.472554
1.80317
-0.510344
-0.466472
0.713268
-0.421157
-0.210293
0.736501
1.23753
-1.34906
-1.06351
-0.685464
0.710604
1.46895
0.206515
-0.0311464
0.64583
1.31219
0.136053
-0.357493
-0.0398239
-0.272943
1.27192
1.21524
-0.0037689
0.563306
-0.0478576
0.164622
0.00976226
0.479606
1.04281
0.815669
-0.840417
-0.348857
0.271502
-1.2238
0.958473
-1.11358
0.0106119
0.730893
-1.05141
-0.356217
0.442249
0.585582
-0.665262
-0.571261
0.385002
0.308854
-0.490603
-0.245653
-0.755673
-0.376106
1.7861
-0.302367
-0.0907902
0.0541616
-0.29928
0.00659415
-0.504537
-1.06845
-0.145891
-1.85907
-0.442467
0.963155
-0.576618
-0.895969
-0.261385
-1.21513
-0.316465
-0.195199
0.085114
-1.18545
-1.12542
0.315267
-1.13085
-0.279345
0.180881
-0.797521
-0.686964
1.10647
-0.193533
0.49517
-1.2595
-0.343054
-0.509374
0.191141
0.736029
0.309242
-0.643008
-1.05698
1.34093
-0.351418
0.963795
1.04659
0.244004
0.156124
0.426213
-0.706668
-0.648382
0.210197
0.714222
-0.266117
-0.7705
-0.155142
0.535784
0.296019
-1.05856
0.264211
-1.08188
-0.234722
-0.183683
-0.229464
0.0835572
-0.321868
0.306019
-0.171881
0.0369118
-0.0399488
-0.114294
-0.366901
0.0525451
-1.05661
1.05305
1.85539
0.314632
0.626983
-0.52682
0.353753
0.103632
0.188807
-0.742032
-0.0289506
-0.977807
-0.555644
0.720922
-0.0511211
-0.0412104
-0.420797
2.02239
-0.200183
0.463236
1.61107
-1.04244
-0.463026
2.0748
0.137498
0.54129
-0.816261
-0.597898
0.16031
-0.000875321
-0.65384
-0.206746
-0.741102
-0.312741
-0.32045
0.484324
0.199903
-0.570329
-0.262036
0.549681
0.322057
1.03858
-0.254131
0.0153663
-0.277599
-0.485385
-0.251644
0.0479078
0.649616
-0.0258459
0.422974
0.150929
-0.102137
0.994953
0.964398
0.230541
-1.20189
0.561685
1.51646
-1.0341
-0.309207
0.662017
-0.60395
0.491764
-0.319296
0.42979
-0.101855
-0.347686
-0.0851222
0.00878015
1.04014
-0.787902
0.42056
-0.168653
-0.491358
-1.4529
1.32324
-0.562127
0.789576
-0.632075
-0.808253
-0.38541
0.14897
0.0979524
-0.329458
0.00750594
0.678749
0.335332
-1.10334
0.217732
-0.814176
-0.6878
0.541652
0.479432
1.24397
-0.100191
-0.0907107
-0.652093
-0.0325382
0.162948
1.02017
-0.0194264
0.0197758
0.411278
1.24484
-0.0282083
0.182242
0.124065
-0.980927
-1.18946
-0.580788
-0.641723
-0.830675
1.61565
-0.691373
-0.766972
0.94488
0.287788
0.399844
0.123201
-0.754627
0.181867
-0.460244
0.602554
-0.691737
-1.42872
0.338337
0.254075
-0.490556
-0.129598
-1.30124
-0.951868
0.0968078
-0.0979447
-0.0636115
0.377639
1.87033
1.41607
0.357726
0.83488
0.343635
-0.104694
0.000789466
0.0882797
-0.100814
0.940278
0.331083
0.299125
1.23798
0.26249
-0.254395
0.972891
-0.976223
-0.161224
-0.113039
-0.415931
0.0480893
0.215039
-0.362023
-0.556057
0.356129
-0.519494
-0.0192914
-0.995164
-0.321375
1.70295
0.73821
-0.333622
1.4638
0.0792289
0.369929
0.829681
0.817852
0.147445
-0.223407
-0.0743966
-0.347992
-0.528318
0.0879764
0.493384
-0.0725585
-0.444551
-0.645993
0.0124508
1.1393
-0.422854
0.348866
-0.334799
-1.09285
-0.0606792
0.736836
0.327002
-0.772496
-0.682427
0.0646668
-0.368518
-0.508489
-0.887184
0.341985
-0.84074
-0.298054
-0.12124
-0.925896
0.618264
-0.573057
-0.778268
1.26343
0.12514
0.0447762
0.00448083
1.13358
-0.560872
0.493377
1.76103
-1.02655
-0.0652765
0.731114
-0.339025
-0.980725
-1.16537
-0.175701
-0.574368
0.471464
0.538309
-0.426343
-0.144198
1.15673
-0.068943
0.651461
-0.94068
0.360239
0.179105
-1.50738
-0.0101213
0.350076
-0.116042
-1.02821
0.703091
-0.526064
0.76873
-0.665934
-0.331729
0.556162
-0.171255
-0.846186
-0.41012
-0.416418
0.113169
1.26869
0.117862
-0.129837
0.560165
0.330494
0.19675
1.49369
0.878726
1.23057
0.464288
0.00818323
-0.311279
1.17237
0.929391
-0.441093
0.132727
0.585036
-1.15436
-0.00618977
0.270774
-0.0719322
0.302666
-0.400748
-0.361874
0.31986
0.329858
0.0898071
-1.36757
0.449518
0.0240002
0.115984
0.0516914
0.376447
0.633492
-0.328706
-0.580991
-0.151013
-0.532866
0.186212
-0.235877
-0.142882
1.21506
1.76106
-1.1335
-0.816439
-0.255476
0.381063
0.804185
0.458215
-0.997264
0.973512
-0.898124
0.91962
-0.336522
0.440007
-0.541339
0.711076
0.141079
-0.0746705
0.104744
0.583979
-0.476491
0.138006
-0.306074
0.387029
1.80091
-0.566253
0.643232
1.26589
-0.430949
1.99454
0.648025
-0.000301279
-1.35564
0.358807
1.48958
-1.27929
-0.388401
-0.00798424
-0.526626
0.15132
0.0414374
0.058274
-0.961573
-0.0205208
-0.828374
0.202757
0.22401
-0.332398
-0.112206
0.250598
1.20695
-0.993873
-0.110821
0.790076
1.20127
-0.473487
-0.6039
-0.389208
0.235877
-0.401553
0.78506
1.4065
-0.573586
0.683496
-0.284976
-1.11314
1.02848
-0.54046
-0.134081
0.346192
0.791609
-0.00761284
-0.165264
0.511599
-0.871001
0.661579
-0.369793
0.0986423
0.46066
0.657594
-0.0499336
-0.830982
-1.17664
-0.439169
-0.656776
0.449055
0.861371
0.196594
-0.175125
0.256857
0.951975
-0.0500815
0.358359
1.4605
0.701039
0.44275
-0.225125
-0.136486
-0.872764
-0.851407
-0.0997381
0.00261778
0.356897
-0.403357
0.402063
0.369729
-0.0630269
-0.155977
-0.618886
-1.39254
-1.18173
0.589188
1.13691
-0.691825
1.07729
-1.15295
0.281556
0.937676
1.64398
1.42293
0.982943
1.09119
-0.0146465
0.507447
0.434674
-0.569686
-1.02295
-0.68828
-1.08522
-0.955645
-0.531298
-1.42169
-0.490262
-0.368872
0.162703
0.243389
-0.265896
-0.216508
0.36524
0.749697
-0.234084
-0.435096
0.995228
-1.07646
-0.0424196
0.213014
-0.662716
-0.0263387
0.368176
0.0349145
0.515088
0.627712
0.541646
-0.835059
-0.380337
0.549259
0.840501
-0.885298
-0.703815
-0.164626
0.559308
-0.886569
0.836318
-0.300828
-0.379684
-0.529414
-0.884339
1.55849
-0.470086
-0.214768
0.601535
0.709
0.494485
-0.598928
1.40037
-1.64334
-0.270591
-1.05206
0.867904
-0.762266
0.817474
0.685592
-0.398063
-0.270864
-0.410084
-0.183949
-0.955599
0.164294
-0.683116
0.844192
0.138717
0.679082
-0.976781
0.475066
-0.785985
-0.529693
-0.722129
-0.969862
-0.0464849
-0.0565663
0.137749
0.674136
0.391088
0.974782
-0.244968
1.64956
-1.29395
0.447625
-0.765494
-0.442164
-0.0310616
-0.71403
-0.258108
-0.302351
-0.560328
0.0740718
-0.567907
-0.706617
0.136999
-1.33947
-0.288461
-0.769654
0.120069
0.160862
-0.52689
-0.364113
-0.890336
0.108864
1.45877
0.0390575
0.551859
-0.166455
0.671766
-0.501853
-0.813769
-0.55974
-0.180903
0.719083
-0.253693
0.78255
0.694862
0.507424
-0.0171672
-0.21223
1.48107
-0.424649
-0.990524
1.41649
0.64263
0.608744
-1.28322
0.8836
0.739409
-1.28911
0.171713
-0.502755
-1.6508
0.959132
1.51103
-1.44269
0.279799
0.318002
-0.657863
-0.0935953
-1.19089
0.0955293
-1.02233
-1.10586
-0.353986
1.18822
-0.686307
0.641992
-0.741556
0.801226
-0.403312
-0.0182864
-0.933455
-0.0335167
0.335778
0.905747
0.235461
-0.867729
-0.193933
1.69364
-0.960918
-0.330269
-0.0422844
-0.0594704
-0.308922
0.275034
-0.150862
1.43737
0.323276
0.974566
-0.380306
0.319373
-1.03337
1.73476
-0.361447
-1.01491
1.22068
-0.89934
0.651958
1.08159
0.225797
-0.297492
0.737019
-0.411
0.826074
-0.210265
0.867876
0.17295
0.403853
-0.976063
-0.351226
-0.440532
-0.371529
0.207375
1.20655
0.227445
0.329355
-0.0329767
0.0400735
0.502234
-0.00542015
0.0732462
-1.31594
1.41428
0.352828
0.515234
0.000608875
-0.916314
-0.192189
-0.240676
0.38677
0.518196
0.25062
-1.31181
0.124425
0.452022
0.518603
1.38783
1.49715
0.681744
0.420124
-0.866848
-0.726394
-0.860096
0.592594
1.31981
0.132569
-0.447969
0.166662
-0.18592
0.518625
0.12045
0.148853
-0.179398
-1.27799
0.655918
-0.629826
0.48686
-2.01682
-0.495457
-0.378037
-0.9294
1.11835
-1.32051
0.181264
-0.691901
-0.813869
-0.177501
0.088361
1.15712
-0.674844
-0.14108
0.506555
1.19614
-0.434674
0.0729825
-1.36997
0.136176
-0.229638
0.482637
0.420271
0.653447
0.718328
-0.148733
-0.368641
-0.645567
0.631343
-0.140662
-0.910527
-0.523458
0.560802
0.647848
0.485908
-0.60624
0.689427
-1.34082
0.327262
0.402636
-0.67794
0.720279
-1.51365
-0.435283
-0.018062
-0.642347
-0.263687
-0.555213
-0.570996
0.605408
0.295271
-0.2414
-0.0546332
-0.410781
-0.149226
0.444849
0.166153
-0.292288
0.13774
0.213762
-1.54709
-0.181036
0.722841
0.521752
-0.310458
0.865993
-0.950886
-0.472957
-0.318267
-1.36918
-0.825235
-0.275239
-0.346959
0.446694
-0.456907
0.0605519
0.564082
-0.534883
-0.750983
0.113488
-0.052683
-0.862129
-0.825675
0.840964
-0.807071
0.241726
1.08552
-0.217198
1.70391
0.244404
-0.244337
-0.773618
1.32925
-0.868485
-0.0688906
-0.354435
0.0134849
-0.128263
0.211176
-0.164051
0.368159
-0.356748
-0.234472
-0.0117705
1.29883
0.382284
0.126777
1.10999
-0.453626
0.136343
-1.11838
-0.951273
-0.835609
-0.144374
-0.521913
-0.657238
0.21492
0.0789351
-1.42561
-0.0475024
-0.211611
0.254819
0.458693
-0.55417
0.357701
-0.946975
1.64513
-0.37016
-0.119386
-1.03226
-0.00763985
-0.703387
-0.345845
0.0463076
-0.338555
0.834792
0.711878
0.912519
-0.0626546
0.883405
-0.663195
-0.546879
-0.463852
0.405119
-1.12734
-1.28354
-1.4224
0.513155
-1.38365
-0.355932
-1.06968
-0.439591
-1.2853
-0.992894
0.328566
0.0014778
0.290042
0.291406
1.07254
0.796776
1.03765
-0.263729
0.387265
-0.236129
-0.233366
0.498471
0.524513
0.371142
-0.985158
-0.710063
-0.598011
-0.200159
0.692177
-0.317131
-0.0334171
0.444335
0.0432593
0.0398523
-0.568069
-0.15618
0.241684
-0.42457
-0.535406
-0.107598
0.508835
0.677769
1.51113
0.232263
-0.539376
-0.892168
0.00107596
-0.460812
0.58453
0.755069
-0.465494
0.570692
-1.30404
0.473929
-0.203142
-0.906553
-0.351564
1.43631
-0.047003
-0.537563
-1.23476
-0.731368
-0.1827
-1.13987
-0.624931
-0.399326
0.67684
0.449912
-0.264464
-1.15498
1.207
0.467895
-0.127069
-0.0830521
0.246881
0.260678
-0.43076
-0.26223
-0.162946
1.05426
1.11308
-0.703959
0.752292
0.445794
-0.792916
-0.0877422
0.347595
0.675798
-0.806614
0.217579
-0.319288
-0.431405
-0.0938532
0.586812
0.0959763
-1.03377
0.623057
0.596053
2.16278
-0.24217
-0.144539
-0.930938
0.429239
-1.60538
0.333833
0.367323
1.23949
0.705691
-0.924993
0.152862
-0.809341
-0.107333
-1.14243
0.0996473
-0.512371
-0.370381
-0.325838
0.315256
0.673969
0.647566
-0.427313
-0.281041
0.330302
-0.0186177
-0.140694
-1.0458
-0.124165
-0.00463327
-0.926589
-0.464815
0.881099
0.450817
-0.0407298
1.1193
-1.23674
-0.227509
0.170091
0.231848
-0.267416
-0.267918
-0.611071
0.612384
1.07327
1.99052
0.762056
-0.253817
-0.0236814
1.38052
-0.149053
1.44729
0.354616
-0.950819
-0.4476
-1.40073
0.144314
0.758306
-0.673594
-0.748533
0.77252
0.724411
0.662094
1.30085
0.208601
-1.04463
-0.0928924
-1.27462
1.11262
-1.10592
0.00773527
-1.00131
-0.841999
0.492665
0.123813
-0.0261425
0.232591
1.14623
0.417711
-1.36109
-0.491987
0.842001
0.470423
-0.166674
-0.261119
0.75834
-0.418829
1.40267
0.733999
-0.249476
0.355642
-0.259532
1.88807
1.27278
-0.418756
-0.470037
-0.0852025
-0.261183
0.659958
0.164897
-0.690317
1.90605
0.350143
-0.165201
-0.723066
-0.576818
-0.352695
-0.963342
0.848059
0.192616
-0.744293
-0.436005
-0.97465
0.806438
-0.681053
-0.0181214
0.894609
-0.0654808
-1.81258
0.709646
-0.317459
0.11658
0.319511
-0.460627
-0.227634
0.398691
-1.21307
0.471656
0.815193
0.385343
-1.18788
-0.151844
-0.396909
-0.406177
0.181108
0.787675
-1.19563
0.856022
0.631445
0.333027
0.2923
0.393924
-0.390912
0.371304
-0.374714
1.14995
-0.30725
0.317432
0.0653698
-0.0759413
0.136883
-1.46508
0.810447
-0.445458
-1.05796
-0.0339751
0.0743499
-0.792627
-0.200452
0.255563
-1.06965
-0.925702
0.0560361
-1.10542
0.354526
-0.186914
0.908788
-0.305214
0.354925
-0.689196
-0.147095
-0.154739
-0.0699421
0.929864
0.101428
0.40524
-0.68342
0.414909
0.442023
-0.558644
-0.362005
0.598585
0.499119
1.33878
-0.274284
-0.493941
0.958512
1.06547
-0.367037
-0.368731
0.521532
0.0292451
-0.555862
-0.850791
-0.562278
-0.76617
0.573188
0.536946
-0.645958
-0.672396
1.14531
0.268983
-0.0273479
0.629201
0.879077
-0.288116
0.526297
1.23576
0.811742
2.09812
-0.505869
-0.396579
-0.746756
0.435312
-1.12519
0.809564
0.575154
-0.223183
0.778283
0.021228
0.107248
-0.449991
0.650425
0.537831
0.507351
-0.074911
-1.29467
-1.00837
0.0585582
-0.839379
-0.5442
0.00240955
-0.187515
1.53697
0.685353
1.01953
0.904183
0.338495
0.114841
1.07557
1.73934
0.479583
0.754566
-0.326247
0.43984
-0.524591
0.107455
-0.0668941
0.0973975
0.893823
0.334934
-0.211224
-0.367662
0.188377
1.07396
-0.76425
0.321249
0.59914
-0.108915
0.819509
-0.356857
0.190996
0.0328408
1.66196
0.404412
0.931351
0.295329
0.53661
0.484121
-0.606152
0.347844
0.466331
-1.16328
-0.569625
0.844721
0.0393608
0.249174
-0.245598
-0.846992
1.24865
0.363971
0.101218
-1.16437
-0.777396
-0.420524
-0.225083
-0.0726347
0.406655
0.0411658
-1.17689
0.716645
-0.188138
0.0347438
-0.72578
0.0854127
0.866529
-0.92335
0.155393
0.175177
0.940341
-0.215618
0.163429
-0.404442
0.0361944
-0.375046
0.404705
-0.0366242
0.850132
-0.841554
-0.545536
0.857044
-1.03214
0.234533
-0.012705
-0.914758
-1.06121
-0.000871206
-0.24855
0.273561
-0.223835
1.27358
0.159248
-0.442222
0.56585
0.697479
0.0573304
-1.57128
0.069878
-0.763455
-1.13371
-0.297699
0.0239553
0.903365
-0.510438
-0.747104
0.200368
0.447683
-0.928717
0.165042
-0.608036
-1.62342
0.520248
-1.1733
-0.530497
0.456267
0.648546
0.704961
0.29274
-0.527262
1.32952
-0.048828
-0.694729
0.292969
-0.846566
0.720913
0.308916
-0.526495
-0.681571
-0.0903477
0.191094
-0.0827725
1.7359
0.413023
-0.1092
-0.650723
0.261274
-0.387331
0.585269
0.71644
-0.462336
-0.815124
-0.282627
-0.971326
-0.0591127
1.29697
-0.637525
0.0956365
0.199654
0.609405
0.808104
0.783447
0.736847
-0.667964
-0.205098
0.878683
-0.195794
-0.344372
-0.395881
0.0620982
1.19789
0.295048
0.883262
-0.480242
-0.697948
-0.156351
-1.01247
-0.730628
-0.834708
-0.669954
1.13871
0.464605
0.322723
-0.783509
-0.399219
-0.114439
-1.23746
-0.514796
-0.407932
-0.383764
0.426729
-0.105187
-0.668761
0.99311
-1.51179
0.332621
-0.331971
-0.297872
0.406342
1.5396
-0.992107
-0.00441965
0.497243
0.175634
-0.14067
0.0881775
-0.407822
0.195985
0.297267
0.26065
-0.303936
-1.10559
1.21962
0.345893
0.0995637
-0.650173
-0.180933
-0.401613
0.986387
-0.106895
-0.486285
0.396336
-0.0895884
-0.474673
0.274516
-0.485896
-0.49284
-0.55543
-0.109801
1.8236
-0.672128
-0.244773
-1.10161
0.76872
-1.5731
-1.18602
0.602653
0.327191
0.221848
0.244732
-0.0991952
-0.743018
1.44429
0.509593
0.103033
-1.58759
-0.579995
-0.821335
-0.404163
-0.202196
-0.155272
0.637981
-0.204461
0.435548
-0.373454
-1.59687
1.38181
-0.834797
-0.340216
0.303025
-0.017025
0.48495
-0.139298
-0.116103
-0.574347
0.0917449
1.41509
0.49714
-0.392806
-0.520604
-0.200661
-0.377064
-1.02198
-0.171925
0.0826389
0.102894
-1.05498
0.572611
0.429966
-0.66735
0.354057
0.0354073
-0.740525
-0.926761
0.0947556
-0.277756
-0.381623
0.961401
-0.183561
-0.635532
-0.231185
0.894737
-1.61578
0.321412
-0.323653
-0.214206
0.92705
0.366234
-0.571169
-0.294958
-0.819194
-0.133054
0.686904
-0.234262
-0.810839
-0.625761
-0.471706
0.429817
0.321587
-0.849482
0.224806
0.695974
1.18015
-0.227841
0.0217731
-0.958648
-0.264263
0.275666
-0.45629
0.69679
-0.616931
-1.45245
0.232244
-1.1692
0.303519
-0.381408
0.102326
0.136491
-0.408475
0.320928
-0.362148
1.14099
-0.742019
1.0317
-0.158106
-0.55883
0.970662
-0.951229
0.00107781
0.192353
0.650249
0.391475
-0.512435
1.62616
0.105418
1.44091
-0.378582
0.102006
0.369736
-0.579931
-0.0592774
-0.170909
-0.790509
0.788503
-0.624366
-0.989066
-0.748207
-0.583684
0.934468
0.393469
-0.171613
0.725388
-0.312977
0.0991233
-0.101253
-0.257192
-0.219905
-0.397235
0.46709
1.90172
0.469126
-0.152592
-1.4129
0.300817
0.569234
-0.53534
0.169822
-0.556989
0.910357
-0.184511
0.192198
-1.38153
-0.102788
1.15369
0.200985
-0.101365
-0.0217385
-0.795802
-0.629938
-0.479237
0.118219
0.367737
0.578113
0.0934512
0.522299
-1.29249
0.00252583
-0.136729
-0.339173
1.12693
1.03437
0.468184
-0.117911
-0.442485
-1.6569
-0.194373
0.365596
-0.446455
0.628516
-0.164878
0.448602
0.870375
-0.029166
0.994735
0.735274
-1.03653
1.51881
0.249856
-1.24393
-1.0437
-0.83562
0.551203
0.927214
0.1576
-1.80272
0.165801
0.219846
0.76742
-0.68453
0.906513
0.321254
-0.402404
-0.796728
0.444361
0.0993306
-0.704689
0.311641
0.0124695
0.0895873
-0.217174
0.438857
0.671463
1.88076
-0.367275
0.102959
-1.37049
-0.591441
-0.00359158
-0.294702
-0.358883
0.309957
-0.483462
0.425355
0.297074
-1.24586
-1.27364
-1.2616
-1.47799
-0.0692277
-1.18908
-0.163857
0.828577
0.190264
-0.671953
0.403031
0.593396
-0.0210238
0.456738
-0.0141286
-1.40117
0.113529
0.462765
1.45045
-0.00269726
0.271114
0.257579
-1.03454
0.664601
-0.872956
-0.0785274
-0.383653
0.242262
0.528791
0.270969
0.767296
-0.0835319
-0.347109
0.432086
0.747051
-0.658344
-0.33631
0.825517
-0.110365
0.168053
0.252486
-1.0598
-0.776687
-0.0547495
-0.366049
-1.61513
0.758289
-0.575478
0.116045
1.44037
-0.707197
-1.54522
0.265099
-0.777677
0.0066359
1.46284
-0.399096
0.0795172
0.61775
-0.425976
0.700402
0.238402
0.147884
-0.281722
-0.389585
-0.828272
-0.511893
0.517253
0.296104
-0.369311
0.617271
-0.76622
-0.0930501
-0.107992
0.884319
-0.401204
-0.276052
0.608748
0.85332
0.247327
-0.0749177
0.874836
0.129104
0.974361
1.20354
-0.482668
1.37552
-0.110316
-0.460861
0.321603
-0.404391
-0.772372
0.665466
-0.0484799
0.471498
1.71358
1.18531
1.10401
0.677521
-0.56581
-0.915738
1.5061
-0.584112
0.225569
0.553722
0.778998
0.112485
0.277109
0.492351
-0.0872078
0.538485
0.372767
0.222379
0.265694
-0.307122
-0.546334
-0.631016
0.853711
0.204481
-0.538452
1.83228
0.435885
-0.669428
-0.97432
0.391044
0.255035
0.774407
0.947653
-0.253545
1.1764
-1.26538
0.533419
0.636937
0.127129
-0.514471
1.13537
0.525578
0.154249
0.217823
0.726622
0.296676
0.117524
1.66114
-0.910192
0.668867
-0.70841
-0.770302
-0.797948
-0.370862
0.221959
0.304626
-1.50198
-1.13046
1.48177
0.113426
0.662491
-0.137851
0.724635
0.532072
0.22958
0.122015
-0.352667
0.406948
0.954238
0.532899
-1.07713
-0.725914
-0.316823
-1.25289
-0.499421
-1.38244
1.02025
-0.939534
0.399582
0.731558
-0.600675
1.69151
0.10319
0.296276
0.243298
0.00309449
-1.03367
-0.922575
-0.429765
1.18805
-0.362224
-0.524009
-0.24375
0.160015
0.324501
0.0629604
0.803291
0.139927
-0.0857193
-0.580029
1.47198
-1.20445
-0.352048
-0.827911
-1.10247
0.114636
0.0499174
0.403658
1.3335
-0.00701873
0.549919
-0.710203
0.61856
-0.16752
0.390053
0.656976
0.114684
-0.372761
1.54239
-0.542008
-0.0464933
-0.808038
0.078827
0.053257
-0.683682
-1.11002
-1.04466
1.00208
-0.100881
1.84498
-0.718308
-0.543596
0.48107
0.0117013
-0.269814
-0.299025
0.0982163
0.223594
0.648468
0.454292
-0.896139
-1.37266
-0.384653
-0.0705684
0.491252
-0.220928
0.832522
0.424276
-0.700661
0.416287
-0.927411
-0.45925
0.450943
0.607837
0.313125
-0.549934
-1.4833
-0.213025
-1.13437
0.407023
0.790115
-0.691153
-0.325734
1.8829
0.0923746
0.19944
-0.592699
-0.771523
0.130386
0.368587
0.591688
0.469331
0.564806
-0.305055
-0.38024
1.44171
0.550353
-0.450457
-0.168642
1.62271
0.0242239
-0.106314
-0.227398
-0.061651
0.418387
0.179298
-0.333727
-0.00812911
0.812064
-0.855873
0.256694
-0.185778
-0.269277
0.311543
-0.525928
1.1327
-0.226572
0.328423
-0.0627273
0.0837889
0.240232
0.0358137
0.744961
0.918106
0.446601
0.416836
0.106786
0.283974
-0.797305
1.16852
-0.379343
-0.253798
0.419813
0.0260192
-0.198794
-0.103294
1.19623
0.972846
0.670646
0.956909
0.93302
0.452796
0.200337
-0.607181
0.163551
-1.01808
-0.196103
0.903002
-0.0393384
1.15083
-0.239514
-0.000162339
-0.609977
-0.360066
-0.745589
0.250574
0.907387
0.439066
-0.401055
0.0990928
0.390812
-1.02693
0.137539
-0.115965
-0.234945
-0.354939
-0.396405
-0.4073
-0.458335
-0.233959
0.43148
-2.14872
0.441929
0.522286
0.249802
0.496626
-0.770093
0.372383
-0.544693
0.358697
0.970802
-0.606681
-0.409917
-0.00127973
0.393404
0.0486391
0.743459
0.817424
0.532002
1.40425
-1.39573
-0.00408665
0.674526
0.649411
-1.00392
-0.482356
0.0822807
0.321801
-0.160532
0.0384013
-0.979523
-0.211262
-0.157323
0.262604
-0.77408
-0.878522
0.426655
-0.0857525
-0.160711
0.0714666
0.91221
-1.58087
1.2466
-0.596653
0.498117
0.658547
-0.955994
0.0637864
0.0838957
0.0442931
0.183717
0.856375
1.13362
0.580715
0.254594
-0.724608
0.502047
-0.136827
0.084048
-0.599315
0.319444
-1.23099
0.727603
0.546719
0.179277
1.55668
0.423824
-0.543658
0.517927
-0.386961
-0.0287963
-0.494176
-0.123552
-0.360945
0.81904
-0.0878378
-0.166393
2.05516
-0.199455
1.09031
0.293447
0.400913
-0.760134
-1.19617
-0.321263
0.0258337
1.48743
-1.51665
-0.414274
-1.01217
0.0766338
-1.03119
-0.640397
-0.291123
0.952798
0.0159644
-1.31855
-1.08659
-0.735554
0.988337
0.277005
-0.287032
-0.397181
0.613337
-0.681493
-0.157704
-0.664726
1.04045
-0.258258
0.105083
-0.507956
1.98754
0.343493
-0.209816
0.601494
-0.0175828
-0.0705371
-1.49335
-0.281215
0.107749
0.434632
-0.177919
-0.284365
0.413079
-0.173197
-0.124223
-0.566908
0.319562
0.0251186
-0.954297
-0.25498
0.579051
1.09087
-0.106435
-0.423739
-0.363049
0.166713
0.868933
0.470193
-0.13598
0.958315
-0.193166
-0.0754751
-0.034697
-1.34304
0.687721
1.82718
-0.141107
0.785735
0.192152
-0.436792
-0.317121
0.105816
0.264849
-0.264305
1.71574
0.323483
0.57496
0.839617
0.233868
-0.327515
-0.102148
-0.0492702
-0.0351681
-0.66547
0.633321
0.219522
0.370845
-1.05959
0.929851
-1.3824
-0.781996
0.0905167
-0.176144
0.0222751
0.601052
-0.85844
-0.0235243
0.366597
0.885179
0.514146
0.323874
-0.804631
1.12357
-0.834969
0.639847
0.133317
-0.474957
1.02103
0.0819348
0.612471
-0.0836757
0.15702
-0.333471
0.586612
-1.67433
-0.910603
0.789025
-0.28799
0.23935
-0.062578
0.33784
0.225168
0.971577
-0.129942
0.310673
-0.697532
-0.962099
-0.446295
-0.0916174
-0.273525
0.825725
0.323306
-0.583678
-0.188711
0.78616
0.551873
0.631826
-1.57116
0.345854
-0.716112
0.553212
-0.824991
-0.379098
-0.855081
-0.935264
0.953508
-1.03074
-0.765844
1.52886
0.161168
-1.03321
-0.255679
0.479634
-0.559465
0.363831
0.226341
-0.785803
-0.487961
-0.617289
-0.952702
0.620265
-0.990052
0.574512
0.933147
-0.0433111
0.119934
1.19351
0.295105
-0.298935
2.16071
-0.834701
-2.24381
-0.535926
0.14886
0.353468
0.0780966
0.0558505
-0.25317
0.668645
-0.884767
1.06038
0.178467
0.676881
-0.438961
0.383358
0.0561421
0.199733
0.364555
0.0553338
0.0212795
-0.0537869
-0.641136
0.452061
-0.0245355
-1.05596
0.0194101
-0.300811
-0.484075
-0.525225
0.178447
0.839261
0.186348
0.026781
-0.915293
-0.538208
0.277734
-1.27529
-0.676597
1.4826
-0.50251
0.896094
-0.317603
0.839069
0.256567
0.196481
-0.825973
-0.993926
0.3346
0.690213
0.86775
-0.164465
0.798684
0.713057
1.03367
0.1406
-0.131795
-1.43311
-0.60379
1.30684
0.0706499
0.244361
-0.462282
-0.3467
-0.552771
0.172696
0.726018
-1.53569
-0.328977
1.68508
0.16466
-0.845706
0.0211148
1.09281
0.675819
-0.180582
-0.987842
-0.263202
-0.268692
0.785435
-0.673482
0.102638
-0.38185
-0.0873258
0.614315
-0.0369987
-1.3471
-0.11367
0.563939
0.499524
-1.00093
0.9072
-0.374528
0.0546023
-0.359741
0.109787
0.896874
-0.768831
-1.82152
-0.0716858
-0.159445
0.364195
0.720012
0.558555
0.0358603
0.639078
-1.14955
-0.946921
0.049575
-0.338557
-1.31859
0.458737
-0.359575
0.566377
-0.269069
0.187945
-1.38752
-0.0625952
0.0975317
1.35467
-0.42554
0.230716
0.493672
0.966361
-0.270877
0.876586
0.31769
0.585726
-0.51013
-0.829295
0.378434
0.673724
-0.56682
-0.23464
0.408346
0.105251
-0.734623
1.55164
-1.10989
-0.485781
0.0336228
-0.757215
-0.58826
0.522537
-0.0821412
-1.2526
-1.47356
0.556919
0.183579
-0.530501
-0.33024
0.349533
0.481284
-0.123145
-0.13485
0.461248
0.204156
0.616838
-0.239402
1.56676
0.642021
0.209557
0.140088
-0.158027
-0.954383
-0.558006
0.0957865
-0.559166
0.96771
-0.15677
0.617294
-1.20437
-0.370698
0.708949
0.480076
0.426119
-0.602957
0.433791
0.472683
-0.187615
-1.26513
0.0595363
0.709307
-0.949374
0.015358
-0.74616
0.0611515
1.39041
-0.128495
0.227295
0.293302
-0.761718
-0.467804
0.712102
-0.440357
0.477928
0.0116602
-0.629737
-0.303187
0.42432
-0.441237
0.790162
-0.055316
0.123474
0.907612
-0.126465
-0.147941
0.58808
-0.135808
0.558038
1.13196
-0.987744
0.675043
-0.572131
0.718681
0.864478
-0.134659
-1.07534
-0.500317
0.940435
2.94261
0.279854
-0.000676914
0.811205
-0.0611534
-0.730112
-0.0932933
0.582099
0.890327
0.0286239
-0.861208
-0.612413
-0.207175
0.925634
0.222167
0.444196
0.349715
0.732334
-0.719656
0.225026
0.101113
-0.0734367
0.463091
-1.24126
-0.210015
1.16806
-0.186103
0.00184651
-0.229717
-0.520915
-0.11921
-0.026222
0.403251
-0.352026
0.0857844
0.444667
-0.21999
-0.789376
-0.239429
-0.727111
0.701261
-0.342469
-0.243196
-0.115392
0.523481
-0.148474
0.555833
-0.728789
0.41758
0.487223
-0.182692
0.914109
1.55362
-0.570522
-0.576014
-0.0648437
0.3496
0.383424
0.101099
-0.30142
-0.458453
-0.876982
0.0701462
0.296568
0.738214
-1.0453
1.45268
-0.0396652
-0.467337
-0.135128
-0.942931
-0.108036
-0.381455
0.725572
-0.898199
0.886456
0.699777
-0.260018
0.27065
0.899775
-0.40439
-0.207684
-0.114912
-0.42596
-0.615447
0.20141
-0.541679
-0.266135
-0.210217
-0.992318
-0.460321
0.702807
0.39441
-0.832595
0.895034
-1.29783
-0.139237
0.190661
1.02539
0.0289623
0.758316
-0.600506
-0.301311
-0.0281078
1.13457
0.83164
1.65691
0.245435
-0.2517
0.874089
0.19657
-0.0604012
1.35558
0.572672
0.486577
0.0810193
0.0826945
-0.0977516
-0.850668
0.169183
0.261509
-0.10194
0.328547
-0.26152
-0.49942
0.962895
-0.664843
0.00139346
0.507147
-0.0827371
0.95698
-0.478896
0.0402057
-0.749756
0.521669
0.248412
1.32275
0.479691
0.852951
-0.28462
0.1961
1.19463
0.574397
-0.193909
-1.15281
0.278464
0.217451
0.901025
0.70609
-0.541694
0.526529
-0.573331
1.02001
-0.0285845
-1.17523
-0.223233
-0.528654
0.126617
-0.918426
0.529527
0.0532842
0.624725
-0.90542
0.980404
0.607575
-0.595133
1.48617
0.847448
-0.378042
0.628153
-0.674693
0.104144
0.0886478
-0.0573827
0.5533
0.209725
0.805583
-0.0687802
0.534942
-0.454753
-0.842483
-0.639733
0.55086
0.765842
-1.00307
0.129664
-0.212883
-0.469026
0.233463
0.764802
-0.608361
0.162373
-1.35599
1.23658
0.0300096
0.437154
-0.398637
-0.436477
-0.053935
0.416623
-0.355753
0.866956
0.964355
-0.539813
0.554338
-0.0559452
-0.0102109
1.85964
-1.48004
0.0608371
-1.16834
0.292081
-0.407651
0.091144
0.24159
0.0049137
-0.0190658
-1.307
0.826725
-0.457052
0.732927
0.0309883
0.16114
0.332331
-0.568998
0.699384
0.242013
-0.572796
0.233077
-0.153504
0.565035
0.156187
0.505372
-0.043411
0.415124
-0.887574
0.129883
0.0292546
0.664055
-0.0597519
-1.24148
0.415474
-0.297466
0.813553
1.02946
0.376371
0.310021
0.606341
0.53395
0.552645
0.932726
-0.852293
-0.699671
1.07915
-0.770318
-0.121489
0.644656
-1.21151
-0.595587
0.657503
0.549907
1.15743
0.727101
-0.412541
1.32614
-0.441941
0.427811
1.16796
0.0690382
0.190133
0.58954
0.06012
-0.0215819
-0.470363
-0.83734
-0.0316263
-1.6285
0.281943
-0.744582
-1.31591
-0.833297
0.260295
-0.0391008
-0.659953
-0.879937
-0.75716
-0.442721
0.612094
-0.543129
1.42237
-0.631184
0.365815
-0.433693
0.499268
-0.20436
-0.250941
-0.74009
0.258072
-0.762805
0.573497
0.750214
0.210756
0.471242
0.587798
0.218074
-0.318114
0.626048
-0.681551
-0.439512
-0.879707
0.317848
0.729201
-0.103559
0.986088
-0.43987
0.682808
-0.241309
0.845148
-0.106226
-1.94201
-0.16323
0.145094
-0.861077
-0.126757
-1.1207
-0.677519
-0.570009
0.43406
0.990097
-1.38509
-0.249898
-0.423071
0.472859
1.5931
0.375243
-0.0812673
0.795307
-0.07705
-0.0572027
0.0352965
0.0502921
0.13532
0.844093
-0.895759
1.15931
-0.226713
-0.935865
0.251858
-0.768275
0.715935
0.0477397
0.686849
-0.327651
-0.0843905
-1.17408
-0.604514
-0.597125
-0.973277
-1.63199
-0.377697
-0.565043
-0.84307
-0.322799
-1.08022
0.370423
-0.263315
-0.455781
-0.249675
-0.882309
0.157336
-1.13449
-1.77582
0.36029
0.48091
-0.270511
1.71178
-0.523862
-0.0601123
-0.363548
0.56818
0.260387
-0.658141
-0.171561
-0.583735
-0.399937
-0.447592
0.2603
0.0855805
-0.766237
-0.49076
0.978251
0.0999774
0.189385
-1.01348
0.958191
-0.472344
-0.415343
0.376566
0.916117
0.0767875
-0.0844318
-0.357706
-0.50407
0.240752
-0.764382
-0.793178
1.2434
0.33342
0.843739
-0.0427383
-0.305353
0.768401
0.879703
-0.471737
0.592339
-0.757306
-0.0769057
0.401844
-0.825889
-0.0428734
0.429102
0.400158
-0.132881
0.0779681
-1.18831
-0.447213
0.0340214
1.03039
0.688527
0.0649462
-0.801754
0.844909
-0.0868363
0.594073
-0.0179824
0.695729
0.163219
-0.11422
0.0978763
-0.0565802
-0.331007
-0.0138167
0.622966
-0.501055
0.793142
0.521149
1.29575
0.81033
-0.590015
-0.399986
-1.56605
-0.459293
0.721666
-0.247195
0.447837
1.56532
-0.295472
-0.648552
-1.11871
-0.741671
0.273839
-0.721163
-1.67112
-0.90143
-0.0888025
-0.74635
-0.130223
0.197685
-0.91378
0.649185
-0.982972
-0.184254
0.739212
0.0973902
-0.403562
1.00189
0.705472
0.301476
0.172985
-0.260845
-1.77581
1.1554
0.579487
-0.207427
0.372553
-0.307122
0.202357
0.270625
-2.59096
0.282082
0.541335
-1.00408
-0.623208
0.719996
0.475839
-1.46401
-0.171878
-1.21777
-0.306619
-0.0252942
1.23551
1.3398
0.412878
1.90311
1.64758
-0.476389
0.987025
0.358396
0.527681
0.63897
-0.76701
0.185322
-0.38174
1.17367
0.533296
0.0188608
0.397769
0.860648
-0.558822
0.126109
-0.289675
-1.36287
0.144867
0.270445
-0.478538
-1.07478
-0.511209
-0.642062
-0.996034
-0.360833
0.377569
-0.103561
-0.542698
0.141153
-0.352111
-0.857875
0.120023
-0.815916
0.376322
0.272781
-0.230424
-0.385817
-0.604015
-0.0755726
1.09341
0.347169
0.0306423
0.87033
0.424442
-0.0180855
-0.068121
-0.52585
0.398205
1.4446
-0.616712
-0.465716
0.0895026
0.373929
-0.0987682
-1.01199
-0.149673
0.177658
0.339901
-0.0475149
1.62845
-0.281373
-0.15351
-0.366502
-0.0553051
0.436778
0.236525
0.274619
1.19301
-0.207808
0.542956
-0.113308
0.333361
0.367128
-1.19626
0.122114
0.672108
0.492809
0.831598
0.165836
0.530761
0.225087
0.48884
-0.340767
1.46242
-0.378308
-1.00204
0.580184
0.638465
0.469068
0.869
0.2065
0.290252
-0.67802
-0.322172
-0.819944
-0.313599
2.0952
0.545751
-1.62123
0.42263
0.785555
-0.740875
0.0518247
-0.756571
-0.520482
-0.0251366
1.38618
0.750169
1.33211
0.872037
-0.0525974
0.219621
0.756109
-0.209191
-0.0581668
0.32905
0.248328
0.153956
0.826801
0.703889
-0.163788
2.07702
-0.301048
1.08287
0.50464
0.386232
0.911147
-0.123476
1.10961
-0.821408
0.436507
0.448703
-1.26182
0.277824
-0.0227774
-1.71453
-0.94119
-0.411315
-0.755623
-0.25004
-0.867486
-1.29813
-1.57503
0.209379
0.230767
-0.322762
-0.272803
-0.303595
-0.861625
-0.319589
-0.345372
-0.706183
0.506174
0.663306
-0.279936
0.694782
1.01579
-0.337268
-0.474082
0.319101
0.0133641
-1.40712
-0.132186
-0.152032
0.688478
-0.705484
0.199869
0.74823
-0.152743
1.64109
-1.33262
-0.270404
-1.24157
-0.179282
-0.00930074
-0.104981
-1.25824
-0.268928
0.10637
0.0908103
1.19484
0.0688547
0.0464213
0.0162511
0.548584
-0.326832
0.292344
-0.147432
0.0543831
1.28058
0.514579
-1.33649
1.08787
-2.19268
1.04268
-1.15792
0.119527
0.100924
0.760305
0.682102
0.624949
-1.09388
-1.18198
-0.355373
-0.348434
-2.19895
1.02313
-1.87702
0.546683
-0.318351
0.292503
-1.01244
-0.185544
-0.179923
-0.339458
0.46008
-0.68444
-0.0319431
2.0128
0.32472
-1.58941
-0.568235
-0.603895
-1.28725
0.997387
0.547369
-0.501326
1.0592
0.514406
-0.328316
-0.105152
-0.364895
-0.405271
0.25904
-1.25748
-1.05542
1.17832
0.486288
-0.32949
1.20046
0.285645
-0.529929
0.0536957
-0.28102
0.117713
0.691131
0.211285
-0.583595
-1.02679
-0.169705
0.10494
-0.160264
-0.149974
-0.478452
0.192431
-0.0752652
-0.660486
-0.471723
-0.592123
-0.754174
1.51756
-0.466198
-1.49547
0.269301
0.421453
-0.148683
0.293148
-0.272172
0.122034
1.14746
1.24797
-0.476951
0.854893
0.295165
1.25504
0.462778
-0.00792327
-0.526057
0.774679
-0.260058
0.695688
0.564847
-0.55821
0.352714
-1.4549
-0.475027
-0.281433
2.09728
-1.22227
0.540199
0.336992
0.428769
1.63067
0.971473
0.856589
-0.408851
0.648299
0.361597
0.559161
0.780238
0.648085
0.461279
0.279064
-0.338013
0.52302
0.389963
-1.07819
0.497054
1.24361
-0.466872
1.82855
0.165386
0.582755
-0.1497
0.550412
-0.593047
-0.273984
-0.406956
-1.50954
0.026285
-1.17298
0.0970821
-0.403122
0.55926
0.371369
-0.161215
0.744309
-1.14789
1.02684
-0.547173
0.35727
1.06188
-0.514601
0.113782
-0.441751
0.874562
-1.06185
-0.887319
0.938721
-0.327995
-0.648416
0.540242
-1.26673
-0.93162
0.333608
0.258347
-0.21981
-0.156212
0.404608
1.24735
-0.685929
-0.346259
-0.519119
-0.616253
-0.66551
0.724531
0.0787842
-0.101609
-0.826751
1.25657
-0.416681
0.128515
0.532393
0.044651
1.45746
-0.330651
0.703511
-0.249061
-0.139244
0.239443
-1.05942
0.589477
-0.776276
-0.626166
-0.806044
0.84074
0.391813
-0.28843
0.536845
-0.472998
0.920513
0.703025
0.39892
-1.13449
0.589241
-0.778764
0.0621982
-0.0579829
0.388962
-0.238746
-0.452845
-0.832591
0.863025
0.642162
0.104494
1.07875
-1.49673
-0.266379
0.506846
0.605877
0.970745
0.924082
0.196534
0.2219
0.152858
-0.404311
-0.190549
-1.15087
0.178285
-1.52244
0.404634
0.948198
-0.0758492
-0.22164
0.341647
-0.493742
-0.237562
-0.975175
0.504469
0.811395
0.509015
0.41864
0.364508
0.583732
-0.60321
0.390911
-1.21145
-1.59751
0.608639
0.374452
0.131456
-1.32259
-0.701435
-1.0249
-0.0388218
0.356664
-0.76827
-1.0109
0.677162
1.001
-0.553368
0.997985
-0.691043
0.766323
-0.561932
0.224269
-0.23864
0.394051
-0.0458619
0.944372
-0.26123
-0.303709
0.519563
1.40225
-0.525725
0.838238
-0.42951
-0.345108
-1.3857
0.4564
-1.37075
-1.23765
1.5299
-0.0555589
1.14249
-0.40973
-0.374793
0.103868
-0.909691
-0.677862
-0.68396
-0.0363649
-0.162937
-0.00883415
0.830558
0.624478
-0.0577368
0.73308
0.414854
0.188456
0.17218
-1.32039
-0.945425
-0.98669
-0.4409
-0.395618
-1.94627
-0.81417
1.38313
-0.348754
-0.266329
0.427109
-0.0408355
0.0679968
0.877638
-0.100253
0.502526
-1.08279
0.655549
-0.0629372
-1.66795
0.2179
-0.616742
-1.26759
-0.562
-0.139801
-0.566021
-0.675085
-0.254504
-1.07589
-0.642396
0.788031
-1.41855
-0.508064
0.260601
-1.31232
-0.357632
-0.369983
1.28556
-0.0373508
1.27756
-0.338304
-0.492019
-0.602031
0.61693
-0.698418
1.23238
0.0281924
0.784899
-0.693954
-0.358424
-0.0186303
-1.01476
0.438248
-0.339235
0.234598
0.243847
2.45955
0.445069
1.57405
0.0349872
-0.710448
-0.638226
0.37031
0.0236675
0.423858
1.05979
1.19375
1.20337
-0.712234
0.361965
0.874623
-0.507269
-0.837609
0.315166
0.0185934
-0.899941
0.559724
1.24286
0.12389
0.0377866
0.929902
0.972512
-0.627804
1.16313
1.2156
0.126272
-0.38444
-0.666976
-0.712974
-0.665142
0.811322
-0.456609
0.240276
-0.127289
0.0710759
0.401747
-0.595325
0.601721
-0.0356816
-1.00738
0.182089
0.352815
0.782425
-0.891966
-0.460803
-0.742092
-1.39363
-0.137247
0.728513
-0.194599
-0.260543
0.502567
-0.571174
-1.34229
-0.382265
-0.18428
-0.874418
-0.115162
1.44626
1.17505
0.704103
0.50716
-0.289584
-0.781808
0.330513
0.0659054
-1.94962
0.361289
0.426243
0.65931
-0.0639928
0.162188
0.438127
-0.218539
-0.177193
0.268555
-1.17405
0.0562504
-0.354221
0.56589
-0.610888
0.0368508
0.248241
0.0618273
0.180036
0.39092
0.831245
1.18384
1.74203
1.1814
-0.287921
0.789495
-0.108538
-0.163255
-0.0729008
-0.627537
-1.01869
-0.0763442
-0.178985
0.257624
0.996145
-0.317367
-0.496529
-0.385557
0.324253
-0.755886
-0.364652
-1.31907
1.18219
0.00782083
1.18343
-0.595178
-0.15738
0.231716
0.815972
0.355954
1.79983
-0.19007
0.390474
0.534501
0.579918
0.218542
0.0141944
-0.951533
-0.468942
0.369155
1.56345
0.88978
0.41608
-0.483302
1.1272
-0.919815
1.06023
-0.187873
1.30076
-0.205375
-0.251262
0.357048
0.72551
-0.459443
0.555246
-0.546367
1.0573
-0.767894
1.07996
0.654148
0.299872
0.907814
-0.275891
-0.908965
-0.335241
-0.260677
-0.602161
0.346433
0.315754
0.211611
-0.212771
0.200601
-0.366573
-0.863441
0.799863
-0.0302442
-0.929063
0.240407
0.58813
0.70479
-0.151744
0.238528
0.3226
-0.104282
-1.81968
0.0736774
-0.930558
-0.0595968
-0.00291722
0.267076
-1.57365
-0.138964
0.159529
0.873404
-0.659428
0.211878
0.217208
0.236329
0.245921
1.4401
0.0313279
-1.28007
-0.939767
1.10489
-0.233102
0.0065748
-0.430299
-0.499563
0.645031
-0.816205
0.627924
1.54338
-0.284568
0.108301
0.342823
-1.09623
-0.515606
-0.512857
-0.687752
-0.23355
0.657547
-0.803698
0.0690742
-0.685792
0.00874696
-0.0155768
0.583334
-0.673499
-0.467555
-0.2608
-1.10768
-0.415632
0.135169
-0.0735269
1.19617
-0.865873
-0.311455
-0.895028
2.28019
1.06176
-0.984188
-0.263942
0.829236
-0.809144
-0.431334
-0.256324
0.99802
-0.796202
-0.22497
0.217077
0.273945
0.769756
-1.61362
-0.33327
0.416979
-0.871467
-1.23057
1.02981
-0.717413
0.311137
-0.119949
-0.501599
0.625984
-0.759887
-0.278304
-1.16364
-0.743801
0.519615
0.33553
-0.21786
0.830653
0.0453827
0.622783
1.69292
-0.291355
-0.854797
0.828679
1.4293
-0.758216
1.3449
-0.324615
-0.734109
0.0841226
-0.196166
-0.0780377
0.00940667
-0.0386571
0.283886
-0.363639
-0.486467
1.37799
-0.0883675
-0.239736
0.671529
-0.216935
-0.425478
-0.597241
-0.551908
-0.208369
0.264919
-0.948886
-0.177247
-0.294686
0.665139
-0.259187
-0.265723
-0.210242
-0.492658
-0.0533842
0.188623
-1.0226
0.66694
0.498678
-0.663253
-0.298523
-0.466231
0.00560573
0.435285
0.668104
-0.715776
-1.20193
0.683146
-0.698632
-0.106376
0.158187
0.889546
-0.415929
-0.563361
-0.471174
-0.349506
-1.42304
-0.305328
-0.590601
0.839874
-0.531291
0.617674
0.389862
0.0683759
0.0399532
-0.267645
0.0795173
-0.830858
0.874359
0.28217
-0.162808
-1.67468
-0.605827
-1.73348
-0.797966
1.06863
-0.260883
-0.107987
0.496928
-0.502646
-0.446462
-1.44336
-0.4
0.010803
-0.236911
1.22899
0.912625
1.00664
0.49443
0.442265
0.325318
-0.00342597
-0.933932
-1.38564
0.87791
0.381947
-0.575601
0.693027
0.352414
0.670997
1.0385
0.690486
-0.685069
-1.28475
0.202099
0.203784
1.32708
-0.680445
1.06037
-0.980754
-1.11549
0.794967
0.972886
-0.539429
-0.459901
-0.82713
-0.232811
-0.401437
0.383887
-1.32063
-0.535688
0.218232
0.297288
0.910956
0.182763
0.142997
-2.18894
0.136752
0.467405
-0.42631
0.205162
0.505822
-0.513945
-0.265883
0.721929
-0.325688
-0.142049
0.0416368
-0.81257
1.93148
0.578948
0.0768729
1.24342
0.0568617
0.417359
0.30201
-1.37666
-0.956772
0.801687
-0.308251
-0.34115
-0.177381
0.540991
-0.0693794
-0.180422
-1.52149
0.136011
-0.492474
0.820428
-0.333013
-1.05218
-1.30296
-0.897338
0.423111
0.102181
0.381176
-0.630943
0.306259
0.105019
-0.860926
0.289103
-0.292503
-0.720405
-1.28734
0.477257
-1.1891
-0.0164585
0.116389
-0.310499
0.611834
-0.708464
-1.17073
0.39141
-0.0137909
0.0868844
0.693402
-0.399704
-0.604147
0.789354
-1.22122
-0.678124
0.496853
0.674291
0.243535
-0.25884
-0.846945
-1.10676
0.142755
-2.08464
-0.642195
0.178248
-0.892539
0.458188
1.1725
0.0271791
0.480082
0.652227
0.449036
0.198653
0.435238
0.204528
0.781406
-1.15791
0.647804
-0.403624
0.419538
-0.862404
0.0443789
0.483197
0.730324
-1.03417
-0.345424
0.952841
-0.0782634
0.652526
0.331397
0.656858
-0.0774488
-0.266611
-0.106083
0.87031
-1.96975
-0.579764
-1.01814
0.237776
1.03781
1.72071
0.304198
-0.477767
0.0121156
0.400945
1.50036
-0.182236
-0.788669
-0.200369
-1.29643
-0.603283
-1.01147
-0.922907
0.0802078
0.0766487
-1.18333
-0.53484
-0.0688611
1.35775
-0.19419
-0.122075
-0.246186
-1.33101
0.49648
0.404783
-1.65043
0.602718
-0.29442
0.594632
-0.130679
-0.987466
-0.0162419
-0.549732
2.22636
-0.23834
-0.308646
-0.571459
-0.433561
-0.741792
-0.448664
0.0842751
0.175413
-0.418697
0.337109
-0.662953
1.13249
-0.449983
-0.0888234
0.6767
0.258168
-0.332194
-1.4077
0.72765
0.0695942
-0.712723
0.754308
1.47269
-0.84808
-0.729531
0.565666
-1.76605
0.929899
-0.477847
0.789446
-0.213405
-0.157432
1.2543
-0.528583
0.868655
0.83079
0.0315931
0.0728496
-1.06774
0.020924
-0.719619
-0.527643
-1.01857
-0.355319
0.262026
-0.00818906
-0.765461
0.552372
0.0350553
-0.031072
-0.117135
-1.54353
-0.0025132
-1.85446
1.37826
0.00669565
0.355099
-0.191979
-0.312681
-0.836353
-1.15171
-0.154502
-0.977163
-1.19855
-0.462759
0.141306
0.182034
0.594742
-0.719298
0.571173
0.957035
-0.0413604
0.498503
-0.00158962
-0.0636643
0.854756
-0.220684
1.18406
-0.583462
1.30755
-0.117328
-0.831742
0.155173
-1.03317
-0.529695
-0.885495
0.290823
0.603558
-0.488698
0.327881
-0.629707
2.01308
0.31584
0.107023
0.977484
-0.305105
-0.0486423
0.0286114
0.563445
0.474193
-0.206798
-0.302655
-0.84172
-0.93438
-1.13671
-1.22632
-0.13636
0.761762
0.437786
0.73392
0.678959
0.217942
0.696418
-0.223905
0.796858
-0.494125
-1.24026
0.267806
0.364114
-0.334964
-1.01037
-0.761276
0.279954
-0.629278
0.349172
0.358055
0.407621
0.40583
0.209767
1.00696
-1.23767
-0.127809
0.0757133
0.302893
-0.0442961
-0.783335
-0.941847
0.0730284
-0.15211
0.619587
1.04798
-1.35166
0.16334
1.34389
0.869804
-0.618322
1.36723
-0.228308
0.220396
-0.168782
0.050758
1.42086
0.520539
0.288521
0.451327
-0.351826
-0.831169
0.210813
0.872949
-0.0473852
-0.525879
-0.61238
-0.531853
0.516695
0.113471
-0.303901
-0.283784
-0.700123
-0.245467
-0.341742
-0.182116
1.13852
0.736252
0.550473
-0.503428
0.067814
-0.545799
-0.15944
-0.356768
-0.0398696
0.57407
0.842157
-0.54636
-0.33197
-0.488119
0.148893
0.955139
-1.24783
0.605997
0.619286
-1.22447
-0.153188
0.189385
0.709772
0.385389
-0.738603
0.255146
-0.108107
0.691597
-0.0298983
-0.605915
0.167107
-0.437395
0.102745
0.934194
-1.65731
0.459922
0.205059
1.12393
-0.551141
0.618696
0.483197
0.996056
-0.786758
0.293335
1.69611
-1.8296
0.113589
0.261539
-0.224735
-1.81555
1.22018
-1.23815
0.841236
0.233781
-0.134934
0.172392
-0.286946
0.0200186
0.371306
-0.66147
0.0097976
-0.480227
-0.454598
-0.728549
-0.217384
-1.04354
-0.219232
-0.276251
-0.773733
0.988317
0.200771
0.846672
-0.347373
0.090335
0.679825
-0.748485
0.794277
-0.222379
-0.826296
1.28755
0.74101
-0.148205
0.751979
-0.360462
-0.333052
-1.00357
-1.5532
0.984669
-0.392106
1.30157
1.54392
-0.105154
-1.11712
-1.2272
-0.526493
0.727966
0.727923
-0.286558
0.645246
0.872825
0.197336
-0.878325
-0.0340185
0.0921529
1.58711
-0.22197
1.42456
-0.708316
0.152742
0.219928
0.440226
-0.22419
0.831563
1.12487
-0.24455
-1.1641
-1.21336
0.59835
-1.35553
1.20412
-0.140247
0.0461774
0.0780867
-0.438074
0.66782
-1.5275
-0.00113178
0.800987
0.548264
-0.0152697
0.143639
-1.00163
0.826974
0.675757
0.128809
-0.321798
0.447773
0.92572
0.31144
-1.19524
-0.321103
-0.515461
1.63134
0.168281
-0.170384
-0.154113
-0.184957
0.35353
0.618517
-1.04808
-0.274526
-0.0915877
-0.937053
0.244203
-0.55531
0.17139
-0.671561
0.352588
-0.587998
0.451222
0.0648847
0.227669
-0.16122
0.22981
-0.275428
-0.133565
0.911782
0.826527
-1.62921
-1.04255
-0.849046
-1.35637
0.313408
-0.337925
0.171771
-0.157683
0.00845959
-0.667411
0.0937926
0.39702
0.584887
0.227875
-0.528973
-0.118763
0.262725
-0.537527
-1.64597
0.692474
-0.247038
0.750979
1.07071
0.749118
-0.0084738
0.220737
1.17611
0.515883
-0.0781174
-0.57156
1.43979
0.414071
0.0381334
-0.166893
0.0258018
0.192495
0.532282
-0.569654
-1.29925
-0.661435
-0.189926
-0.150084
-1.36519
-0.326682
-1.21527
-0.584695
0.680382
-0.257151
1.45936
-0.25809
-1.16918
-0.645713
0.687032
0.52161
0.782733
-2.10671
-0.120494
1.35818
-0.72065
0.15316
-0.316353
0.0498098
0.992728
-0.208758
0.691025
-0.624176
0.38311
0.242797
-0.190076
0.0420696
-1.32497
0.696603
-0.780276
-0.332728
-0.496305
-0.53638
0.352245
0.0881696
0.248878
-1.46932
0.425819
-0.535677
0.38602
-0.61735
1.17921
0.776311
-0.309042
-0.212889
-0.583088
1.0393
0.907147
0.334309
2.27042
-0.593332
-0.826223
0.139767
0.771334
0.0462385
-0.125572
1.4152
-0.223373
-0.517125
-1.58076
-1.06376
1.35567
0.565045
-0.568801
0.3773
-0.933177
-0.384444
0.0531402
0.589467
-1.35663
0.860424
1.14672
-1.33445
0.0584725
-0.486568
0.68079
-0.517915
-0.500619
-0.41494
0.116043
1.32257
0.259302
-0.0346292
1.06902
-0.531275
0.145293
-0.655037
0.107026
0.336993
0.529416
-1.24348
-0.297409
-0.344552
0.655072
-0.614054
-0.133031
0.567591
-0.707666
-0.433619
0.234475
0.0668968
-0.187758
-0.55608
-0.955029
-0.117743
-0.00021812
1.09634
0.140098
0.224717
0.659761
-0.517827
-1.064
0.771342
-0.19516
-0.0384469
0.359413
-0.12044
0.849851
0.730086
0.460559
-0.220672
0.161165
-0.735289
0.586376
0.103934
0.188498
-1.09848
-0.248275
-1.91203
0.366489
0.0728943
-0.173358
0.0939723
0.300042
0.0581953
1.75646
0.307666
-1.36584
-0.159328
0.191668
0.628823
-0.207103
0.906626
-0.723921
1.45017
-0.909174
0.650665
-0.971493
-1.51143
-0.493727
0.104708
0.676116
-0.719347
-0.209767
-0.239544
0.363338
-0.362963
-0.312338
0.564745
0.314632
-0.329237
-0.505501
0.719682
0.925063
-0.237826
0.882745
-0.43165
-0.159539
0.151859
0.303561
1.37643
0.32897
1.81727
0.657635
0.470679
0.280963
0.148085
-0.381255
-0.445596
-0.16154
1.43715
-0.848711
0.0139897
-0.119868
-0.0114935
0.295052
0.256731
-0.41656
-0.34568
0.927735
0.355202
-1.13388
-0.203352
-0.927681
0.71528
0.226473
-0.59809
0.428753
-1.17989
-0.456698
-0.713709
-1.29737
-0.0664326
-0.0245125
-0.709766
-0.579709
0.174888
-0.813839
0.0396366
1.21858
-0.210607
-0.135106
-0.193265
-0.696776
0.304068
-0.306015
0.179353
0.0926852
0.0951324
-0.416022
0.457136
-0.767388
0.612731
0.0877098
-0.683406
-1.28668
0.419108
-0.685149
-1.3283
-0.343702
0.198284
-1.27616
-0.0400899
0.0717658
0.0634173
-0.210266
1.33941
0.555003
-0.747814
-0.276199
0.76872
0.327083
0.766454
0.544334
-0.248166
0.000462963
-0.165694
-0.701774
-0.128444
0.439065
0.7776
0.435232
-0.740543
-0.142282
-0.997763
0.116095
-0.128026
0.0996723
-0.49577
-0.695637
1.04548
0.0222642
1.09675
-0.0943853
-0.535659
-1.53456
-0.842545
-0.404179
-1.09361
-0.170942
0.457007
-0.608839
0.0301191
-0.916044
-0.258074
-0.0849879
0.611607
-0.558361
0.512349
0.383857
0.487156
-0.228277
-0.688283
-0.53061
-1.5556
1.2509
0.529142
0.482231
-0.358891
0.384707
0.110785
-0.280388
0.0859863
0.116286
0.50103
1.1333
-0.559492
-0.408576
0.202395
-1.7429
0.418481
-0.8691
0.233959
-0.0858933
0.430647
-0.262321
-0.0700489
0.254288
-0.808637
0.760616
-0.447133
0.127521
-0.816274
0.612758
-0.0687257
-1.38641
-1.07017
-0.45738
-0.0494179
0.376048
0.367329
-0.109763
0.11471
-0.115581
-0.13152
-1.3066
-0.703278
0.0902833
0.232208
-0.285974
-0.327129
2.11228
0.149883
-0.0078044
-0.89687
0.592221
-0.000465379
-0.277964
-1.0136
1.17732
-0.0234779
-0.154205
-0.459863
-1.20384
-0.314129
-0.0626302
-1.38881
0.150699
-1.08293
-0.265487
-0.0939368
0.282177
1.62731
-0.954663
-0.285066
1.22678
-0.464368
1.18317
-0.311893
0.519108
-0.0726903
0.583258
0.76609
-0.34592
0.181685
-0.351272
0.885678
-1.12693
-0.0465347
0.673077
-0.028299
-0.824713
0.114127
-0.231477
-1.08345
0.288598
-0.792958
-0.278954
-0.182014
1.05675
-1.29859
-0.438278
-1.03112
0.74837
0.661038
-0.187485
-0.174493
-0.400382
-0.84128
0.793403
0.208851
0.0979886
0.860142
-0.565125
0.271685
-0.5015
1.75146
0.989291
0.832443
-0.937374
-1.53638
-1.10389
-0.528257
1.67584
0.268894
-0.565724
-0.029382
-1.2363
2.36116
-0.758368
0.104485
-0.836177
0.0342665
-1.29489
-0.0433994
1.88644
0.369618
0.766388
0.142103
-0.588091
0.200234
-0.129501
-0.849947
0.577489
-0.00449232
1.05052
0.0812194
-0.0484926
0.371688
0.0907367
0.000456826
-1.01045
-1.10378
0.0625622
0.445775
-0.121325
-0.507131
-0.630192
-0.0637329
0.791208
0.951759
-0.535132
-0.118882
0.719093
-0.97542
-0.00940288
-0.331484
0.735102
-0.292421
-0.561582
-1.51426
-0.88636
0.269724
0.722552
-0.311129
0.502478
0.0663307
-0.410478
-0.242971
0.986544
0.24789
-1.1455
0.701898
1.02768
-0.431293
0.616461
-0.266904
-0.360833
1.10254
0.900028
0.612608
-0.0624582
-0.0532604
-0.918281
0.490325
0.329937
-0.316185
0.649726
0.166604
-0.883176
0.401338
0.269088
0.601594
0.213808
0.114372
0.149119
0.995735
0.334043
-0.537334
0.719864
-0.137197
0.154874
0.574248
0.149898
1.12727
1.41704
-0.722777
0.237076
-0.481441
-0.770857
0.280077
-0.95217
0.262952
0.794165
-0.467039
0.939469
0.187939
1.4599
-0.52876
0.506934
-0.667283
0.0633567
1.18423
0.636788
0.00431819
0.893852
-0.182063
-0.221918
0.0563929
-0.272065
0.218433
0.243108
-0.627737
0.0468918
1.14923
0.318486
0.571574
0.121827
1.14985
-1.10843
0.441188
1.11908
-0.230021
-0.554239
1.36182
-1.47357
0.0930542
0.292095
-0.601655
0.267849
1.15354
0.619562
0.793492
-0.73607
-0.268428
1.14922
0.337925
-0.48017
-0.2509
-0.670971
-0.351825
0.759298
1.56095
0.202723
-0.0271403
-0.576083
-0.164574
0.501149
0.626313
-0.964292
0.0727488
-0.111695
0.672657
-0.241405
0.179291
-0.805739
-1.30795
0.412845
0.37256
-0.516747
0.79939
-0.663477
0.0946774
-0.52328
-1.15278
0.807067
1.23829
0.850993
-1.4338
-1.7255
0.293782
0.616321
-1.67397
-0.907542
-0.866516
-1.16904
-0.186822
0.372992
1.24115
0.695009
0.491664
0.683317
-0.00708128
-0.0017527
0.00919473
0.0715035
0.241323
-0.275878
0.679344
-0.213619
0.578747
-0.370514
0.833309
-0.523186
0.14846
-1.32784
0.940787
0.0161464
-0.149758
0.209599
-0.664408
0.559718
0.795626
-0.38182
-0.465498
-1.86324
-0.0849735
-0.513851
-0.902419
0.343259
1.16084
-1.55771
-0.45337
-0.226577
0.550119
0.522109
0.648542
-0.258475
0.13665
-0.321329
-0.546818
1.67729
-0.716485
-0.0447829
-0.480923
-0.0137073
0.478775
0.507065
-0.306557
0.59896
0.404656
0.536553
-0.387676
-0.980546
-0.423015
0.0641196
0.890981
-0.432307
-0.590256
-0.854917
0.0338914
-0.241217
-0.117288
-0.0566044
-1.32654
-1.31465
-0.401768
-0.614221
-0.00176885
-0.65955
-0.02975
-1.06835
-1.39399
-0.81287
-0.764584
0.7163
1.17413
0.86023
1.25463
-0.272092
0.0168439
-0.560227
1.00725
-1.01156
-0.715487
0.905332
0.50149
-0.239243
0.620403
1.08777
0.392674
-0.030475
-0.325756
0.361068
-0.711904
0.34145
0.155994
-0.161713
0.551007
-0.330801
-1.22389
0.783394
0.66406
0.256601
0.727256
-0.862251
-0.222517
0.620527
1.20451
-0.197708
-0.2216
0.977313
0.468274
-0.253637
1.007
-0.652413
-0.402066
0.645758
-1.27164
0.762551
0.024389
-0.487572
-2.59614
0.784169
1.07455
0.0680558
-0.352028
-0.0158076
-0.539881
-0.647409
-1.5334
0.841204
0.412828
0.0308218
0.280186
0.637433
0.119529
0.677588
-0.738919
-0.39707
-0.558801
0.0141574
0.300401
0.301656
-0.733711
0.19146
0.540115
-0.971178
-0.517871
-0.0682822
-1.6283
0.92183
-1.10706
-0.856517
-0.537717
0.604246
0.546672
0.781412
-0.0487947
-0.861659
0.875675
0.749615
-0.10095
0.338945
0.378637
0.894754
0.196776
0.125761
0.718481
0.118046
-0.178155
0.332828
-1.60561
-1.06621
0.127304
-0.714181
0.0944262
-0.249992
-0.680259
1.01252
-0.561302
-0.145584
-1.05415
0.133761
0.586754
0.307134
-0.883911
0.300684
-0.76217
-0.0090896
-0.496946
-0.894694
0.886081
-1.16462
0.550629
-0.518282
0.00741671
0.8237
1.46305
-1.29956
-0.605928
0.370794
0.0669508
0.179399
-0.17158
-0.875272
0.505271
-1.02134
-0.593938
-0.309975
-0.784388
1.29178
-0.0865095
0.671684
0.436017
0.719834
0.174625
-0.22686
0.276026
0.125283
-1.3794
0.515353
-1.11935
1.72952
-0.624741
0.724452
0.0797129
-0.0993018
0.200202
-0.20825
0.966442
0.180012
0.917739
-1.087
-0.645305
-0.474342
-0.328076
-1.01486
-0.552456
0.0592307
0.763959
-0.297451
0.485524
0.406789
-0.169384
-0.498094
-0.155975
-1.22833
-0.565793
-0.432754
-0.32898
0.276432
-0.0373954
-0.114094
-0.930168
0.261721
1.13232
1.01347
1.13195
-0.833402
0.722966
0.414621
0.488991
-0.852947
-1.09008
-1.09742
-1.36798
0.315457
0.658015
0.0766157
-0.223223
-0.638946
0.18509
-0.446742
-0.45381
-0.487431
0.505572
-0.542241
0.368651
-0.591387
0.443366
0.0672863
-2.10152
0.381657
0.110896
0.324957
-0.840859
1.40032
0.214361
-0.242115
1.36909
0.516602
0.48725
0.683743
0.336728
0.145337
-0.687827
0.0567898
-1.87137
0.585461
0.911927
0.82044
-0.412788
0.93213
-0.861951
-1.43222
0.207999
-0.776399
-0.564959
-1.12277
-0.338342
-0.512215
0.847999
0.743
-0.0540117
0.761494
-1.02114
-1.10663
-0.0944534
0.571904
-1.08397
0.822786
1.64808
-0.20779
-1.12265
-0.610642
-0.00484013
-0.226115
0.0168689
0.860824
0.626742
-1.5954
-0.186991
0.170691
-0.213022
0.233182
0.625169
-0.484848
-0.496137
0.382681
-1.23214
-0.846883
-0.0579085
0.00836501
-0.00236177
-0.841407
1.09473
-0.347173
-0.508477
-0.60922
0.178045
-0.887822
0.547423
0.974235
0.336579
0.200544
-0.930027
-0.448012
-1.21069
-1.38935
-0.852918
-0.502404
-1.04123
-0.246339
-0.261453
1.04781
-0.677868
-1.07139
0.661738
0.900782
-0.24855
-0.0238288
0.130754
-0.22946
-0.556345
-1.68707
0.543331
-0.510069
-0.71106
1.86726
-0.165704
-0.642994
0.376096
-0.219843
0.563531
0.93432
-0.337247
-1.29452
-1.35874
0.595068
0.956151
1.11617
1.21588
-0.16886
0.141049
-0.568423
0.0376626
0.599507
0.145013
0.136945
-0.378877
0.634598
-0.86328
0.739937
-0.780028
0.703242
-0.806548
0.390594
0.182504
-0.504918
-0.6963
-0.070426
0.0580388
0.450461
0.334117
-0.0894145
0.632836
0.429921
0.558398
0.469723
-0.82335
0.422158
-0.953626
0.254511
0.740311
-0.213757
-1.53823
-0.745267
0.894983
-0.224092
-0.346726
0.193323
-0.0620354
-0.00947837
-0.474066
0.489246
-0.598525
-1.08217
-1.20607
0.0125208
0.205583
0.447673
-0.0143141
-1.20033
-0.209038
0.0233722
-0.850669
0.202092
-0.298404
0.653081
0.184862
0.300972
0.436921
0.0203774
0.569034
0.46716
0.330942
1.10713
0.794379
-0.211296
0.155372
1.19843
-1.0005
0.0476534
0.0820202
0.397473
-0.386873
-1.06676
0.412709
-0.0687832
0.332205
0.725496
-1.72023
-0.208946
-0.307303
0.864542
0.395687
0.783916
-0.408173
0.448868
0.416181
-0.617831
-0.722817
0.229355
-0.978786
-0.643438
-0.483327
0.893108
-0.912622
-0.741632
0.174354
-0.551482
0.118001
-0.258966
0.70894
-0.00828531
0.195285
-0.59903
1.64043
-0.670815
0.528584
0.411122
-0.34075
-0.438095
0.649175
-0.202429
0.047597
-0.350285
-0.415911
0.217831
0.308526
0.0580546
0.171341
1.04167
-0.229174
-0.341284
-0.204366
-0.374073
0.73388
0.314259
0.00770589
-0.228142
-0.030792
-0.349657
0.571319
0.372195
0.838636
0.0111373
0.158378
-0.188158
1.11808
-1.48364
-1.21108
0.0869058
-0.855621
-0.561952
0.428201
1.26108
-0.322929
0.853383
1.59426
1.12404
0.6174
-0.182385
0.544653
0.967452
0.0334763
-0.626538
0.10421
0.702162
-1.00867
0.072283
-0.998602
-0.249927
0.259796
-0.596316
1.66489
0.34057
-0.465768
-0.374818
1.50831
-0.418169
-0.228383
0.203927
0.247025
0.26791
-0.190897
-1.01093
-0.490211
0.177081
-0.544171
1.29417
0.289107
-1.66316
-0.0259289
0.0836146
-0.0519175
0.94754
-0.348726
0.126596
-0.724896
-0.33006
1.29447
-0.902178
-1.3192
0.328919
0.490025
0.0670891
0.193336
0.730471
-0.502644
0.439414
0.910271
-0.262223
-0.521932
0.459216
0.255959
-0.293233
-0.33194
1.20212
0.28168
0.118149
0.0516929
-0.187084
-0.314035
-0.0412049
0.315407
1.23013
-0.10215
-0.665028
-0.453341
-0.415957
0.227744
0.123716
-0.859063
0.365492
0.150078
-0.160137
-0.109511
-0.716062
-0.207764
-0.860422
0.683941
0.152785
0.093406
0.0396842
0.161498
-1.89266
1.28922
0.330974
-0.453252
0.210466
1.83187
0.348467
-0.563547
0.338079
0.970904
-0.703114
0.11829
-0.236854
0.112603
0.746857
-0.0941173
0.637268
0.723677
-0.860969
-0.553148
-0.269953
-0.00743546
0.380911
0.298204
1.09709
-0.195556
-0.975919
0.460563
1.32509
0.172938
1.4088
0.0953268
0.0918493
0.161707
-0.82085
-0.773706
0.376288
0.206609
0.515626
1.44128
-0.818154
-0.852552
0.457284
-0.0320227
0.419888
0.176283
-1.45686
-1.35441
0.213672
-1.2407
0.751758
0.356462
-0.525972
-0.498177
0.0513136
-0.535567
0.717682
-0.132232
-0.527342
-0.449548
1.11005
0.140787
-0.487252
0.432975
-0.242957
1.38246
-0.964331
0.208366
-0.555418
0.200416
-0.800258
0.114953
-0.263093
0.0620844
0.355961
0.359862
-0.0800067
0.761739
-0.474386
-0.691956
0.193932
0.572968
-0.173854
-0.926765
-1.44485
-0.569935
0.109074
0.306357
0.0992935
0.587321
-0.724351
-0.509186
-0.238253
0.242247
0.761628
-0.506132
0.509432
-0.101585
-0.0306476
0.0112291
0.058747
-0.514084
0.698501
-0.851904
-0.0525978
0.261253
-0.0930516
-0.175799
0.409503
-1.39117
0.319645
1.13981
-0.809287
0.613777
-1.11929
-0.522832
1.79783
-0.352303
0.440152
1.01736
0.34214
1.03608
1.28221
0.979769
0.250741
-0.57129
-0.0422578
0.81275
0.272502
0.411171
0.56552
-0.390188
1.4809
0.0694197
0.741587
-0.063706
-0.149208
0.0387199
-0.897398
-0.275472
-0.895054
-0.816456
-0.595181
-0.295471
0.995796
0.487394
-0.742824
-0.959346
0.922757
-0.195102
-0.666159
0.125628
-0.448562
-0.695859
0.548011
0.730731
0.995866
-0.085951
0.493029
-1.14659
-0.0714636
0.58326
-1.22807
-0.533841
0.166605
-0.462423
1.28361
0.89109
1.13876
0.213449
0.698016
0.219141
0.0825976
-0.591505
0.519599
0.0443724
-0.346631
-0.168382
-0.81311
0.972625
-0.169877
0.038724
-0.459305
-0.551932
-0.240864
-0.975047
-0.381963
-0.677134
0.265718
-0.463453
-0.0216066
-0.638427
-0.455142
0.103445
-0.195184
-0.44537
0.19181
0.196453
-0.426052
0.235459
-0.670906
0.440349
0.41887
-0.34958
0.597873
-0.259398
-0.369179
0.615396
-0.940652
-0.605616
0.569642
0.356819
0.205813
0.123907
-0.920143
0.747851
0.687411
-0.0567297
0.329582
0.286477
-0.365614
-0.272068
-0.139288
-0.747617
-0.464948
0.0161368
0.767833
0.557196
-0.501157
0.981641
-0.261462
-0.486326
1.26252
0.32621
1.6171
0.457521
0.296635
0.397723
0.904669
0.540547
2.10088
0.21699
0.252098
-0.167834
-1.04699
-0.476082
-1.21183
-0.321812
-0.230729
0.425462
-0.207308
-0.445635
-1.34436
-0.4877
1.18557
-1.127
0.472921
0.0615229
1.1055
-0.457993
-0.216501
-0.553857
-0.986223
-0.0256714
-1.57923
-0.505021
0.000885365
0.674666
-0.606836
-0.125005
0.845353
0.609401
-0.686571
-0.0817602
0.754321
0.0799028
-0.865183
-0.412216
0.281944
1.03601
0.269338
0.836775
-0.343522
0.0374679
0.264713
-1.37199
-0.307113
0.413291
0.146855
-0.950388
-0.126619
-2.48416
-0.316291
0.0315345
0.727255
1.34719
-0.678494
-0.145258
-0.614461
0.31812
-0.326686
1.80547
0.138851
0.417084
-0.503535
0.00757691
-0.499859
-0.728676
-0.261825
-0.118846
-0.530376
-0.739622
-1.6485
-0.0654312
0.323062
-0.240948
-0.201229
-0.760128
0.702907
0.473246
-1.189
-1.30966
-0.0191198
0.661499
-0.492959
0.352703
0.174138
0.734812
-0.456168
1.34338
0.541498
0.796532
-0.46351
-0.0165389
0.933004
0.144631
-0.853299
0.0263894
0.226285
-0.190058
-0.870991
0.692915
0.0462744
-1.04333
-1.30135
0.753279
0.411036
-0.991709
-0.636843
-0.123995
-0.2491
0.618829
0.367798
0.485712
-0.377368
0.117632
0.340016
-1.62631
-0.571648
-0.0405421
1.36299
-1.99227
-0.65315
1.31652
-1.21571
1.36656
0.278649
0.97943
0.674003
-0.060124
-0.92931
0.855368
-0.129677
-0.128892
0.53482
-1.15634
-0.525057
-0.809321
-0.994268
0.167786
-0.44959
-0.87161
-0.091141
0.0324423
0.00382183
-1.04845
-0.474238
0.130164
-0.968171
0.899927
-0.351351
0.347871
-0.619103
-0.545015
0.0392833
0.419986
-0.845419
0.479874
-0.854012
-0.253428
0.659809
0.0566001
1.12001
-0.415334
0.692111
-0.842591
-0.718813
0.425847
0.892414
0.572301
0.195161
0.461839
-0.361853
0.563861
-0.48357
0.0945929
-0.298701
-0.315347
0.295074
-1.18702
0.180589
-1.14443
0.47285
0.735223
-0.347741
0.39514
-0.0242568
-0.143292
0.168378
0.427014
-0.177796
0.242151
0.590523
-0.0345419
-1.1598
0.495761
-0.141006
-0.739489
1.07184
-1.02877
-0.103992
1.14334
0.414702
-0.328641
-1.12087
0.137222
0.0283044
-0.331659
1.51722
-0.330323
0.174048
0.35827
1.58726
-0.18902
-0.038337
0.429092
-0.0768297
-0.446592
-0.0254415
-0.0709067
0.339651
-0.948547
0.304581
-1.08569
-0.421025
0.245382
-1.37309
0.873383
-0.698241
0.350942
0.288076
1.48239
-0.0355868
-0.47997
-0.460855
0.0362596
-0.441525
-0.960296
0.478145
0.683694
-1.02494
-0.935317
-0.600568
-0.141153
0.761021
-1.06221
0.522049
-1.06994
2.1401
0.901959
-0.772157
-0.402781
0.329977
-0.0646282
0.973356
-1.03171
0.868495
1.14684
0.88063
0.984303
0.721099
-1.22176
1.79028
-0.0949129
1.65478
-0.49371
0.456625
-0.219977
-0.403073
-0.340757
-0.993539
0.954813
0.259506
-0.448893
0.0577493
-0.777188
0.996631
0.124188
0.311378
-0.942592
0.204223
-0.132713
-0.946056
-0.503536
0.182644
0.614338
0.80978
-0.123176
-0.394702
-0.409703
0.167072
-1.33241
-1.02941
0.1159
0.874736
-0.0777514
-0.983644
-0.0375069
0.741536
-0.594544
-0.862382
0.156491
-0.303626
0.288873
1.24158
0.223952
-0.114676
1.07025
1.01438
0.594542
0.290252
0.233489
0.0571537
0.249631
0.999932
-0.900573
-0.119072
-0.614886
0.673603
0.826017
-0.528171
-0.212793
-0.48833
-0.195252
-0.923255
-0.601088
-0.311079
-0.540077
-0.732693
0.105842
-0.864674
0.728183
-0.914943
0.670889
-1.32913
-0.720511
-0.899555
-0.932193
0.474504
0.205667
-0.248824
-0.200188
-0.25663
0.0999734
0.222909
-0.676475
-0.022833
-0.980181
0.396745
-0.297362
-0.6871
-0.346016
-0.733801
0.382123
0.175267
0.203878
1.31838
0.397127
1.90101
-1.25423
-0.267641
0.310819
-0.84091
-0.017062
0.364997
-1.13419
-0.195018
-1.28597
0.540348
0.370342
0.498918
-0.185803
0.716122
0.65836
0.0120626
-1.09929
0.185959
0.898008
0.0313525
-0.163068
0.361112
1.33583
0.353885
0.577991
0.677044
0.265891
0.685956
0.70981
-0.523374
0.995798
0.400041
0.903679
0.416045
0.183651
-0.26365
-1.31338
0.571777
-0.394159
-0.893541
0.174193
0.0608652
0.778896
0.716144
-0.142704
0.984795
-0.248748
-0.225644
-0.152769
-0.15772
-0.0445693
-0.752186
0.777072
0.576992
1.16135
0.193568
-1.14571
1.5602
0.408164
0.845517
1.19986
1.50872
-0.60145
-1.72074
-0.0636363
-0.493118
-0.239683
1.10056
-0.735998
-0.335266
-0.588863
-0.264572
-0.857596
0.759032
-0.0032017
0.964956
0.0518868
-0.159046
-0.749286
-0.0850607
1.25814
0.390219
0.788071
-0.524428
0.788296
0.613122
0.924142
0.0816364
-1.14327
0.654966
-0.226458
0.192802
0.225554
0.336824
1.3591
-0.80861
0.244104
0.150141
0.154368
0.44815
-0.633677
0.374419
0.474491
-0.351375
-0.927737
-0.850538
-0.203381
-0.496463
0.886162
0.566531
-0.183024
-0.688382
-1.22487
0.443051
0.17441
-0.267222
0.0932553
-0.272641
0.793338
-0.0437155
0.392508
0.0220727
-0.477242
-0.439737
0.468583
-0.557324
1.23542
0.520809
-0.0980935
-0.124479
0.545863
-0.181325
-1.84327
0.872684
-0.522747
1.59357
0.200355
0.0964889
-0.458854
0.41771
0.0603172
0.716468
-0.259107
0.455211
-0.38788
-0.718701
0.200323
-1.09886
0.435331
-0.529637
-0.355079
0.524059
0.567345
-0.301659
0.0442822
0.741431
-0.712457
1.01678
-0.757266
0.18601
0.786537
0.244464
-0.330654
-0.636569
0.753245
-0.193075
-1.10501
-0.267524
0.917255
0.40239
-0.279516
-0.0483369
-1.32142
0.213274
0.149936
0.491473
0.158808
0.582161
-0.199272
-0.208874
0.0862507
-0.278744
-0.373612
0.368377
-0.0159096
0.00934816
-0.161553
-0.827981
1.07782
-0.0116289
0.198669
0.739692
1.47262
0.174368
-1.0304
-1.17253
-0.100748
-0.00855184
-1.57252
-0.223476
0.439156
0.041288
-0.0449902
0.518565
0.00600499
-0.0632658
1.05236
-0.152476
0.52505
0.694529
-0.0955995
0.426235
-0.590138
0.0645134
1.06442
0.301091
0.151846
-0.758139
-0.741442
0.712945
-0.217333
-1.3171
-1.40009
1.44858
-1.1067
0.253078
0.0338143
-0.763271
0.362026
-0.128797
-0.104044
1.86598
-0.763423
1.15322
-0.768728
-0.983359
0.757128
-0.23913
-0.352204
-0.176817
-0.821836
0.428282
-0.835987
0.0113196
0.42571
0.48039
0.714719
0.429542
0.368263
0.401623
0.196649
-0.380976
-0.413423
0.191964
0.557988
0.533717
-0.44973
-0.216227
-0.516847
-0.266227
1.81444
-1.1873
1.02442
-0.533469
-0.550984
0.363034
-0.580878
-1.61378
0.923739
0.710533
0.511976
0.041552
-0.0709999
0.305621
1.16562
-0.95642
0.107632
-0.246534
0.565516
0.716764
-0.681979
-0.31058
-1.2414
0.03121
-0.137434
2.13721
-0.00923915
0.607791
0.429878
0.696687
0.279765
-0.535597
-0.269649
0.206105
-0.58381
-1.35745
0.121446
1.13352
0.456492
0.600258
-0.733785
-0.401376
0.0323938
-1.21854
-0.312006
1.03402
-0.0889555
-0.510887
-0.877783
-0.378576
-0.567734
-0.69963
-0.299171
-1.01104
0.779784
-1.21939
-0.152759
-0.802003
-0.0371234
0.0376598
0.800178
0.856575
-0.245487
-0.077376
-0.492161
-0.540692
-0.999929
-0.550164
-0.930267
1.21064
0.597411
0.557601
0.517908
0.532613
-0.540245
0.104108
0.0191926
0.406661
0.632143
0.134997
0.968611
0.652188
-0.48059
0.56028
-0.95531
1.11707
-0.829674
-1.10617
0.2924
-0.440544
0.36279
-0.204006
0.777834
0.0284048
-0.161041
0.975094
0.353621
-0.548513
-0.3187
-0.753674
-0.827975
0.51986
0.137282
0.413803
0.646527
-0.684195
-0.208653
-1.32304
-1.13821
0.795625
-1.06801
1.8854
-0.358874
-0.908761
1.1548
0.28881
0.694658
-0.149692
-0.36464
-0.763521
0.859468
1.17984
0.488778
0.0420354
-0.0123764
0.0707511
-0.535375
-0.398963
0.267111
0.354213
0.447954
1.22685
-1.22557
-0.469326
0.4432
0.644645
-0.493152
-0.997405
0.0830106
-0.952017
0.36719
0.69637
0.304761
0.960787
0.1926
-0.939472
0.0604864
0.493092
0.137784
-0.450214
0.232432
-0.0725617
0.930191
-1.16304
-0.372002
-0.776438
-0.161164
-0.324877
-0.717479
0.449323
0.187776
-0.489765
0.902215
0.057245
-0.754071
0.606498
0.164092
-0.154548
0.992313
-0.502381
-0.117393
1.27451
-1.12122
-0.708009
0.271299
0.0109488
-0.977015
-0.74718
0.175572
0.968215
-0.02531
-0.770852
-0.563934
0.693249
-0.165251
0.0756384
1.10067
1.29351
-0.463572
0.255192
-0.830922
-0.497811
0.371063
-0.293423
0.586137
0.020902
0.198082
-0.460899
0.539932
-0.215085
-0.105768
-0.289146
0.376246
-0.292212
-0.44415
-1.80067
-0.425504
-0.109067
0.999632
0.854983
1.37285
-0.0539907
0.360734
0.0874638
-0.344839
0.450532
0.557414
1.22044
-0.81529
-0.0884214
0.0990797
0.952175
-0.13269
-0.018529
0.08149
-0.147458
0.503802
0.0570881
0.310534
1.41464
1.13231
0.193859
-0.384728
0.771557
-0.898282
0.591368
-0.241037
0.300988
0.0151965
0.114548
-0.258667
1.28729
-1.01989
-0.901303
1.02791
0.266742
-0.411075
0.21715
1.26668
-0.0776711
-0.630063
0.263116
1.72331
-0.126318
-0.30881
-0.218936
-0.760103
0.785251
-0.353888
-0.762599
-1.46582
0.154819
0.464047
-1.0475
-0.247358
-0.309012
0.206094
0.361456
0.257064
-1.40249
0.515638
-0.455273
0.902321
0.107011
-0.51575
0.574747
0.679496
0.366651
0.907543
-0.485819
-0.12055
-0.0994187
0.206056
0.0883969
0.512812
0.650026
-0.299587
-1.96875
0.947452
0.0537106
-0.958529
-0.129104
0.391561
-0.915359
0.105834
0.781256
-0.335253
-2.23613
0.292374
1.62614
1.48018
1.76716
0.405546
0.176657
-0.531521
0.462681
0.160351
-0.513852
0.118306
0.904249
-0.407346
0.544721
1.14861
0.354306
0.436409
1.19878
0.521363
0.00530108
-0.973062
-0.388496
-0.669908
1.45397
0.434016
-0.94754
-0.0121043
-1.24727
-0.368711
0.717988
1.47209
-0.225783
0.34034
0.730405
0.824333
0.292716
-0.552699
0.269534
-0.0117089
-0.282332
0.510762
0.217158
0.604544
-0.259302
1.66284
0.150624
1.08094
-0.534852
0.70531
0.069826
-0.0813205
0.117506
-1.16623
0.248072
0.731613
0.168255
0.18032
-0.731102
0.34902
-0.160318
-0.110123
-0.0104161
-0.145935
1.35003
0.430088
0.465437
-0.0917417
0.868029
-1.7114
-0.73854
0.0228232
-0.117236
0.546616
0.345197
-0.579569
0.131501
-0.305674
0.619569
0.58651
0.63386
-0.122426
0.957721
0.380039
-0.015832
1.02283
-0.448236
0.494637
-0.362036
-1.03232
-0.22231
-0.0770941
-1.24193
0.357749
-0.0400384
-0.00443813
0.546486
-0.279743
-0.574666
1.07968
0.0783899
0.844006
-1.34256
-0.103254
-0.614182
0.625082
-0.855283
0.664362
0.443429
0.49542
0.732362
-0.949226
0.0971461
0.369536
-0.45461
0.235618
0.999407
0.849609
-0.192782
-0.342587
-0.696079
-0.549971
-0.387423
-0.375288
1.0399
-0.8957
0.80943
0.20384
-0.135926
-1.9225
0.0419181
0.443027
1.22537
0.0233759
-0.179659
-0.0213048
0.93714
-0.883669
0.352373
-0.126657
-0.160954
-1.08337
-0.576397
0.213469
1.15606
-0.543749
0.697754
-0.034484
0.132247
-0.934826
-0.701
-0.73442
0.253229
0.948642
0.21693
1.08998
-0.355817
0.216473
0.458276
0.0798277
-0.151571
0.857767
1.09669
0.475457
0.153094
-0.735817
0.960209
0.0696647
-0.543506
-0.554683
0.631365
-0.146257
-0.311522
0.158898
1.95557
0.448839
-0.92659
0.572333
0.323123
0.28282
-0.254746
0.691703
1.36063
-0.923306
0.304389
-0.739615
-0.483531
-0.232886
-0.843446
0.296155
-0.598058
0.254398
0.645391
-0.0665557
-0.388473
1.10611
-0.538505
-0.91634
0.814535
0.401053
-0.551318
-1.12007
-0.715872
-0.54935
-0.197846
-0.620749
0.376393
-0.109523
-0.0503303
1.60147
0.332725
-0.746835
-0.813242
1.43082
0.18389
0.473806
0.540283
-0.420264
-0.406323
0.46483
0.967675
0.0674954
-1.45349
0.920278
0.377665
-1.03087
-0.103062
-0.233552
-1.43495
-0.28624
0.426211
-0.0620582
-0.192177
0.47103
-0.0932775
1.44173
0.923323
0.448348
0.00261373
0.198019
0.52998
-0.0305587
-0.76675
-0.10121
-1.07314
-0.792563
-0.437027
-0.150945
-0.00245212
0.0939023
0.592686
-0.742256
-0.74945
-0.584652
-0.440972
0.349621
-0.470309
0.0364818
-0.381907
0.401275
1.33326
-0.100611
0.314338
0.633649
-0.0679277
-0.533435
-0.181123
0.871805
-0.462139
0.758685
0.265387
-0.0496331
0.240121
1.02421
1.35788
-0.562557
-0.687635
-0.751254
0.450137
-1.10863
0.776965
-0.126586
0.0811083
0.606614
1.95198
0.844844
-1.52154
0.919433
-0.462502
-0.780656
-0.375393
-0.573488
-0.68684
0.803335
-0.141625
-0.403015
0.653156
0.278339
-1.18706
0.281359
-0.0181813
0.0332268
0.00220781
-0.285498
0.697297
0.253421
-0.679535
1.14425
-0.348545
0.612643
0.0265604
0.690643
-0.378268
-0.958539
0.321108
0.91141
-0.357039
-1.72049
-0.74639
0.0140159
-0.0834296
-0.555985
-0.382139
-0.446901
-0.132331
-0.0958945
0.585141
-0.0660107
0.219378
-0.49668
-0.352316
1.10299
0.940963
0.365051
-0.391583
0.537386
-0.764472
0.326112
-0.692475
0.194109
-0.855146
0.213749
-1.41387
-1.28221
-2.24386
0.6887
0.564422
1.1114
-0.422983
-0.104969
-0.349886
-0.888425
-0.593292
0.505641
0.864203
1.18835
-0.347397
-0.0160312
0.44997
-0.481292
-0.234734
-0.676983
-0.0563657
-0.123078
-0.130917
-0.347347
-0.382041
0.789311
-0.266128
-0.431626
0.695353
0.11401
1.40032
0.788583
0.0372825
-0.817759
0.753874
-0.899169
-0.679906
-0.575965
-0.865103
0.369548
-0.745463
-1.58924
0.159688
0.852988
0.319323
-0.120051
0.175414
0.372256
0.330068
-0.289087
-0.95475
0.485742
0.185368
1.14745
0.287285
-0.656966
-0.361664
-0.365205
-0.563593
-0.500737
0.630832
0.55522
-1.58747
-0.904968
0.0501723
0.555055
0.818582
0.996513
-0.57664
0.193106
0.514075
-0.602074
0.561813
1.4812
-0.788996
-0.166988
-0.123735
-0.328909
-0.667809
-1.16006
0.364157
-0.179186
0.231098
0.697033
0.770792
-0.309661
0.951569
-0.828043
-0.186406
-0.766899
-0.667112
1.48129
0.540064
-0.113206
-0.585687
-1.34764
0.878307
0.333245
0.120861
0.821312
1.19117
0.700844
0.297486
-0.135916
0.358431
-0.845681
0.0293553
0.440037
0.839724
0.91877
0.17908
0.62409
1.232
-1.31902
0.740203
-0.118503
-0.899679
0.228708
0.758332
-0.474352
0.889918
0.131589
0.330922
-0.944893
-0.614657
-0.780151
-1.22042
-0.0578289
0.0359567
-0.246769
0.327468
0.814421
-2.32279
0.234145
0.0194587
0.860654
0.183894
0.647453
1.72706
0.228544
1.00628
0.559698
0.922989
0.0355447
0.691802
-0.358911
0.343335
-0.555802
1.02277
-0.312815
0.950142
0.480177
-0.204045
0.337065
0.101529
0.228454
-0.0702139
0.184083
1.04175
0.811848
-0.873763
-1.2844
0.505033
-0.670422
-0.416346
0.712455
1.45725
0.976672
0.143664
0.509785
-0.156492
-1.34209
-1.19021
0.186732
0.0144642
-1.38278
-0.256612
-0.954844
-0.816283
1.43983
-0.423177
0.491809
-0.533117
1.70329
-0.252879
0.255812
-0.0247935
-0.867579
0.997372
0.288886
0.84881
0.228715
-1.07934
0.700209
-0.44079
-0.37354
-1.13654
-0.437954
0.813061
-1.08861
-0.0674427
-0.29914
-0.133593
-0.524793
-0.13966
-0.750176
0.518702
0.423867
-0.840552
0.932067
-0.46799
0.121927
-0.10309
-0.456118
0.979069
-0.549937
2.06221
0.611393
0.365243
-0.0629403
-0.409643
-0.90972
0.0410939
0.284338
-0.156005
-0.366917
-0.145454
0.0504933
1.28615
-1.0994
-0.402383
1.35146
0.185727
-0.129724
-0.913502
0.0926551
0.824406
-0.289907
0.91746
0.0659494
0.223386
1.29007
0.488924
0.159134
0.117658
-0.494445
1.01511
0.13899
0.554141
0.755581
-0.40601
0.203254
-0.442893
-2.09033
2.10793
1.26091
0.520616
-0.0397942
-1.19711
-0.30292
1.39958
-0.189708
0.435269
0.603652
-0.212227
-0.0666104
0.567995
-1.13085
-0.0551375
0.426823
-0.29309
1.58147
-0.396016
-0.381081
0.421562
0.740675
0.289492
-0.0170715
1.14642
-0.185427
0.172466
0.794394
1.3904
0.599272
0.396449
-0.408239
-0.838476
1.71187
0.881197
1.24684
0.143063
-0.284035
0.432116
0.242907
0.567014
0.905209
0.108302
0.564138
1.57409
0.733728
0.418825
-0.555408
-0.502621
0.359293
-0.871777
1.32102
-0.269598
0.481858
0.0917178
-1.32836
-0.828497
-0.532422
-0.0471664
1.59468
0.161197
-0.620952
-0.168335
0.443219
0.274446
-0.776638
-1.79485
-0.282925
-0.135773
0.408845
-0.707577
0.614148
-0.359773
-0.265752
0.189252
1.67219
0.826481
0.449572
0.908923
-0.444944
0.859838
0.86526
1.01859
-0.425633
-0.765507
-0.375019
-0.214009
0.738784
-0.925772
-1.25053
0.534012
-0.93733
-0.592177
0.142663
-0.10889
0.294798
-0.27249
0.39848
1.49567
0.943654
-0.99025
0.403431
0.0215477
-0.552419
0.829435
-0.754904
1.07015
-0.717638
0.0155354
0.846824
-0.998503
-0.809934
0.0520988
0.356629
-0.548493
0.542356
0.491621
1.18253
0.921847
-0.503044
0.67337
-0.985989
-1.20682
0.674326
-0.340483
0.0656219
0.124587
-0.641686
0.325639
0.798057
0.157279
-0.492257
0.745786
0.785113
-1.53909
0.362842
0.49863
-0.320904
0.307814
0.713299
-0.0137352
-0.324133
-0.351673
1.23917
0.34622
-0.00633254
0.934087
-0.355638
0.167983
0.420937
0.229922
0.637319
-0.285005
-0.450441
-0.505375
-0.00429802
0.598247
-0.125032
-0.331263
0.254162
-0.0294297
0.698957
0.617408
0.425312
-0.644761
-0.184589
0.130436
-0.896114
1.68532
0.215147
0.215416
0.128303
-0.822252
-0.342692
-0.0608901
-0.0163663
-0.155869
-0.0904174
0.329696
-0.724606
0.496992
-0.345512
-0.873839
0.341468
1.54177
-0.388645
-0.20153
-0.328728
0.0246914
-0.0855431
0.590303
1.24954
-0.146912
-0.192742
0.443445
0.116033
0.169317
-1.00765
-1.73433
-0.425706
-0.619389
-0.100416
-0.632643
-0.824086
-0.741432
0.678848
-0.0409709
0.14446
0.586373
-0.0390916
0.643188
-0.964766
-0.186862
0.39462
-1.28642
-0.36205
-0.0565554
0.178061
0.208242
1.47726
0.548231
0.381332
-0.134794
0.248245
0.957315
-0.401794
0.577657
-0.421729
-0.508124
0.484541
0.718284
-0.191269
-0.85486
0.0229894
0.783667
-0.280086
0.113936
-0.377251
0.32921
-1.44598
-0.627381
0.454195
-0.362989
-0.0522682
0.83112
1.33681
0.394852
1.14784
-1.39482
0.438373
-1.64371
0.156935
-0.469795
0.748934
0.849813
0.276813
0.332849
0.487474
-0.244011
0.990195
-0.965634
-0.655106
-0.0828393
0.544003
-1.05398
0.30285
0.476248
0.172788
0.537031
-0.529749
0.408366
-0.476435
-0.0103996
-0.13818
0.410757
-1.16591
0.466712
0.312983
-0.612099
-0.0302877
0.205053
-0.457028
0.527923
-0.654308
0.607689
0.442759
-1.3422
-1.15344
-0.937703
-0.65662
-0.320659
-1.16136
1.10302
0.770971
0.356294
-0.267876
-0.413477
0.49757
-1.1236
1.71581
-1.34612
1.54605
0.474673
-0.539974
0.692258
0.436844
1.21642
0.532697
-0.917705
-0.0639851
-1.7946
-0.523308
-0.0188807
0.989202
-0.303236
1.09543
-1.41421
0.113191
-0.366865
-0.916469
0.994807
0.189953
-0.0938086
-0.937823
1.04934
-0.32669
0.169364
-0.307722
0.486458
0.0967145
-0.526189
0.40843
1.15626
-0.604992
1.33132
-0.684179
0.643882
0.40208
-0.235518
-1.44192
-0.172208
-0.0848957
-0.126752
0.259722
0.555049
-0.0456481
0.769973
0.946707
-1.13507
-1.15759
0.80873
-0.232994
0.58109
0.627875
-0.0124778
-0.940447
0.640637
1.17632
0.0575946
0.350508
-1.15084
-1.66612
-0.25934
-0.302132
-0.516458
-0.167048
0.0973833
0.509294
1.17717
0.313153
0.346442
0.0118251
-0.428935
1.11511
-1.21694
0.130852
1.63237
-0.381279
0.119335
-1.0805
-0.263096
-0.366984
1.55367
1.13184
0.813084
-0.191457
0.539565
1.48474
-0.724949
0.167624
0.556205
-0.141029
0.604907
0.00275268
-0.411954
-0.535
-1.31494
-0.0735204
-0.446258
1.29426
-0.332355
1.04878
0.0802408
-0.0762342
0.531994
1.25687
-0.0971717
-0.271134
-0.370806
1.26067
-0.52183
0.0426873
0.631124
1.45382
0.675827
0.127314
0.354721
-0.0805935
-0.236584
1.72125
0.0624771
-1.02559
-1.01931
0.804982
-0.199756
0.704947
1.90914
0.479386
0.375826
1.25784
0.584546
1.22506
1.50515
0.523561
0.83906
-0.453562
0.568494
0.0368466
-0.270522
0.0312406
-0.324215
-0.445726
-0.796796
0.627641
-0.844326
-0.272228
-0.962802
1.39594
0.696587
-0.679854
-0.696179
0.769797
-0.907737
0.403087
-0.349845
1.26784
-0.327147
-0.336186
1.16721
-0.835965
-0.0906858
0.329684
-0.810314
0.279803
-0.540114
0.226282
0.00720767
0.501217
1.15238
0.618457
0.542778
1.38386
-0.0723227
-1.19296
-1.39343
-1.24264
-1.03108
-0.425428
-0.114498
1.39585
0.417652
-0.79528
-0.313011
-1.34117
0.406432
-0.654881
-0.213311
-1.26262
0.574893
0.384726
0.154279
-0.588035
0.635884
-0.512419
0.469828
-0.627799
-0.591033
0.423617
0.606755
-0.198452
-0.525008
-1.66009
-0.699368
0.270399
-0.0263613
0.368183
-0.431189
-0.260149
0.372145
0.170561
-0.815796
1.50532
0.592031
-0.507226
-0.941311
0.506773
-1.07317
-0.316183
0.154626
0.419997
-1.58253
0.854881
-0.465583
0.157915
0.429672
0.0880344
0.684158
0.356465
-0.0608185
0.482844
1.7842
1.27629
-0.406987
-0.879121
-0.185601
0.15518
-0.182597
0.0337842
1.22832
0.526662
0.778474
-0.235281
0.618263
0.464929
-0.464725
0.524415
-0.77292
1.03536
0.151251
-0.0546211
-0.231755
0.379854
0.517113
-0.475045
0.690902
0.0474529
0.16156
-0.611401
1.26127
0.569493
0.668039
-0.124746
0.138477
-0.191285
-0.239195
1.26522
1.02631
-0.839639
0.865842
-0.0136938
-0.0125207
1.53237
0.239637
0.831088
-0.534845
-0.10411
-0.0473912
-0.128776
-0.412313
-1.06537
-0.299576
-0.164812
0.270265
-0.280345
-0.582205
-0.704514
-0.261124
0.0203012
0.768569
-0.234893
-0.111504
0.823304
-0.854998
0.544535
0.932251
-0.853213
1.1472
-0.561279
-1.31022
-0.849019
-0.668246
-0.29965
-0.768435
0.034127
0.826241
1.59648
-1.0381
-0.32737
0.472999
-0.600539
-0.546054
1.57063
-0.682348
-0.507801
0.0434355
-1.09632
0.388682
0.00496552
0.264195
0.551777
-0.513069
0.00315181
1.33932
-0.447936
-0.610432
-0.299748
-0.226023
-0.664255
0.513281
-0.68793
0.541194
-0.891984
-0.878609
1.11581
-0.121467
-0.406438
0.528525
1.17965
-0.622314
0.932118
-0.141077
-0.384868
0.681734
-0.377171
-1.05275
1.01342
0.149079
0.645309
0.423765
0.958622
-1.75378
0.325845
-1.13607
-1.20215
-0.709157
0.795771
0.585403
0.864672
0.0227559
-1.15928
-0.378388
-0.984081
0.100149
0.540351
-1.42148
-0.506956
0.710492
1.21113
0.468352
-0.0394483
1.54647
0.503344
0.194893
-0.0909475
0.0330893
-1.06663
1.29777
-0.222778
0.184765
-0.132788
1.43081
-0.560623
-1.40191
-0.671134
-1.20738
0.250073
-0.324687
-1.23422
-0.116191
0.0883941
0.692998
0.38838
0.774309
-0.221858
0.326413
0.0353566
-0.226448
-0.238226
-0.736923
-0.668765
0.695404
-0.361154
0.829224
0.672665
0.667844
-0.0121593
-0.215579
0.00267394
-0.21488
0.0272162
-0.503773
0.817069
-0.0363042
2.01745
0.0846904
0.439052
1.39137
-0.50012
1.96635
1.00894
0.507106
1.30329
0.119836
-0.166607
-0.604393
0.506868
0.108364
-0.160644
0.526995
0.46401
0.658823
0.0240014
0.438725
1.20849
-1.68524
1.01368
-0.23057
0.23109
-0.496505
0.0326493
-0.766924
0.385227
-0.127703
-0.482354
1.68666
-0.473547
-0.741872
-0.0989062
-0.168082
-1.69517
-1.39612
0.28513
0.0676242
-1.12598
-0.115452
-0.0643183
-0.237935
0.660271
-0.478887
0.223551
0.350674
1.05361
-0.299008
-0.0339555
0.53559
-0.713301
-0.297676
-0.383539
0.394631
-0.467942
0.511148
-0.167981
1.32711
0.527898
-0.711839
2.03176
1.01212
0.223889
0.509977
-0.493183
-0.699981
0.663532
1.13134
-0.0229553
-0.710412
-0.498743
0.68795
-1.01001
1.24298
0.661403
-0.414399
-1.31635
0.495534
-0.579085
0.346258
1.09856
-0.23862
-0.190881
-0.746281
0.0539462
0.0749757
0.48916
-1.00635
1.66527
-0.534142
-0.168911
-0.0971253
-0.287807
0.600534
0.949205
-0.494499
0.664843
-0.390483
0.262661
0.1789
0.454993
0.0574956
-0.657535
1.52138
-0.35227
0.518688
1.00497
-0.542177
-1.09619
-0.635468
-0.385112
-1.35833
0.672614
0.382679
0.486182
-0.19047
-0.305628
-0.30565
0.679239
0.949828
-0.183966
-0.800008
0.912162
0.32646
-0.00645533
0.477025
0.000499629
-0.690178
0.382309
-0.0605305
-0.481926
0.609848
0.629529
0.510085
0.299499
0.620314
-0.130049
0.93894
-0.855572
-1.23353
0.584616
-0.036843
0.308684
-1.33257
-0.377762
-1.36237
-0.108262
-0.463806
0.461245
1.23757
0.282175
-0.312054
1.32333
-0.525301
-0.117876
0.668557
-0.0791402
0.535322
0.25013
1.10937
-0.0628797
-0.187696
0.112769
0.458027
-0.436905
1.03509
0.298399
0.192961
-0.118667
0.231455
1.02714
0.580038
-0.581594
0.843541
0.761963
0.523714
0.537018
-0.243788
0.757021
-0.606723
-0.75489
0.223093
-0.604789
-0.787082
0.554877
0.736091
0.0222365
0.2154
-0.692423
-0.954902
-0.171889
-0.788964
-0.411046
-0.38421
-0.267767
-0.785045
0.183971
0.52772
-1.20922
1.17068
0.483451
-0.5147
-0.858167
0.488641
0.610277
0.635429
0.697414
0.630797
-0.173331
-1.286
-0.00674393
1.22655
-1.33618
0.617529
-0.00520525
-0.745734
1.62032
0.0385472
0.0328297
0.29773
-0.862655
-0.822349
0.127741
0.855596
-0.387904
-0.411923
-1.31611
0.0232424
-0.201591
0.772271
-0.379727
-0.974862
-0.161323
0.398086
0.327544
0.359258
0.179922
0.324247
-0.115447
0.0978783
0.536072
-0.854805
-0.490573
-1.05517
0.743799
-0.148543
-0.0575923
1.04226
1.07485
-0.497665
0.180903
-0.785142
0.781807
0.0272752
0.942899
0.994764
-0.0909648
-0.637582
-1.3393
-0.307287
0.469906
0.556891
-0.824973
1.2021
-0.510182
-1.33875
-0.676904
0.212998
0.880963
-0.274258
0.760387
0.683839
-0.148508
0.609971
-0.558622
-1.46704
1.13
1.12249
-0.321744
-0.695988
0.0945275
1.70617
0.625526
0.433244
0.535665
0.275362
0.699491
-0.340242
0.664262
0.685205
0.126347
0.120603
0.158822
-0.607211
-0.351031
0.377947
1.09017
0.267582
-0.18373
-0.641873
-0.113514
-0.508671
0.442666
-1.07651
-1.10339
0.110227
1.19116
-0.148837
-0.0397256
-0.950988
-0.272054
0.163023
-0.730839
1.29178
-1.37476
-0.875073
0.633958
-1.22789
0.300339
-0.79161
-0.303677
-0.943367
-0.755512
-0.270533
0.533407
-0.163612
-0.96481
0.636208
0.176686
1.03527
0.243434
0.180613
0.447141
-0.0461763
0.670936
-0.84782
0.919391
-0.834826
-0.674686
0.0181969
0.492706
1.11584
0.0830869
0.267889
0.114962
-1.36669
-0.161635
0.00505304
-0.261467
0.987107
0.74445
-1.66799
-0.44423
-0.591825
0.188137
-0.446754
-0.0968649
0.211262
-0.446066
0.330944
-0.0306083
-0.0894583
-0.419097
-2.22453
0.298475
0.0512661
-0.958189
0.114045
-1.23836
0.151053
1.4212
0.491874
0.181172
1.21021
-0.0143888
-0.296135
0.11211
0.390946
1.42767
-0.212518
0.709474
0.81116
-0.438226
0.367275
0.334465
0.12937
-0.249059
0.0317912
-0.200135
0.976544
-0.663928
0.948446
1.13695
-0.479587
-0.573755
-0.948851
0.871215
-0.857795
0.95533
0.33257
0.0103205
-0.588633
0.446675
-0.0825341
1.08116
0.237781
0.64562
0.38712
-0.0929119
0.788429
-0.624592
0.0511141
0.496036
0.326197
0.0739176
0.42053
-0.58123
-0.54328
-0.523963
0.197419
0.16045
-0.361651
1.70804
-0.0416103
1.12964
0.166828
-0.890137
-0.629122
-1.09073
0.852307
-0.622337
1.07426
-0.642795
-0.156465
0.502494
-0.37017
-1.10895
1.49012
0.354919
0.601175
0.482735
0.992091
-0.87203
0.333535
0.426021
0.883215
-1.02207
-0.513992
-0.140273
-0.0238458
0.0742662
0.139308
0.122328
-0.160191
0.0147674
-0.792287
0.0766209
1.49875
1.15124
0.142192
-0.725558
-0.48825
0.933642
-0.380907
-0.845295
0.484459
0.662684
-1.00539
0.240783
-0.663216
0.185264
-0.930121
0.508268
-1.41439
0.183509
0.0339246
0.57479
-0.135498
-0.21933
-1.07109
-0.241818
1.25238
0.00434586
-0.380001
-0.948487
-0.346801
-0.403227
0.0303592
0.487951
-0.0790776
0.392612
-0.742793
2.17785
0.0814303
-0.163189
-0.407638
0.893242
0.938075
-0.811039
-1.3188
0.785398
0.08264
-0.442285
-0.356361
0.308279
0.0484468
0.264252
0.628442
-1.96077
0.463081
0.00694779
-1.47611
0.51815
-0.536409
-0.218329
0.513209
1.8423
0.215378
0.41529
-0.385849
-0.871528
0.914754
0.681227
0.475863
0.490743
0.446153
-0.929518
0.963166
-0.429301
0.136667
0.382013
-0.114198
-0.491258
0.354825
-0.222775
0.209247
0.25358
0.113835
-0.332769
-0.444292
0.213334
0.059922
-0.213282
0.0983164
-0.22348
-0.487641
-0.622803
-0.850435
-0.279544
-0.289875
0.329682
0.268014
-0.46648
1.15448
-0.71084
1.18919
0.13836
-0.505396
-1.25403
0.294555
0.631259
-0.255976
-0.552387
-0.0301473
-0.238057
0.187716
-1.19842
-0.913456
-0.455921
-0.320222
0.519193
0.801211
-0.960111
0.0898171
0.929635
0.373036
0.0350084
-0.342916
0.675528
-0.707581
-0.343985
0.264932
0.0116137
-0.106527
0.0826669
1.78268
1.05017
-0.301353
1.11194
0.618043
0.948224
0.14836
-0.257288
0.414546
0.753598
-0.00719643
-0.566842
0.400423
0.0815168
1.53071
0.0306522
-0.235422
0.494738
-0.226381
-0.24082
0.896597
-0.352356
0.569692
1.39154
-1.09323
0.130062
0.163003
0.769794
-0.176786
0.677618
-0.222878
-0.277208
-0.235589
0.647299
0.960144
0.09444
-0.346956
-1.1701
-0.0561102
0.69514
-0.611987
-0.559253
1.15471
0.883232
0.262474
0.778196
-0.374477
-0.246073
0.674883
1.04514
-0.540108
-0.336444
-0.34939
0.145769
0.238706
1.16125
0.996485
-1.09524
0.120464
-0.875763
-0.0473118
2.29109
-0.584002
-0.576242
-1.43305
0.812797
0.0515549
0.438256
-0.12356
0.17735
-0.00857289
-0.999713
1.59958
0.705017
-0.659767
-1.2151
-0.0847709
0.738972
-0.0385031
-1.07178
-0.921811
0.143599
-0.656704
-1.39021
-0.933859
0.486402
0.665214
0.823883
-0.484528
-0.951345
-1.01625
-0.133594
-1.17061
-0.236769
0.0296189
-0.140915
0.989808
-0.438173
0.738408
-0.575687
0.384495
-0.407208
-0.0653278
0.907458
0.0274624
0.343153
0.106403
0.709176
0.205147
-0.356663
-0.267441
-0.864623
1.77823
-0.576412
0.026322
0.393374
0.403329
1.5805
-1.51336
0.299381
-0.079477
-0.742519
0.489503
-0.751547
0.0607324
-0.562489
-0.481416
1.46303
0.113662
-0.15254
0.637275
0.0428151
-1.09688
0.718834
-0.214232
-0.252405
-0.447543
-0.191901
-0.694667
-0.527471
0.338836
-0.0704253
-0.827928
0.438831
0.408101
-1.33917
1.04685
-0.474981
-0.791719
-0.658454
-0.679539
0.203488
0.542865
0.393648
0.642058
1.22104
0.0979664
0.493376
-1.3563
0.280047
-1.67411
0.079191
1.01234
0.677565
-0.533701
0.373418
0.980524
-1.05863
-0.421064
0.470657
-0.0815267
-0.527364
-0.891212
0.377542
-0.334898
0.40588
-1.19041
0.480654
0.633759
1.03241
0.148419
0.539697
1.86975
0.98936
0.977179
-0.327686
0.0409781
0.916585
0.76544
0.742767
-0.280373
-0.0648941
-0.118634
0.0393377
-0.461686
-1.17967
-1.17218
-0.5457
1.02108
-0.31504
0.799422
0.362213
0.365839
0.187897
-0.219829
0.76633
0.203455
-0.91505
1.2912
-0.670745
1.13706
1.10377
1.06705
-0.169405
0.183459
0.141554
0.516931
-0.218851
-0.441924
-0.66935
1.15167
0.747483
-0.14293
0.261429
-0.615333
-1.07109
-0.50475
-0.26135
0.346064
0.0337672
-0.477333
-0.451123
-0.104177
-0.171933
0.311857
0.00526826
0.220509
-0.619626
0.459979
-1.43602
0.482011
0.165061
1.02506
0.845106
-1.15731
1.06876
-0.470744
0.43193
0.46303
-0.284529
-0.0578051
-0.0453558
0.620523
-1.12008
0.874969
0.792798
-0.346398
0.986993
0.241333
0.573423
-0.982674
0.980536
0.255059
0.357575
-0.793769
-0.305253
0.163748
0.0216581
-0.0610291
-0.79264
-1.07461
0.03662
-0.607152
-0.380497
0.875827
-0.327011
0.0832851
0.476086
0.588603
-0.394995
0.649053
-0.551491
1.07896
-1.09679
0.257988
0.290771
-1.07439
1.0187
-0.330801
0.808853
0.00266942
-0.117686
0.439931
-0.386382
-0.328542
0.270874
-0.27636
-0.692408
-1.0314
0.0472748
-1.49692
0.150099
0.706146
0.334257
0.584575
0.484636
0.742978
-0.651162
0.466729
-0.592769
-0.889242
-0.193411
0.30708
0.39864
0.966325
0.206444
-0.445
1.0589
0.380002
0.866725
1.11039
-0.138837
0.175532
0.457518
-0.548562
-1.61299
0.794341
-0.60244
-0.114831
0.0611685
-1.54309
-0.0740442
-0.992556
-0.533936
-0.0866458
0.117989
0.306611
0.849
-1.23046
-0.479153
0.302366
0.336575
0.153189
-1.0772
0.521098
0.211077
-0.841733
0.734308
0.45343
-0.680955
-0.39079
-0.243183
-0.982889
0.192905
1.79792
-0.701755
-0.313035
0.807744
0.276958
0.0318631
0.900448
-0.374369
-0.187084
0.657223
0.0397794
0.376212
-0.248978
1.53951
-0.410313
-0.36363
-0.343278
-0.216306
0.0555093
0.158352
-0.0631957
-0.473516
-0.701821
-0.199481
-0.443228
1.55595
0.618238
-0.120243
-0.460957
-0.1439
0.508238
0.959915
-0.335436
-1.50606
1.25245
0.0421998
-1.18286
0.837074
1.45386
0.841054
-0.49897
-0.232206
-0.494563
-0.0386444
-0.442619
-0.23296
-0.147048
-1.28866
0.182624
0.592836
-0.363194
-0.165736
-0.816185
1.11645
-0.11062
-0.946686
0.329234
0.519014
-0.120263
0.696227
0.382193
0.557526
-0.82884
0.826077
-0.523852
0.39241
0.945988
0.459327
-0.926292
-1.11732
0.266794
0.472194
0.00643653
0.13941
0.773014
-0.10195
0.0266691
-0.718136
-0.406313
-1.65155
0.39998
0.0125871
-0.869705
0.933656
0.12608
-0.112127
-0.75188
0.718965
-0.519711
-0.0357616
0.362505
-0.142492
0.0343895
-0.168012
0.117779
1.60578
-0.180165
0.40116
1.23397
-0.793923
0.891185
-0.0235557
-0.525442
-0.106971
-0.51396
0.0745046
0.0576473
-0.27337
-0.140398
-0.238937
1.17856
-0.120804
0.647706
-0.789129
0.0392357
-0.107991
-0.119456
1.50808
0.317659
-0.396822
0.692113
0.150334
0.543145
-0.872639
1.00835
-0.648955
-0.265479
1.01124
-1.03609
-0.369719
0.425902
0.545973
0.408397
0.95591
-0.89951
1.62717
-0.374866
0.129068
-1.39118
-1.17788
-0.743715
0.4542
0.102521
0.116831
-0.0805799
-0.713785
0.613747
0.466083
0.170853
-0.659941
-2.1153
0.462989
0.674946
-0.0621746
0.124572
1.12021
0.236056
-0.739529
0.633022
-0.120815
0.107655
1.34366
-1.58292
0.129522
0.390436
1.4616
0.230962
-0.42247
0.576547
0.296446
-0.524834
0.640121
-0.447942
0.577255
-1.06398
0.203565
0.369125
-0.0478055
-0.191944
-0.203139
0.158447
0.710566
0.235018
-0.854498
0.666364
-0.477078
-1.22615
0.59668
0.894549
0.223782
0.139687
-1.34188
-0.614572
-0.143244
0.40315
0.459745
-0.0685823
0.444273
-0.0969218
-0.498758
0.640587
0.854015
1.1913
-0.186544
-0.691628
-0.381769
-0.221796
0.152498
-0.13583
-0.554962
-0.722068
0.220777
0.352765
-0.661155
0.0916296
-0.100816
0.0539559
0.548152
-0.681188
0.0308571
0.0803491
0.396687
-0.00110961
-0.500272
-1.0961
-0.740241
-0.288776
-0.276139
0.10466
0.222187
-1.08433
-0.255699
-0.34711
-0.196602
-0.0040289
0.131471
0.220156
-1.33188
0.443242
0.77344
0.345466
-0.101708
0.301865
0.205669
-0.542302
0.665116
-0.951114
-0.114453
-0.222072
0.171211
0.191099
2.41474
-1.40041
-0.280786
0.0157373
-0.614051
1.18626
-0.0660792
-0.511949
-0.822024
-0.0599539
-0.26244
0.64987
0.368338
-0.191381
0.128097
0.553322
0.216714
-1.06592
0.210446
-1.78062
0.480205
-0.540752
0.24407
0.319545
-0.409586
0.679015
-0.807179
-0.167287
1.02416
0.0956531
0.173112
-0.927728
-1.75845
0.30621
-0.91764
0.156054
-0.236379
-1.17865
-0.48074
0.801201
0.167085
0.238256
0.606475
0.0122982
-0.926363
0.669147
0.310833
0.111951
1.30605
1.61196
-0.226521
0.248225
-0.934538
0.18811
-0.192815
-0.0436009
0.501777
0.0923399
1.94626
-0.757385
0.172774
0.0128097
0.371072
1.0064
1.08286
-0.438303
-0.24194
-0.688612
-0.201454
-0.517414
1.38924
-0.0121308
-0.0925706
0.307105
-0.425391
0.026538
0.273624
-0.322713
0.305929
0.24863
0.734658
0.919448
0.247476
-0.0939431
1.70439
-0.835466
-0.717991
-1.32107
-0.386407
-0.799562
1.02372
-0.125562
0.222746
0.463906
-1.05724
-0.113649
-1.26846
0.656103
-1.35393
1.27594
-1.24374
-0.150534
-0.532697
-0.33797
-0.867155
0.825117
-0.164436
0.137391
0.283393
-0.152557
0.0333406
1.06699
0.477572
0.0349394
-0.200198
0.321166
-0.489269
1.4885
0.556235
0.108118
0.205293
-0.175479
-0.108142
0.0589919
0.199997
0.4836
0.989012
0.77088
-0.100375
1.07635
-0.940192
-0.188506
0.139423
0.221399
-0.0669311
-1.46668
0.29335
-0.584026
-0.552117
-0.914511
-0.338061
1.12502
0.147156
-0.0214135
-0.817752
0.739454
-0.865894
0.212941
-0.822206
-0.0754788
0.387011
-0.401308
-0.324506
-0.0301803
-1.34615
0.919308
0.829173
0.634424
1.65746
0.0380274
-0.0261513
-0.224912
0.429116
0.0296084
0.729417
0.208584
-1.67695
0.321775
0.250169
-0.427111
-0.736497
0.896038
0.432962
-0.109976
0.535641
-0.27796
-0.922291
0.426094
0.316035
0.940314
-0.116806
0.504248
0.0952281
-0.811776
-0.725927
0.207247
0.0108483
-0.0968233
1.13953
0.759742
0.254042
-0.0956041
-0.680457
-0.198087
0.270052
-0.188707
-0.349413
0.093865
1.48326
0.866438
0.31419
-0.737885
-0.315557
0.443915
-1.72732
-0.266876
-0.09026
-1.28729
-0.35421
0.275286
-1.2882
0.0334425
-0.397124
0.404045
0.675968
-1.1626
-0.898178
-0.811327
-0.117036
-1.60193
-1.62369
0.523146
0.0991072
0.477306
1.20227
2.40657
0.034301
-0.422076
0.107399
0.997386
-0.0458269
0.888884
-0.92947
0.131794
0.0887375
0.979049
1.6907
-0.12513
-1.12879
-1.33078
0.398081
0.510918
-1.23292
0.40724
0.119493
0.441506
-0.799643
-0.197747
-0.220928
-0.565209
-1.30567
0.565941
0.170415
0.217984
-0.690599
-1.41259
-0.916393
1.13634
-0.0254812
-0.915631
0.304695
0.175331
1.04929
0.66976
-0.820069
-0.398127
0.370405
0.554718
0.0695523
0.334297
0.90778
0.672344
-0.362387
0.749079
-0.424593
0.0167509
0.760925
0.511457
0.0551152
0.595737
-0.896235
-0.0117434
0.897717
0.206974
-0.421996
0.254512
-1.09386
0.685263
-0.151392
-0.347327
0.380265
-0.218272
-0.0760604
-0.169009
-0.612387
-0.218254
-0.300006
-1.04757
-1.30565
0.522052
-0.728502
-0.925567
-0.160071
-1.40076
0.117321
0.560477
-0.638333
-0.620279
0.536892
-0.463978
-0.101129
-0.401197
0.566216
-0.0262689
-1.29662
-0.996985
0.421276
-0.0212818
-0.984946
0.240909
0.65912
0.163337
-0.623999
-0.768682
-0.281695
-0.0763479
0.244608
0.207082
0.247707
-0.657531
0.493258
-0.483576
0.566031
-0.016372
0.590354
0.763139
0.152476
0.454527
-0.172025
0.343325
-0.730625
-0.165302
-1.35286
-1.93293
0.425032
-0.303983
-0.0978716
-1.37339
0.0348282
0.896778
0.008496
0.201451
-0.544745
1.09337
0.0665069
0.210139
-0.614896
0.506839
0.363452
0.512638
-0.281276
-0.178173
-0.837192
-0.0973623
-0.694151
1.27327
-0.343429
0.724834
0.245277
0.55543
0.834677
-0.897234
-0.459866
-0.357682
0.444503
-0.849722
1.22569
1.16884
-0.085348
-0.588886
1.1234
-0.874057
0.45946
1.37378
-0.448703
-0.323601
0.729192
0.498392
0.386623
0.307977
1.61871
0.127444
-1.63443
0.562797
-0.0264334
-0.351108
0.399682
-0.601842
0.22385
0.401098
-0.410682
-1.03335
-0.828796
-0.393313
0.729781
0.7195
1.20267
0.288456
-0.239395
-0.73404
-1.48514
-0.0267575
1.30745
-0.41166
-0.171626
-1.5202
0.0401332
-0.27878
1.40504
1.02184
-0.574986
-0.204833
-0.36644
-0.0544011
0.84876
-0.839552
-0.382477
0.368568
0.663987
-0.286867
-0.355659
-0.505355
0.206742
-0.561494
-0.151979
1.22734
0.128005
0.0235759
-0.385541
-0.145765
0.963385
0.562206
-1.41151
0.0241073
0.542654
-0.366581
1.49502
0.701077
-0.636397
-0.320888
-0.0780147
-0.269663
1.04317
1.84992
-0.178843
0.158327
-0.705602
0.912166
-0.162623
0.414083
0.786444
-0.454925
-1.28582
-0.610624
-0.798068
-1.96683
-0.141095
0.401834
-0.669015
-0.206976
-0.145047
0.800948
-0.0747707
0.454104
-0.451183
0.327709
0.863066
1.20824
-0.397372
0.00385264
-1.72734
-0.54103
0.481596
-0.518698
0.58459
-1.34386
0.310151
1.30683
-0.0545629
-0.432272
0.0452066
0.435059
-1.04998
0.521376
-0.694072
-0.349492
0.215136
-0.562838
-0.289687
-0.46794
-0.619791
0.221726
-0.834594
0.695506
0.233302
-1.38967
0.118387
-0.948315
1.00231
0.489271
-0.303146
-0.0628844
-0.483779
-0.898207
-0.403978
0.492708
-1.40315
-0.174793
0.191207
0.682182
-0.184238
0.5477
0.987787
0.453524
1.51243
-0.130496
-0.823226
-0.798755
-0.109213
1.47761
0.835235
-0.283654
1.23203
-0.199879
0.1477
-0.442579
0.369843
-0.271118
-0.595287
0.0987137
0.224016
-0.589591
-0.0691687
-0.128267
0.0665538
1.02972
-0.264199
-0.485757
1.44244
0.0569032
0.382996
0.560853
0.272482
2.51
0.180085
-0.0482182
0.703479
-0.139187
0.384754
1.33924
0.571013
0.153192
-0.504508
0.966611
-1.02926
-0.447402
0.309492
-0.1334
-1.4119
-0.457287
0.363971
0.742101
-0.436405
0.565653
0.456392
0.162889
0.00801469
0.58448
0.136458
-0.805549
0.333302
-0.209874
0.856663
0.293605
-0.287989
-1.47756
0.269871
-0.739146
0.545705
0.558494
0.321046
0.186217
0.213653
0.700278
-0.773914
-1.54604
1.08614
-0.102514
-0.944324
0.0787912
0.0329556
-0.746175
-0.146962
-0.243627
-1.48125
-0.102714
1.79802
-0.464382
0.984503
-0.310779
-0.36258
-0.241011
-2.03129
-0.157357
0.768133
-1.0716
0.355652
0.611178
0.329828
0.805455
0.76151
-0.944564
-1.27
0.208966
0.517946
0.727898
-0.111067
0.97791
-0.911066
0.21294
0.171765
-1.01464
0.703714
0.213816
1.22588
-0.864504
0.0053759
-0.788306
-1.47144
1.32799
0.703914
-0.394589
0.314754
-1.46635
-0.0813205
1.28457
1.00313
-0.139757
0.77736
0.0565728
0.0190116
1.10896
-0.556465
-0.0652299
-1.25928
0.0677649
0.299802
-0.31682
0.231442
-0.195622
0.592245
-0.880718
0.775198
0.733812
-0.896422
-0.161537
-0.307373
0.579845
0.507265
1.26495
0.0726407
1.13019
0.491168
0.781668
-1.8132
0.123245
-0.554433
0.365193
2.16928
0.432766
-0.0977022
-0.23798
-0.225082
0.272755
-0.573043
0.69391
0.944936
-1.48866
0.417436
0.7451
0.164095
0.711057
0.221129
-0.126783
0.664278
-0.518395
0.527278
-0.306953
0.367882
-0.640454
-0.392883
-0.930805
-0.29614
0.988883
0.391986
-1.00301
0.154028
0.424802
-0.306381
-0.198328
-0.118526
-0.562526
1.50926
-0.398638
-0.369033
0.929429
0.877345
-0.228094
0.312683
-0.107944
0.0517848
-0.542164
0.464587
1.80473
-0.201873
-0.0153456
0.0872424
-1.63874
0.938141
-0.265404
0.691351
-0.841366
-0.303099
-0.845812
0.109723
0.205884
0.986202
-1.21695
-0.274366
0.168861
-0.592005
-0.492396
-0.600649
0.677465
-0.930762
0.181878
-0.736427
1.88549
-0.856812
1.1941
-0.780124
-0.489575
0.727957
-0.937248
-1.21114
0.804564
0.299118
-0.352202
-0.389349
-0.360443
-0.0279828
-0.623179
0.920785
1.33447
-0.374054
-0.312355
1.57913
0.564758
-0.248695
0.377677
-0.663862
0.302858
0.727814
-0.251884
0.394526
-0.0801257
0.263094
-0.735677
-0.942504
0.0763523
1.14315
-0.985759
-1.44004
0.630879
0.351317
-0.457441
-0.240966
-0.515164
2.09307
-0.469011
-0.350738
0.5407
0.81034
-0.0226482
0.196133
0.672712
-0.931411
0.0995399
1.57217
0.695248
-0.0551863
-0.517996
-0.923725
0.961092
-0.160522
0.111071
0.560579
-0.456151
0.361257
0.984684
-1.24458
-0.999416
-0.403781
-1.00767
-1.04964
-0.387454
0.657687
0.580544
0.311826
0.807254
0.170504
1.26565
-0.47032
-0.245921
-0.459681
0.526634
0.625005
-2.21631
-0.321355
1.44706
0.140134
0.599022
0.695774
0.208366
-1.29707
-0.286987
-0.364745
0.247397
0.297655
0.553575
-0.71075
-0.778473
-1.08107
-1.21941
0.844904
0.976748
0.000976631
-0.0752125
1.23894
-0.0178947
-0.428008
0.632057
0.0170532
-0.474756
0.124941
0.568222
-0.971329
-0.562327
-0.91613
1.27035
0.56162
-0.947664
-0.31996
0.878193
0.0145419
0.972228
-0.495559
0.346978
0.630789
1.16679
0.358849
-0.646134
-0.615592
-0.0384901
0.101974
0.652826
0.611523
-0.588154
1.5239
0.819594
-0.458588
0.0719876
1.49574
-1.25289
0.349611
-0.0454096
-1.00641
-0.0962298
0.0612136
1.05731
0.173424
0.441792
0.37518
0.599334
0.088676
-0.330578
-0.12881
-0.157803
0.147399
0.487459
-0.878262
1.16206
0.900177
-0.458231
0.892109
-0.70565
1.70653
0.0128607
0.105685
-1.20128
-0.232611
-0.598967
-1.5091
0.0555738
-0.911904
-0.538795
-1.26858
-0.377195
1.20151
0.28683
0.554039
-1.29581
0.117141
-0.591481
-0.603101
0.819966
0.162753
0.69314
1.25875
0.076374
0.546868
-0.861712
0.0881708
0.799727
0.830961
0.369059
1.45114
-0.066572
-0.808294
1.64315
-1.08064
0.0815174
-0.499911
1.7022
0.345718
-0.112949
0.459587
0.658069
-0.35064
-0.639571
0.0888746
-1.21961
0.0395763
-0.322696
-0.472328
-0.329612
0.316141
-0.102418
1.13277
0.0306034
1.15798
-1.13114
0.168739
0.230745
-1.26085
0.368357
-0.750845
1.62588
0.465104
-1.51043
0.316304
0.238473
0.0273819
1.36297
-0.572871
-0.196218
0.241238
-0.540148
0.0882061
-0.50771
-1.40217
-0.858151
1.37067
-0.834814
0.0889278
-1.09671
0.980256
-0.112229
-0.265346
0.762184
-1.67016
-0.227091
0.0665976
0.136958
1.61614
-1.02854
0.223298
0.929063
-0.261933
-1.17183
0.108774
-0.526525
0.586807
0.75314
-0.613152
0.265244
-0.284322
-0.722276
0.243972
-0.568456
1.52526
-0.171471
0.204573
-0.16009
1.09124
0.713133
-0.0549179
1.11854
-0.38067
0.522299
0.224312
-0.0461521
0.0681914
-0.779087
-0.078488
0.15023
0.719082
-0.141852
-0.117142
-0.770169
-0.438795
-0.0723498
0.996299
-0.92602
-0.217434
-0.0850321
-0.0468051
0.219153
0.249444
-0.0300179
0.768419
0.833034
-1.5161
1.17521
-1.4537
0.413388
-0.851201
-0.59487
-0.419582
-1.25017
0.0427555
-0.179248
-0.335157
1.17863
0.613063
0.533037
-0.185012
-1.13032
-1.30336
0.431321
0.377631
-0.493708
0.24825
1.40392
0.64223
-0.322119
-0.570756
1.21013
-0.204121
-0.215199
-0.455646
0.324847
0.455511
-0.918291
0.954627
-0.952329
-0.249449
-0.263604
0.65312
-0.673296
0.411384
-0.659565
-0.233944
-0.123363
-0.730676
-0.571294
0.267908
-0.516271
1.55935
-0.0258582
0.0560357
0.553467
-1.31011
0.503228
0.185089
-0.485907
0.496824
-2.08441
-0.106844
0.0467522
-0.205515
-0.826643
0.525883
-1.546
0.771147
0.210007
0.138841
-0.0206165
0.81969
0.762123
0.22555
-0.26929
-0.106727
-0.98589
0.161829
-2.06891
-0.223181
0.104879
1.41913
-0.265957
-0.232729
0.0580679
0.0347479
-1.40964
-0.849685
-0.731353
0.559167
0.548806
0.426209
0.659266
-0.439142
0.292565
0.534995
-0.722585
-0.544955
0.0517192
0.585912
-0.608913
-1.55229
0.352691
-0.892582
-1.45181
0.294904
-1.04658
0.0741819
0.442484
0.319174
-0.0989235
-0.415585
0.508645
-0.279416
0.172498
1.01854
0.396951
-0.488179
0.634831
-1.1945
-0.294841
-0.186813
0.597046
-0.253614
0.789216
-0.164712
-0.185444
1.02291
-0.166947
-1.3303
0.127525
0.461186
0.0854184
-0.480673
-0.304384
1.15055
-0.165694
-0.76887
0.64593
-0.111827
-0.0510069
-1.46809
1.4606
0.903796
-0.100407
0.717077
0.16753
-0.262224
0.462352
-0.466642
-1.09465
0.558255
-0.430054
0.412813
0.108769
0.109165
0.334797
-1.47885
0.0869299
0.00139708
-0.418006
0.775244
0.839433
1.52134
-0.60035
0.742955
-0.161347
0.279002
0.380076
-0.584594
-0.780415
-0.337516
-0.343439
-0.499511
-0.114002
0.8284
0.644156
0.978799
-1.02735
-0.12744
-0.109891
-0.175541
-0.787756
-0.202626
0.928868
0.632529
0.185634
0.551443
0.900864
0.497367
0.145181
1.01332
-0.774425
0.0222386
-0.234402
0.954546
-0.230786
-0.712153
1.33884
-0.768187
0.0221415
0.891172
-0.309669
-1.03229
0.0380428
-0.116869
1.21579
-0.277544
0.653256
0.082829
-0.0705992
-0.310397
-0.69608
1.46849
0.39378
0.755814
-1.01116
0.156788
0.861516
0.642643
-0.868146
0.890636
0.0531886
1.66091
-0.518609
0.586978
2.39858
0.304102
0.000500593
1.04255
1.00279
-0.0499962
-1.27089
-0.172174
-1.4185
0.058326
1.07076
0.782538
0.672645
0.053242
0.94928
0.0479663
0.100772
-0.30251
-0.356167
-0.082185
0.0557765
0.837569
-0.236891
-0.481814
-1.16833
1.59341
0.0527665
1.76954
-0.406884
-0.0255962
-0.67686
-0.0831713
1.6351
0.559737
-1.18505
0.313282
1.13823
-0.401143
-1.05848
-1.05584
-0.394192
-0.551935
0.781902
-0.118609
-0.644654
0.202752
-0.0780882
-0.410932
-0.622263
-0.777929
0.487431
-0.579898
1.10877
-0.654695
0.959811
-0.191601
-0.100498
-0.305089
0.0309294
0.0533106
-0.414242
-0.385201
0.631395
-0.0494393
-0.0705535
-1.38469
-0.513274
-0.0616891
0.589695
0.206301
-0.168126
-0.216991
-0.00255528
-0.179113
1.4877
-0.46963
0.566366
-0.323938
-0.408513
1.57433
-1.42028
0.166844
-0.0556794
0.232703
0.488506
0.678651
0.562976
1.36003
-0.159101
0.226528
-0.120881
-0.312695
-0.7818
-0.649077
-0.454419
1.35348
-0.363119
0.223465
-1.16558
1.93104
0.35992
0.888841
0.764125
0.446625
-0.627539
0.00901173
-0.160349
-1.59678
-0.155306
-0.09241
0.998804
0.620744
0.274252
-0.136261
0.104644
1.12574
0.238274
0.0818868
0.394539
-0.0850238
-0.206681
-0.79378
0.0521254
1.15968
0.179973
-0.48226
-0.042303
-0.837709
1.25379
0.0426875
0.108352
-1.0105
0.733609
0.414211
1.24326
-0.337425
0.233853
-0.240875
-0.171678
0.653306
-0.366215
-0.335582
-0.119614
-0.282054
-1.59974
-0.824647
-0.658595
-0.283119
0.672422
-0.746133
0.376637
-0.408032
0.106723
-0.305007
-0.405933
-0.558512
0.618884
0.140174
-1.75558
-0.432918
0.503902
1.64522
-1.13713
1.05086
0.226934
1.10725
-0.959453
-0.0263502
-1.94418
0.174505
-0.946336
0.0971183
0.195049
0.757263
-0.325192
0.191851
0.654088
0.632065
1.41637
-0.716074
0.746677
0.111527
-0.442451
0.208775
-0.919891
-0.184497
1.41858
-0.298447
0.084517
0.511871
-0.824035
-0.688977
0.261813
0.46798
0.235864
0.792584
0.872799
-1.02723
1.38773
-0.815774
-0.000961462
-1.31941
0.278246
1.55443
-0.903562
-0.34609
0.421253
-0.331555
0.0958472
-0.106119
-0.666781
-0.0250054
-0.102625
0.82907
-0.138306
-1.28134
0.806606
-0.79711
0.731348
-0.965239
0.608947
-0.984941
1.27058
-0.117544
0.686573
-0.542857
-0.253153
0.364545
-0.776844
1.94503
-0.634153
-0.543212
1.08019
1.59355
0.0750522
0.236649
0.210451
-0.34287
-0.703622
-1.3533
-0.0513649
-0.529236
-0.696376
-1.23131
0.175394
-0.0534852
0.193993
1.44027
0.325427
-0.304308
0.83158
0.632513
0.474602
1.2035
-0.250934
1.03281
0.0822129
0.0397156
-0.0719957
-0.00631005
0.222354
-1.02027
-1.15093
-0.279876
1.11628
-0.147175
-0.0680156
0.835202
1.1935
0.462188
0.91777
0.149412
0.520544
0.316558
0.885285
0.209172
-0.143696
0.549255
-0.63822
0.270462
-0.293044
-1.5271
0.839238
0.591734
-2.63228
1.43608
0.467515
0.529942
-0.449218
-0.703187
1.27589
-0.613501
-0.118064
0.0833647
-0.269635
-1.27332
0.233174
0.214967
0.730727
-0.486679
0.83888
-0.434258
-0.681715
-0.363036
0.21062
0.526524
-1.69366
-0.646887
-1.208
-0.136995
-0.243561
-0.053185
-0.0942055
-0.435541
0.0397411
-0.205406
1.35275
0.905999
-0.188206
0.115859
-1.2576
0.324099
-0.468165
-1.51438
-0.385329
0.145199
0.395383
0.00412476
-0.961715
0.172088
-1.08822
0.249105
-1.13704
0.0565492
-0.487836
-1.06505
-1.85828
-1.10786
-0.511767
1.39486
-0.545319
-0.88948
0.580818
-1.15389
0.7086
-0.740155
-0.0767206
-1.0188
-0.548258
-0.0759616
0.280137
-0.368701
-0.916707
-0.591188
-0.1015
-1.31014
0.245089
0.290452
0.716509
-0.551454
0.777162
-0.625077
-0.818044
1.07223
-1.50632
-1.00962
-1.1895
0.212742
0.397451
-0.361302
0.0643065
0.184284
-1.13231
0.0824785
0.364363
0.11663
0.824757
-0.681673
-0.129078
0.569135
0.514964
-1.06236
0.711358
-0.232273
0.424789
-1.23066
0.29164
0.407307
0.989705
-0.29935
0.323808
0.980352
0.122152
0.149375
0.354353
0.191708
-0.0919655
-0.823407
-0.680651
-0.433692
-0.851983
1.67197
0.479733
-0.601965
-0.693282
0.452666
-0.40759
0.20119
0.0311069
-0.702412
0.343921
-0.003443
0.349517
-0.500979
0.541704
-0.0361344
-1.61224
0.444733
0.318755
0.156192
0.591672
-0.222455
0.866962
0.522805
0.336309
-0.0482815
0.35225
0.85934
-0.391556
1.67392
0.514998
-0.705238
-0.936193
-0.75017
-0.515838
-1.20174
0.0646839
-0.284941
0.169892
0.307625
0.447826
0.518345
-0.242463
0.161736
0.177568
-0.425272
-0.74947
0.557099
0.797141
0.31253
0.477187
-0.708339
-1.02165
-0.0846926
0.100041
0.935451
0.479762
0.0272112
0.497284
-0.681566
0.853799
1.51063
-0.326901
1.0421
1.30293
0.217204
0.595565
-0.165346
-0.260174
-0.0656186
1.08757
1.12816
-0.495006
0.144084
-0.369062
-0.137262
1.53663
-0.241345
-0.321373
0.320848
-0.151483
0.480249
0.786614
-0.962462
0.588187
-1.2077
-0.918554
0.380599
-0.196953
-0.710111
0.740613
-0.312234
0.173932
0.332742
-0.774256
-0.260643
1.29701
-0.208043
-0.548714
0.212921
0.0683845
0.053248
-0.811089
0.818915
-0.447613
0.68657
-0.769383
0.0808022
0.500496
1.11569
-1.07759
-0.0907717
-0.852574
0.967669
-0.302519
0.552427
-0.431026
1.6825
0.815835
0.918089
-0.173809
0.204777
0.160529
1.82446
-0.392961
-0.0853645
0.981121
-0.0585361
-0.923218
-0.0995944
-0.323304
-0.311929
0.723548
-0.89854
-0.432525
-0.136694
-0.811448
0.378076
0.448263
0.859568
0.0178695
0.0655927
0.307589
-0.479361
0.268272
-1.58159
0.804358
-0.353027
-0.508744
-1.15573
-0.190787
-0.314367
0.122723
-0.478658
0.198331
-0.90082
-0.147647
-0.108048
0.66758
-0.312162
-0.200021
1.26675
0.978078
-0.559746
-0.611281
-0.0848085
-0.283604
-0.134244
0.0529577
0.630796
-0.923139
-0.353085
-0.0242501
0.439563
-0.849885
-0.0857374
0.121717
-0.5332
-0.663702
1.58324
0.029104
-0.392043
-0.242574
-0.136344
-0.716853
-1.36138
0.163253
0.605614
-0.310784
0.823887
1.22736
0.0511161
0.410302
0.622362
-0.324115
-0.93123
0.575662
1.08592
0.251848
-0.256272
-0.790795
0.281111
0.243726
-0.150167
-0.137525
-0.652014
-0.694269
-0.432072
-0.502024
-0.123092
0.127536
0.769222
-0.0460086
0.758692
0.893745
0.158152
0.193124
0.763142
-0.516472
0.0787019
0.629295
-0.270806
0.696463
0.199427
-0.474691
0.601401
-0.471291
-0.751187
-0.417207
0.602885
-0.342047
0.953259
0.485183
1.699
0.447863
0.188125
-0.491159
0.545126
-0.453074
0.619639
-0.520717
0.0407459
0.0310216
0.577964
0.13841
0.505185
-0.436905
0.566391
0.0401381
0.34311
-0.372767
-0.191043
0.315778
-1.07126
0.693773
-1.19487
0.0373762
-0.310962
-0.702957
-0.483371
0.498382
0.705315
-0.452362
0.052798
-1.12509
0.00522463
0.341864
0.847951
0.494688
0.423804
0.44608
0.853321
-0.283016
0.835607
-0.352135
-0.331565
0.106362
0.705059
-0.50805
-0.411585
0.913227
-0.908203
0.202875
-0.647357
-0.50066
0.268937
0.59337
-0.240025
-0.824891
-0.135591
-0.312293
0.145662
0.0234563
-0.463113
-0.111246
0.393943
-0.394019
0.151553
0.866591
1.13047
-0.444964
0.951913
-0.221035
-0.167372
-1.15887
0.839488
-0.463233
-0.21887
0.211407
0.281118
-1.37389
0.448446
-0.104266
0.541922
0.719473
1.11637
1.10658
0.496878
-0.786234
0.871948
0.185275
1.67508
-0.336237
0.0980849
-0.735737
-0.325579
-0.334121
-0.230548
-0.799427
-0.0927129
0.368603
0.673294
-1.14137
-0.14753
0.448024
-0.468018
-0.0832087
-0.0945934
-0.0946906
0.521308
-0.765091
0.803091
-0.478972
-0.716731
1.07955
-0.416963
-0.788113
-0.20356
-0.397423
0.670902
-0.738463
0.097804
-0.517571
-0.719689
1.04477
0.217639
-1.71025
0.475232
-0.332061
-0.586957
0.486048
0.492618
1.00524
0.407855
0.705129
-0.366306
0.792278
0.266372
-0.285088
-0.493459
-0.616974
1.23225
-0.518903
0.0679555
-0.916991
0.802096
0.720407
-0.0084218
-0.886819
-0.296928
0.344167
1.12643
-0.951683
0.147326
0.21769
-0.916662
0.731377
-0.678729
-0.230103
-1.02487
1.53983
0.681374
-1.70535
-0.424945
0.390305
1.26404
0.9188
-0.600252
0.383923
0.302382
-0.372039
0.705871
-0.433555
0.121145
-0.00695812
1.43452
-0.0308853
-0.244147
-1.72198
-0.741591
-1.1067
0.815697
-0.597181
1.46973
1.19975
-1.64678
0.845323
0.639125
0.453986
-0.838505
0.15092
0.205004
0.318877
1.1615
0.795981
0.321198
0.44776
0.0157709
-1.15919
-0.152972
-0.0808541
-0.71348
-0.182453
-0.341493
0.144204
-0.910822
0.339848
-0.128953
-0.726375
-0.347179
2.03559
0.984682
-0.402781
-0.905155
-0.991046
0.775444
0.224669
-1.45693
-0.335904
0.578178
0.0766737
-0.907821
0.145556
1.38133
-0.182769
-0.0495239
0.659573
-0.433339
0.34983
0.25122
1.21504
-0.704465
-0.0649204
0.0594624
-1.00429
-0.379225
-0.67281
0.118139
0.368299
0.103762
0.992067
0.772495
0.402072
-0.300123
1.52364
-0.240289
-0.594992
0.0296265
-0.900351
0.280801
0.155857
0.218782
0.262543
-0.524294
-0.275427
-0.182728
-0.289743
-0.391837
-0.068685
0.996596
-0.663868
0.488872
0.596815
0.731356
-0.0516042
0.699553
-0.407295
-0.950466
-0.300418
1.23398
0.255807
-1.34095
-0.321926
0.501059
0.263524
-0.0206613
-1.57465
0.964197
0.62632
1.22106
-0.697572
0.0145046
-0.612522
1.10309
0.095435
-0.966701
0.925828
0.187015
0.253128
0.412341
0.941435
0.363542
-1.09441
1.26952
-0.634051
0.712123
-1.77953
-0.400682
-0.416692
0.041519
0.824637
-0.353372
-1.05176
0.367557
-0.694555
-0.342387
-0.220839
1.18301
-1.2948
-0.139616
0.376942
-0.993653
0.164826
0.921469
-0.608658
0.887336
-0.864187
-0.472365
0.535235
-0.174742
-0.924338
0.560418
0.00969515
-0.229383
-0.0500376
0.961517
0.243557
-0.43523
0.644654
0.575796
-0.814231
0.551553
-0.221923
0.317335
-0.0126705
-0.646741
0.0464796
-0.568333
1.21432
0.983565
-0.164013
-0.28432
-1.05717
-0.216519
-0.331868
-0.117127
0.101737
0.351438
0.846552
-0.176389
0.870056
-0.449808
0.736065
-0.433209
-0.421441
-0.76965
0.0173381
-0.997696
-0.709893
-0.877902
-0.565669
-0.376872
0.648884
0.82826
-0.626062
-0.478389
-1.32278
0.230266
0.894217
0.376517
0.202097
-0.373405
0.295224
-0.282446
0.180354
0.594399
-0.51083
-0.579317
0.558499
-0.473047
-0.426997
0.415392
0.257031
0.904437
0.190249
0.0134641
-1.86565
-0.670291
-0.67644
0.714984
-0.495993
-0.0845962
0.0121923
-0.996866
0.649578
0.257107
0.270294
-1.25113
0.575673
-0.36775
-0.0421599
0.71335
0.916039
-0.481732
-0.602667
-0.446207
-1.16212
0.161353
-0.705003
0.703217
0.25576
-1.0149
-0.871228
0.288476
0.692197
-0.417758
0.293605
-0.244717
-0.0536655
0.850456
0.343755
-0.627624
0.0370138
0.0452571
0.214344
0.885634
-0.0645691
-0.0478929
-0.725446
-1.03499
-0.452709
-0.10158
0.58354
0.168548
-0.79206
1.65395
-0.401206
-0.820752
-0.504531
0.496236
0.163728
0.372972
0.45981
0.476201
-0.936798
0.578275
0.217462
0.33465
-1.42103
-0.0612484
-0.40739
0.374744
-0.342915
0.459051
0.574646
-0.541775
0.388544
-0.235129
-1.04412
-0.531298
0.162927
-0.907439
-0.0617323
-0.18136
0.231262
0.101261
-0.943179
0.766381
0.275894
0.634951
-0.402036
1.09781
-0.0497693
0.658995
-0.956657
-0.276698
0.731568
0.456075
-0.264773
0.586685
1.10196
0.779271
-1.60472
1.68071
-0.369963
0.373531
-0.781066
-0.6614
-0.0369361
-0.227352
0.653689
-0.172308
-0.251976
0.84845
0.90608
0.399115
-1.01464
-0.127607
2.0078
-0.257954
-1.3254
-0.493784
-0.12735
1.37649
0.864471
0.0445096
-0.133576
-0.28099
0.663657
0.135433
-0.679703
-0.0675331
-0.463362
-1.61361
-0.0162113
-0.0187955
-0.707263
0.964933
-0.964832
0.413753
-0.399584
-1.95138
-0.0687539
-1.47625
0.188921
-0.822409
-0.0174955
1.21533
-0.234922
-0.153928
0.407147
0.224948
0.538802
-0.0335849
-0.670179
0.0770719
0.617192
-0.800329
0.308603
1.04191
-1.08751
-0.774326
0.299574
-0.491682
-0.0643544
-0.551602
-0.582047
-0.533296
-0.47252
0.361731
0.191628
0.922848
0.487743
-1.59396
-0.464235
0.857226
-1.03895
0.305793
-0.132121
0.525923
0.325018
0.621481
0.556532
1.64052
0.556614
0.299398
-0.427313
0.290809
0.20486
1.24148
-0.0273143
0.182694
-1.39124
0.0593649
-0.197621
0.527927
-0.985478
-0.699312
-0.188158
0.533304
-0.922382
1.42253
0.887067
0.86443
0.20081
-0.601258
1.31152
1.1856
-0.202959
1.22931
-0.00254048
0.699978
0.0499581
-0.10981
-0.39027
0.784532
-0.341188
-2.05335
-1.06187
0.142461
0.20222
-1.42141
1.30101
0.179272
-0.130836
0.573087
0.120339
0.405156
0.802248
-0.0719084
-0.0880044
1.03024
-1.07501
0.705772
0.530966
1.54192
-0.607899
-0.331958
0.165756
1.28618
0.0555514
0.289384
-0.337922
0.625811
-1.0151
0.459861
0.259307
0.356895
0.371806
-0.392006
0.165175
0.129485
-0.650156
-0.0341356
0.774075
0.0405241
-0.351678
-0.723675
-0.766437
-0.713919
-1.10029
-0.75373
0.0618482
0.87501
-0.152804
0.258105
1.09977
-0.0785075
-0.0750372
-0.36831
-0.807935
0.0589671
0.262102
1.13993
0.808152
0.597485
-0.318507
0.0106432
-0.164807
-0.410187
-1.12238
-0.967672
0.926751
0.570475
-0.0675694
-1.65471
0.241338
-0.572207
0.893958
-0.10101
0.512351
-0.106396
0.335837
0.434303
-0.868625
-0.823105
-0.348457
0.752689
-1.98497
1.05834
-0.732673
-1.52583
-0.049227
-1.64031
-0.277652
0.110458
-0.644212
-0.506028
-0.12437
0.573332
-0.391436
-0.572952
-0.0171713
-0.799509
-0.134505
-0.448376
0.554137
-0.662053
-0.889667
-0.452061
0.192105
0.536103
1.15511
-0.520265
-0.748147
-0.66079
0.880546
0.267993
-0.0556873
-0.0517912
0.413635
-0.396706
-0.301851
-0.359687
0.786121
-0.541058
0.58329
0.420213
0.397415
-0.275121
0.444116
0.235292
2.43048
1.00208
0.544386
0.201611
-0.514908
-0.62276
-1.11185
0.619867
0.80694
0.561722
-0.214753
1.93985
-0.157052
0.633198
0.123535
1.3393
-0.247825
0.882406
-1.04739
0.406335
-0.485751
0.265092
-0.780016
-0.367841
0.415683
-0.976692
-1.31873
-0.829917
-0.553927
-0.879905
-1.12089
-0.694618
0.185153
-0.61233
0.333812
-0.173678
-0.642828
-0.294134
-0.988392
0.424667
-0.693339
0.0397223
0.24488
1.40031
-0.838939
1.20417
-0.510075
-0.61829
-0.0151154
-1.45049
1.72118
-0.795046
-0.259732
0.598765
0.901615
0.824062
0.199561
-0.941745
0.81596
-0.835446
0.181167
-0.55602
0.788675
-0.0516651
-0.934206
-0.731207
0.399287
0.393864
-0.837186
-0.137911
-1.10005
0.369474
0.757776
-0.708908
-0.350413
0.0968795
0.554864
-0.495912
0.0379701
-0.227712
-1.51677
-0.984482
-0.732972
-0.256176
-0.291915
-0.068392
-0.153202
-0.578506
0.335976
1.22445
0.270872
-0.554999
-0.0880859
0.892169
0.133953
-0.182889
0.0982533
-0.982919
-0.0755787
-1.2151
0.157653
0.502941
0.0930386
0.562331
0.923454
0.843757
-0.115256
0.841604
-0.056777
0.112291
-0.581554
1.21894
-1.60269
0.777665
-0.950591
-0.239914
1.10989
0.789921
-1.58398
-0.68144
-0.63025
-0.511921
0.838159
-1.24594
-0.183953
-0.590265
0.252435
-0.914803
-0.17348
1.21488
0.270888
1.00444
-0.983423
-0.801416
-0.519115
-0.530136
-0.321879
0.458616
-1.16789
0.660549
1.00886
-0.0162213
-0.0346664
-0.768604
-1.0716
1.13714
-0.191267
0.415712
0.449392
-0.156446
1.44105
-0.100596
-0.115665
-0.636407
-0.796668
-0.0850841
-0.260592
0.238179
-1.17129
0.458889
1.09397
0.417501
0.56321
-0.506812
0.134191
-0.199825
-0.0287307
-0.444255
1.20164
-0.0607567
-0.710535
-0.661201
-0.204184
0.0413962
0.234876
0.335606
-0.605689
-1.28769
-0.331431
0.0953327
0.399667
0.00367654
-0.50047
0.494647
-0.572404
0.212482
0.147609
0.0380452
1.11971
-0.731767
-0.714073
-0.833273
0.271699
0.796831
-0.356074
0.913574
-2.01797
-0.265311
0.902617
-0.138491
-0.580225
1.64176
-0.558297
0.801357
0.0864833
0.318483
-1.2202
-0.0915262
-1.05666
-0.0042054
0.280239
0.372656
0.751963
0.732629
0.312524
-0.0973578
-0.478253
-0.821375
-0.842191
0.57739
-1.15561
-0.842099
1.42376
-0.317961
0.150922
-0.928209
-1.93052
-0.596354
-0.483619
0.381384
-0.04214
-0.782367
0.517169
0.0592009
-0.140305
0.125111
-0.710467
-0.196856
0.301165
-1.28249
-0.354347
1.23301
0.247037
-1.19411
-1.5253
0.196727
-0.492277
-0.176593
0.814917
0.163532
-0.651256
-0.273481
0.194702
0.166679
0.751402
-0.150631
-0.0767336
-0.970835
0.134792
-0.377261
-0.775877
0.0596915
0.462662
-0.395525
0.519652
-0.241887
0.65674
-1.01807
-0.707025
1.19837
0.323924
0.914984
0.382082
-1.3766
0.533554
-0.739352
0.0586715
-0.032659
-0.683024
0.616038
-0.20204
-0.993969
-1.40638
0.043656
-1.40176
-0.152309
-0.59208
0.0659486
0.598978
0.129349
0.831019
0.719831
0.451079
0.254956
0.667834
0.615649
-0.649198
-0.278334
-1.22644
-0.625297
1.24225
0.507255
-0.620806
0.462217
0.243532
-0.127543
0.265628
0.254627
0.360845
-0.862965
-0.0310379
-0.705106
0.171828
0.34661
-0.147495
-0.282597
-0.533516
0.381829
-2.08414
-0.74977
0.143167
-0.854183
-2.6817
0.804456
1.13747
0.317937
0.488165
-0.397242
-0.983561
-1.06179
1.22133
1.44803
-0.871308
-0.377332
-0.0935027
1.00972
0.0261287
-0.50366
-0.545644
-0.762573
0.00857379
-0.980494
-0.358072
0.476035
-0.0540542
-0.0972301
-0.84816
0.936199
0.723493
-0.198962
-0.221458
0.273466
0.570832
-0.28903
0.850229
0.0882538
-0.545887
-0.26821
-0.214773
-0.656645
0.308877
0.86896
1.0151
-0.381226
0.586129
0.174667
0.345762
0.369103
-0.770233
-0.316178
-0.468238
0.735953
-0.675461
-0.210948
-0.945851
-0.429251
0.554024
1.2569
-1.22117
0.134737
0.0928527
1.06385
0.325189
2.26642
0.0226196
-0.427347
-0.916202
0.373048
-0.0862617
-1.20158
-0.401587
0.0262954
-1.45114
0.891828
0.539212
0.966219
0.240621
-0.187095
0.160062
-0.9283
0.722714
-1.2183
0.0989452
1.03489
-0.837151
-1.24343
-0.555699
-0.185397
-0.456553
0.645004
1.7499
-0.433201
1.21705
-1.42435
-0.190906
-0.555232
0.881007
-0.584995
-0.653937
0.968247
0.403367
-0.301026
-1.42615
-1.07545
-0.0512452
-1.19684
-1.15
-0.195278
1.6092
-0.0559952
0.244862
-0.859313
0.128679
0.406559
1.23472
0.245895
0.75386
-0.322523
-1.26908
0.380124
0.453266
0.324783
0.0494953
-0.274821
0.419129
1.22088
1.50263
-0.269304
-0.425721
-0.373368
0.801354
-0.222729
-0.277613
-0.44611
1.57974
0.257092
0.0713945
-0.528918
-0.155445
0.111568
-0.400605
0.597311
0.61348
-0.430334
-0.916976
-0.253258
-0.775935
-0.824225
-0.521458
0.580726
-1.05681
0.234887
0.0968547
0.449121
0.67153
0.320226
1.12505
0.0669734
-0.213596
0.148363
-0.322889
-1.05884
-0.52404
0.240135
0.142288
0.273038
-0.0363278
0.258052
-0.591592
0.0706319
0.735119
-0.418844
0.580029
0.0748934
-0.678762
0.854461
0.58081
1.02629
1.444
-0.233153
0.60948
0.639393
0.902893
-0.738917
0.23991
0.570699
0.257778
0.192009
0.2654
-0.092073
1.22721
0.100243
-0.716378
0.459476
-0.414646
0.968212
-0.750802
0.85691
-0.287224
-0.833573
-0.576473
-1.79796
-0.220704
-1.24197
0.467327
-0.490966
-0.0689332
1.68758
1.41342
0.280727
0.760565
0.137918
-0.549823
-0.89029
-0.982609
-0.907778
0.850406
0.777424
0.447664
0.898645
0.933128
-0.125259
-0.93874
-0.567838
0.068474
-1.52856
-0.626467
0.0479693
0.248715
0.595442
0.0547911
1.05905
0.587997
-0.735992
-0.59206
0.837629
-0.382694
0.484371
0.39576
0.683692
1.53335
1.21017
0.251477
-1.33094
0.318684
-0.47352
-1.71623
0.36325
-0.190608
-0.884014
-0.0720138
-0.0211709
0.932919
0.10601
-1.31259
0.0316624
0.375279
-0.528672
-0.584231
-0.606865
-0.281987
-0.479907
-0.327163
-0.901685
0.402775
0.966133
1.00241
-0.431471
-0.877569
0.591907
0.28605
0.26325
0.216481
0.558829
-0.498156
0.0138817
-0.653014
0.332345
0.401869
0.902077
-1.48899
1.32697
0.345159
-0.0443762
-1.03606
0.294606
1.1178
-1.6191
1.42825
-1.2025
0.00401835
-1.35016
0.760758
-0.280966
-1.23062
-1.09896
0.293031
0.673783
-0.194651
0.0116144
1.59716
0.699519
-0.517299
0.111722
0.810972
-1.13614
-0.0138335
0.74198
-0.881174
-1.63397
-0.821282
-0.277579
0.468016
0.908281
-1.18474
0.795692
0.107923
0.447878
0.164444
0.712507
-0.936907
-0.434718
0.399485
1.55329
-0.262155
-0.141044
-0.2709
0.32548
-0.894282
0.45032
-0.68517
1.03905
-0.401734
0.796576
-0.157513
-0.0233537
-0.588534
0.183059
-0.823857
0.334796
-0.652833
-0.0903564
-0.165419
0.742928
0.658361
0.408444
0.597213
0.652724
-0.482042
0.679557
-0.047493
0.183386
-0.55555
0.926682
-0.886357
-0.128654
0.0874208
0.74032
-0.324367
-0.527171
0.555594
-0.152601
-1.26725
0.542483
0.614126
-0.741399
-0.897782
-0.0429228
0.588672
0.619288
-0.741912
-0.893681
-0.165773
-0.10801
-0.956518
0.396702
0.416235
0.162666
-0.1928
1.48516
1.01832
0.163873
-0.927279
0.249686
-1.0276
1.01302
1.43316
0.312434
0.29889
1.42653
-0.628021
-1.05453
0.311528
0.405815
-0.356518
1.36134
-0.0235609
0.699503
0.889451
1.10064
-0.362019
0.611845
0.393018
-0.257847
0.518339
-1.38316
-0.0959923
-0.282931
-0.966403
0.714195
-0.313677
0.364325
0.565087
-0.151478
-0.0295072
-0.97283
-0.411691
0.0699123
1.27182
0.329374
0.0352252
0.749018
-0.695671
-0.98994
-0.618768
-0.665075
0.130981
0.728395
-0.368308
1.13
0.415467
0.401608
-0.374055
-0.894422
-0.707137
1.04526
0.998065
-0.781394
-0.273874
-1.06819
0.881998
-1.30155
-1.68147
0.260938
0.873588
-0.215238
-0.549481
0.120982
0.368373
0.289029
0.647258
0.444159
0.185537
-1.19826
-0.0601822
0.521253
-1.27432
0.434302
0.304965
0.615175
0.396155
-1.5766
0.398638
1.22648
-1.20802
0.396198
0.742274
0.554533
-0.432813
-1.02289
0.3344
-1.64554
-0.419158
0.304112
0.306597
-0.977223
-0.0216963
0.781279
-0.213999
-0.180967
-0.558147
0.399572
-0.528493
-0.5703
0.641576
0.317017
-1.17051
1.22971
0.260309
-0.133976
-0.16463
1.04819
-1.06629
0.868937
-0.678205
0.872658
-0.0797692
-1.43762
-0.0575698
-0.484105
-0.0262274
-0.462066
-0.679939
-0.538471
0.653569
-0.283247
-2.22994
0.0443392
1.18049
-0.707879
0.323224
-0.064717
-0.421074
-1.06521
-1.16537
-0.466434
0.00959579
0.0744882
-0.369388
-0.231575
-0.512771
0.311547
0.350342
-0.389319
0.0757829
-0.0266615
-0.306653
1.08402
1.38395
0.119764
0.49664
-1.44287
0.112756
-0.336691
-0.42542
-0.492646
-0.68602
-0.636549
-0.261597
0.617194
0.0428998
0.874505
-0.498986
-0.484153
0.310855
0.444642
-0.158795
-0.618047
-1.18029
-0.275887
-0.842698
-0.248882
-0.189652
0.262389
-0.102967
-1.06361
0.546497
0.0293264
-0.529918
0.456058
-0.317956
0.533306
-0.445278
-1.05402
0.434843
-0.00649659
-0.626561
-0.891952
0.139974
0.357623
0.815513
0.84228
-0.598919
-0.763378
0.41112
0.318015
-0.771733
0.00654374
0.110652
-1.09477
-0.937492
-0.401668
-0.587382
0.289871
-0.874647
0.833471
0.401069
-0.286077
-0.629002
-0.895058
-0.299888
1.28072
-0.426251
-0.474196
-0.219103
-1.08016
0.486194
-0.22834
-0.0451397
1.25816
0.330359
-1.19309
-0.347047
0.203624
1.79586
0.266695
-0.325493
1.2319
0.476623
0.900984
-0.366299
-1.09922
-0.332236
-0.277943
-0.457807
-0.301234
0.465258
0.200446
-0.770479
0.185589
-0.0739289
-1.21156
-2.17921
0.833474
-0.542748
0.3008
0.225931
1.25029
0.650682
-0.776689
0.988237
0.612142
-0.287041
0.692642
0.667548
0.675382
-0.00408313
0.257987
-0.0435385
1.31021
-0.22359
-1.00804
-0.300712
-0.796091
0.420482
0.900984
0.165012
-0.21496
-0.193217
-0.693177
0.470181
1.41899
0.137127
-0.3933
0.696787
0.631528
-0.372343
0.830418
-0.220281
0.774941
-0.991215
-0.496005
0.548301
-0.775107
0.65847
0.381588
-0.441677
0.125309
0.0451135
-0.136258
0.000830937
-0.250644
0.370871
-1.44106
-0.57799
1.04625
0.149202
-0.403674
0.81039
1.04033
-0.80629
0.00996711
0.522957
-0.322725
0.565593
0.191201
-0.155339
1.47274
0.275548
0.0672616
-0.38464
-0.170375
-0.217809
-1.37858
-0.0728905
-0.593647
-0.121617
-0.218542
-0.19646
0.0142322
0.8594
-0.446695
-0.215968
1.25812
0.147956
0.138767
0.674339
1.38289
-0.117127
-1.76633
0.866119
0.247062
0.615055
0.85132
0.116673
-0.692173
0.70618
-0.184572
-0.42979
-0.259571
-1.58821
-1.12983
0.221518
-0.736398
-0.789686
0.772254
0.424873
-0.695065
-0.24499
-1.2754
-0.394685
0.182653
-0.756401
1.20245
0.368409
0.0129413
1.49353
-0.95148
0.26201
0.214623
0.402734
-0.490628
0.687941
-0.252213
-0.421807
0.375297
-0.05449
-0.195139
0.791816
0.0610697
-0.135317
0.386003
-1.71589
-0.553254
-0.709873
-0.942187
0.265384
-0.00141626
0.427786
0.905195
-0.124642
0.275918
-0.334527
-0.814414
0.933596
-0.305902
-1.12485
0.255229
0.397809
0.061537
-0.0666826
0.275239
0.633114
-1.10267
-0.0172173
-0.407544
0.115882
0.126611
-1.16709
-0.124367
-0.280634
0.173924
1.27781
0.532973
-0.106491
-0.2827
-0.56848
0.447844
0.496583
0.344467
-0.455199
0.106124
0.710933
0.744747
0.0138696
-0.850735
0.678766
0.84642
0.0723752
-0.947473
-0.325888
0.409387
-0.130456
0.791915
-1.12075
0.65457
-0.0756879
-0.0430675
0.295378
-0.411057
-0.979931
-0.421738
0.409891
0.220285
0.0925335
0.63689
-0.143018
0.560132
-0.261237
0.146159
0.195125
0.487949
-0.263923
-0.495699
-0.633239
0.620589
0.453401
-0.227867
-0.0141691
-0.594127
0.291453
1.68542
-0.30207
-0.247194
0.304206
0.542263
-0.105451
0.789109
0.239312
0.808461
-0.409355
0.627628
0.200224
-0.104663
-1.20498
-0.46618
0.44543
-0.220432
-0.526073
-0.213855
-0.146982
0.134572
-0.516983
1.22935
0.225391
0.867375
0.771452
0.995543
-0.862182
0.0973457
0.591875
0.340175
1.37259
0.664752
-1.79158
-0.474852
0.645848
-0.0299915
0.247571
0.549552
-1.90997
-2.40468
0.358059
-0.204737
-1.35822
0.249899
-0.750226
-0.22549
0.377843
-0.774907
0.97926
1.28994
0.21458
1.05878
0.792101
-1.02668
0.651611
0.599251
-0.157746
0.971589
-0.560499
-0.459482
0.324799
0.046274
0.182178
0.725998
-0.952523
-0.929996
0.988327
0.321411
0.15299
-0.730265
-0.12069
-1.79407
0.254732
-0.0128183
-0.0647141
0.710839
0.858546
1.0576
-0.438902
0.494605
-1.04873
-0.238528
-0.343541
0.84649
0.287729
0.351365
-0.899032
0.308205
0.386494
-0.877463
0.357817
0.272204
-1.44266
-0.180294
-0.112506
0.323158
-0.418127
0.526792
0.499062
0.458171
0.234902
-0.185549
-0.142505
-0.70418
-0.94293
-0.228589
-0.970826
0.645953
0.286849
0.119772
0.0699325
0.530463
1.06239
-1.00216
-0.239081
0.930825
-0.612343
-0.443412
0.0933461
0.296147
0.216903
0.55704
-0.286655
-1.05044
-0.338859
0.812821
0.266658
0.334694
-1.05555
0.0418734
-0.0348778
-1.06131
0.0382763
0.352663
0.83493
0.129497
0.5048
-0.266121
-0.238083
0.0578121
1.37136
0.33084
1.13901
0.414949
0.0712424
-0.399587
-0.388595
0.37339
-0.414871
0.299628
0.811449
-0.267085
-0.955578
0.636283
-2.17781
0.49093
-1.92665
1.24143
0.133719
-0.449601
0.42389
0.33049
-0.894905
0.0204033
-0.710865
0.516834
1.31262
1.04004
0.596026
-1.03582
-0.0422026
0.113202
0.588238
0.182777
0.997838
0.381613
0.133267
0.334245
-0.766856
-0.142738
0.9029
0.00160373
-0.332592
-0.554234
-0.15073
0.678079
-0.0918027
-0.620257
1.8318
-0.584377
-0.240906
-1.0793
-0.545648
-1.63123
0.406419
-0.778571
-0.473568
-1.2378
-0.0857464
-0.308415
-0.761517
-0.711476
0.159679
1.09381
1.34104
0.398614
-0.40416
0.79968
-0.621656
-0.487734
-0.696047
0.873317
1.07901
-0.220469
-0.507314
0.156538
-0.406222
-0.947136
-0.250987
0.542397
-0.469939
0.0449468
-0.10193
-0.0543203
0.663509
-0.280882
-0.705591
0.884203
-0.920208
-0.466457
0.609542
-0.345524
-1.80582
-1.41337
-0.229521
0.109043
-1.59212
0.105418
-0.00471182
1.2838
-0.416518
0.0460366
-1.55567
0.910756
-0.355881
-0.0573364
-0.402966
-0.585412
0.155637
1.01876
0.47481
-0.487394
-0.083929
0.696907
0.780778
-1.53726
-0.611398
-0.805358
-0.536029
-0.507751
1.11713
-0.168862
0.220058
-0.573563
0.401201
-0.967769
-0.114439
0.989097
-0.472816
-0.00484667
0.0640993
-0.788075
-0.197185
0.0109356
-1.15335
-0.938329
-0.197778
-0.439992
0.285011
-0.477377
-1.06195
0.305651
-0.253475
1.63569
0.416674
-0.0704617
-0.0699863
-0.315649
-1.22959
0.101002
-0.384138
0.895406
0.108748
0.546597
0.640437
-0.345478
0.201666
-0.187919
0.0103734
-0.856975
-0.987274
-0.90803
0.385013
0.225281
0.772762
0.370931
0.774174
0.112293
0.121721
0.173068
-0.721209
0.95308
1.04389
0.888035
0.489437
-1.24602
0.393057
-0.3542
-0.442016
-0.513961
-0.15254
-0.606158
0.560108
-0.831888
1.38628
0.0490675
0.034837
-0.857643
0.0462643
0.507616
-0.416311
0.378753
-1.09876
0.775879
0.291758
0.525261
0.0998467
-0.799413
-0.347501
-1.42987
0.013287
0.109208
0.0770706
0.355331
-0.216022
0.883129
-0.0865056
0.519657
0.195185
0.827304
0.622663
-0.310473
-0.507463
-1.00505
0.954296
-0.316701
0.144554
0.160691
0.318443
-0.661831
1.28487
-0.176604
-0.684074
-0.35206
0.834405
-0.12221
-0.868112
-0.16317
0.791675
1.92862
-0.339093
-0.287405
-0.454612
-0.0124954
-1.08431
0.439319
1.04007
0.647198
-0.0994916
-0.282492
0.999914
0.0124411
-0.00253315
-0.355128
-0.066766
1.77745
-0.638048
1.17118
-0.544237
-1.72545
-0.102127
0.710338
0.101977
1.06473
0.657192
-0.0874583
-0.708294
-0.34287
0.13313
-0.0514211
0.0333502
0.661249
0.198946
-0.489353
-0.0149995
-0.227631
-0.0883242
-0.0878242
1.45174
0.615565
2.07462
-0.245525
-0.801507
1.14299
0.25328
1.21013
-0.177737
1.05717
-1.34671
1.18884
0.211826
0.415595
1.15684
0.111853
-0.403398
0.340307
0.385926
1.25796
-1.21567
-0.487489
0.683476
0.423033
-1.32559
-0.0923337
-0.108561
-0.701813
-0.159887
-0.252391
0.207665
1.58444
0.00529862
-1.37077
-0.120366
1.45312
-0.147772
0.314872
0.966741
-0.654989
-0.476611
-0.0810302
0.482916
-0.387179
-0.41575
0.148809
0.690019
0.613045
1.17018
0.115837
0.111244
-0.164527
1.12314
0.321567
-1.00489
-0.883349
0.33484
0.365719
-0.199377
1.33155
0.0291782
0.674584
-0.16731
-1.00492
0.45858
-0.404017
-0.329465
0.552637
0.950004
-0.579318
-0.0809528
-0.0631635
0.371065
0.0265975
0.476554
-0.722274
-0.205247
-1.07566
0.837957
0.823885
0.257974
0.471776
0.0343752
1.16825
0.0257043
0.501681
-0.258045
-0.0740142
-0.706969
-0.525247
0.691248
0.431485
-0.0710491
0.938057
-0.699639
-0.931046
1.71419
0.477017
1.90453
0.259909
0.711615
-0.770641
0.0551292
-0.223822
0.450988
-0.147412
0.75723
-0.261117
-1.25301
-0.280087
0.649387
-0.545828
0.533679
0.518713
0.667554
-0.631274
-0.068109
0.668929
0.377521
-0.547059
-0.48125
-0.299129
0.512427
-0.276094
-0.659777
0.323178
-0.952702
-1.22112
0.610238
-1.00519
0.636445
0.382072
0.742138
0.0305847
0.228334
0.715554
0.220339
-1.14972
-0.341809
-0.305017
-0.716537
-0.169447
-2.51283
0.425614
-0.244787
-0.55627
-0.683107
-0.510278
-0.482882
-0.334618
0.394056
0.0957691
-1.04826
0.715511
-0.219674
0.434647
-1.15759
0.952607
-0.256866
-0.999991
-0.584071
0.128135
-0.242913
-1.00763
-0.0261076
-1.20863
0.724029
0.863951
0.0132737
1.07603
0.683454
-0.0981812
1.15845
0.654622
0.249458
0.0657344
1.12001
0.819251
-0.122774
1.11189
0.401065
1.00652
0.221007
-1.3676
-0.0321358
0.507428
-0.939102
0.057898
0.900799
-0.015699
0.905915
-0.561657
-0.753945
1.33036
-0.0146101
-0.227048
-0.0423571
0.487109
0.980894
0.422282
-0.997584
-0.0586184
1.02832
0.250375
-0.816935
0.153256
0.251787
-0.272896
0.298649
-0.243066
-1.21758
-0.886092
-0.197922
-0.545417
0.0320584
-1.32006
-0.969755
0.821242
0.433439
0.569876
-0.158313
-1.13114
0.381669
0.580745
-0.971893
0.952699
-0.636107
-1.35407
0.762059
-0.282639
0.86683
0.198272
-1.00003
-1.00763
0.643649
-1.06014
-0.483286
1.11307
-0.346218
-0.0573046
0.456808
0.436979
0.630561
-0.458892
-0.270152
0.0600091
0.185562
0.622016
-0.0202298
-1.12954
0.313411
0.284102
-0.197321
-0.292851
-0.368532
1.33324
-0.395033
1.31812
-0.171251
-1.4599
0.793788
-0.302838
-0.69587
0.115251
-0.473808
1.07768
0.514853
0.579692
0.906263
0.252082
-0.00854154
-1.01766
0.0874348
-0.664523
0.793033
-1.23292
-1.06537
-0.233134
1.24549
-0.00868224
-1.29994
0.522481
0.0189972
-0.754481
0.410903
0.981193
1.05553
0.683889
-0.374504
0.0836241
0.378197
0.402136
-0.0516175
-0.270351
0.730691
-0.0986726
0.949371
0.243375
-1.08386
0.169289
-0.179793
0.0496936
0.00711855
-0.346589
-0.0653
-0.492566
-0.826437
0.324353
-0.613723
0.211372
-0.76126
0.279833
-0.441418
0.426079
0.783172
-0.230883
-0.661244
-0.499387
1.1088
-1.19777
-0.371508
-0.430873
1.73637
-0.626547
1.22113
-0.0230191
-0.157256
-0.53003
-0.0465191
0.285897
1.63311
0.103666
0.569566
-0.112576
-0.386957
-0.437797
-0.425207
0.302286
-0.0263785
1.15841
-1.25056
-0.376583
0.970805
-0.0422715
0.752185
0.172784
-0.894991
-0.691178
-0.597685
-0.325075
-0.556175
-0.64205
0.390216
-0.274764
-0.94115
-1.80426
0.111594
-0.426681
0.22087
-0.198383
-0.536533
-0.010115
0.239679
-0.939157
-0.024723
-0.853634
0.932767
-0.438233
0.262601
0.0330009
-0.604371
-0.902387
0.0567911
2.18056
0.855677
0.621483
0.536063
-0.452763
-0.518517
-0.042537
0.139236
0.188888
0.245324
0.02235
-1.31182
-0.309977
-1.71297
0.401408
-0.82935
0.139121
0.139944
1.01407
0.783537
-0.587718
-0.0140279
-0.230596
0.275504
-0.482334
-0.973857
-0.718069
-0.0678586
0.171442
0.015535
0.370858
1.14529
-1.36942
-0.800851
0.209504
0.647376
-0.0841777
-0.990234
-1.32626
-0.645823
0.0758273
-0.669833
0.0823011
-1.145
0.0629668
-0.327643
0.32461
-0.0481292
0.280357
-0.205906
-1.05327
0.754315
-0.772259
0.45396
-0.27775
-0.0828431
-0.703959
-0.458088
-0.584853
1.28195
-0.526334
-0.743253
-0.527835
-0.0320883
0.988353
-0.628311
-0.446855
0.526838
0.797111
-0.274031
0.219845
-0.096065
-0.167022
-0.105871
-2.23689
-0.450832
-0.695762
1.0467
1.05895
0.153645
-0.170192
-0.0961291
1.27265
0.305176
0.578201
-0.347323
-0.788098
-0.0261344
-0.0123714
0.260343
0.858473
-0.234047
0.616922
-1.09622
-0.0662689
-0.629326
0.599383
-0.506515
0.134989
-0.393537
-0.573185
0.64178
0.108137
-1.55758
-0.516929
0.0035912
-0.206931
0.658312
-0.0913931
-0.564958
-0.0883412
-0.64282
-0.159049
-0.252127
0.0182531
-0.61371
0.755369
-0.724627
0.149952
0.548681
-0.1959
-0.431343
-0.595543
0.905935
-0.968621
0.635942
0.619272
-1.44537
-0.117708
0.135638
1.42052
0.17299
-0.534555
-0.426162
-0.63375
-0.574937
0.571912
-0.790812
-0.778599
0.0605999
0.584601
1.27274
0.447306
-0.214723
0.324216
-0.162393
-1.34367
-0.761701
-0.0998744
-0.136455
0.234014
-0.14999
-0.000599409
-0.969905
-0.0348128
-0.146919
-0.156078
0.331263
0.0857401
-0.0676709
-0.110088
0.255869
0.348967
1.10786
-1.36055
-0.199225
-0.377864
-0.690929
-0.470986
-0.168776
1.46262
0.238759
0.15223
1.42536
0.346107
-0.356425
-0.255898
0.412391
-0.338805
-1.1923
-0.525985
0.73979
0.9578
-0.783303
0.638982
-1.13827
0.053702
-1.18712
-1.04135
-0.658808
-1.18644
0.504488
0.831803
-0.15265
0.30768
0.226195
-0.506578
-0.331558
-0.200065
0.824389
0.980512
1.05187
-1.21025
1.27558
0.0276112
1.06663
0.261438
0.211182
0.0761352
1.31916
0.594995
-0.569507
-0.502923
-0.982569
-0.36367
0.649745
1.02819
-0.177643
0.270966
-1.38679
-1.36066
1.23334
0.695335
0.25118
-0.442416
0.734417
-0.828746
-0.888983
0.29012
1.23095
1.07593
0.835254
0.964972
0.336154
-0.0529127
0.76374
0.863554
-0.705103
0.627358
1.13858
-0.694436
0.136184
0.627688
-0.0146896
-0.396485
-0.409977
0.864329
-0.285358
-0.0602038
-0.124264
-0.211374
0.426032
0.019188
-0.508883
1.54548
0.16053
-0.325353
0.477171
1.2
-0.0819377
2.16101
1.0517
0.26651
-0.972905
0.661149
0.478196
0.690255
0.380816
0.178197
0.588754
-0.716378
0.127981
-0.033169
0.965344
-0.50449
-0.442187
-0.783077
0.430818
-0.380662
0.346742
-1.78864
0.789162
0.33442
-0.544488
1.44596
-0.214768
0.336273
0.101663
0.493308
0.124714
1.02994
-0.604275
-1.22108
-0.0786746
-0.116114
-1.9334
-0.739187
0.953124
0.0673616
0.761172
-0.165778
-0.656212
-0.236192
-1.16117
0.454515
-1.12907
1.20503
-0.594465
-0.108532
-1.02637
0.675628
-0.42884
-1.2519
-0.33799
-1.06654
0.967613
0.132314
-0.665044
-0.355912
-1.07787
-0.00194645
1.14478
0.448862
0.619494
-0.246263
-0.029125
-0.441225
0.398655
1.4087
-0.997084
0.870564
0.461195
0.152719
1.10908
-1.361
-0.182976
0.817754
0.452282
0.700766
0.0170026
0.132407
0.635745
-0.111099
0.0208905
-0.848551
0.248279
-1.15549
0.891107
-0.230274
-0.225316
0.253585
0.362093
-0.014473
-0.475614
0.243139
-0.398123
-0.635586
1.56059
-0.683856
0.368545
-0.89359
-0.252942
-0.179088
1.16098
0.947229
0.226238
0.903674
0.213589
-0.18894
0.826794
-0.473499
0.196132
0.542125
-0.180229
0.68077
-0.0453166
0.385468
1.00725
0.407069
-0.15311
-0.803572
0.548525
0.687038
-0.55103
0.401755
0.25628
0.249377
-0.273715
0.106289
-0.307376
0.0856547
-0.352716
-0.481335
0.0566816
-0.764973
-0.0459807
-0.317289
0.325873
-0.000397707
-1.31278
-1.04981
-0.0284872
0.775922
-1.18616
0.950129
0.240498
-0.340817
-0.0547845
-1.1683
-0.265157
-1.03694
-0.127092
0.76567
-0.302882
-0.229568
0.152033
-1.77017
0.0598615
-0.233324
1.68359
0.338135
0.381477
-0.687588
0.306141
-0.418006
-0.335254
-0.159357
-0.0643613
-0.857756
0.277052
1.15365
-0.0338751
0.449631
0.225535
0.826445
0.886938
0.449683
0.192458
0.575202
-0.118156
-1.08145
0.342764
0.00349859
0.608237
0.56826
-0.390031
-0.290891
-0.249685
-0.486521
0.95342
-0.198692
0.275307
-1.21002
-0.683564
0.469626
1.78455
0.382369
0.295006
0.436718
0.855691
0.0612534
-0.301826
-1.27186
-0.227755
0.101933
-0.0448198
-0.00204043
-0.272979
0.311975
-0.969508
-1.22108
-0.369203
-0.0137469
0.966391
-0.378204
-0.252859
1.46057
-1.16351
-0.636281
0.166152
1.24794
0.226002
0.7849
-0.103666
0.613261
-0.270069
0.36244
0.0380141
0.577647
-0.279201
0.916172
0.137323
-0.858751
-1.17102
-0.620183
-0.265072
0.14896
-0.330365
-0.675909
0.416294
-0.261928
-1.3517
-0.291852
-0.398721
0.880767
0.325748
0.384834
-0.674078
-1.02087
-0.728478
1.40697
-0.412371
-0.280318
0.10773
-1.94165
-0.747096
-0.735991
-0.692272
-0.174373
-0.64153
0.428346
-0.518961
0.277376
0.153708
-0.162873
-0.848238
-0.373205
-0.463324
-0.378172
0.191175
-1.83864
-0.165407
-0.292262
-0.127365
-0.764814
0.290602
-0.284261
-1.57169
0.0342603
1.15197
1.46981
1.35604
0.545961
-1.05643
-0.277439
-0.0257117
0.232756
0.931743
-0.467991
0.838959
-1.39583
0.775639
-1.12677
-0.12685
-1.04503
-0.398863
0.623228
0.866087
-0.190507
-0.0931164
0.425285
-0.595751
0.501973
1.55563
-0.750492
0.0954735
-0.120684
0.738239
0.404479
0.207697
0.155214
-0.455904
-0.363718
-0.795242
-0.516467
-0.602179
-0.344732
0.839912
-1.28915
-1.43961
1.32917
-0.0958006
0.0718031
-0.344529
-0.263304
-0.744028
0.0696862
0.128253
-0.618314
-0.473032
-0.243009
-0.599643
0.990906
-0.447306
-0.700001
-0.481633
0.226263
0.384226
-0.848401
-0.935983
-0.992343
1.10548
-0.806321
0.272365
1.63282
-1.12652
0.24901
0.275745
0.0565262
-0.671591
0.142513
-0.408704
1.23061
0.378531
-0.948183
-0.2197
0.437125
0.885394
0.569787
0.221227
0.377487
0.0541431
-0.101414
0.314255
0.141364
0.475839
0.390068
-0.249638
-0.325239
0.0665006
-0.213715
0.757972
-0.0780717
-1.09368
-0.186123
1.06729
-0.430785
-1.14167
-0.121769
-0.0465006
-0.049332
-0.52861
-0.541635
0.643558
-1.00078
1.63839
-0.535588
-0.321567
1.98636
-0.905767
-0.00293046
0.400722
-0.255096
0.135417
0.10409
0.490159
-0.0472599
0.689278
0.861442
-0.550855
-0.379573
0.0501944
0.154327
-0.21917
0.170939
-1.36033
-0.341236
-0.00474149
0.0194731
0.863039
1.08921
0.469282
-0.94035
0.485586
0.186269
0.235429
-0.0824391
1.16787
0.683491
0.358425
-1.08836
0.150171
0.535765
0.608562
-0.360075
0.226453
-0.285009
-0.565588
-0.473231
-1.27077
0.353792
-0.226455
0.0668557
-1.0999
0.0590385
-0.565545
0.297863
-0.934235
1.21205
-0.75314
0.732687
-0.631052
-2.37552
0.655938
1.10097
-0.0245836
-0.590646
-0.50641
-0.345705
-0.122786
0.466139
0.20121
0.173198
0.279267
-0.83196
-0.539633
0.752938
-0.031072
-0.0348591
0.297522
0.606097
-0.0941268
-0.643152
-0.958065
0.386861
-0.399089
1.10945
0.575251
-0.684667
0.135387
-0.38603
-0.219829
-1.35002
1.0465
0.531339
-0.548178
-0.0127062
-0.534345
-0.7666
0.0541108
-0.17441
-0.0971813
-0.113366
0.991057
-1.03322
-0.234785
0.270072
0.103114
0.332394
-0.203646
0.181569
0.612139
-0.558308
0.416171
-0.633147
1.58233
2.26129
-0.198852
0.0883789
-1.04329
0.476565
-0.367701
-0.0187818
0.551401
-0.418334
0.0359711
0.271034
-0.105412
0.142417
0.0374681
1.00542
-0.51065
0.440002
-0.596855
0.0893555
0.430613
0.0637842
0.205875
-0.08743
0.807065
-0.385202
-0.329658
0.378693
-0.0354101
1.2979
0.483352
0.675415
1.14813
0.641025
0.159304
-1.05019
0.684246
-0.259356
-1.18922
0.87941
2.00645
0.16961
0.390069
-0.106757
-0.703844
-0.369835
-0.574574
0.970537
1.47552
0.124157
0.00623075
0.18123
0.292566
0.449546
0.434401
-0.132813
-0.846577
0.185346
-1.13711
-1.17834
0.41344
-0.743645
0.264782
1.17446
1.32299
-0.195303
-0.482894
-1.09787
1.31351
0.246363
-0.332512
0.335754
-0.64385
1.07594
-0.0286187
-0.74649
0.110152
-0.539843
-0.603745
-1.06707
-1.15668
-1.15206
-0.495573
0.319931
-0.664681
0.173545
-0.728933
-0.574964
-0.92507
0.505143
-0.803569
0.584009
-1.15398
-0.223734
0.577953
-0.646015
-1.91392
0.322349
1.15905
-0.279829
-0.324406
-0.214829
0.385086
0.240719
-0.491092
-0.0203605
2.0102
0.702147
0.603489
0.321487
-0.136837
0.819697
0.0718441
-0.0235717
-0.128321
-0.387282
-0.556639
-0.426002
0.570323
0.342211
-0.20382
-0.056534
0.780797
-0.766571
-0.402203
1.04496
0.311341
-0.196981
0.0813587
-0.936853
-0.842895
1.34172
0.821999
1.35643
-1.21462
-0.956759
-0.192567
0.08929
1.04029
-1.01873
0.0788297
0.0641215
-0.63497
-0.335678
-0.530264
0.241911
0.817474
0.50187
-0.314567
0.889426
0.287828
-1.33744
0.138985
0.223059
0.397075
-0.275104
0.869007
0.141941
0.239423
0.434388
-0.143597
-0.712206
0.471703
0.518586
-0.20128
0.492078
-1.16902
-0.510286
0.0728201
1.12494
-0.65872
-1.31037
-1.14982
-0.501059
-0.40295
0.357692
-1.27404
-0.20686
-0.368029
0.814245
0.561322
0.210177
-1.14623
0.297077
1.10658
-0.659725
0.904816
0.0825773
0.196546
-0.174714
0.339686
0.905842
0.151208
-0.0289511
0.765654
-1.10284
0.308754
0.339759
0.474614
0.826582
-0.806639
0.712439
0.985545
-1.13633
0.67884
-0.359049
-0.426485
-0.154102
0.0326485
0.452591
0.696376
-0.743158
0.0853258
0.423446
-0.455096
-0.426754
-0.144515
1.046
1.10557
-0.259918
0.573627
-1.21183
0.720339
0.271653
-0.338565
-0.643853
1.04112
-0.514167
0.655044
0.140709
-0.020026
-0.491197
0.321981
0.0314858
-0.314183
-1.24613
-0.38463
-0.0241072
0.932986
-0.930115
-0.0576208
-0.695893
0.0224968
0.782016
-1.09491
0.487542
0.0237164
1.18653
-0.259857
0.437624
-0.954784
-0.852043
-0.206317
1.10765
0.796584
-0.1482
1.16609
0.0275015
-0.00220172
0.669222
-0.819053
-0.442552
0.15707
-0.323247
-0.745503
-0.677814
-1.09733
0.576119
-1.04615
-0.0521397
1.35007
-1.28001
-0.0794949
-0.198063
1.76013
-0.217937
-1.33642
0.79018
0.706122
0.317512
0.696864
-0.838333
0.454032
-0.661373
-1.10232
-1.08343
0.116754
-0.00429524
-0.236737
1.27145
0.778244
0.755312
-0.34646
-1.13421
0.060355
0.343542
0.544848
-0.824517
-0.24281
0.561915
-0.278749
-0.828018
1.21742
0.453884
0.300307
0.416899
0.564938
-0.643242
0.335896
0.788925
0.839976
-0.937958
0.801644
-0.1526
0.450762
0.854463
-0.0575081
-0.955959
0.18372
-0.509323
-0.230754
0.032439
-0.0810064
-0.328935
-0.268239
0.624621
-0.913047
-0.284018
-0.727865
-0.364274
-0.236646
0.717281
-0.263169
-0.866423
-0.621816
0.715046
-0.718856
-0.248325
0.531862
0.738391
-0.468768
0.013226
1.05951
-0.639664
-1.08131
-0.209406
-0.619545
0.105862
-0.170937
-0.480607
-0.0671432
0.246911
-0.401175
-0.818417
0.71069
0.0536878
0.569359
-0.597406
-0.829488
-0.0968153
0.423728
-0.0232226
-0.855351
-1.36455
0.45236
0.197445
-0.638903
0.117145
0.0388755
0.72639
0.315446
0.252602
0.267499
-0.410612
1.75455
-0.983753
-0.339446
-0.562331
-0.198705
0.662628
-0.213054
0.302133
-0.393727
0.546363
1.03052
-0.525689
-0.762317
0.291146
0.192312
0.0164253
0.00444302
0.531281
1.34513
0.255887
-0.367301
0.203455
-0.0388775
0.547821
0.228217
0.179048
0.163559
0.551217
2.08947
-0.335175
0.989697
-0.0146179
-0.11742
-0.365685
0.268596
0.861215
-0.164976
-1.62765
0.514828
-0.14298
0.0903145
0.0559219
0.574647
-0.63596
0.0578746
0.0824411
-1.10951
0.161806
-0.815885
1.38207
0.658417
-1.60275
1.11868
-1.42936
0.511318
0.399211
-0.022944
0.580652
-0.54902
0.697789
-1.32078
0.54987
-0.0408286
0.498255
-0.624487
0.577069
-0.0493178
-0.694822
-0.165304
0.145893
-0.559942
-0.952336
-1.20275
-0.220367
0.391704
-0.0130098
0.765915
0.934086
-0.888163
0.476485
0.701501
0.571851
0.975809
0.941018
-0.119893
-0.404043
0.0656891
-0.103578
0.0136869
-0.286241
0.319269
-0.0976428
-0.0836814
-0.31882
-0.349497
-0.609515
0.110104
0.211856
-0.282239
0.263329
-0.443123
-0.100221
-0.213355
-0.391365
0.204329
-0.231929
0.461947
-0.132023
-0.151794
-0.583139
0.454061
-0.27654
0.277772
0.373198
0.904747
1.6157
-0.363938
0.253785
-0.653525
-0.855933
0.427933
-1.04423
0.322416
0.467252
0.536503
-0.747817
-0.150179
-0.323839
0.87889
0.0547281
-1.51533
1.97387
0.807462
-0.746975
0.639906
-0.262914
0.101467
-0.647956
-1.32286
-1.61087
0.67262
0.91652
0.150604
-0.398097
0.81142
0.494797
0.184789
0.538825
0.910501
-0.966412
-1.21994
-0.493214
-1.3312
0.283417
-0.497653
-0.385255
1.32636
0.109833
0.515147
0.231569
0.939684
-0.318177
0.654757
-0.785684
-1.90059
0.192726
-0.445798
-0.30951
-0.450762
-0.672396
0.936143
-0.0209325
-0.0819901
0.896856
-0.0263522
1.27777
-1.2009
-0.658797
-0.12649
0.296063
1.08661
-0.233821
1.37169
0.448187
-0.995458
-0.401084
1.17446
0.364416
-0.0765416
-1.99181
0.844788
0.284673
-0.375865
-0.998371
1.25209
1.3269
0.170425
0.939511
-0.423603
2.13566
0.249195
-0.39186
-0.636275
1.12001
-1.08664
1.28436
0.161806
-0.497014
-1.04887
0.76648
0.544355
-0.652966
-0.0979612
0.725463
0.0172279
0.335707
-0.547486
0.144704
0.31592
-0.556756
0.650475
-0.688558
0.81534
0.470182
0.433511
0.440911
-0.477591
1.40763
-0.7496
0.959582
1.02567
-0.813394
0.597599
-0.00720473
0.274989
-0.231191
-0.287799
1.32632
-0.155449
0.015
-0.336648
0.742745
-0.0171038
0.89318
1.48221
0.498025
0.740467
-0.960695
0.344416
-0.200806
0.999459
-0.305701
-0.472853
-0.214944
-1.14427
1.41781
-0.263373
0.374964
0.680746
-0.0788626
-0.688885
-0.0184013
0.302169
0.47525
0.296589
-0.24001
0.897938
-0.077241
-0.832446
-0.187455
-0.790186
1.35739
-0.776888
0.656005
-0.409825
-0.495489
-0.561509
0.930262
1.41653
0.916666
0.0114716
0.681953
0.88653
0.426811
0.0604714
0.427241
-1.41848
-0.842745
-0.0566939
0.810622
0.446049
0.280473
0.715205
0.52342
-0.138535
0.547272
1.18387
0.445676
-0.459188
-0.211462
-0.831364
0.344384
-0.328379
-0.250617
0.481587
0.45704
0.106558
-0.373966
-0.781904
0.0114665
0.310361
1.44764
-0.297999
-0.353769
0.660301
-0.750569
0.80899
-1.16676
-1.25371
-0.798613
-0.259371
0.550305
-0.318428
1.18626
-0.151065
-0.75236
0.851758
-0.530198
0.370641
-1.37851
0.168874
0.172692
-1.34555
0.187668
0.586027
-0.595113
0.788544
-0.0517628
-0.272753
0.0621078
0.416288
0.759154
-0.219475
-0.900916
1.65957
-0.511597
0.388582
-2.04957
0.73578
0.374795
-1.21197
0.740326
0.257728
-1.34039
0.873651
-0.557474
1.05772
-0.0140669
-0.204266
0.285458
-0.99629
0.112553
-0.705726
-0.37763
-0.332335
-0.151801
-0.69528
-0.754269
-0.420717
-0.557217
-1.3369
-0.48428
-0.357207
0.557137
-0.066777
0.595456
-0.475526
1.26995
-0.248975
-1.39738
0.110355
0.221955
-0.308622
0.0710803
-1.08204
0.62631
-0.248299
-0.898886
0.935653
-0.269269
0.14655
0.331765
-0.266054
-0.697935
-0.0276793
0.656985
-0.376592
-0.321199
-1.16484
-1.25735
-0.207157
2.2149
-0.706611
0.148939
0.417569
-0.479753
-0.029785
-0.471617
-0.320629
0.711283
0.0361412
0.799861
-0.702659
-0.881832
0.0801019
0.288517
-0.456991
-0.0345304
-0.966887
-0.346929
0.498651
-0.486784
-0.0409252
0.804355
1.40972
-0.808386
0.637098
0.0492079
0.0948019
-0.519118
-0.201337
0.79879
-0.0613382
0.625411
1.22991
-0.0161179
0.20105
0.47903
0.418169
0.524816
0.597653
0.51694
-1.1242
0.0420933
1.2181
-0.5
-0.153987
0.502253
0.216918
-0.301972
-0.530645
0.564649
-0.337416
-0.352619
-0.726074
-0.328613
0.116432
1.17402
-1.28669
0.90734
-0.629302
-0.0890691
-0.16512
1.33061
-0.505243
-0.41029
-0.384716
-0.360727
0.705836
1.28896
-0.182925
-0.0254889
0.869684
0.141981
0.462515
0.918913
0.861705
0.669245
-0.286532
0.842846
-0.160036
-0.337225
-0.443193
-0.62672
0.316123
-0.865244
1.37288
-0.647989
-0.0998961
0.0704545
-0.726709
-0.159384
-0.311277
0.79921
-0.0978849
0.903896
-0.59896
-0.938169
0.433352
2.12415
1.29787
0.396882
-0.144368
-0.029335
-1.29863
0.816767
0.319075
0.908111
0.264419
0.724208
-0.628771
0.103505
-0.596596
0.618693
-1.15743
-0.32506
-0.585242
-0.642341
0.170693
0.684486
-1.12868
-0.308261
0.0880933
0.338103
-0.944246
0.271135
-1.15109
1.85101
-0.03728
0.567585
0.355222
0.198478
-0.899185
-0.728557
-1.41674
0.950018
0.34486
-0.110902
0.137486
0.935638
-0.321045
0.10977
-0.513833
-1.11329
-0.511834
-0.638373
-0.0885684
-0.506362
-0.149714
-0.483867
-0.217787
0.636792
-0.144263
0.767627
-0.881474
0.374844
0.0168436
-1.77582
-1.39697
-0.273837
0.235625
0.83508
0.920231
-0.993708
0.334131
-0.223902
0.394078
0.761503
0.358894
0.331381
-0.628829
-0.986679
-0.27336
-0.568738
-0.785102
-0.806056
1.85301
-0.759484
0.309054
-0.111699
1.24447
-0.260548
-0.681594
-0.775475
-0.129429
0.0428523
0.0980534
-0.487097
0.256019
-0.98941
0.190848
-0.507589
-0.514018
-0.680949
1.03092
0.267879
-0.355097
-1.53075
-0.666102
-0.0237927
-0.305736
-0.7253
0.0337058
0.469565
-0.912483
0.718734
0.0958617
0.69409
0.905336
-0.957811
0.268616
-0.20349
0.236021
-0.518821
0.357722
-0.146591
-0.282361
-0.701912
-0.175552
-0.871007
0.495662
0.766403
-0.724691
0.416303
-1.27568
0.855315
0.662207
0.481044
0.490893
-1.53133
0.395653
0.471963
0.982976
-0.423805
0.0149285
-0.607018
0.476221
0.872805
0.164493
0.116633
-0.153552
-0.674801
-0.758362
-1.31234
0.46063
0.248887
1.10123
1.60666
-1.69076
0.288099
0.499159
-0.743754
-1.46509
0.162446
-0.689546
0.370818
-0.798893
-0.186384
-1.14843
0.239344
0.428372
-0.361657
-1.02031
-1.10651
0.411754
1.07988
1.38387
0.555357
0.0732636
0.649656
0.141101
0.0182011
0.603466
0.653506
0.377412
0.0771265
1.01345
0.236976
0.0311215
0.208357
0.483584
0.555508
-0.212474
-0.57286
-0.500864
-0.541022
0.715214
0.0881065
-0.703099
-0.407224
-0.603132
-0.532657
-0.877302
1.10214
-1.00473
-0.645347
-0.207635
-0.182507
-0.582489
-0.871529
0.358955
1.73346
0.721136
-0.772129
-1.0245
-0.404637
-0.393762
0.530428
0.0116789
0.738928
0.165704
-0.883287
-0.0927875
0.400088
-1.49737
0.195096
-0.477208
-0.369784
0.224635
1.10829
0.434908
0.196115
1.21846
0.358868
0.258752
-1.2465
-0.444779
-0.982409
-1.06502
1.24381
1.0556
-0.151861
-0.570363
-1.17275
-1.37338
-0.450089
0.158306
-0.393804
0.341136
0.345513
-0.223665
0.130668
-0.0764349
0.0961012
0.824057
-1.18413
-0.308033
-0.829311
0.989889
0.0143542
0.197564
-0.0984624
1.064
0.740903
0.104514
-0.465158
-0.970895
1.51732
-0.150312
-0.267339
0.501232
-2.04832
-1.24991
-0.946236
-0.16839
0.40262
-0.262806
-0.540409
0.339843
0.0114873
-0.20123
0.583658
-0.583857
0.510045
0.283175
-0.099562
0.173533
0.688575
0.508442
0.533196
0.428812
0.150851
1.55753
0.767262
0.396253
-0.412333
0.594265
-0.229681
0.289082
-0.966055
-0.240153
0.279822
-0.0283591
-0.771421
-0.230371
-1.21781
0.437633
1.26289
0.482683
0.465715
0.642672
1.03234
0.359076
-0.600272
-0.790201
-0.908763
0.057737
-1.14332
0.793648
-0.234105
-0.06767
-0.193858
0.38976
0.757748
0.138843
1.00837
-1.15756
-0.0735263
0.0550307
0.439412
-0.128595
-0.367941
1.01971
-1.28167
-2.12839
-0.711902
-0.129506
-0.489999
0.421939
-0.365156
-0.410225
0.55289
-1.03909
0.162906
1.40737
0.112009
-0.808138
-1.93479
-0.133713
-0.847773
0.475609
-0.0994143
0.731305
-0.0643875
0.521258
1.15623
-0.767931
0.444418
-0.0613481
0.915322
-0.10361
-0.529608
1.01469
-0.754289
0.220777
0.445314
1.0793
-0.00751122
0.480218
0.189957
-0.173955
0.178184
1.07613
0.513389
1.17867
0.19041
0.328093
-0.184714
-0.186979
1.47092
-0.695594
0.182752
-0.284226
-0.0512262
-1.0421
-0.425966
0.283135
-0.809586
1.01485
0.00573948
0.577105
0.707068
0.0206838
-0.556045
0.717804
0.777513
0.48897
0.558409
-0.250583
0.0369897
0.590675
-0.713938
1.06074
1.22236
-0.834111
-0.221243
0.28784
0.915716
0.204825
-0.248078
0.556347
0.552769
0.998131
-1.07387
1.52599
0.914793
-0.00388291
0.450636
0.189824
0.935835
0.722146
0.248436
-1.72204
0.847173
-0.417492
0.373389
-1.30918
0.551431
-0.0805374
0.0153762
-0.000364763
0.0325855
0.225563
0.299449
0.35301
0.692834
-0.122818
-0.170343
-0.00282478
1.01118
-0.203957
1.03739
0.512878
-0.585626
-0.565279
-0.0802303
-0.138327
1.18438
-0.599679
0.589458
0.0498386
-0.785809
0.269315
-0.125184
1.08069
-0.0165548
0.405627
0.0281472
0.128167
0.200117
-0.118392
0.326718
0.494784
0.676899
-1.59381
0.829857
-0.815056
0.617576
0.668998
0.523503
-0.989759
0.414509
0.390439
-0.125348
0.958028
-0.332533
0.163809
0.282172
-0.58739
-0.404718
0.365106
0.689999
-0.306666
-0.495166
0.30377
0.260323
0.227096
0.419724
-0.826188
0.396265
-0.7796
0.10618
0.719226
0.719343
1.14439
1.27877
-0.233573
-0.369876
0.717853
-0.245823
0.198503
0.131991
-0.660844
0.150605
-0.0427111
-0.143891
-0.0314817
0.454936
-0.0617652
0.6935
0.726323
0.196821
1.06834
1.59543
-0.394462
0.106539
-0.3952
0.91699
0.253465
0.0409078
1.03676
0.68751
-0.117807
1.24143
0.186488
1.13748
-0.580825
-0.539981
0.576709
0.964389
0.0846493
0.0818186
-0.0506301
0.75006
-0.208547
-0.950848
0.094868
0.845001
-1.77845
0.00622216
0.211033
-0.948114
-0.123001
-1.59106
0.819486
-0.243486
0.438436
0.40234
-0.858806
-0.100488
-0.0876974
-0.102307
0.246447
-0.481729
-1.10979
-0.0670581
-0.299028
1.11644
-0.632016
0.265285
-0.161919
0.131254
-0.967013
0.910422
-0.123572
-0.123417
-0.00410402
0.719426
-0.113177
0.531685
-0.853901
-0.552096
-0.823695
0.380873
-0.077996
0.532666
0.310013
0.015875
0.0656244
0.243878
0.972478
1.08661
-0.549619
-0.0272949
-0.0894325
1.11469
0.825608
-0.146302
-1.27926
-0.0467659
0.49294
1.18114
0.335297
-1.02736
-0.334775
0.242618
0.448871
-0.743255
0.830885
0.230764
-0.299973
-0.513547
0.492615
-1.03999
0.0334958
1.05916
0.510546
0.238299
-0.726291
0.341042
-0.925371
-0.316149
0.234082
0.307793
-0.796295
1.23571
-0.358855
-0.131712
0.216336
-0.25605
-0.135395
-0.0208447
-0.12411
-0.440587
-0.353546
-0.443914
0.139598
0.271303
0.572259
-0.549775
-0.468626
0.292982
0.967055
0.688078
1.42578
-0.271976
-0.0672633
0.357849
1.23159
-0.0169366
0.115921
0.477967
0.0217712
0.590677
-0.14023
-0.0595013
0.74074
-0.265847
-0.213811
-1.24257
0.537495
0.976319
0.875212
0.346122
-0.228593
-0.157421
0.525175
-1.46609
1.06292
-1.77212
-0.0437564
-0.17074
-0.265131
0.185852
-0.295091
1.26231
1.33523
0.100338
0.0559152
-0.944216
-1.79086
0.409583
-0.0874167
0.889373
-0.751446
0.225064
0.406463
0.98078
0.168876
-1.20342
-0.796951
-0.224116
-0.180225
0.501273
0.217044
0.208556
-1.1354
-0.389301
-0.767886
0.133811
0.222236
-0.961409
-2.13377
0.466705
-0.428654
-1.06424
0.131587
0.685735
-0.478543
0.0080806
0.962674
1.6306
0.527934
0.296575
0.0858892
-0.613613
-0.369469
-0.0381004
0.206966
-0.452922
0.797949
-1.10315
-1.60166
0.442063
0.641659
-0.182501
0.0324435
0.412436
0.0184458
1.6499
0.0527767
-0.71279
0.47137
0.689056
0.37022
-0.473519
1.00249
-0.874871
0.171604
1.65785
-0.487144
0.614985
-0.459029
0.549561
0.351192
0.487893
0.0723137
-0.799569
1.08336
0.492558
0.391226
-0.469172
0.492591
0.762958
0.498972
0.462744
-0.414007
0.176057
1.09578
0.152693
0.642653
0.298989
0.125576
1.45125
0.59782
0.193887
-0.957034
1.15427
0.714351
-0.146595
0.128402
0.320994
-0.477042
0.303412
0.391848
-0.292572
0.403876
-0.836876
-1.15908
-0.785789
0.940565
0.633518
-0.744763
-1.16067
-0.543671
-0.306582
0.0307576
-0.732538
0.5064
-0.647631
0.673625
-0.836779
-1.6707
-0.42955
-0.00632857
0.139056
0.967816
-0.153633
1.67158
0.0673438
-0.500491
-0.594665
0.786181
0.829881
0.321968
-1.12652
0.388902
1.28071
1.26775
-0.701791
-0.167651
-0.127005
1.25316
0.167124
1.13468
0.0227259
0.404804
-1.29894
-0.988028
0.556093
0.360161
-0.323631
1.13308
-1.18311
-0.768171
-0.417008
0.676341
-2.39944
0.587415
0.713804
-0.802128
-0.389463
0.531844
0.561105
0.594876
0.233203
0.484274
-0.056992
0.381932
0.484484
0.537958
-0.229118
0.256244
-0.163734
0.210444
0.46616
0.900602
-0.816378
-0.499939
0.24798
-0.308891
-0.302618
-0.647824
1.08162
-1.11675
0.644479
-0.311528
0.708813
0.745152
-0.665138
-0.672002
1.29043
0.00882178
-0.715835
-0.388904
-0.727331
-0.0904985
-0.589773
1.89662
0.241672
0.605298
-0.739724
0.166578
0.658223
0.0871128
1.24488
-0.295747
0.47485
0.357969
0.549285
-0.415301
-0.991172
-1.31907
1.36516
-0.467497
-0.144561
-0.799218
0.405017
-0.643814
1.93054
0.236011
1.05562
0.273645
0.215045
-0.715689
-0.049049
0.143996
0.022906
1.66766
1.20026
-0.208457
0.907477
0.252299
-0.52496
0.721077
-0.671487
-0.905447
0.398577
0.968258
-0.427785
-0.749141
-1.14413
-0.184528
-0.429162
0.273615
1.68856
-0.263767
0.448655
0.110814
0.869024
0.819688
0.663379
0.665617
0.812142
0.487925
-0.653848
0.664645
0.0920232
-0.196402
1.17592
-1.39959
0.188026
-0.873372
0.675937
0.148165
0.7166
0.0971567
-1.17998
0.104569
1.51421
0.390996
0.312258
-0.258528
0.359602
-0.655911
0.0896342
-0.925933
0.170892
0.628078
-0.922747
-0.758015
0.675284
0.493751
-0.230053
-0.143812
-0.300016
-1.11516
0.591474
-0.244227
-0.832454
-0.272257
0.554447
0.190943
0.151305
-0.203461
0.148594
-0.0136887
0.00810772
0.000461206
0.807715
0.0172795
0.0686657
-0.0809935
-0.254444
-0.00522959
-0.186558
0.332245
0.879684
-0.0716648
0.542244
-0.377213
-0.43964
-0.598722
-0.613066
0.0555144
-0.0478054
0.369052
-1.31839
-1.06816
0.851323
0.445892
0.421257
-1.43341
-0.632256
-0.814159
0.986274
0.0562741
-0.879986
0.881027
-0.772688
-0.667552
-0.426601
-0.910079
-1.03772
-0.479725
0.753546
0.394471
0.47664
-0.236563
-0.00603221
-0.55065
0.00516325
-0.322922
0.129912
-0.633751
-0.260325
0.896799
-1.02296
0.333538
-1.72894
-0.313125
0.647307
-1.34738
0.136062
0.255195
-0.326148
0.929807
0.603115
-0.439151
-1.13477
0.285715
-0.206344
0.199287
-1.07032
0.346374
-1.02925
0.997409
1.19746
-2.42409
-0.427424
0.780567
-0.689721
-0.610181
1.64031
0.50362
0.0994357
-0.296248
-1.35016
-0.157074
0.174194
0.347124
0.0238883
-0.849285
0.0974219
0.588194
-0.9473
-0.0418871
0.57812
0.492975
-0.0368437
0.293506
-0.649973
-0.0950732
0.80565
-0.0554
-0.630383
0.112553
-0.0416322
0.185069
-0.216844
-0.239953
0.294844
1.66947
0.528861
0.869839
-0.327169
0.502069
0.673224
-0.261077
0.467578
0.423672
1.15013
0.534593
-1.19969
0.121698
-0.500436
-1.06397
0.308118
0.380765
-0.252772
-0.359398
-1.12079
0.438824
0.784884
-1.2194
-1.34793
-0.217586
0.569202
-0.181663
0.011059
1.07668
-0.857429
-0.162771
-0.997401
1.32865
-0.924163
-0.199788
-0.753253
-0.196481
0.805646
-0.100156
0.569303
1.48258
-0.0881427
1.44884
-0.74148
-0.408396
-0.221887
-0.773122
-0.326124
-0.216943
0.410572
0.17014
0.762379
0.901212
0.73576
-1.26725
-0.313205
0.0194677
1.13669
0.646019
-0.628441
-0.0409128
-0.322843
-0.49029
1.25939
0.0389482
-0.356213
-0.227512
-0.538146
0.742857
0.121653
0.370231
0.215349
1.00093
-0.827052
-1.50241
-1.12541
-0.238171
-0.593998
0.667276
-0.801241
0.144707
0.180371
1.06848
0.463942
1.26572
-0.462023
-1.08697
0.269447
-0.198463
0.452048
-0.342953
0.684737
-0.896633
0.356949
0.382034
0.589297
0.240906
-0.145639
-0.547977
1.45792
-0.137656
-0.250345
-0.0953868
-1.14484
0.526913
0.124051
-0.0457664
0.599869
-0.386464
0.346622
1.13496
0.0173159
0.489178
-0.29903
-0.801252
-0.37491
-0.867942
0.118032
0.446936
0.218953
-0.256905
0.13134
0.0255729
0.41021
1.00653
0.942871
0.202399
0.137198
0.615222
-0.435042
0.217308
-1.23939
-0.245952
1.97372
1.29221
-1.14638
-0.207437
-0.0175192
-0.792698
-0.775461
0.264123
0.0430606
0.666345
-0.364093
1.11116
-0.368457
0.150401
1.01562
-0.169794
-0.747187
-1.45509
-0.805235
-0.237466
1.10823
0.583909
0.967435
0.416133
0.997882
0.21641
0.436741
0.302512
1.01726
-0.157188
0.7312
0.167402
0.809532
0.850385
-0.125702
-1.40062
0.376784
-1.41521
-0.414372
-0.379002
-0.850433
0.362325
-0.0879137
0.0141762
-0.893953
-0.955427
-1.08712
-0.548205
0.549983
0.522727
1.60079
-0.517358
0.870387
0.315153
-1.7829
1.01489
-0.216414
0.0934373
-0.759627
0.111249
-0.468556
-0.691858
0.464331
0.345577
0.178041
-0.398455
0.325054
0.359049
0.0817871
0.377114
-2.29401
-0.284283
-0.42692
0.74356
-0.656414
-0.478736
0.510724
-0.0839472
0.00177628
-0.793559
-0.0384249
-0.544608
0.783674
-0.575139
-0.11971
0.398019
-0.371029
-0.186601
0.674099
1.03569
0.214879
-0.365474
0.758808
0.307781
-0.861855
-0.406271
-0.822613
0.624712
0.757436
-0.783599
0.38955
0.632911
-1.1269
0.1661
0.303632
0.127577
0.0519557
-0.534784
0.099355
0.206529
1.09386
0.75727
-1.41868
-0.179118
-1.0529
-0.691186
-0.503486
-0.284481
0.524399
0.608154
0.495825
0.299156
-1.97832
-0.283917
0.311328
-1.64038
0.817563
-1.89753
0.337319
-0.150388
-0.388795
-1.07218
0.47719
0.440466
-0.585571
-0.530696
-0.904221
0.08404
0.052341
-0.509579
-0.382684
-0.388106
-1.02208
-1.03608
1.28701
0.1743
0.0200895
0.596047
0.257116
0.0159176
0.868337
-1.46892
1.85271
0.464738
-0.856949
-0.508249
0.752679
0.0406199
0.738634
0.58761
0.0557427
-0.411372
1.05057
0.841977
1.028
0.536968
0.811673
-0.548183
-0.727269
-0.152496
-1.37955
0.119043
-1.0329
0.411207
0.926953
0.443442
0.823679
0.0810465
-0.554638
0.401152
-1.32436
-0.206416
0.870461
-1.10984
-0.114707
0.876592
-0.507141
0.417302
1.35383
0.128726
-0.621473
-0.131321
-0.699593
-0.569557
0.472992
-0.0078103
-0.670385
-0.944136
-0.968595
-0.115529
-0.171711
0.202697
0.398165
-0.113049
1.87598
0.691706
0.925566
-0.520267
0.353521
-0.980024
-0.505248
0.448727
1.58939
-1.87333
-0.349351
0.139652
-1.90895
-0.548528
-0.843983
0.568362
0.90808
-0.157677
-0.61862
-0.0467537
-0.0719926
0.460578
-0.519484
0.0423672
-0.0598236
-0.316884
0.743963
-0.203595
1.2101
-0.703075
0.113778
0.650317
0.332738
0.247679
0.360757
0.176306
-0.939039
-1.35131
-0.253709
-0.992412
0.0385483
0.410721
-0.0977831
0.324101
-0.0399752
-1.08098
-0.288151
-0.28611
0.827779
-0.508736
0.0937361
0.916914
0.553919
0.252854
-1.27091
-0.0662198
0.699805
-0.226748
-0.0827319
-0.13202
1.13232
0.046458
-0.541156
-1.63504
0.608717
-0.0209361
0.705116
0.206484
0.494324
0.151626
-0.109323
-0.664683
-0.238961
-0.347961
-0.298871
0.3865
0.971117
0.163442
-0.395777
1.2948
-1.56137
-0.252463
-1.17467
0.707875
-0.10401
1.09714
-1.39859
0.131063
0.491675
1.47088
-0.325029
-0.382712
0.121917
-0.252023
-0.116368
0.677161
-0.252396
-0.973726
0.236608
0.606757
0.836307
0.629328
-0.948019
-0.178096
-1.10187
-0.573395
1.19708
0.621311
-0.776263
-0.505482
-0.0635404
0.161721
-1.26539
-0.705415
-0.195583
0.833465
-0.530911
-0.36252
0.0923472
-1.22926
0.419303
0.119101
0.981281
0.238155
-1.01133
0.086792
0.0454804
0.355887
-0.933307
0.237414
0.72146
0.521256
-0.340299
-1.09486
0.903378
1.07252
0.888842
-1.05512
-0.158336
-0.24276
0.475619
0.0784295
1.48479
-0.0121518
1.71613
-0.0698952
0.0788023
-0.404006
0.0435114
-0.331525
0.205625
-1.58759
1.35081
-0.162211
0.280908
-0.322279
-0.434166
-1.32
-0.287526
-0.109601
0.714727
0.881322
0.249715
0.607375
-0.241565
-1.19719
0.375037
0.484673
-0.242737
1.53579
0.313113
0.0951531
0.675414
0.0314239
-0.423393
-0.0214703
0.124269
0.0604578
-0.815749
0.210941
0.0550513
0.656856
0.536651
0.115989
-0.219705
-0.847267
0.585704
0.45591
-0.219613
0.411726
-1.11081
-0.901805
-0.6915
-1.25121
0.222848
-0.1789
0.968247
-0.495263
-0.501803
0.0130713
0.996925
-0.42219
-0.305035
1.11043
0.464431
0.0636827
1.26252
0.628037
0.0176687
0.0831464
0.155284
-1.01505
0.0939404
-0.746051
-0.854272
0.347844
-0.605687
-0.0124354
0.656765
0.318192
-0.444636
0.866276
-0.0942112
0.579894
0.939333
0.829133
-0.392818
0.375587
-0.769902
-0.397956
1.01255
-0.417029
1.44639
0.497481
-2.14764
-0.0837652
0.569896
0.777339
-0.590025
0.751901
-1.92223
-0.84442
-0.545596
-0.357398
-0.569131
-0.011402
0.511418
-0.998656
-0.870358
0.979438
-0.612904
0.0920414
-0.147021
0.89888
0.434806
1.41945
-0.680754
0.890144
-0.45646
0.525215
-0.940707
-0.428961
-0.512345
-0.222812
0.547782
-0.468263
-1.12967
0.0779843
-0.0769705
0.394269
-0.42624
-0.6634
-0.510646
1.22285
-0.484596
0.425033
-0.771151
0.379688
-0.385064
0.361445
-1.76457
1.55485
0.0768256
-1.05575
-0.678489
0.705689
-0.0981851
-0.0772761
-0.589839
-0.337355
0.240691
-0.507259
0.107088
1.18422
0.311286
0.58544
-0.421119
-0.0446552
-0.325444
1.76274
0.390164
-0.861238
-0.225254
0.984548
-0.254499
0.18368
-0.548513
0.0943606
-0.720575
0.47799
-0.562017
0.473187
0.11213
0.289693
0.051815
0.296082
-1.05855
-0.565157
-1.64686
0.371082
0.0227332
-0.934046
-0.976986
-0.20844
-0.229645
-0.501096
0.765629
-0.202227
-0.158921
-0.352625
-0.52056
0.6737
0.705141
0.458477
0.668233
-0.196045
-0.0399216
0.300034
0.141327
-0.954986
0.436266
-0.220008
0.353617
1.10294
-0.13631
0.55453
0.724094
-0.103802
0.613911
0.361722
-0.921202
1.15381
-1.01575
0.314939
-0.0128178
0.508295
-0.561809
0.289388
0.125322
-0.392324
-0.100503
-0.0528272
-0.729291
-0.117153
-0.391355
0.459441
0.640707
0.245469
-0.234661
0.736883
-0.736585
-0.195696
0.299499
-0.694534
-0.576366
1.22839
-0.0695612
-0.955855
-0.592863
0.581308
-0.780732
0.906289
0.728438
0.483639
1.23313
-0.00167844
-0.653965
0.171065
-1.21277
0.0532955
0.932584
0.734185
0.648417
-0.489135
1.0118
0.393802
0.0641724
0.439867
0.422722
-0.694522
0.292603
0.68375
-0.256403
-0.56613
1.9932
-0.10267
-0.200014
-0.513106
0.605964
-1.07964
0.735119
-0.648538
0.233329
0.245194
0.325708
0.000993616
-0.10031
-0.199702
0.545508
-1.41833
-1.20173
1.00044
0.56846
0.0286664
0.254489
-0.466178
-0.900388
-0.78435
-0.974478
0.652969
1.31845
0.694675
0.445542
-0.147156
-0.631059
-0.972703
1.56815
-0.47041
-0.320283
0.138472
1.33158
0.0625704
0.883156
-1.17477
-0.279883
-0.640708
1.02753
-0.0905045
0.66956
0.709229
0.102598
-0.493685
0.823613
0.649047
1.84183
-0.44031
-0.136922
0.830007
-0.617558
0.833213
1.03251
-0.648407
-0.53308
1.04856
0.353882
-0.685373
-0.05099
0.942877
-0.273567
-0.00763692
-0.639635
-0.389388
0.76205
0.574651
0.577977
-0.02058
-0.185305
0.64176
-1.399
0.376805
0.0929664
-0.273015
0.533289
-1.42916
-1.02431
0.398552
-0.383266
-0.208115
0.0600259
0.809499
0.381753
0.449383
0.181497
0.0970652
0.59422
0.0901353
-0.133055
-0.131996
-0.0784608
0.295868
-1.14059
-0.150527
-0.573342
-0.507593
-0.0161441
0.790127
0.801403
0.520159
-0.864433
-0.245193
-0.815428
1.94683
0.513456
-0.00865859
-0.332515
-0.0388197
0.525442
0.769112
0.670284
-1.13434
0.181051
1.35047
0.223541
-0.414795
0.428259
0.464614
-0.0159861
0.241455
-0.489173
-0.793496
0.264973
-1.00749
0.504847
-0.677761
1.26028
-0.716935
0.910606
0.614025
0.0696569
-0.0238148
-0.125787
0.704924
-1.0024
0.543508
-0.563814
0.855167
-0.607179
0.375562
0.626975
1.00843
-0.908461
-0.0205262
0.894886
-0.212382
0.37141
0.16353
0.257014
-0.25548
0.0944814
-0.841721
-0.344951
0.783057
1.03836
0.393447
-0.643168
-0.859116
-0.109669
1.01656
0.156959
0.734898
-0.795205
-0.89164
0.294755
0.971963
0.635862
-0.648873
0.470426
1.08163
0.39363
-0.252262
-0.880568
-0.130319
0.900554
0.377153
-0.999757
0.454879
0.0207246
-0.549216
0.739806
-0.0916632
-1.79438
-0.403558
-0.367619
0.290646
0.318578
-0.55867
0.466613
1.15233
-0.385303
0.507868
0.55645
-0.78855
0.8132
-1.32319
-2.03172
0.467439
0.815037
0.0718711
-0.848741
1.05132
0.706503
-0.334198
1.10651
-0.293338
0.615438
-0.551605
0.610265
0.065649
0.811346
-1.28873
-0.214278
-0.0806641
-0.190083
-0.0541047
0.704007
-1.08602
-0.227241
0.296693
0.362794
-0.387068
0.227694
-0.0687734
1.07261
0.581012
0.47591
-0.781327
0.193202
1.82976
0.657208
-1.42831
0.516381
0.494547
0.0343336
-0.0676293
-0.0314149
-0.356512
-0.339609
-0.0625568
0.602437
-0.542834
-1.02294
-1.11717
-1.26423
0.0664183
0.216758
-0.121043
1.24626
0.849947
0.438332
1.86337
2.10633
0.661967
0.224121
0.89776
-1.20149
0.0287457
0.140159
0.0513252
0.653175
0.889379
-0.835527
0.551028
-0.7523
0.773516
0.504987
-0.285215
0.0804242
-0.712549
0.860922
0.953475
-1.11792
-0.663004
-0.103211
-1.00046
-0.074282
-0.483666
-0.567872
0.853381
-0.47651
-0.0149306
0.457721
-0.772555
0.191781
0.212563
1.49297
-1.13186
0.853454
-0.393919
-1.43532
-0.209405
-0.473763
0.669336
-0.883414
1.88604
0.31457
0.478291
0.786848
-0.428215
-0.480504
-0.321303
-0.0498693
-0.520282
0.698975
0.754193
1.4512
0.835544
0.219126
0.211254
0.557
-0.675533
0.493031
-1.32053
1.67649
0.94438
1.24557
0.33386
0.0371592
0.455833
-0.934586
-0.497394
1.08824
-0.305625
0.318287
0.763698
0.644506
0.0180385
0.78407
0.653816
-0.154202
-0.726332
1.02001
-0.861182
-0.140231
-1.03591
0.448801
0.341315
1.31094
1.58404
0.664221
-0.232636
-0.103687
-0.578062
1.85718
-1.06922
0.108381
0.68263
-1.71672
0.224529
0.31878
-1.00592
0.444602
-0.909
0.853022
0.0196369
-0.561864
0.648178
0.492532
0.446508
-0.602901
0.0821839
1.00205
-1.05944
-0.210107
1.59931
0.339569
0.289754
-0.399642
-0.778728
-0.963963
0.931487
1.07408
0.153269
-0.558751
0.189292
-1.54239
0.0856822
0.581583
-0.0626285
-0.13395
0.203678
-0.649477
0.164731
-0.713521
0.676797
-0.41606
0.252773
-0.0986087
0.604226
-0.576056
-0.611496
0.764491
-0.723533
0.16525
0.928669
0.439049
0.3308
-0.597557
0.370555
-0.857483
0.598591
0.0358102
-0.0480517
0.897995
-0.754516
0.114328
0.283807
-0.427501
-0.375734
-1.18164
0.867402
-0.371015
-0.670237
1.19092
0.966882
0.217778
-1.11437
0.915827
0.59147
-0.67198
0.850646
0.866388
-0.366606
0.86651
0.257536
-0.428433
0.87623
0.551518
-0.861404
0.421215
0.631232
-1.02886
-0.249934
-0.0523261
-0.559166
-0.480875
0.722377
-0.275367
-0.0594045
0.695067
0.508893
-0.736479
-1.17374
-0.0326588
-0.165163
0.547731
1.02791
-0.75164
0.0349605
-0.500626
1.1171
-1.01943
-0.618961
1.49692
1.00321
0.578061
-0.605157
-0.23513
0.573101
-0.453301
1.38413
0.718286
1.03469
0.540966
0.0739612
-0.0597155
-0.413032
-0.084029
-1.46601
-0.21314
-1.05577
-0.296607
0.966747
-0.387774
0.65216
0.262243
0.290275
0.298745
-0.938869
0.619252
0.751833
-0.528679
0.14323
0.186628
-0.215147
-0.464518
0.364477
-0.3719
-0.984268
-0.323965
0.172238
1.3399
0.348038
0.179403
-0.267404
0.784244
0.767857
0.247597
-0.449652
0.162286
-0.208937
0.499086
-0.46676
-0.661906
1.27526
0.768412
-0.130233
0.150568
-0.631906
0.0235623
-0.425051
-0.384709
-0.209143
-0.364307
-0.0347659
0.269051
-0.816393
-0.69758
-0.51412
0.0219883
0.396539
-0.0428359
1.27989
0.261555
-0.408274
0.491821
0.424391
0.429957
-0.191789
0.524336
0.427501
0.0486929
-0.179519
0.140656
-1.40412
-0.0121927
-0.911944
0.381332
0.518825
-1.08519
0.00632671
-0.546823
0.137926
-0.213591
-0.502126
-0.71471
0.287505
-1.12019
0.433623
-0.940167
0.657244
-1.11182
-0.42073
-0.630779
-1.54941
-1.09994
0.996163
0.157054
0.978733
-0.0195722
-0.164349
-0.583254
2.00506
-0.0488575
0.277495
-1.06951
-0.0515952
0.370038
1.33097
-0.161257
-0.0547044
-0.402845
-0.318901
0.514811
-0.575724
0.0149834
-0.424203
-0.966821
0.0171814
1.43112
-0.176861
0.594504
-0.97422
0.508762
-0.951221
-1.54633
0.509832
0.500558
0.560413
-0.0161792
0.39566
0.228932
0.405531
0.818762
0.0329474
0.443647
1.35557
-0.622311
-1.1903
0.447777
0.0379229
-1.47253
-0.542553
-0.198861
-0.105759
-0.706898
-0.251016
-0.438977
-1.43747
0.267537
-0.698516
0.139516
1.79982
-0.84719
1.46324
-1.94732
1.54737
-0.469006
0.0956666
-0.312423
0.00123567
-0.390895
1.03979
0.730456
0.390936
-0.620546
-1.1614
-0.785454
0.200362
0.715592
0.562074
0.207707
-0.395998
1.1598
-0.0522913
0.816945
-0.482035
-0.066215
0.535866
-1.8
-0.219281
0.937124
0.128048
-0.737462
0.0863732
0.339755
-1.23731
-0.300615
0.295258
-0.574053
0.365426
-0.240479
-0.736492
0.414137
-0.18086
-0.130994
1.70975
0.0213701
1.25989
-0.530803
0.0681565
0.154616
-0.552777
-0.985563
-0.520941
1.13903
-0.536773
0.0567061
1.08154
0.516286
-0.665229
0.76192
0.183191
0.893708
-0.355908
-0.885327
-0.2685
-0.161749
2.15708
0.50328
0.364049
-0.841594
0.435537
0.775049
-1.30471
-0.593306
-0.820261
-0.113157
-0.967704
0.131271
-0.621373
0.38323
-1.02696
0.0398779
0.261471
0.0395802
0.0273998
-0.230258
-0.251649
-0.0456795
0.397755
0.0962298
1.01897
-0.00994642
-0.319432
-0.114216
-0.258347
-0.399702
-0.186377
0.466115
-0.909653
0.256109
-1.01653
0.238335
-0.0551974
-0.928012
-1.48652
-1.3784
0.08601
0.232969
0.45712
0.456225
-0.0633516
-0.430249
0.591043
-1.62172
0.377491
-0.295204
-0.096044
0.558537
-0.538238
0.124203
-0.591334
0.94398
0.735124
-0.571718
-0.119308
0.0663736
0.427639
1.06138
-0.00414967
-0.340687
-0.926106
-0.585866
0.369026
-0.574885
0.288125
-0.559923
-0.0143488
0.691409
0.0641539
-0.0870987
-0.961356
0.526819
0.0586405
-0.0297967
-0.138383
-0.666602
0.809708
0.35661
0.592817
-0.219569
0.466876
-0.20397
0.881098
0.657993
2.45494
-0.561411
0.34326
-0.153819
0.21522
1.08808
-0.621792
-0.406542
0.666249
1.8666
0.680202
0.0700028
-0.71358
1.97971
-1.19542
0.912482
1.42342
0.819208
-0.0140649
0.742976
-0.46562
0.128487
-0.139856
0.698265
0.259742
0.987189
-0.056335
0.340091
-1.26424
-1.06339
0.0995378
-0.235857
0.147144
-0.0271063
0.828493
0.650954
-0.436608
-0.426138
-1.0132
0.378763
0.403894
-0.34105
1.38068
-0.351103
-0.5487
0.340918
0.0498546
-0.0421054
-0.242757
0.240369
0.000784452
-0.652567
-1.13398
-0.634496
-0.646555
0.72547
-0.597612
-1.3213
0.162744
-0.518951
-0.630974
-0.144899
0.71066
0.190374
0.245542
-0.245778
0.0765039
-0.943665
0.648904
1.20984
-0.395681
0.238287
0.00353468
0.238269
0.171506
0.372262
-0.0639132
-0.701009
0.371241
0.148307
0.00590453
-0.16338
-0.0915202
-0.886416
0.35902
-1.56054
-1.08188
0.045378
-0.529775
1.16971
0.887087
0.190571
0.473149
-0.892525
0.265855
0.486208
0.515113
-0.693191
0.950433
-0.00940113
-0.703095
0.10758
-0.0933259
1.65662
0.598107
0.347755
-1.08082
-0.384705
-0.657175
0.513703
0.500467
-1.19573
-0.551533
1.03704
-0.00445947
-0.646748
-1.23198
-0.471384
-0.00404879
-0.843018
-1.0508
0.136123
0.409597
-0.972236
-0.101087
1.41177
0.351769
-1.33309
-0.917304
0.63287
-0.28089
0.359508
-0.230726
0.425772
-0.619721
0.294402
0.747401
0.129301
0.896221
0.289836
0.707796
-0.127934
-0.109057
-0.844444
-0.388843
-0.869606
-0.265469
1.60752
0.927673
0.619324
0.414883
-0.518937
1.6006
-0.182956
0.730057
0.0976928
-0.116213
0.433055
-0.741796
-0.104129
0.0825769
0.286634
0.0626958
1.00338
-0.855312
0.367623
-1.21956
-0.430827
0.572922
0.0223863
-0.820397
0.813742
-1.0553
-0.642068
0.595088
0.463726
-0.389688
-0.0410387
-0.347788
0.606999
-0.310366
0.700824
0.0183635
-0.160759
-1.61299
1.4221
-0.920851
0.588931
0.708525
-0.102606
0.678262
-0.871657
-0.0356772
-0.539971
0.2188
0.772723
-0.216334
-0.539503
-0.0064882
1.68559
-0.79448
0.313501
-0.00125907
-0.343456
0.532027
1.01829
0.289674
-0.254136
1.24414
-1.135
-0.292351
1.34413
-0.498275
0.516974
0.580864
-1.42144
0.224554
-0.333355
0.269203
-0.494017
-0.954465
0.490451
-1.14223
-1.08951
-0.214861
-0.488378
-0.254863
-1.24009
1.25132
-0.280047
-0.383801
-0.882249
-0.495667
-0.646348
0.441187
0.742377
-1.21077
-0.0857024
-0.912872
-0.382211
1
0.013623
-0.498691
-0.466496
0.0421731
0.140751
-0.0612732
-0.409209
-1.17955
-0.228573
-1.03317
0.873935
0.616948
0.311303
0.0838637
-0.980503
0.0199189
0.0226668
0.411911
-0.784029
1.00479
0.265585
-0.521533
0.207573
0.608137
-1.15927
-0.360512
-0.209288
-0.37037
0.598713
0.872297
-0.287582
0.554527
0.975959
-0.105682
0.408769
0.304205
0.399621
-0.627141
-0.118511
0.489208
0.32296
0.900264
0.140802
-0.407623
0.903937
-0.641942
1.33919
-1.00581
1.03703
0.139414
-1.65714
0.388396
-0.619391
0.663444
-0.55683
-0.265125
-1.04026
-0.796239
0.287861
-0.878263
0.664043
-0.609304
-1.2807
0.588313
-0.49193
0.291756
1.04417
0.90291
0.334264
1.17492
-0.87663
-0.0300193
-0.027898
-0.977403
0.770533
-0.00141811
-0.162975
0.382715
0.564701
-0.688476
0.695809
0.509546
-1.52037
0.964292
-0.0491125
0.621995
0.0302424
0.0232798
0.833262
0.842468
0.487551
-0.334261
-0.292453
-0.244716
-1.13871
-0.595908
0.636389
-0.314383
-0.0259654
-0.832801
-1.92856
-0.505021
-0.828754
0.414545
0.506475
0.0272106
0.394852
1.20892
-0.850632
0.829975
0.258344
0.426646
-0.13654
0.333025
0.0125696
-0.0277703
-0.14732
0.414193
0.605288
1.18266
0.714188
1.17297
-0.850014
0.183036
-0.5953
0.993179
0.0310685
0.304794
0.387304
0.37239
0.844299
-0.133091
-0.162312
0.228199
0.0156701
-0.755725
0.286791
0.129157
-0.776203
-0.00832951
0.372469
-0.077178
0.702437
-0.524684
-0.279948
-0.469491
-0.497562
0.134196
0.142678
-1.21425
-0.320662
-0.893327
-0.00960204
0.0209408
-0.282948
0.308868
-0.0880753
0.269348
-0.0546954
0.0593394
-0.379962
0.150262
1.14869
-0.614012
-0.652366
-0.157053
-0.18545
0.279579
-1.25781
-1.69434
0.535825
0.591133
0.371852
0.230032
0.321493
0.0151696
-0.544621
-0.0977947
-0.118032
0.303285
-0.244614
-0.008911
0.141291
-0.509078
0.734398
0.049784
-0.395715
0.837417
0.347703
-0.63837
-0.4994
-0.395001
0.227048
-1.20488
0.328911
-0.191197
-1.3846
0.942278
-0.464058
0.278715
-0.233272
0.0553373
0.518794
-0.94172
0.314995
-0.466713
-0.241957
0.328073
-0.721673
1.35632
0.290664
1.65178
-1.07238
0.00895887
-1.01039
0.327775
-0.973237
-0.93706
0.437248
0.872878
0.064652
-0.535812
-0.125497
1.08842
0.374882
0.44294
-0.57786
-0.702876
-0.280896
0.512491
-0.8917
0.0700806
0.72965
0.263881
-2.01091
-1.13068
0.33673
-0.517411
0.0501363
1.18543
0.0731304
-0.219774
0.347262
-0.923268
0.102787
-0.512067
0.372975
-0.407043
1.55364
-1.12638
0.579998
-0.753486
0.313664
0.135879
0.327651
1.19157
-1.29505
1.06762
1.05644
1.07096
-1.03206
-0.170849
0.388069
0.00509911
-0.0577798
-0.204658
-0.551139
0.166686
-0.428987
0.15752
-0.61491
0.0184949
-0.388561
0.482356
0.917755
0.0594201
0.904254
0.523814
0.977749
-0.187131
0.894694
0.173207
-0.0708086
0.305117
0.70731
-1.68187
-0.0752896
1.27211
-0.0317676
-0.396114
-0.101581
-0.720803
0.200576
0.023333
-1.22897
-0.20413
-0.975731
0.699997
-1.21606
-0.384749
-0.490403
0.423599
-0.286277
0.595185
0.0418752
0.792834
-0.416977
0.579203
0.803395
-0.883336
0.589349
-0.690791
-0.414707
-0.291795
-1.67653
0.486119
-0.215019
-0.382267
-0.0448907
0.141627
0.714833
-0.346584
1.63304
-0.698932
0.591475
0.741117
0.963803
-0.327373
-0.0872279
0.728909
-0.798082
-0.633637
-0.7373
0.609919
-1.03779
-0.788869
-1.30948
1.15918
0.0634284
-0.734149
0.0195715
-0.325531
0.320579
-1.11554
0.65158
-0.094669
0.966086
0.401265
-0.773903
-0.148822
0.440895
-0.439975
-0.747149
0.231628
-0.323873
0.492021
0.59562
-0.746305
-1.20717
0.595007
-0.150875
-1.10118
0.381501
0.530462
-0.673723
0.300295
-0.298272
-0.983763
-0.729978
0.661514
-0.751513
0.718612
-0.0843026
1.29565
1.23235
0.333162
-0.221434
-0.860662
0.169115
-0.299376
0.322656
-0.024895
0.179454
-0.321804
0.0958813
1.08465
-0.581158
0.417184
-0.447701
1.01076
0.149992
-0.417971
-0.511509
-1.21838
0.576923
0.225586
-0.846329
-0.495847
-0.428365
-0.49578
-0.249798
0.121787
0.202143
-0.907762
0.890601
-1.79474
-0.59451
0.747694
0.372642
-0.191699
-1.21211
0.507481
0.00263736
-0.379561
0.50972
1.31222
0.216851
-1.17347
0.344398
-0.0166077
0.115253
-0.346838
0.86306
-0.613376
0.207916
0.183042
0.725838
1.08161
-0.146368
0.0761759
-0.470316
-0.791711
0.181479
0.690131
-0.17288
-0.302223
-0.88962
0.708554
1.85153
0.63746
-0.548985
-0.42854
-0.713982
0.0211621
0.908436
0.0907165
0.3068
1.40664
0.188053
-0.164939
-0.399413
0.589799
1.14662
-0.663135
1.12134
0.402948
0.820677
-0.0616746
-0.647393
-0.209027
0.850897
1.50876
-0.471922
0.0250781
-0.956229
0.725973
-0.546834
-1.04597
-0.862301
-0.57318
0.651394
1.3405
0.0420551
-0.0530231
-0.00513218
-1.20961
-0.280498
0.787301
-0.142909
1.38882
0.129627
-0.98117
0.587421
-0.534717
0.108119
-0.0211447
0.307832
-0.713991
0.724152
-0.683539
-0.437548
-0.275458
-0.161079
-0.580727
-0.720324
-0.766599
0.049957
-0.198531
-0.293019
0.179006
0.253719
0.753884
-0.939094
-0.469923
-0.17038
-0.136028
-0.484787
0.380327
0.641348
0.264627
1.173
0.474923
0.648937
-0.473282
-1.23292
0.556897
-0.111326
0.00817642
-0.174871
0.251463
0.513171
-0.460595
0.325965
-0.0707792
-0.404187
-0.269092
1.15658
0.520081
0.649888
-0.192359
-0.181669
-0.179767
-0.512994
0.39917
0.5072
0.896868
0.823745
-0.899526
0.291865
-0.0842047
0.499057
0.505428
0.937261
1.16659
-0.182492
-0.125039
-0.262805
0.912409
-0.646884
0.606394
-0.707488
1.35793
0.378783
0.407428
-0.303837
-1.38079
0.0738291
-0.0806181
0.587131
-0.730232
-0.294244
0.909424
0.198
0.247203
-0.804616
0.637247
-0.221804
0.587848
-0.235433
0.0259247
0.44355
0.213036
1.10364
-1.15377
0.475118
0.566585
1.17971
0.980442
1.25563
0.164799
-0.143615
0.572107
0.401804
-0.692892
-0.156774
2.06823
-0.232775
1.35279
0.616031
0.193537
-0.398568
1.02331
-0.532349
0.109396
-0.671567
-0.343074
-0.935056
0.719355
0.578471
-0.229498
-0.881351
1.16029
0.57221
0.250154
0.516195
-0.21287
-1.06888
-1.68064
0.52296
0.460991
0.389477
0.325411
0.025968
0.134384
-0.424116
1.00944
0.615976
1.16368
0.680771
-0.511008
0.293483
-0.109263
0.320507
-0.367873
0.605645
1.21757
1.19594
-0.265682
1.13531
0.0460336
-0.362968
0.507978
0.254944
0.0642827
0.852643
-0.360948
-0.138914
0.781147
0.385151
0.0652159
-0.248783
-0.989454
-0.201565
0.807142
-0.362987
0.85562
0.320014
0.927521
0.98232
1.09247
0.031992
-2.98196
-0.405717
0.465305
0.0429399
0.702711
-0.240082
-0.446529
1.11629
-0.0347865
-0.431728
-1.44516
-0.189581
0.394455
0.526327
-0.173102
1.10751
-0.0758462
-0.00710756
-0.739516
-0.63481
-1.09445
0.979825
-0.982983
-0.193913
0.503783
1.01831
-0.15116
0.605742
-0.922889
0.241885
-0.108221
0.658634
-0.377385
1.04311
-0.232238
-0.522449
0.0672985
-1.59654
-0.0547065
1.54945
0.315562
-0.716615
-0.311287
-0.409796
0.0220598
-0.375352
-0.535398
-1.433
0.0854309
0.361245
-0.00825562
0.926544
-0.825472
0.369781
0.441949
-0.60018
0.67401
0.992972
-0.868364
1.15995
1.14279
-0.613348
0.810562
0.62724
0.363155
0.418201
-1.06672
0.921149
-0.501062
-0.995112
0.729092
-0.0248213
0.513102
-0.344194
-0.934067
0.270463
-0.44018
-0.206522
-0.787648
-1.60566
0.253628
-0.704674
0.0693499
-0.049403
-0.248496
0.366511
-0.239101
0.906575
0.633873
1.14403
0.768214
-0.674896
-0.200947
0.375204
-0.0259988
-0.0883442
-0.16724
0.104558
0.318877
0.119726
-0.0292525
-0.769346
0.568374
-0.409332
0.655082
0.566436
0.630322
1.37661
-1.28698
-0.388047
-0.381663
-0.6559
-0.50848
0.345475
-1.1923
-0.149544
0.782405
0.573676
0.0436903
-0.144798
1.0064
0.393327
0.469286
-0.462598
-0.282272
-1.15097
-0.0377691
-0.0772867
1.05435
-0.175628
0.638701
0.194684
0.026492
-0.463423
-0.188211
-0.481249
-1.53342
0.388793
0.699009
-0.348764
0.113176
-0.0687292
-0.143188
-0.228297
0.730864
-0.944804
0.203062
-0.78201
-0.20428
-0.0636256
0.0890102
-0.225478
-0.907346
-0.0289655
0.799698
-0.178773
-0.485738
0.421394
-0.0256179
1.53528
-0.120996
-0.53521
-0.439236
-0.912964
-0.458257
0.0803011
0.046334
-0.59782
0.464838
0.271989
-0.501077
0.847625
0.518776
0.182556
0.225007
0.0842752
-1.13329
-0.990925
-0.68245
0.0965312
0.0704337
0.186176
1.11414
-0.089185
0.00826766
0.784224
-0.774663
0.18498
-0.541303
0.842792
-0.344523
0.0557745
-1.02239
-0.919782
-0.98163
-0.0510222
1.3044
0.897681
0.229936
-0.266399
-0.319245
-0.109844
-0.261577
0.906201
0.374061
-0.19222
0.39665
0.380645
0.870831
0.179496
-1.17153
-0.786333
0.0659456
-0.608998
-1.19742
1.63245
0.608651
-0.400841
1.20046
0.925035
-0.7842
1.1201
0.0430444
0.52004
0.899579
-1.43371
-0.5499
-1.02722
0.48233
1.10256
-0.62176
0.205336
0.415143
-0.275702
-0.613406
1.17328
1.64057
-0.149808
-1.64733
-0.726835
0.94424
-0.35715
1.48893
-0.254894
-0.602112
0.132533
-0.376796
1.43957
0.899998
0.461812
-0.237555
-0.386668
-0.453384
-0.184968
0.556406
-0.154084
0.336419
-0.0818654
-0.946516
0.233736
-0.0404879
0.304761
0.410281
-0.85889
1.34316
-0.850539
-1.1016
-0.462819
-0.0433744
0.0849936
1.86646
0.924719
-1.01547
-0.872844
-0.0323812
0.514046
1.24605
-0.627144
-0.488807
0.865604
-1.65915
1.35354
-1.31253
-0.27426
0.0873316
0.494207
-0.0817399
0.841496
1.15006
-0.912348
0.289541
0.292761
-0.232728
-0.293396
1.3126
1.12713
0.134978
-0.429463
0.98606
-0.599787
0.366542
0.0767591
0.101133
-0.724346
0.353493
1.1539
0.0653681
-0.579289
0.826186
-0.291167
-0.707922
0.298306
0.257575
-0.325575
0.981941
0.522832
-1.0539
0.720315
-0.138121
0.742048
0.501001
-1.06572
-0.741831
-0.224803
-0.446612
0.496874
-0.0205625
1.11343
-0.729182
0.0803507
-0.162624
0.756747
0.113179
0.0529741
-0.808261
1.35745
-1.35893
-0.222907
0.925542
0.723904
-0.485675
-0.471338
-0.112491
-1.27654
0.246731
0.414748
0.230216
-0.316577
-0.142145
-1.10161
-0.565309
-0.288387
-0.965839
0.368634
0.263274
-0.213857
0.73472
0.355283
-0.37855
0.0634107
0.286314
-0.813541
-0.952853
0.762012
-0.603976
-1.02667
-0.602615
0.464449
0.279602
-0.446176
0.442114
-0.623577
-0.826999
0.934328
0.230601
-0.466302
0.454711
-0.483699
1.30296
-0.303148
-1.25197
0.239243
-0.576808
-0.608663
0.284593
-0.361892
-1.2289
0.330038
-1.10274
1.34314
0.745807
0.962824
-0.998344
-0.364395
0.0623871
1.0823
-1.04317
0.707657
-0.812792
-0.130017
-1.2694
-0.600603
-0.220928
0.0665836
-0.850532
-0.422231
-0.695911
-0.0139571
0.207778
-0.738829
0.137638
1.18098
-0.437183
0.700241
0.572505
0.338318
0.0586925
1.04624
0.280815
-0.508047
0.555244
-0.529211
-1.30171
0.232452
0.526522
-0.467845
0.144763
0.0245869
-0.305378
-0.437157
0.620206
0.126752
-0.665952
-0.916149
0.807255
-0.205456
-0.733055
-0.587056
0.604456
-0.0839989
-0.0112665
0.710841
-0.235335
-0.636574
0.205626
0.951959
-0.797919
-0.462897
0.166288
-0.0359715
-1.46191
-0.280367
0.210744
-0.921553
0.616341
-1.3222
-0.348194
-0.939462
-0.090612
-0.573932
0.211504
-0.555264
0.158498
0.00759167
0.582546
-1.06945
-0.789466
0.0776748
-0.582658
-0.241867
0.041419
0.278238
-0.531433
0.63807
0.605924
0.126907
0.191087
0.618094
-0.31831
0.0922682
0.704302
-0.0215708
0.272395
1.08243
0.610779
-0.86802
1.44501
0.635209
0.403649
-0.122227
-0.627544
-0.980888
-0.739909
-0.754792
0.905244
-0.651486
0.109307
0.133213
0.413623
-0.219072
-0.550888
-1.00405
-0.11082
0.922252
-0.928375
-1.17783
-0.556839
-0.380145
0.484299
-0.533994
0.541184
-1.00025
0.372764
-0.45769
-0.396024
-0.0991494
-0.0176758
-0.310167
1.06838
-0.232895
0.270311
0.515953
-0.103415
-0.0875315
-0.679028
-1.26874
0.855947
0.0527473
-0.0930418
0.623696
-1.1718
-0.128237
0.961694
-0.0951245
-0.0912018
-0.660067
0.320797
-1.06916
0.239235
-0.286606
0.88541
0.87992
-0.5903
0.496393
0.3614
-0.381602
0.544971
-0.20024
-1.25082
0.35895
-0.140395
-0.065695
0.0770246
0.87795
-0.59098
-0.751681
-1.10754
-0.390333
-0.055458
1.04412
0.295242
0.515779
-0.614326
0.400963
-0.804841
-0.209664
-0.447003
0.43115
1.00465
0.422496
0.0771731
-0.512442
-0.044057
-0.16951
-0.16507
1.08631
-0.464663
-0.544333
-0.560747
0.84568
-0.543831
0.0302464
-1.12424
-0.215483
0.638456
-1.54606
-0.997853
-1.01745
0.836957
1.30671
0.17831
0.11066
0.0595963
0.148299
-0.19738
-0.628802
0.971209
1.04701
0.238214
0.728383
0.267718
0.602453
0.606916
0.221901
-0.496349
-0.214853
0.471961
0.453514
-0.255137
-0.08137
-0.0569685
-0.620027
0.661869
-0.229079
0.802525
0.384729
0.372416
0.051408
-0.380807
0.084443
-0.135306
0.660783
-0.498021
0.170744
-0.887042
-0.117058
1.28291
-0.0701502
-0.401841
0.889158
0.764306
0.138638
-0.695132
-0.392
-0.0460987
-0.195808
-1.21722
0.161278
0.252573
-0.17117
0.402819
-0.00704254
0.0331176
-0.524583
0.880302
1.45904
1.50032
0.206253
-0.116188
-0.165595
-0.120668
-0.806342
0.400492
-1.38662
-0.0734793
0.0516258
0.318441
0.685894
-0.821582
0.365406
-1.36428
0.710108
-0.986713
0.472638
0.611275
0.362219
0.894481
-0.543889
0.760594
0.159043
-0.78086
1.30155
-0.182664
0.226176
-0.0659639
-0.200697
0.969011
-0.536732
-0.304549
0.736152
0.629396
0.597459
-0.678446
-0.42077
-1.06962
-0.835818
-0.407393
0.13524
-0.0530755
0.320776
-0.770387
-0.300069
-1.05464
0.494982
-0.182962
0.893011
0.420241
1.16869
0.486172
-0.556822
-0.18937
0.717333
0.537742
-0.495053
-0.522917
0.145176
-0.416541
-0.583376
-0.547721
-0.313455
0.184686
-0.322948
-0.444064
0.921144
0.383169
-0.457361
-0.829995
0.424032
0.976464
0.598068
0.381197
-0.349339
-0.557865
1.26146
0.50764
0.977147
0.167616
-0.769868
-0.820693
0.349998
-0.339309
-0.766779
1.37958
-0.368233
0.0584194
-0.402788
0.0296806
-1.31004
0.417831
0.825077
-0.912197
-0.498536
0.397339
0.2981
0.198402
0.332522
-0.430376
-1.26253
-0.230724
-1.03993
0.849999
-0.623156
-0.555431
-0.080837
-0.16825
0.718546
-0.54991
0.494333
-0.277971
0.244276
-0.427498
1.03987
1.44962
-0.132487
-0.0814595
-0.732388
-1.05122
0.60606
-0.563413
0.952056
-0.898178
-1.32436
0.098953
-1.04129
0.842573
-0.541855
0.809383
0.807992
0.689952
-0.670752
-0.459724
-0.417551
0.507817
-1.23053
0.985987
-0.967883
0.706843
0.167294
0.320337
-0.706849
0.00441649
0.203246
-0.392649
-0.185612
0.496941
-0.346162
0.245961
-0.638623
-0.673307
0.477564
-0.182836
0.351521
-0.0403258
0.420502
-0.180352
-0.512947
0.97914
1.36308
1.08534
-0.901306
0.791794
0.896317
-0.95934
-1.11908
0.332214
0.581589
-0.294562
0.663229
-0.416193
-1.00173
0.565321
0.165681
0.00848806
0.863148
-0.329317
-0.333319
-0.473469
-0.0298393
0.498221
0.167274
0.811876
0.847739
0.232114
-0.129022
-1.09999
-0.640139
-0.282624
-0.421988
-1.51776
-0.499644
-1.0439
-0.223147
0.0762063
-0.514635
0.374214
0.0359981
-0.527251
0.0937068
-0.874293
0.281623
-0.674511
-0.119781
1.01981
0.295385
0.389638
0.279571
-0.160666
-0.725801
0.5051
0.72927
-0.941909
-0.65719
1.30352
0.250924
-0.0457648
-0.154505
-0.0988188
0.914051
-0.264562
-0.443997
-0.338974
-0.95975
0.1869
0.360559
0.716419
-0.362688
0.236448
0.514418
1.20351
-0.109103
0.54067
0.768017
-0.17478
0.662477
-0.222893
-1.71556
0.555806
-0.23147
-0.188563
0.960567
-1.39995
-0.276709
-0.33866
-1.0998
0.0617546
-0.348245
0.991464
-0.366332
-0.298358
-1.32765
-0.420294
0.325524
-0.546512
-0.919814
0.934575
-1.04301
-0.350285
-0.115281
0.160545
-0.0567959
0.671554
-0.516122
0.373563
-0.143301
-0.195413
-0.435086
-0.0699641
0.665954
-1.04767
-0.595477
-0.594169
-0.282452
0.265271
-0.592488
1.28904
0.714267
1.08813
-0.593569
0.695109
-0.738457
-0.975345
0.679197
-0.179745
-1.10605
0.774598
0.00862698
-0.691366
-1.15439
-0.391843
-0.823542
0.515264
-0.562696
-0.589156
-0.122327
-1.02276
-0.111863
0.575703
0.206574
-1.45874
-0.422926
-0.335701
0.682641
-1.09672
0.217624
0.106186
0.677908
0.286641
-0.0785104
-0.959154
0.306133
-0.430447
-0.251375
1.94752
-0.624634
0.976568
-0.116802
0.0160062
-0.0320608
0.361126
-0.69249
0.477614
-0.562543
0.498346
-0.255398
-0.149939
0.0954867
0.114626
-0.0171739
-0.187246
-0.390336
-0.4841
0.443536
-0.0203513
-1.01486
0.909722
-0.461913
-0.0587736
0.465805
0.296106
-0.323905
-0.875423
0.710224
0.0203551
0.0846419
1.34083
-0.157801
-0.00794187
1.25241
-0.812012
0.217175
-0.206442
-0.21801
0.858819
-0.78186
0.259001
-0.0740087
-0.491981
-0.49147
0.136786
0.457845
-1.05556
0.727587
0.75624
0.751328
-0.293509
-1.05615
-0.0585295
0.923766
1.07968
-0.730802
-0.509366
0.723949
-0.491442
-0.548198
-0.0720303
-0.379194
0.291528
-1.35301
-0.714508
0.0396465
0.64417
0.334241
-1.37144
0.0886287
0.579369
0.855509
1.55837
-0.338089
-0.583244
0.431309
0.479862
-0.622151
-1.18513
-1.26745
-1.29246
-0.990328
-0.255134
0.400254
0.538297
-0.334492
1.31989
0.331292
-0.282392
0.967991
0.206139
0.31473
1.25372
0.0868792
0.161382
0.84884
0.578893
-0.945936
0.872181
0.444037
0.56912
0.282663
-0.306308
0.190172
-2.22451
1.13602
1.04443
1.09498
-0.0626623
0.517929
-0.847776
0.924292
0.619822
-1.48049
-0.00240578
0.252169
1.04679
-0.338529
-0.327689
-0.727331
-0.149875
-0.250811
1.42856
-0.290966
-1.56265
0.72278
0.0453722
-0.39513
0.446081
-0.422254
0.0203768
-1.16313
1.41944
0.123518
0.98332
0.979261
-1.06858
-1.21839
-0.678002
-0.0070691
-0.979245
1.25874
-0.738461
-0.389915
-0.02754
0.829825
-0.442552
-0.635679
-1.07312
-0.605662
-0.245603
0.829168
0.826404
1.02816
1.23483
0.828587
0.456354
0.344676
-0.087295
1.27971
-1.09909
0.734025
0.332057
-1.49327
0.175055
0.921112
0.383522
0.67685
-0.0353042
1.12679
0.656692
-1.52699
-0.434392
1.61131
-0.283509
-0.473642
-1.13303
0.169742
-0.499347
0.12303
0.488073
-0.768669
0.202153
-0.227517
0.80243
-2.18064
-0.332105
0.457763
-0.818556
0.911597
-1.07752
0.479219
0.0464871
0.231441
-0.218117
-1.18446
-0.0630988
0.637173
0.761733
-0.470018
-0.149476
0.596258
0.614059
-0.0359974
0.585925
-0.349083
0.479786
0.615247
0.176681
-0.730358
0.825625
0.920089
0.192475
-0.652653
0.0247038
-0.255095
1.00869
0.629938
-0.86666
-1.18776
-0.0123358
-0.172752
0.660089
-0.00718709
1.0525
-0.679201
0.10981
-0.791993
0.393842
-0.110935
0.181748
-0.619002
1.66574
-0.566599
0.420738
0.0170769
0.405033
1.1482
0.222221
0.60706
-1.30635
0.631278
0.350452
0.333899
-1.09649
0.603893
0.626661
0.193079
0.230772
0.464228
0.630247
0.286128
0.435108
-0.444348
-0.763735
-0.441139
-0.643992
0.782768
0.144096
-0.491902
-0.391898
-0.114457
-0.68163
0.516514
0.170387
-0.547806
-1.25658
-0.803067
-0.344313
0.772297
0.192986
-0.544831
0.738305
-0.594583
-0.852641
-0.268024
-0.779932
-0.748518
-0.884622
0.0384303
-0.15899
0.0329262
0.566943
0.596558
0.249186
0.222527
0.877942
0.207565
1.74308
1.13305
0.406735
-0.279765
-0.836721
-0.993632
-0.2563
0.580373
-0.739636
-0.588988
-0.255251
0.0773647
-0.909003
1.01137
-0.37423
1.00951
1.05713
1.12634
-0.860851
-0.742923
0.864401
0.783105
-0.457168
-0.073928
1.91848
-0.610612
-0.270585
0.50851
0.616723
0.110768
-0.978384
0.858092
0.687816
0.126925
0.489484
-0.924613
0.446558
-0.0437228
0.452341
0.226251
0.226803
0.466882
0.465141
0.523341
-0.0527748
0.187274
-0.0450028
-0.0256581
0.825256
-0.876889
0.0184703
-0.714317
-0.448013
0.264104
0.131356
-1.80353
-1.16901
-0.925534
0.514546
0.260987
-0.247543
1.07844
-0.22985
0.275736
-0.943236
-0.0724961
0.862398
-0.149806
0.368664
-0.344403
0.0228865
-0.0636731
0.2118
-1.04442
0.068395
0.466292
1.00141
0.952836
-1.35171
-0.476999
0.308872
-0.342954
0.0197007
0.499873
0.127949
-0.475953
-0.199789
-0.058326
-0.566649
0.371343
1.12845
0.388773
0.394319
0.369689
0.341884
-0.655716
0.448047
-0.629774
0.427962
0.321762
0.1334
0.452978
0.335692
0.59087
-0.0659039
0.73706
0.362101
0.482161
0.075983
0.229866
-0.921216
-0.0703781
-0.610347
0.291074
-0.261956
0.377465
0.484977
-0.167211
-0.0201905
-0.120485
0.16307
1.0637
0.00996091
0.0359812
-0.52726
-1.06136
0.209632
1.53826
0.520879
1.70589
0.0668112
-0.403362
-0.841591
1.19197
0.768102
1.0784
-1.05446
0.61193
0.00611266
0.980751
-0.994134
0.714588
0.273262
0.857143
-0.870425
0.00796902
0.94158
0.883345
0.755116
-0.665381
0.639181
-0.212248
-0.566716
-0.885858
0.243468
0.35361
-0.286558
-0.0312843
-0.805859
-0.464599
-0.840267
-0.610182
0.515371
-0.632647
0.399069
0.742419
0.8075
1.10284
-1.00247
-0.881653
-0.0995094
-0.590377
-0.761042
-0.931232
-0.634279
0.391153
-0.882735
0.663749
0.342867
-0.911094
0.288149
0.510253
0.475483
0.670384
0.251688
-0.630063
-0.706878
-0.581893
2.132
0.105931
-0.581717
-0.20873
1.74949
-0.526686
-0.413922
0.0237115
-0.181002
0.555867
0.278378
0.351572
0.234924
0.0825212
0.471235
0.0923818
-0.0481565
-0.446916
0.196996
-0.147087
0.369854
-1.33055
0.573418
-1.70866
-0.691268
0.477449
-0.285907
-0.289289
-0.126744
1.16085
0.340558
0.465085
-0.290303
0.873315
-1.86463
-0.262121
-0.834446
-0.602022
-0.519396
-1.24872
1.44668
-0.104675
0.129863
1.34527
-0.212667
0.770845
-0.112462
-0.101459
0.429924
-0.792682
1.74425
1.32989
-0.159619
-0.421254
-0.740034
0.22558
0.498699
0.22504
0.251116
0.757809
0.328322
0.269932
-0.766737
0.138491
-0.340366
-0.116141
-0.452236
0.34679
0.117337
-0.0436
0.317501
-0.482212
1.2595
1.05699
-0.1912
0.759325
-1.37023
0.957885
1.014
-1.90014
0.525587
0.376839
-0.523181
0.701574
0.72223
0.341562
0.652143
-0.174819
-0.201034
0.281132
-0.348756
-0.42335
-1.15475
0.481664
-0.114836
0.289864
0.418983
-0.191701
-0.130506
-0.091124
-0.649641
-0.396841
1.03098
-0.0862381
-0.178495
1.10182
-0.5469
0.660075
0.494567
-0.252768
0.43211
-0.0545234
0.233273
0.00803284
-0.725054
-0.409989
0.392168
0.492893
-0.0894158
-0.0514365
0.544846
-0.0471414
0.672538
-0.00894488
-0.43899
-0.312197
1.03865
-0.350328
0.540683
-0.0187619
-0.633833
0.0371005
-0.614686
1.66527
-1.04631
1.14903
0.407792
-0.542835
1.21102
0.137618
0.249936
0.2102
-0.545622
-0.158377
-0.261892
0.543449
-0.600728
0.0289248
-1.19548
0.257642
0.308556
-0.45382
-0.43224
-0.570114
0.290067
-0.0230401
0.500739
0.369527
1.47839
0.634831
-0.250957
0.786986
-0.529031
1.24116
-0.897435
-0.281089
-0.759169
0.499916
0.204314
-0.467423
-0.359483
-0.768695
0.198687
-0.797139
0.298029
0.395567
-0.922973
-0.306262
-0.182004
0.191448
-0.43852
-1.03646
-0.289788
-0.542713
-0.254016
-0.0222453
-0.484296
0.692986
-0.833683
-1.33445
0.102482
-0.0912337
0.402921
-0.226884
-0.326076
0.0363411
-1.38206
0.492241
1.12345
0.196219
0.0583827
0.41966
-0.360415
0.235195
-0.416143
0.815369
-0.808305
-0.832323
0.378922
-0.245042
0.594819
-0.173504
-0.681432
1.831
0.600417
-0.0346074
0.825655
-0.633021
0.771026
0.550122
-0.631008
-0.289991
-1.20584
-0.24994
-0.411168
-1.50513
-0.267087
0.281808
0.445593
0.524645
0.521708
1.15334
-0.0222193
0.741498
0.737996
-0.324756
-0.310358
-0.487662
-0.90415
-0.649866
0.0041144
-0.938906
0.434728
0.570788
-0.280863
0.31055
1.8784
-0.014036
0.679649
-0.383485
0.0370849
-1.42176
-0.782938
-0.344279
-0.124743
-0.798629
-0.399915
0.121925
-1.23982
-0.915744
0.170395
0.614411
-0.643523
-0.079786
1.03995
-0.371284
-0.0403376
-0.88294
-1.17114
0.721561
-0.819747
0.441666
-0.361118
-0.241427
0.209162
0.683106
-1.00394
0.487668
-0.319779
0.0891082
-0.199038
0.170945
-0.0136653
0.0465095
0.453014
0.262741
-0.0728313
-0.524145
-1.24604
0.692441
-0.435129
0.281661
0.948013
-1.67212
0.0690982
0.74327
-1.13511
-0.315831
-0.136285
1.17856
0.302267
-0.118998
0.51262
0.94108
-0.572738
1.146
0.483742
-0.0352754
-0.682538
0.932678
-0.900423
-0.86266
-0.471485
1.5659
-0.168137
-2.11141
-0.243631
1.04608
-0.415203
-0.415424
-0.885276
-0.718591
1.24817
0.488134
-0.185592
0.352456
0.734689
-1.03728
-0.136052
-1.23947
-0.226128
0.462076
-0.189921
-0.887923
0.392459
-0.498547
-0.16871
1.38587
0.0837719
0.21698
0.650623
1.31607
-0.437964
-0.87871
-0.112035
0.269395
0.0665183
-0.50733
0.772955
-0.0323575
-0.208941
-0.170026
-0.852796
0.257566
-0.50354
0.247242
-0.187799
0.42231
1.19794
-0.484923
0.222488
0.542786
-0.0477136
0.342962
1.83966
0.0192595
0.156645
0.475862
0.584043
-0.290227
1.29974
0.187027
-0.962909
1.06997
0.278271
0.23868
-0.968704
-0.335536
0.127721
0.578451
0.653707
0.052934
-1.27236
0.0894376
0.082401
0.352535
0.665809
0.506702
1.14488
0.608381
0.28075
0.379722
-1.76331
-0.0158333
0.381256
0.51747
0.522531
-0.129503
0.430671
-0.703046
0.499022
-0.515874
0.350294
0.533698
1.18919
0.20284
-0.470231
-0.671474
-0.0312321
-0.260044
-1.30533
-0.805087
-0.862048
-0.905708
-0.525687
0.256509
0.256347
0.289632
0.825575
-0.180966
0.13716
-0.280764
-0.18899
0.162668
0.808482
-0.643359
-0.578515
-0.487317
0.372185
0.173485
-0.180768
0.415093
0.675392
-1.03439
0.559178
0.266517
0.101223
-1.1674
0.328909
-0.213542
0.451861
0.677007
0.765814
0.165486
0.933203
0.0790692
-0.902825
0.0356864
-0.41827
0.0120042
-1.14685
0.594393
1.0377
0.17625
0.435467
-1.05479
-0.811744
-0.484179
0.646133
-0.628279
0.433577
-0.219205
0.282071
0.214203
0.114103
0.000979578
0.133224
-0.0182387
1.43357
-0.14866
0.930104
0.727078
0.0178343
-0.891855
0.100879
1.08372
-0.224989
0.832749
-0.099635
0.932789
-0.431436
-0.707499
0.238056
-0.117818
-0.416568
1.06982
-1.27479
1.11223
-0.50995
-0.229726
0.538958
-0.173622
0.498668
0.6409
-0.822924
1.16999
0.136743
0.34891
-0.271831
-0.574205
-0.824644
-0.612956
0.297619
1.12246
-0.385223
-0.580939
1.31029
0.499227
1.05986
-0.908439
0.358984
0.18337
-0.213245
-0.304065
0.479789
0.491316
-0.149324
-0.40505
-0.494579
0.315448
-0.662844
-0.0172204
0.583752
0.160606
0.0681518
-0.073122
-0.241074
1.07416
0.385229
0.447639
0.301673
0.363394
-0.287617
0.33456
0.443415
0.0456552
-0.120571
-0.0211351
0.0371242
-1.24405
0.173842
0.335278
0.358796
0.664558
0.221684
0.0888509
-0.362016
-0.197787
-0.735555
-1.01858
-0.530648
-0.180521
-0.767003
0.191613
-0.10425
0.569661
0.624628
0.778422
0.329662
1.48805
0.30916
0.222018
-0.437544
1.24738
1.88067
-0.597662
0.455276
-0.71956
0.584496
-0.879844
-0.881713
-0.362061
-1.21195
0.697202
-0.65394
0.220853
0.210995
0.59347
-0.588424
-0.0844964
0.944429
-0.290055
-1.09239
0.38525
-0.955235
0.385864
1.17331
-1.1762
0.541232
-0.0415512
0.977018
-0.888497
-0.441579
1.23703
-0.565952
-0.507089
0.173672
-0.282066
0.531107
-1.48412
0.881894
-0.593023
-0.0273646
0.346576
0.355096
-0.965986
-0.198272
0.684217
0.201068
0.81226
-0.595874
-1.0675
-0.53392
-0.360743
0.205699
0.369095
0.0127232
0.26512
-0.967178
0.528418
0.515487
1.28082
0.328142
-0.518773
-0.119269
-0.336239
-0.204686
0.992411
0.0611253
0.491096
1.61085
-0.157669
-0.728161
-0.77305
-0.711933
-0.15201
-0.539645
-0.565543
-0.0228421
0.462287
0.480532
-0.725343
-0.157015
1.21259
0.0183259
-0.349575
0.169593
0.063518
-0.056565
-0.337427
-0.215123
-1.40534
-1.26029
0.873059
-0.308624
-0.299167
1.0442
-0.664249
0.596799
0.0189509
2.21452
0.191449
-0.5392
-0.760344
1.02036
-0.827409
0.183664
-0.716476
-0.774912
-0.157858
1.14537
0.477752
1.4879
0.230514
0.724704
-0.183397
0.222448
-0.888092
-0.344201
-0.139364
0.498087
-0.629896
1.04623
0.901366
1.0943
0.0812181
-0.244377
-0.727967
0.680475
-0.446935
0.200841
-0.152212
0.15956
-0.307354
0.413116
-0.580567
-0.022823
0.0234517
-0.186083
0.807848
1.12479
-0.923154
0.189522
0.760203
-0.390674
0.152049
-0.204545
1.28986
0.143229
-0.872389
0.444897
0.12218
1.26555
-0.0277928
1.72355
-0.194505
-1.16864
0.236571
0.159155
-0.958868
0.917368
0.102911
0.164545
0.486089
0.226853
0.98859
-0.224621
-0.331686
-0.11805
-0.196619
-0.0859077
-0.814839
-1.2397
0.585166
0.463455
-0.349832
0.348415
1.13394
0.782257
2.66623
-0.602494
0.527739
0.33104
-0.74634
-0.694689
0.0205278
0.224585
1.20307
1.45905
0.538323
-0.239987
0.510329
-0.376855
-0.358867
0.940612
-0.252914
-0.396909
0.54585
-0.0169429
-0.674056
0.0857639
0.12347
-0.64807
0.164408
-0.148756
0.0315585
-1.09112
-1.13175
1.09215
-0.795553
0.0134429
-0.400166
-0.0726872
-1.6355
0.813251
-0.0846648
-1.19746
-0.790907
0.282529
0.129893
0.577508
-0.809254
-0.128517
1.6314
-0.13546
-0.560361
1.23457
-0.406334
0.203599
-0.807561
-0.791993
-0.975576
1.02662
0.19413
0.335629
-0.342078
0.133654
0.340032
-1.23732
0.562324
-0.299576
0.13611
-1.17816
0.170859
0.775173
-0.484671
0.525145
1.2251
-0.00256425
-0.687533
0.18967
-0.110453
1.20673
0.21787
-0.173423
-0.189342
0.282168
-0.0327729
-0.870433
0.0943711
-0.838084
0.105422
0.334364
-1.31343
-0.224914
-1.18361
0.90521
-0.146334
-1.70637
1.50535
-0.154569
0.902658
-0.687487
-0.171465
-0.383104
-1.19943
0.50486
1.09804
0.0818497
-1.67503
-0.584691
-1.89934
-1.24238
-0.989612
-0.806828
-0.413208
-0.528801
-1.50262
-1.47207
1.19069
-0.526834
-0.218544
-0.370002
-0.392548
-1.55715
0.826023
-0.688251
0.262896
1.0729
-0.192057
1.05511
-1.81165
-0.617384
-0.0126715
0.110243
-0.0515494
-0.691989
-1.20735
-0.425488
-1.31688
0.657145
-1.19116
-0.599193
-0.385908
-0.692731
0.461019
-0.742779
1.01981
0.720191
0.0704711
-0.201834
-0.236584
0.694691
0.0187033
0.400813
-0.724966
-0.200438
0.159557
0.317083
0.534938
0.145222
0.0789818
-0.140946
-0.286157
0.853524
-0.257603
-0.0669752
-0.228101
0.0301587
-0.220141
-0.312103
0.608445
-0.0741198
-0.0866922
1.84875
-0.0477244
-0.300282
0.129078
-0.747049
0.296737
1.78435
0.222904
0.214617
-0.339456
-0.617009
-0.313171
-0.755526
1.19303
-0.333734
-1.09152
0.833095
0.119321
-1.11662
-0.0754185
1.20283
-0.452716
0.254295
-0.0275312
-0.213629
-1.19239
-0.848063
0.809606
0.638969
0.56356
0.439496
0.55163
-0.235745
0.863714
0.217373
-0.729909
-0.396632
-0.214851
-0.244775
0.351277
-0.437494
0.770781
-0.368344
0.127099
0.154095
-1.29737
-0.659509
-0.504617
0.472573
0.872135
-0.484462
0.584225
-1.17629
-0.322419
0.403935
-0.0203059
-0.862165
1.27659
-1.30832
0.0136925
0.775819
-0.212932
-0.678423
-0.808621
-0.149062
-1.00032
-1.54365
1.01197
0.342713
0.0702364
0.932071
-0.312409
1.17411
-0.611747
0.152286
1.03338
0.451323
-0.277519
0.964207
0.360813
-0.0510728
-0.544349
0.464552
-0.544716
-0.732382
0.419291
-0.606628
1.08339
0.00341467
0.32673
-0.181518
-1.49364
-0.690103
0.0494711
-0.110643
0.201659
0.3187
0.296822
0.092225
0.68777
-0.47934
-1.00606
-0.0588237
-0.58671
0.336041
0.145915
-0.514264
-0.510379
1.77995
-0.355244
0.522998
0.50866
0.849981
0.208147
0.486316
0.0453975
0.381258
-0.0834894
-0.405341
0.892407
-0.535348
-0.0891936
-0.543732
-0.711689
0.0926817
-0.0868855
-1.80626
0.520051
0.0410626
0.869722
0.00487451
-0.335442
-0.448233
0.583295
-2.15099
-0.376093
0.210675
0.0848748
1.09216
0.298884
-1.32956
0.777471
0.0897923
-0.981461
0.305629
0.571885
-0.453248
0.437503
-1.1776
-0.636417
0.846616
-0.452902
-0.428957
-0.072239
-0.370958
-0.107072
-0.105274
-0.507679
0.538017
-0.268077
-0.363078
-1.42786
-0.160788
-0.485528
-0.735238
0.3712
0.00389822
-0.556042
0.34749
-0.47777
-0.1431
0.459002
-1.07547
0.127347
-0.445145
2.00798
0.224271
-0.322092
-0.205066
0.537029
0.377503
-0.807193
-0.305913
-0.251004
-0.361885
1.16955
0.840183
0.134828
-0.881773
0.910669
-0.196432
-0.468035
0.146746
-0.183509
-0.0540036
1.1352
0.126969
-1.6229
-0.300282
0.792414
-0.631878
0.813706
0.227923
-1.51806
-0.732191
-0.637471
-1.26348
-0.447919
0.0532742
-0.501496
0.382724
-0.317502
-0.135568
-0.206792
0.500739
1.03723
0.790735
-0.220748
0.0997296
0.388352
0.46114
0.208972
-0.254919
-0.203878
-0.573428
-0.378858
0.220814
-0.551503
-0.713127
-0.755605
0.0613377
0.284
0.290462
-0.701233
-1.24218
-0.970958
1.20079
0.523644
0.015052
-0.00495105
-0.58876
1.70746
0.175713
0.0371612
0.4566
-1.21119
0.640721
-0.188601
-0.011845
0.012192
1.2145
1.90505
0.138282
0.218282
-0.719403
0.363536
0.196981
0.33755
0.790228
-0.441239
0.874009
0.444614
0.691371
1.41969
0.276036
1.26083
0.106281
-0.307674
0.0561344
0.172213
-0.982283
-1.334
-0.319629
0.831631
-0.263832
0.587179
1.10974
0.169489
-0.122493
0.19404
-0.661213
-0.223995
-0.905116
1.08664
0.736177
-0.613221
1.15661
-1.74866
0.552674
0.87214
0.701948
-0.149301
0.184782
-0.309086
0.283277
-1.51804
0.0774346
0.467997
0.119697
-1.29649
-0.0420237
1.68252
-0.215123
1.00774
-1.57825
0.316742
0.505134
-0.709923
-0.887279
0.0960267
-0.82917
0.204994
0.734408
-0.587124
-0.0160322
0.458909
0.286483
-0.992776
-0.214631
0.533135
-0.305082
-0.21947
-0.492822
-0.554282
0.410204
0.868805
0.141531
0.387974
1.04567
-0.236105
-0.399322
-1.64623
0.660357
0.376359
-0.595548
-0.206603
0.946134
-0.218528
0.442694
-0.680181
0.0533606
-0.771674
0.264105
-0.0668931
0.704336
-0.276978
0.509071
1.01091
1.02432
-0.113775
-0.401918
0.0559082
-0.430741
0.93989
-0.100538
0.350033
-1.4819
-0.09553
0.361061
-1.00043
0.0655764
-0.138501
0.327435
0.165388
-0.65389
-0.930042
-0.00427381
0.283094
0.328955
-0.834208
0.497504
0.147292
-1.06893
-0.77216
-1.25657
0.637812
-2.0089
-1.373
-0.261874
-0.0308759
-1.61566
-0.612465
0.0120096
0.34856
-0.656413
-0.370734
-0.169803
-0.577263
-1.58254
0.537674
0.513905
-0.283176
-0.0240947
0.684883
-0.723414
0.764997
0.735356
-0.0160563
0.01813
-0.407659
-0.545402
-0.887207
0.518171
-0.476494
0.328924
-0.858987
-0.691352
-0.177188
0.652425
0.599233
-0.387689
0.194725
0.211028
-0.733597
-0.0964862
0.480684
0.359663
-0.051738
0.252822
0.273067
0.209385
0.0849809
-0.493734
0.353527
1.05705
-0.27871
-0.827416
0.216781
-0.924947
1.00292
0.122501
0.535426
0.527817
0.252526
-0.528603
0.708742
1.0759
0.849413
0.294643
-0.434364
0.264238
-0.624231
-0.0436549
-0.262755
0.537447
-0.00613283
-0.873594
0.61818
0.79702
1.32013
-0.458603
0.648375
0.343518
0.797989
-0.125706
-0.149216
-0.0162579
1.70753
-0.495413
-0.0294371
-0.120776
0.68172
-0.688894
0.119659
-0.00621909
0.438026
-1.87753
-0.389537
1.16314
0.980002
0.309906
0.0207641
-0.726302
0.810626
-0.115438
-0.6698
0.0105868
1.29191
0.278415
0.0514199
0.574451
-0.957738
-0.503646
0.250593
-0.496669
0.0248658
0.204979
-0.737519
0.0326424
0.281176
0.786111
-0.0678057
-0.120517
0.161534
-0.924725
0.0944857
-0.438305
0.538501
-0.636728
-0.540982
-1.01558
-0.307112
-0.149054
1.13492
-0.665604
-0.353326
0.156911
0.00968468
-0.339339
-0.12179
-0.608612
0.686067
-0.0357677
0.495738
-0.0250145
-0.516896
-0.344754
0.453768
-0.128307
1.07038
0.105871
-1.12937
-0.187528
-0.430894
0.669609
0.577526
-0.847133
1.00928
0.284287
-0.437507
-0.101262
-0.408264
0.188506
-0.2293
0.0816297
0.890281
0.0466329
-0.0564457
0.648095
0.147764
0.142853
1.24617
0.444265
0.40954
-0.299772
-0.173445
-0.474806
1.59418
-0.903423
0.18843
-0.644044
1.25272
-0.759493
0.367202
0.095096
-0.595401
-0.482666
0.596592
-0.315912
-0.00853077
0.29939
0.915691
-0.179932
0.43244
0.190252
-1.08735
0.999764
-0.708073
0.693047
-1.65698
0.208699
-0.371077
-0.437369
-0.0522016
0.840893
1.1743
0.434679
0.642907
-1.32122
0.480396
1.77465
-0.227749
0.146806
-0.297838
-0.210162
-0.289296
-0.187582
-0.15877
-0.00679806
-0.0169113
0.697093
-0.360556
1.81006
0.46674
0.664904
1.67636
-0.676952
1.49908
0.176527
0.274066
-0.738517
0.155231
0.113378
0.940467
1.1477
0.717418
0.352391
-1.79749
-0.67146
-1.0883
0.159117
-1.04681
0.840787
-0.727971
-0.606626
-0.814574
-0.254797
0.698208
0.850204
-0.547088
1.1259
-0.346103
0.0312471
0.740986
0.989564
0.393489
0.0503152
-1.11228
0.466424
1.1527
-0.232952
-0.47479
0.923744
0.848465
0.121982
-0.256603
-1.26472
-0.811977
1.35772
-0.471409
0.799747
1.13768
-0.428414
-0.718543
-0.832523
-0.394526
0.590259
0.931227
-1.35193
0.182627
0.444174
0.500847
0.404303
0.269341
-1.16974
-1.21289
-0.546429
1.08403
0.381665
-1.48764
0.00708918
-0.0917897
-0.41834
-0.292909
-0.146767
-0.778828
1.3377
-0.793589
0.279399
0.598592
0.993977
-0.124527
-0.396017
-0.966167
-0.842583
-0.336113
-0.523223
-0.450257
0.383887
0.27868
0.371582
0.590212
-0.960509
-0.48955
-0.0886524
0.485947
0.655661
0.977704
-0.162248
0.289369
0.611774
0.255266
-0.142814
-1.74001
0.660572
-0.0629511
-0.223315
-0.411002
-0.672754
-0.561795
-0.951003
-0.0780159
-0.546034
-1.47113
0.171485
-0.617166
-0.458653
1.09123
0.331678
-0.131299
-0.0574035
-0.834823
-1.82748
0.0706544
-0.0352751
0.391799
-1.22874
-0.865858
0.800703
0.138496
0.473159
0.279893
-0.0795772
0.798547
0.57546
0.576325
-0.0678134
-0.300821
-1.09493
0.111123
-0.109013
-0.00304149
0.341139
-0.522391
-0.283758
-0.348684
0.055716
-0.70939
-0.487168
0.00678303
-1.80519
0.0923194
-0.791369
-0.317557
0.830186
-1.55182
0.0405659
0.866589
0.232725
0.510607
0.557756
0.666808
0.31203
0.519977
0.275553
-0.35609
-0.422998
0.0672998
-0.035254
-0.418239
0.332562
0.948939
-0.350923
0.530237
-0.190795
0.503963
0.144033
0.577544
0.227972
0.0129644
2.09413
0.615071
0.210678
-0.634994
0.799195
-0.580371
-1.16121
-0.863207
-0.246817
-0.864134
-0.636011
-0.550806
-0.622411
0.52679
-0.0773482
-0.860519
-0.337585
1.01426
-0.267562
-0.328913
-0.386985
0.393164
-0.596526
-0.456786
-0.665258
-0.197884
0.495733
1.49444
-1.91761
0.242624
0.0132265
-0.890076
0.59184
-1.19413
-0.376435
-0.550254
-1.10856
0.870135
-0.479885
1.54911
-0.767203
-0.258897
0.574984
-0.575289
-0.281472
-0.0092616
-0.358319
-0.0362252
0.224654
0.515653
0.64796
-0.15365
-0.00296776
-1.28438
0.973878
-0.612879
0.478682
-1.59135
-0.242405
0.207283
-0.576386
-0.842501
0.894492
1.13527
-0.382135
-0.626603
0.112021
0.138499
-0.789471
0.0679707
-0.0860661
0.676227
0.32772
-1.41012
0.284029
0.744369
0.280195
-0.310276
0.158577
0.550807
0.457908
-0.261862
-0.76378
-0.209511
-0.811666
-0.56758
0.399522
0.349227
0.383463
0.815575
1.41363
-0.106699
0.273192
-0.437551
0.419384
-0.702305
0.662048
0.239579
-0.227409
-0.5501
-0.456528
0.090986
0.664105
-1.27922
-0.644023
-0.495947
-0.441882
0.126168
0.255279
1.53961
-0.411355
1.23688
0.0940176
1.60707
0.382782
-0.33243
0.569234
0.154191
-2.08581
-0.187994
-0.0561416
-0.906114
-0.791811
-0.234057
0.260568
-0.756605
0.0349109
0.088114
0.834482
-0.044212
0.138816
-1.07415
0.232082
-0.946568
0.642201
0.0600689
-0.303597
0.496303
-0.654325
-0.58434
0.476838
-0.331895
0.392095
-1.54221
0.227066
0.349683
1.28204
-0.719692
-0.166553
0.434408
-0.00885647
0.022681
-0.651666
-1.48238
-0.269078
0.618769
0.897066
-0.0771438
0.874926
-0.63205
0.972375
-0.55906
0.654774
1.06225
-0.284778
0.976064
-0.454833
-0.604809
0.135861
-0.339963
-0.302658
-0.572201
-0.991876
1.95498
0.227203
1.04331
-0.332111
-0.316847
-0.259107
0.0542576
-0.699774
-0.300976
0.774444
-0.994122
0.347413
-0.572662
-0.0184424
-0.673548
-0.0376497
-0.391212
0.49519
0.340037
1.08755
-0.465939
1.3189
-0.549689
-1.03275
0.114701
-0.333563
-1.09356
0.604767
-1.29246
-2.38598
-1.1082
-1.21512
0.133072
-0.667796
-0.0188585
-0.677994
-0.721012
-0.789892
-0.298817
-0.301107
0.0557412
1.63176
0.752611
-0.267636
0.626668
1.11658
-0.942942
0.291927
0.346649
0.530817
-0.0416689
0.222688
0.523165
0.50248
0.64596
-0.809491
-0.345335
0.403792
0.595026
0.00430396
-0.158012
0.0950346
-0.672838
-0.0949222
-1.48907
0.204195
-0.256039
-0.203017
0.92427
0.0671359
0.583943
0.0128948
0.265136
0.928199
-0.0908314
0.0563363
-0.316068
0.279003
-0.833109
-0.312967
-0.117269
0.020594
-0.182926
0.762434
0.617986
-0.0255894
0.299771
-0.162225
-0.863655
-0.180447
-1.02177
0.658524
0.412303
1.4317
-0.540943
-0.323007
0.225946
-0.343627
-0.266907
0.698157
-0.17503
1.35331
-0.436337
-0.704678
0.976323
-0.0970208
-0.207992
-0.596499
-0.512993
0.216267
0.472806
-0.51578
-0.188811
0.504125
-1.14159
-0.345188
-0.31808
-0.186163
-0.165634
-0.467803
0.303781
-0.674816
-0.128713
-1.10558
1.00275
-0.251986
-0.756351
-1.12198
0.404046
0.0438167
-0.51035
-0.552511
-0.436843
-1.03171
-0.226419
-0.329468
-0.304669
-0.549783
0.000233263
-0.937249
0.326284
-1.3252
1.46065
-0.39453
0.526059
-0.127439
-0.156126
0.507476
0.71261
-0.0524757
0.130846
-0.31193
-0.261657
0.0285628
0.0649114
0.264036
-1.47272
0.249013
0.125447
0.0391013
1.27792
1.45983
0.905236
-0.665623
0.62428
0.871649
0.529432
-0.116191
-0.706498
-1.24253
0.00811975
-1.15154
-0.468747
-0.384014
1.47852
-0.0269766
1.83947
-0.34834
0.464778
-1.77884
-0.0238164
0.90102
0.257358
0.309297
0.291986
0.281648
-0.0712717
0.446416
0.337622
-0.12608
-0.946141
-0.0670674
-0.531817
0.106301
0.452855
0.748896
0.236723
0.47313
0.219031
-0.261286
0.242845
0.806985
0.0200353
1.1277
-1.0417
-0.492407
0.818873
0.00507488
0.357198
0.0577225
-0.714399
-0.605656
0.0092144
-0.895447
0.654547
-0.870029
-0.493538
-0.440861
-0.157868
0.250092
0.578038
0.483692
-1.77684
0.98978
-0.47679
0.158132
-0.00605723
1.1617
0.440173
-0.335425
-0.465635
0.0675804
0.541543
-0.959146
-1.26473
0.939084
-0.0980943
0.752814
-0.184025
0.624296
-0.0600356
-0.998803
-0.819535
-0.110502
-0.708863
0.726596
0.374237
-1.55664
0.55574
-0.433279
0.469255
-1.00956
-0.41328
0.679262
-0.697574
0.909363
0.105686
-1.17505
-0.048898
-0.687636
-0.418888
8.70054e-05
0.871311
-0.42986
-0.263906
0.132122
-0.0274273
0.171984
-2.13834
-0.304197
0.154601
-0.082065
-1.22721
0.95358
-0.259084
-0.780904
0.41721
-0.239587
0.286493
-0.684315
0.681773
0.201804
-0.569775
0.05644
0.067689
-0.092016
0.691801
1.62811
-0.122542
-0.662112
0.0643879
0.40285
-0.369543
-0.511633
0.652599
-0.475442
0.123205
1.41871
0.242629
1.15382
0.867562
-0.678501
0.417661
1.03868
-0.476403
-0.034642
1.29172
0.433809
0.443596
-0.374401
-0.896716
-0.498233
0.198171
-1.49458
0.498597
0.0810472
-0.778095
-0.604943
-0.433713
-0.841323
-0.568133
0.600687
0.11563
0.512743
1.48749
0.338413
0.727379
0.0749653
0.409445
-0.250858
-1.05909
-0.581312
0.485252
-1.36261
0.5213
-2.05852
0.396778
-0.868267
-0.490061
0.294711
-0.159992
0.572882
0.898023
0.599831
-0.124797
0.548658
-0.276753
-0.984579
-0.36563
0.261403
-0.674293
0.877471
-0.46733
-0.668442
-1.22874
-0.140626
0.824203
-0.827224
-0.709063
-0.103586
1.13055
-0.379885
0.609535
-0.84338
0.0573632
-0.0392289
1.28024
0.441753
0.228468
-1.3234
-0.326382
0.465533
-0.142535
0.506779
-0.407126
0.640746
0.100109
-0.426046
-0.490309
-1.42667
0.88145
-2.49536
-0.949887
0.935211
-0.263717
0.594256
0.0661485
0.144273
0.245223
-0.25325
-0.111561
-0.273456
0.115201
-0.180039
-0.955685
0.97729
-0.820859
-0.516466
-0.634926
-0.521315
-0.306947
0.974933
-0.378022
-0.591269
-0.529247
0.477981
0.0184871
0.903262
-0.353886
0.711082
1.49617
0.289691
-1.10708
-0.16952
-0.4717
-0.597389
-0.179887
0.0281099
-0.0643409
-0.197968
-1.50301
0.871103
-1.21146
-0.155316
0.100609
-0.685655
-0.250783
-0.112639
0.0359916
-1.22218
0.384751
0.328045
0.367526
-0.048331
0.340508
0.752633
-0.266491
-0.179732
0.244126
-0.465824
-0.510757
-0.182216
-0.143472
0.826699
0.921078
-0.983656
0.607673
-0.225889
1.89586
-0.634861
-0.535029
0.324231
-0.408916
1.20376
0.375736
0.307121
-0.911042
-0.618943
-0.41516
-0.928231
-0.336282
0.105175
-0.254975
0.834587
0.22406
-1.03036
0.137392
-0.634089
-0.162441
0.366826
-0.895485
-0.332639
-0.437359
0.790682
-1.75073
-1.03446
0.312945
-0.9065
-0.515034
0.159676
-0.944384
0.857451
-0.0597553
-0.796383
-0.541942
0.287548
0.75113
0.535611
0.955962
0.170921
0.492687
-0.295586
-0.109472
0.287876
-1.51056
0.231465
-0.130432
-0.456153
0.895955
0.0518081
-0.0340089
-1.31752
-1.03496
1.46054
-0.610448
0.31203
0.627007
0.812525
-0.342666
-0.246864
-0.668741
-0.600541
0.284688
-0.107265
-0.0940897
-0.476292
0.887753
-0.104451
-0.56716
-0.74104
-0.546453
-0.896417
0.545155
0.362963
-0.307494
2.07822
-1.71078
0.53303
-0.360088
0.0502454
0.0262291
-0.778327
-0.413074
1.15998
0.00680024
1.48857
-1.384
-0.911973
-1.03998
-1.37048
-0.508284
-0.561909
0.250227
-0.247216
-0.415613
-0.246505
0.137838
-0.144838
0.146408
1.71905
-1.25494
-0.0875519
-0.396858
-0.303247
1.30177
-0.182587
-0.255343
0.921843
-0.390335
-0.00403994
-1.19327
-0.14785
-1.29312
-0.666326
0.576447
0.323727
1.07352
0.811826
-0.24313
0.239897
0.455048
-0.712507
-0.0953268
-1.42884
-0.65068
-1.09139
0.266494
0.0461684
-0.596556
0.423867
0.0514671
-0.355459
-0.682368
-0.654714
0.684566
0.552686
-1.32916
1.04882
1.04416
-1.37204
-0.186355
-0.664972
0.288318
1.3743
0.649336
-0.299998
-1.04432
0.607141
0.77495
0.0122897
0.989956
1.8009
-1.1065
-1.15013
-0.37405
0.917509
-1.10943
0.169186
0.687644
-0.598037
0.606758
-0.817014
0.840537
-0.082211
1.2999
-1.07404
0.358784
-0.434187
0.210314
-0.529326
-0.138209
0.663417
0.0279304
0.607346
-0.00233741
0.198181
-0.450779
-0.00209007
0.39014
0.397772
1.89721
-0.637256
-0.548854
-1.13825
-0.0627524
0.523982
0.243399
-0.393622
-0.92353
0.593591
-0.330714
-0.209145
-1.02129
-0.444399
0.126152
-0.408642
0.316817
-0.674388
1.10793
-0.481679
0.796368
0.273746
-0.457996
0.358848
-0.496463
0.37692
1.27838
0.228837
1.18977
-0.299507
0.161889
-0.151031
-0.229415
-1.13484
-0.143042
0.903812
0.547701
-0.767894
-1.5781
-0.0766795
0.678239
-0.0317708
-0.529928
-0.819457
-0.644561
0.503729
1.89442
-0.554193
0.232827
0.356324
0.814291
-0.32849
0.191742
0.0693736
0.0911932
1.80469
0.117226
0.0457954
-0.494818
-2.07535
1.4287
1.26759
-0.834985
-0.444662
-0.878038
0.997076
-0.887652
0.0653726
0.52458
-0.0700628
-1.30139
0.934511
-0.865709
-0.440898
0.989624
0.168263
0.986181
-0.589236
0.793602
0.913135
0.609593
-0.520939
0.655602
1.97356
0.762976
0.229089
0.0162887
0.31171
0.384396
-0.917746
0.471982
-0.415466
-1.03366
-0.224819
-0.311745
0.919387
-0.573694
-0.00873294
-1.31829
-0.0489106
0.145011
-0.446823
-1.40992
1.20128
-0.419782
-0.249652
-0.06058
-0.551687
0.667695
-0.571452
0.00198988
-0.159966
-1.88779
-0.472523
0.15559
-0.0250173
-0.542851
-0.330586
-1.57651
-0.0594273
-0.299988
0.749319
-0.48954
-0.941771
0.643529
-0.98916
0.703402
-0.325449
0.174322
-0.204073
0.429439
-0.672157
0.200804
-1.33048
0.444154
0.904132
0.00344848
0.589384
1.36073
-0.488804
0.666259
0.777926
1.14064
-1.7768
-0.433992
-0.100171
0.385651
-0.869822
0.683407
0.131233
-0.407501
0.115846
0.407686
-0.207043
-0.348723
1.28072
0.329632
-0.501567
-0.618285
-0.139449
-0.154747
-0.504887
0.186109
-0.692524
0.383342
0.48377
0.109708
-0.647136
-0.699299
0.632075
-1.24133
-0.148197
-0.31006
1.48562
-1.90759
0.191591
-0.369227
-0.163895
0.330368
0.958725
-1.29898
-1.21665
1.0248
1.6228
0.601588
0.631339
0.952605
-0.237496
0.388208
0.267588
-0.859312
-0.21596
-1.34336
0.319156
1.45152
-0.700456
-0.586623
-0.601205
-0.640202
-0.524331
-0.239552
0.956825
-0.376362
-0.553894
0.527402
-0.351359
0.894301
0.734598
0.59012
-0.603832
0.256853
-0.681169
-0.128785
-0.0255098
0.557265
-1.95484
0.27898
0.568327
0.843815
-1.18403
-0.086347
-1.0167
0.529301
0.311155
0.733971
-0.194631
1.0042
0.696956
-0.970611
0.529466
1.02319
0.486885
-1.25341
0.189747
0.911541
-0.738124
0.477282
0.387148
0.216754
1.06606
0.238726
-0.398534
0.383107
-0.0264326
-0.343103
0.669323
-0.366743
0.504409
-0.0712154
1.15602
0.190221
0.00248478
-0.41974
0.0555165
0.0658348
0.36662
-0.269307
-0.253862
0.153061
-0.61395
0.214627
-1.37472
0.797551
0.803918
0.199565
1.98028
-0.0108249
1.29038
-0.0261363
0.0599021
0.338977
-0.0391951
-0.289057
-0.613105
-1.72613
-0.183046
-0.871362
-0.685727
-1.41026
-0.950323
0.703631
-0.427896
-0.395245
-0.0455307
-0.604206
-0.89972
-0.933948
-0.496275
-0.561843
0.329577
0.973002
-0.487911
1.15655
0.570423
-0.0462482
0.0693717
-0.278059
-0.0768908
-0.246405
0.536544
0.245544
-1.04722
-0.18208
-0.265403
-0.463426
-0.451019
-1.23712
0.343863
-0.553599
-0.525182
-0.609074
0.360985
0.284681
0.312227
-0.103863
-0.0785124
-0.463909
-0.355895
-0.658976
-0.351369
-0.303927
0.209745
-1.78497
-1.44015
-0.102239
-0.121357
-0.287996
-0.269844
-0.255471
1.06498
1.16468
1.20182
-0.240568
-0.324545
0.0875672
-0.414903
-1.90625
0.177859
0.495971
-0.681845
-0.223937
0.487869
-0.259937
-0.874138
-0.143996
0.376476
-0.662146
-0.328418
-0.1288
0.358521
0.515264
1.04563
-0.776135
0.43686
1.52456
-1.17916
0.109452
0.0417323
-0.0147988
-0.490721
0.651963
-0.430799
-0.0227423
-0.461535
-1.91228
-0.754441
1.48381
1.09404
0.788905
-0.337722
-1.11983
-0.298812
0.782083
0.669943
0.240977
-0.530656
-0.350031
-0.590144
-1.11499
-1.0051
-0.795649
-1.01035
0.113957
0.736612
-0.258977
-0.32577
0.11655
-0.0699998
0.392913
-0.348413
0.492915
-1.624
0.22152
0.252411
-0.808768
-0.54095
-1.76824
-0.832336
-0.607554
0.0627824
0.818292
0.897247
0.694432
0.0496941
-0.177916
-0.173698
0.434139
0.30672
0.193994
0.108882
-1.59988
0.0380364
-0.941242
1.79735
0.462089
-0.502642
-0.432411
0.209548
0.231289
0.201135
-0.985937
1.42608
0.604549
-0.534749
-0.164684
-0.463445
0.409336
0.52491
0.573032
0.557455
0.817282
0.579341
-1.11998
0.585785
-1.31274
1.44937
-0.138398
9.48806e-05
-0.887053
-0.915652
1.1088
0.552838
-0.37739
-0.257409
0.332653
0.386478
0.210409
-1.02208
0.761322
-0.522172
-0.246952
-0.0268395
-0.119599
0.326862
-0.232844
0.224239
-0.260468
0.512423
1.55157
0.614527
-0.722571
-0.0669266
0.807574
0.161652
-0.890729
0.210355
0.584819
0.00451345
-0.54949
-0.414649
0.355652
-0.0690689
0.599124
-0.819219
-0.631895
-0.526966
-0.134366
0.633049
0.476283
-1.19481
-0.257965
-0.260586
-0.443556
0.737021
-0.371492
0.873939
0.590275
-0.343881
1.40568
0.271269
-0.051792
-1.49081
-0.431337
0.542215
-0.29883
1.38248
-0.185952
-1.01707
0.947243
0.232217
-0.344123
0.464445
-1.88592
-0.461214
1.13106
0.695162
-0.588818
0.447364
-0.713898
0.844338
0.94227
0.517668
-1.64231
0.0510528
0.280769
-0.401277
0.607382
-0.0837664
-0.190168
1.30686
-0.757005
0.00437594
0.615414
0.0203958
-0.974705
-0.285972
-0.0484418
-0.564584
1.13189
-0.0877095
-0.1627
0.48249
-0.584424
1.44786
-0.432378
0.926059
-0.273878
-1.51231
0.574341
1.32198
-0.260632
-0.911375
-0.371747
0.044881
-0.0599598
-0.0525145
-0.185959
0.397237
0.549899
-0.292669
0.406808
1.01669
0.640346
0.872898
-0.804539
0.196355
-0.194542
-0.671833
0.741131
0.21766
0.129361
-0.0672674
-0.142677
1.25201
-0.145403
-0.0956401
0.311789
0.183385
0.458635
0.315585
0.623321
-0.0425966
0.508146
0.25836
-0.250306
-0.217081
-0.0688453
-0.709919
1.05263
-0.238911
-1.84463
-0.524309
-0.976742
1.19713
-0.266209
0.0355965
-0.446477
-0.561088
-0.425622
0.597541
-0.0693854
0.440392
-0.236637
-1.16331
-1.57978
-0.678015
0.227537
0.422347
-0.442288
-0.847545
-0.640227
0.306913
1.02494
-0.347679
0.0176565
-0.940845
-0.651708
-1.15259
-1.42374
-0.188811
-0.0654241
-0.100045
-1.86979
-0.679226
0.890442
-0.356554
-0.935102
0.826869
0.317133
0.209933
-0.854695
0.484349
0.737299
0.750479
-0.372469
-1.20069
-0.522196
1.10195
-0.658633
-0.0804253
0.495995
-0.310181
-0.648398
0.25476
-0.623885
0.608115
-0.477524
0.842617
1.20396
0.857298
0.886606
0.669846
-0.145813
-0.638248
0.296679
0.518445
-0.134348
-0.015325
-0.512787
-0.478793
0.902058
0.260068
-0.276032
-0.000389899
-0.494526
-0.115007
0.473914
-0.133232
0.263832
-0.655099
0.169916
-1.55135
-0.170975
0.10253
-0.575397
-0.713978
-0.250046
-0.0319734
-0.543221
-0.00445672
1.02971
1.02122
-0.589437
-0.262872
0.199751
0.473193
-0.431935
0.489559
-0.909444
-0.0155217
0.486497
-0.0247924
0.860228
0.304924
0.350397
-0.774819
-0.00104863
0.744125
-1.22169
-0.118765
0.448712
-0.061858
0.326692
0.380304
-0.954619
0.250381
0.0132177
-0.0968371
0.116881
-0.823237
-0.82047
0.420621
0.825503
-0.0570902
0.924833
-1.3036
0.523046
-1.31743
-0.126346
-0.42691
-0.243656
-0.141376
0.952204
0.0700304
-0.0968757
-0.232119
0.379915
0.27913
0.779688
-0.643566
-0.555848
0.677015
-0.459645
0.565233
0.754976
-0.0825317
0.761808
0.511262
0.276226
0.215801
0.489944
-0.401669
-0.679754
-0.790667
-0.283614
0.00955943
-0.550189
0.516082
-0.0959084
0.570011
0.0041996
-0.472116
-1.73685
1.15776
-0.615445
0.0887658
1.32767
-0.259956
-0.408348
-0.0442995
0.294056
0.124961
-0.915049
0.0519455
0.0408926
0.798342
-0.706935
-0.992665
-0.0543199
-1.33284
-0.609353
0.274728
-0.353517
-0.8852
0.332093
-0.123224
1.30487
-0.261768
-0.596183
-1.25637
-1.23148
-0.982187
0.274971
-0.259282
-0.187477
-0.946544
-0.0582558
-0.497247
1.25317
0.691781
-0.360977
0.593336
1.64624
0.131936
0.0213901
-0.749693
-0.248739
0.343779
-1.28506
0.346136
-0.0816151
0.366979
0.137752
-0.449662
0.202179
-0.109655
-0.668139
0.978119
-0.595236
0.774488
0.445079
0.640369
0.236474
0.665722
0.192145
-0.425794
-0.510332
-0.169924
0.215012
0.773936
-1.48525
-0.368584
-1.2967
0.365142
-1.11728
-0.903576
-0.974943
0.500786
-0.88887
0.109989
-0.920957
0.681698
-0.664939
-0.3781
-0.74454
-0.177974
0.368227
-0.487462
-0.383905
1.13036
-0.448196
-0.640397
-0.359301
-0.192151
0.575455
0.403823
1.49647
0.529408
-0.698608
-0.00165976
0.456327
0.223487
0.648207
0.0844282
-0.436769
0.781269
-0.700092
-0.793231
0.117322
0.224643
-0.74176
0.081134
0.0055395
-0.426517
0.516825
-1.003
-0.967325
-0.389234
-0.404226
0.108284
0.547258
0.142911
0.379175
2.36392
-0.0158308
0.25999
-0.477603
0.401664
-0.611165
0.103575
-0.229088
0.386298
1.09113
0.0357178
-0.0328584
-0.393741
0.103127
1.71159
-1.09309
0.26561
-0.718909
1.43629
0.583875
1.21062
0.21648
0.205878
-0.40357
0.403865
-0.438041
0.0441618
-0.945923
-0.391971
0.407973
-0.197653
-0.317128
0.485606
-0.102079
-0.106756
0.252182
-1.20744
-0.323624
-0.833441
0.97167
0.108019
0.545347
0.349243
-0.134601
-0.309104
-0.541006
0.076074
0.780442
-0.476969
0.34648
1.22938
0.741117
-0.174139
0.264582
0.296848
-1.28481
0.644134
-0.249692
0.173671
-0.670276
0.50973
-0.120683
0.476143
0.0328232
0.803844
-1.15585
1.01991
-0.0859434
-0.711368
0.792554
1.02745
0.319774
0.673297
0.154511
-0.179931
1.28245
0.432719
0.315552
1.08107
0.20809
0.19766
0.391013
1.72237
0.575198
0.583119
-0.285847
-0.132725
-0.244262
-0.0253216
-0.136258
0.0139841
1.13399
0.0641379
-0.486085
-0.51166
0.614831
-0.529598
0.098277
-1.46588
-0.102182
0.661425
-0.447118
-0.14999
-0.53785
-0.947311
-0.0621782
-1.04493
-0.146327
0.172691
-1.42058
1.21248
0.418131
-0.263664
0.663702
0.127915
0.450245
-0.500063
-0.0520051
0.946689
1.08138
-1.2649
0.500505
0.58495
0.222129
0.530942
-0.665681
-0.504385
0.104357
-1.4065
0.689158
-0.144571
-0.435035
-0.557659
-0.658713
0.479521
-0.765994
-0.561783
0.845219
1.46947
-0.0133179
0.474907
-0.70387
0.134585
-0.652757
0.305618
0.268972
0.615128
-0.46937
-0.779888
-0.225425
0.3989
0.348992
-0.843337
0.57985
0.0126617
-0.675014
0.674451
-0.357582
0.717191
-1.4035
0.78042
-0.520217
0.168772
-0.675295
-0.677432
0.618615
-0.48322
-0.831007
-0.0854462
-0.12687
-0.875081
-0.023066
-0.495634
-0.23492
0.282527
0.332353
-0.0329323
1.50395
1.88083
-0.482238
0.91107
-0.564096
0.12233
0.19016
-0.517987
-0.424876
-0.755972
2.05886
0.211802
1.15359
1.2295
0.37091
-1.36716
0.391718
-0.361048
-0.0332257
0.321765
-0.248178
0.126297
-0.204407
-1.42461
1.54037
-0.5095
0.522073
-0.103059
-0.963201
0.942249
-0.296172
1.54706
0.490235
-0.743411
1.45018
-1.25859
0.192985
0.524759
0.208085
0.0903365
0.168236
-0.196311
0.793704
0.722487
-0.559338
0.346448
0.0807711
0.234804
-0.752406
-0.265757
-0.199932
1.10945
-0.131233
-0.539184
-0.0114242
-0.35521
-1.07424
0.366393
-1.55518
0.213777
-0.389265
1.05421
-0.00674986
-0.0737531
0.334751
-0.176131
0.45257
-0.696585
-0.885722
0.344107
-0.1845
-0.3927
0.774648
-0.116253
0.809653
-0.825799
-0.473251
-0.0347952
0.232683
0.900915
-0.0455963
0.350457
0.04136
0.346122
-0.271923
0.0251238
0.147317
0.0440063
-1.37488
-0.330206
0.659815
0.551789
-0.770797
0.483296
0.488664
-0.786949
-0.30381
-1.09486
-0.418873
0.659612
0.663323
-0.688878
0.552962
-0.846131
-0.266481
0.232651
-0.275561
-0.359574
-0.959022
0.808528
-1.26069
-0.299273
-0.964132
-0.623744
-1.07864
-1.21274
-0.387547
0.0370769
0.472057
0.494738
-0.063915
-1.24861
-1.22607
-0.0347688
-0.737471
0.47447
-1.25246
1.48193
-0.328912
0.364963
-0.33385
-0.4132
-0.375351
-0.420059
-0.97205
0.401412
-1.02902
0.838718
0.527477
0.583748
0.486277
-0.523386
-1.34968
0.479373
0.349709
-0.373068
-0.424826
-0.42923
-0.709779
-1.15742
-0.518087
-0.923278
-0.537376
1.28289
-0.505278
0.272455
-0.469839
0.826686
0.300687
-0.917255
0.194975
0.84174
-1.27525
-0.742098
0.69119
0.502204
1.67322
-0.48114
0.290477
-0.781567
0.417818
-0.630636
0.278462
0.850071
0.121301
0.653733
0.10507
-0.121183
-0.487954
0.400705
-0.16126
1.04675
-0.335046
-0.47926
0.00465994
-0.306086
0.120695
-0.757211
-0.315385
0.429254
0.234447
0.564894
0.0452959
0.19988
1.29535
0.864755
0.361493
0.271458
-0.435207
-0.0929984
-0.00624348
-0.571373
-0.502088
0.264747
0.0877946
0.605462
0.212387
0.0709514
-0.906029
0.108761
-0.0901695
-1.47187
-0.471495
-0.639611
-0.516798
0.517763
-0.203502
0.687484
0.0361596
1.21969
-0.0174404
-0.0594536
-0.828568
-0.843829
0.67157
-1.02266
0.00628756
-0.129218
-0.483123
-1.24942
-0.272669
-0.0640806
0.222498
0.780298
-1.18125
0.863094
0.0230783
0.821933
-0.773835
0.327719
-0.926527
1.22753
-0.265093
-0.419437
0.0653119
0.604383
-0.249425
0.643538
-1.14314
1.8727
-1.25102
-0.553141
-0.46892
0.417882
0.157375
-0.623652
-0.332878
0.594191
0.311776
-0.856312
0.33619
-1.40699
0.461337
1.0026
-0.26316
-0.493967
0.17294
0.0902986
-0.352239
0.652835
0.217101
0.0431208
-0.0261533
-0.625951
0.575603
0.739467
-0.81937
-0.32663
1.05971
1.54693
-0.87686
1.32185
-0.0666692
0.403324
-0.0551069
-0.136736
0.224427
1.02611
-0.18211
-0.376308
0.459548
-0.0726377
0.25561
-0.541928
0.829289
-0.766021
-0.828615
0.0152815
-0.524248
-0.0816062
-0.041775
-0.52868
-0.645186
0.142234
-0.316565
0.438603
-0.960053
-0.5438
-0.432326
0.0699718
-0.511737
-0.647073
-1.05864
0.201163
0.856282
-0.0934454
0.471863
-1.2715
-0.133118
0.288748
0.60845
0.0361576
0.16489
-0.499396
1.25494
0.0690374
-0.0119446
-1.13648
-0.65794
0.872916
-0.124745
-0.179765
-1.21802
-1.09123
-0.766472
-0.29544
-1.16289
-1.13797
-0.369993
0.846579
-0.0123804
-0.701325
-0.467873
0.128527
0.864745
-0.367118
0.900489
-0.0654991
-0.625417
0.863228
-0.857368
-0.892679
-0.25478
0.959492
-0.883391
-1.89247
-0.717851
-0.355017
1.37029
0.506803
0.724346
-0.408093
1.20645
0.769601
0.812651
1.96252
0.700566
-1.0926
0.435163
0.708706
-0.669589
-0.111967
-0.713348
0.559411
0.667321
-0.791034
0.152347
-1.25884
0.782427
-0.76144
0.439873
-0.554644
-0.484152
0.0151072
0.430679
-0.243392
0.428922
0.175823
-0.861172
-0.16052
0.218546
-0.311231
-1.09955
0.00387145
-1.46849
-0.928579
0.522366
-0.0469117
-0.0954113
-0.0514203
0.299643
-0.342881
0.608288
0.582141
-0.552895
-0.0194727
-0.667172
-0.209029
-0.100922
0.646425
-0.453106
-0.481175
0.107467
-0.525107
-0.455002
0.389699
0.87786
1.7623
0.601016
0.375105
-1.10475
-0.262034
0.61972
-0.327237
-1.15423
-0.234063
-0.0776129
-0.720412
-0.0353462
-0.435639
1.15288
-0.975214
0.679363
-0.409439
-0.253295
-0.0465973
0.517423
0.200843
0.911733
0.522829
-0.502066
0.786019
-0.43928
-0.0404479
-0.233097
0.733291
-0.930773
-0.268831
0.739301
-0.257699
-0.12262
0.295016
0.25648
0.600048
0.43338
-0.45728
0.00473143
0.39851
0.758655
0.167309
-0.537909
-0.0303404
-0.275892
-0.123253
0.358943
-0.39351
-1.0145
-0.0626354
-1.25555
0.0126574
-0.277005
-0.270035
1.17037
-0.200392
-0.326394
1.06148
-0.0311298
0.364261
-0.665162
0.899005
0.092152
0.038588
-0.793872
0.0563152
0.529628
0.139875
0.396898
-0.76157
1.16504
0.717787
-0.528793
0.312955
-1.27226
0.162393
0.315001
0.586283
0.0736221
0.484861
0.887112
-0.102789
-0.377569
-0.329667
-1.00642
0.68009
-0.144648
-0.171093
0.50975
-0.106262
0.121397
1.00473
-0.586504
0.286385
1.02792
-0.854089
1.38546
-1.07369
1.15598
0.188972
0.160485
-0.792632
-0.094534
-1.38273
0.60131
0.538246
0.302616
-0.632783
-0.55922
0.502092
-0.414215
-0.138295
-1.36593
-1.0233
0.61149
-0.142982
0.0191889
0.378933
0.893866
-0.777356
0.41205
0.192102
-0.803724
-0.225852
0.256534
-0.934602
-0.477457
0.729031
-0.362032
-1.11037
0.0181121
-0.52925
0.100552
0.82
-0.190091
-1.15101
1.2318
0.550381
1.6323
-0.320796
-0.396027
-0.98777
0.212594
-0.19227
-1.00951
-0.229986
-0.554589
-0.251388
-0.7643
-0.509568
0.484661
0.0318943
-0.304201
0.0246467
-0.512417
0.308915
-1.83745
0.783449
-0.668654
0.31057
-0.636208
0.38122
0.0919498
-1.70705
0.747173
0.947358
-0.348677
0.559291
0.562315
0.40468
1.51316
-0.00151251
-0.248512
-0.104709
0.296575
0.698751
0.190266
0.396798
-0.120213
1.10097
-0.980922
0.278779
0.0287274
-0.697124
0.616146
-0.375658
-1.11708
-0.933669
0.224758
0.0430496
-0.5217
0.581467
0.142051
-0.123461
0.30266
0.190037
-0.115069
0.0399686
-1.25327
-0.305906
-0.879247
0.441478
0.720437
0.392139
-0.305686
-0.044087
-0.201757
-0.699921
0.910784
0.446644
-0.441813
0.0159986
-0.0473781
0.423235
-0.914776
-0.421775
0.144894
1.1576
-0.932426
-1.02097
-1.1471
-0.709632
-1.10657
-0.200875
0.463856
-0.316872
0.663983
-0.0201099
-1.23014
-0.871564
0.0482615
-0.308255
-0.804197
0.1683
-0.080229
-0.208559
0.133515
1.00189
1.10753
0.51086
-0.302651
-0.640215
-0.657394
1.30049
0.0616925
-0.73293
-0.60986
-0.779395
0.169666
-0.074645
-1.20293
-1.17792
0.85981
0.644556
0.0780636
-0.104746
0.0550254
0.0388991
1.04405
0.121574
0.934043
-0.670855
0.158115
-0.945945
-1.17203
-0.914884
-0.644264
0.308831
-0.573967
-0.217384
0.926851
1.06703
-0.296273
0.8857
-0.143316
-1.04717
0.765268
-0.416479
0.0458459
0.518479
-0.998139
-0.0783191
0.698969
-1.02502
0.827784
0.558037
-0.527731
0.986084
-0.22759
-0.399789
0.00313893
-0.178223
1.09223
-0.379078
0.03047
-0.16494
-0.674655
-0.262087
-0.584249
0.29127
-0.201451
0.0155519
0.761213
0.26416
0.485607
0.618683
0.11625
0.689178
-0.890946
-0.662296
0.136144
0.801881
0.641198
0.0335496
-1.19835
0.568891
0.886117
0.61776
-0.0997152
-0.468604
0.816172
1.61176
-1.4179
0.301253
0.00730414
1.50079
-1.08676
0.357471
-0.321562
0.695555
0.00850036
0.564306
0.0206616
0.0168866
-0.331061
-0.189367
-0.728415
-0.66024
0.316829
-0.285659
-0.519732
0.0894288
0.433966
-0.0328736
-0.354979
-0.0525498
0.493831
0.752764
-0.295561
0.211414
-0.393168
-0.118713
-0.417333
0.0783755
-0.094089
1.10576
-0.945759
-0.113468
0.0589141
-0.11155
-0.300836
-0.151421
-1.1269
-1.03055
-0.908245
-0.938179
0.781743
0.422731
-1.00991
0.988484
-0.272021
0.0775686
-0.992368
0.437584
0.368494
0.851887
0.583395
-0.127303
-0.918327
-0.864039
-0.985047
-0.793095
0.495343
0.178761
0.0271389
-0.333756
-0.149177
0.118689
-0.281228
-0.0636481
1.23783
-0.498341
0.232721
-0.234381
-0.524997
-0.267126
-0.35791
-0.0952061
-1.28856
-0.511147
0.298732
-0.377621
-0.919037
0.404859
0.874982
0.57574
1.46911
-0.292663
0.443352
0.371798
0.639218
-0.0808226
0.238776
0.0662596
-0.229123
-0.58849
-0.0691357
-0.0907551
0.0367756
-0.144663
-1.41764
1.53746
-0.779983
0.770682
0.380791
0.628993
0.125383
-1.0701
0.141879
0.407549
1.01599
0.442454
0.160915
0.127151
0.120373
-0.639848
-0.516575
0.680253
-0.261499
-0.212703
-0.0414876
0.614115
0.643599
-0.0866089
-0.0448188
-1.26895
-0.614018
-0.0336317
-0.0425831
-0.195978
0.31818
0.501332
-0.543955
0.0255399
0.355367
-0.408797
0.949502
-0.312651
0.898387
-0.412076
-1.39621
-0.3635
0.179684
0.659822
0.589594
0.255078
-1.17721
-1.47757
-0.344638
-0.19772
0.867749
0.531019
0.606281
-0.506159
0.546715
-0.0422449
0.358827
-0.293578
-0.974539
0.729289
0.212948
0.18117
-0.507615
0.191651
1.19111
-1.41991
0.0530634
-0.210537
-0.503097
-1.08211
0.239212
0.896491
0.590742
0.945702
-0.284566
-0.0457869
-0.956634
-0.938434
-0.0701685
-0.262536
0.709453
-0.344338
-1.80563
0.3567
0.528449
0.720959
0.505558
0.5916
-0.356877
0.801638
1.14254
0.778631
-0.103308
1.29357
-0.542512
0.750163
-0.822588
0.19306
-0.100591
-0.573305
0.0320913
0.466692
0.444745
-0.311182
0.139836
-0.889617
-0.52743
0.88354
0.12538
0.566742
1.14126
-1.27159
-0.371704
-0.296679
-0.769316
-0.105086
-0.213367
0.408771
0.788552
-0.120937
-0.727968
0.80204
0.367378
0.348109
-0.2446
0.481274
0.50275
-1.70876
0.572453
0.348188
-0.31381
0.755312
0.635383
-0.578631
0.0295075
1.31872
-0.165524
-1.05076
0.548134
-0.953442
-1.38591
0.151467
0.467784
0.682133
0.295313
-1.08096
0.852785
-1.10097
-0.182926
0.33243
0.126099
-0.200387
-1.23362
-0.874656
0.0982896
0.281258
-0.323953
-0.302433
-0.158883
-0.337898
0.591892
-0.422836
0.000324893
-0.163388
-0.202423
-0.359575
-0.45545
0.414588
0.102872
0.427381
-0.0245103
-1.055
0.620834
-0.615896
0.132972
-0.537496
-1.20024
-0.0939056
0.55616
0.848977
-1.02567
0.332792
-0.299785
0.0166735
0.200492
1.36343
-0.394271
1.04589
0.00544928
0.215074
0.263631
0.6337
-0.043235
-0.466941
-0.442623
0.0418477
1.13949
-0.585309
0.531544
-0.759017
-0.456289
0.472292
1.17703
1.02142
0.0441654
0.466751
0.333422
0.634483
-0.867253
0.737694
0.984147
0.353686
-0.488379
-0.54771
-0.017199
0.551849
0.128976
1.5238
-0.479724
-0.675883
0.512131
-1.1932
-0.693808
0.391442
0.384667
0.111978
-0.113795
-0.112034
0.567473
1.15666
0.232459
-0.563197
-0.079275
0.482864
0.111519
-0.144571
-1.17954
0.308687
0.267893
-0.0573134
-1.10835
-0.12706
-0.836223
0.343756
0.705229
0.379434
0.153739
-0.422443
-0.0627291
-0.21727
0.668083
0.0831062
-0.0298715
0.399653
-0.665947
-0.206425
1.53917
0.13626
0.497629
-0.706005
-0.566149
-0.47135
0.973723
1.58905
0.772585
-0.353766
0.423598
-2.05374
-0.0606242
-0.411154
-0.139828
0.73074
1.20601
0.175482
-0.266442
0.0930061
-0.666806
0.3225
-0.104599
-1.54844
0.812149
0.246878
-0.287255
0.0742435
-0.50101
-0.183103
0.0994993
0.142248
1.80888
0.0933263
1.29282
0.620893
-0.0545502
-0.433188
0.0574282
0.0724147
0.939648
0.626447
-0.744498
0.203032
1.13304
0.770637
-0.439522
-1.87721
-0.723506
-1.50542
-0.533955
-0.108858
-1.17427
-1.15324
-0.435392
0.515628
-0.270238
-0.497999
0.720724
-0.776148
-1.00354
-1.17306
-1.33936
-0.612655
1.56187
-0.120518
-0.38992
0.491576
-1.07252
-0.623171
-0.961447
0.336882
-1.23358
-0.123139
0.311929
0.79544
0.691299
-0.276726
-0.0440181
-0.0140278
-0.21189
-1.05403
-0.0559192
1.78029
1.55589
-0.0967295
-0.510001
0.310549
0.889816
0.918531
0.0651825
0.656036
1.38782
0.316534
-1.07321
0.656776
0.954542
0.387007
-0.326839
-0.413207
0.321673
0.298832
-0.297538
0.178605
-0.617943
1.05707
-0.295439
0.32569
0.461516
0.772526
-0.845066
0.502271
0.518268
1.04904
0.287835
0.291325
0.416029
-1.06911
0.535717
-0.0118922
0.769044
0.839799
0.343702
1.08183
0.671274
-0.748818
-1.00063
0.423961
-1.08067
-0.233013
0.226266
-0.343954
0.688269
0.170285
-0.0887513
1.26559
0.238868
-0.421509
-0.620046
-0.5006
0.367806
0.641814
-1.2139
0.506512
0.0840123
-0.15336
-0.273473
0.302684
0.388105
-0.394868
-0.662137
-0.407833
-0.728285
0.238745
0.0996173
1.49264
-0.405754
-0.374779
-1.18619
-0.11324
0.236014
0.231097
0.722146
0.230419
1.31156
-0.662566
-0.422627
0.0341695
0.597822
0.504746
1.04809
1.1742
1.34674
0.447581
-0.679225
0.12493
-0.727001
-0.0925587
0.264052
0.455057
-0.655615
0.341783
-1.41539
0.741259
0.423421
-0.160423
0.0001732
-0.140768
-0.807214
0.390971
0.311122
-2.31066
0.191892
0.989476
0.905616
-0.0508214
0.129293
-0.746154
0.306053
1.3721
1.2301
-0.145538
0.494099
-0.440576
0.152965
1.24155
0.126052
-0.955075
1.28899
-0.110046
0.659979
0.925577
0.223723
-0.38075
-0.523271
0.78424
-0.0295183
0.546239
-0.658159
-0.960649
0.885754
0.455048
-0.884611
-1.15727
-0.825104
0.140596
1.02032
-0.448565
-0.477467
0.946341
0.709597
-0.71887
-0.105476
0.135669
-1.37275
-0.480433
0.115813
-1.18022
0.477048
-0.374339
0.85429
1.00637
-0.643949
-0.0182163
0.843635
-0.221302
0.722851
-0.267029
0.623145
-0.143346
-0.850598
0.553277
0.417686
-0.427334
-1.1211
-0.402659
0.366739
-0.759722
-0.00454586
-1.06293
0.14691
-0.315299
1.19537
0.187027
0.414458
-0.034695
0.0676908
-0.0949432
-0.587926
0.772321
-0.0381296
-0.175835
-0.169221
0.361617
-0.27788
-0.382765
0.529933
0.0587109
-0.204156
0.118844
0.827456
0.173488
-0.216232
-0.126647
-0.102095
0.282017
-0.844211
0.0935815
-0.269777
-1.33148
-1.133
-0.345408
-1.47564
-0.464032
-0.876558
0.858979
-2.46347
-1.53648
0.675088
-0.0674986
-0.0892882
0.362147
0.761972
0.270701
-1.50662
-0.487971
0.688707
0.419896
-0.662775
-0.778585
-0.684961
-0.621564
0.673137
0.219656
0.678754
1.0184
0.482928
0.0682393
-0.185943
-1.04219
-0.289669
-0.371318
0.741061
-0.456523
-0.00432793
0.451317
0.388152
-0.938216
0.964749
-0.316972
-0.847861
0.284475
-0.274504
-0.101922
0.0660329
0.0239168
-0.79942
0.0316592
0.655913
0.963406
-1.07856
-0.332482
0.822552
-0.162193
-0.734554
-1.75758
-1.01287
0.0869905
-0.967608
0.921267
-0.964357
0.237597
1.46629
1.5312
-0.48289
-0.826434
-0.369298
-0.544128
-0.32763
0.36266
0.813096
-1.01902
-0.0387747
0.354584
-0.923173
-0.70008
-0.0383829
-1.06786
-0.499072
0.584823
-0.615441
0.821982
-1.17321
-0.318395
0.017943
0.350468
0.554853
-0.182487
1.08288
0.264097
0.0917748
-0.57634
0.537529
0.754452
1.23816
0.801978
0.996864
0.0690676
-1.0333
-1.25352
0.0518956
-1.04602
-0.66461
-0.402987
0.238675
0.449831
0.258622
0.479354
0.807118
0.59936
0.00443669
0.472529
0.108901
0.213876
0.148621
-1.01895
0.609393
0.647623
0.489298
0.207815
-0.0217552
-1.95033
-0.749895
-1.10086
-0.274608
-1.32474
-1.24928
-1.2002
-0.0373581
-0.0584736
-0.0232661
0.540414
1.02179
-0.0282471
-0.245648
0.0434506
-0.0871365
0.298638
-0.0785532
0.801751
-0.155103
0.364309
-0.133789
-0.103657
0.398753
-0.535991
-0.373012
0.360201
-0.150676
-0.664752
0.464505
-1.46425
1.34889
0.163077
-0.299384
0.40441
-1.21863
-1.73465
0.849011
-1.26767
-0.485651
-0.467025
0.0814156
-0.498444
0.547115
0.169256
1.18487
1.1874
0.568698
-0.789015
1.09217
-0.907816
-0.565403
-0.55216
0.45666
0.72072
-0.638749
0.288476
0.827424
-0.373569
-0.231421
-1.36786
0.440838
0.367939
0.663827
-0.0298814
-0.834964
0.0401332
1.02157
1.6428
-0.530655
0.600396
-0.291379
-0.541434
0.320316
0.471959
-0.367864
-0.116997
0.293952
0.912176
0.396429
-0.70288
-1.11714
-0.425008
-0.345344
0.0125335
1.15511
0.657437
-1.59015
-0.61755
0.298439
-0.294092
-0.64132
-0.929619
0.259345
0.527765
-1.28623
-0.672825
0.214362
1.207
-0.482459
0.40085
-0.0247867
-0.2966
-0.0256276
-0.301783
-0.0696772
1.28426
-0.651984
0.680982
0.415627
-0.747027
-0.684169
-1.40783
0.236313
-0.277868
-0.241059
0.947945
1.11673
0.397623
0.602237
0.157228
-0.277066
-0.742602
-0.467914
0.387735
-0.247675
-1.66313
-0.567913
-0.632133
-0.286326
1.03096
0.158064
-0.22778
0.306047
-0.313245
-0.342496
1.0307
-0.438234
0.381998
0.872819
0.378491
0.0880164
-0.476698
-0.458252
-0.889146
0.219572
-0.34653
0.016772
-0.591061
0.80213
0.0790642
-1.44
0.295621
0.584603
0.91344
1.42694
1.18311
0.862227
1.09622
-0.440046
-0.000534876
0.0840978
0.078412
-0.162062
-0.88071
0.0375845
-0.0418079
1.39859
0.664891
-0.200924
-0.493521
-0.00386572
-0.157687
0.149353
-0.632679
0.230288
0.959161
0.607381
1.01275
-0.0172842
1.01561
0.0254422
-0.625232
-0.284978
-1.65751
1.31672
-1.16549
-1.05403
0.719984
-0.0847129
-0.205038
-0.104432
0.280579
0.899831
-0.117132
-0.313836
0.319429
-0.153777
-1.23966
0.224422
0.902056
-0.0630455
-0.845194
-0.606795
-0.275247
-0.60597
0.922869
-0.00642202
1.05696
-0.487489
0.727025
1.59123
0.149615
-0.833142
-0.00525102
0.625722
0.28107
0.641401
0.323272
1.10756
0.788489
0.46142
0.101112
-0.404022
-0.306385
0.254945
0.112919
0.715091
0.104099
-0.490352
1.03459
-0.595858
-1.25706
0.386807
0.603642
-1.02152
-0.382038
0.0987531
0.225722
0.0655796
-1.49649
0.29033
-0.442883
0.239819
-0.315512
0.954604
0.741242
0.465858
-0.195873
0.279734
0.181155
1.11647
-0.257392
0.2132
-0.00492519
-0.284781
-0.188262
-0.997009
0.684393
0.618203
-0.173614
-0.568039
0.118178
1.40016
-0.332296
-0.440456
0.815531
-0.382042
0.0270454
0.064987
0.786461
0.765482
-0.270442
0.677292
0.602252
-0.188002
-0.0892738
-0.150359
-0.148961
1.4913
-0.0351946
0.0914061
-1.68215
-0.120951
-0.193707
-0.737756
0.705318
-0.809006
0.0705641
0.544301
0.76416
0.321287
0.331292
0.800188
0.629938
-0.785232
-1.02879
-0.436928
-0.872755
-0.369083
-0.0297987
0.431412
0.31734
-0.0519683
0.735292
-0.0199817
-0.136254
0.38463
0.313104
-1.04202
-0.0489687
0.0260515
0.580938
1.12041
-0.521472
-0.379685
-0.0477204
-0.211282
-0.24168
0.585915
-0.779718
0.434291
-0.0188661
0.941054
-0.972063
-1.07987
0.435435
0.102249
-0.0987406
-0.933656
0.641833
-0.0353984
-0.181328
-0.50306
0.93025
-0.12282
0.801772
0.6749
0.138865
0.0508372
-0.0777342
-2.47466
0.612705
0.662073
-0.134372
0.846832
-0.378546
-0.755435
-0.815595
1.45758
0.574134
0.60346
-0.314997
0.366103
-0.728428
-0.19308
-0.211048
-0.462146
0.85479
0.903517
1.16706
-0.267703
1.28772
-0.0195517
-0.455244
-1.24544
-1.00041
0.312424
-0.268851
0.815238
-1.07032
-0.385163
0.332324
-0.615347
-0.979451
-0.223833
0.197019
1.42188
-0.114173
-0.262883
-0.257984
-0.441602
-0.653077
0.350944
-0.438943
0.452788
-0.99484
0.649899
1.13464
-0.775751
-0.996818
-0.394933
0.136752
0.18466
-0.561648
-0.304132
0.781001
0.504932
0.560359
-0.0911267
0.443785
0.999074
-0.157996
-0.599688
-1.19756
0.720472
-0.888163
0.0894498
1.16792
1.08199
0.87682
0.290958
0.179969
1.20607
0.0259295
0.181672
-0.991295
0.159685
-0.171305
-0.692633
-0.216042
-0.509612
-0.377982
-0.979925
-0.83968
-0.0446951
-0.555927
-0.241418
-1.45107
0.501667
0.112701
0.256177
0.534453
-1.22583
0.190998
-0.737817
-1.60654
-0.694008
-0.157801
-0.840328
-0.404992
0.0503157
-0.342206
0.0459479
-0.453743
0.336469
0.907574
0.998387
0.00379536
-0.0581289
-0.279088
-0.0101575
0.00121256
-0.305585
0.557875
0.12851
0.331976
-0.454452
-1.35726
1.81674
1.28328
1.53002
0.665211
-0.658518
1.04891
-0.233524
-1.31197
-0.751182
0.85773
0.0818582
-0.397739
-0.0900793
-0.215003
0.406658
2.18616
0.821224
1.27368
-0.0828949
-0.44771
-0.372554
0.108813
0.815466
-1.38921
-0.353826
-0.626011
0.907481
-0.0131506
-0.485183
0.0730151
0.585606
1.92267
-0.667514
-1.12604
-0.476445
-1.23338
-0.521765
-0.507188
-0.96166
0.91088
-0.968669
-0.416677
0.10477
0.146675
0.392799
-0.22755
0.516576
1.19492
0.0282873
0.756124
0.0312411
0.897111
-0.114605
-0.787356
0.249842
-0.484914
0.176802
-0.506353
-0.188287
-0.301939
-0.556395
0.291368
0.274481
-0.586939
-0.547081
-0.66617
0.118304
0.411111
-0.131554
0.826118
-0.378912
-0.145799
-1.25125
-0.342084
-0.0163093
-0.438965
-0.118459
0.0875352
0.568744
-1.52156
0.444785
0.388887
0.499744
-0.0113132
0.133656
-0.372139
0.0888328
-0.339549
0.726575
-0.409689
0.447563
0.878398
0.254424
0.610301
-1.00448
0.522838
0.349332
1.21884
0.678144
-0.339638
-0.762931
0.33134
-1.34609
0.515536
1.55021
0.0763861
-1.1045
-0.213304
1.25334
0.121934
1.39748
-0.442955
0.286246
-0.263525
-0.0433662
0.135859
0.269048
0.957354
0.248965
0.590617
0.557133
0.632205
-0.292066
-0.991518
-1.82272
0.450393
0.194567
-0.648517
1.49965
-0.566124
-1.02163
-0.255413
-0.357055
-1.87314
-0.370748
0.410168
0.587374
0.850487
0.270523
0.287842
0.740328
0.86428
-1.27842
-1.24473
0.417878
-0.090018
0.980074
0.510458
-1.69099
-0.743753
0.0675764
0.181102
0.922793
-0.64344
0.433503
-0.182995
0.246404
0.343206
-0.223744
-0.723888
-0.404659
-0.545242
0.639182
-0.449659
0.0557039
0.279791
-0.96
-1.04194
-1.1214
-0.08879
-0.609247
0.800256
0.457954
-1.37566
1.37394
0.895837
0.497875
0.0516685
0.836138
-0.278614
-0.389785
-0.41309
1.55828
0.65285
0.500031
-0.262349
-0.0868458
0.299723
0.33392
-0.0201209
-0.781717
0.380795
-1.82753
-0.439731
0.165696
-1.48171
0.156337
-0.279127
-1.28072
0.954516
0.522278
-0.673918
-0.637043
0.814214
0.613915
-0.22864
-0.294826
0.521011
1.39536
-0.146102
-0.0482717
-0.219115
-0.221999
-0.441343
0.938143
0.745253
0.489325
-0.174662
1.25068
0.787592
0.652546
0.760148
0.454049
0.217314
1.646
0.515486
-0.383597
0.674828
-0.259816
-0.895393
0.45564
-0.484169
0.493286
0.172737
-0.719849
1.47777
0.284784
1.84799
0.260485
-0.23669
1.29563
0.851043
0.644936
-1.15538
0.705159
-0.185149
-0.411077
-0.280299
0.341251
1.38935
-0.64243
0.697981
0.201674
-0.563171
0.27471
1.17546
-1.1876
0.101331
0.0936583
-0.562991
0.376806
0.491268
1.14873
-0.284465
0.0877844
0.60048
0.169025
1.0907
2.26359
-0.988158
1.7054
-0.62627
0.254059
0.0735636
0.793874
0.710265
0.37686
1.12219
0.260929
0.748403
-0.30573
-0.994982
-0.247075
-0.101733
-0.371001
-0.548
-1.06918
-0.833588
1.46845
-0.324929
-0.191422
1.76474
0.290441
-1.16036
0.292
-0.0344989
-0.733663
0.0519271
0.819826
0.300758
-0.124261
0.927254
-0.372798
0.116475
0.736186
-1.11519
-0.556341
-0.4922
-1.44281
0.224591
0.956838
-0.648885
-1.02558
0.555274
-0.860114
0.913904
1.27806
-0.300722
0.105342
0.420473
0.772085
0.0306611
-0.0506958
-0.824818
0.153647
0.0604464
0.928058
1.28258
-0.945885
-0.236946
0.497967
-0.534123
-0.40025
0.357448
0.547176
0.570782
0.708356
1.19216
0.651096
-0.207551
-0.0668688
-0.241002
0.265032
0.634071
0.564005
0.28032
-0.00550603
0.886456
-0.315951
-1.04976
-0.0248688
0.197622
0.834098
0.118891
0.355468
-1.21209
0.426287
-0.494417
-0.0426161
0.453311
0.339818
0.748891
0.129606
0.581109
0.215319
0.977147
0.312144
-0.0966202
-0.390015
-0.307288
0.484055
-0.418613
-0.71726
0.0407933
-0.341953
0.343476
0.939615
-0.502442
-0.65131
-0.157938
0.206838
0.256185
-0.337553
-0.290001
-0.957178
-0.267542
1.48766
-0.0440296
-0.431902
0.804058
-0.194174
0.378952
0.346997
0.188272
-0.561587
0.273174
1.26743
1.05069
1.40278
-0.11607
1.43776
-0.793225
-0.599821
0.150133
-0.780497
0.550467
0.316449
-0.611437
-0.403315
0.583823
0.741987
0.639606
0.314665
-0.170165
-0.668085
-0.741852
0.924811
0.370915
0.501495
-0.311565
0.937202
1.19195
0.983167
-0.00970784
-0.116339
0.0264332
-0.881941
-0.836715
0.106462
0.909752
-0.698161
-0.861861
-0.0272208
-0.274628
0.962776
1.24956
-0.147043
-0.313385
-0.908128
0.196814
-1.39635
-0.17328
0.480168
0.063872
-0.813479
0.309146
-0.638798
0.46539
-0.558277
0.770622
-0.120342
-0.776934
0.0984636
0.909314
1.00629
0.194618
0.542572
-0.528259
-0.637893
0.527159
-0.566542
1.39017
1.59249
-0.113295
-0.749465
1.28316
-0.543084
0.604106
0.438478
-1.50743
1.69168
-1.08497
0.255049
-0.0425968
-0.450678
-0.188515
-0.427605
-0.311987
-0.81928
0.47719
1.17845
-0.320103
0.519163
0.879741
-0.0504436
0.0260373
-0.204384
-0.762195
0.585969
0.888286
-1.28735
-0.13307
0.810435
0.00524002
-0.159576
-0.725467
-0.789203
0.67784
-0.449583
0.947166
-0.100349
0.134768
-0.906251
1.26589
0.240082
-0.0103463
0.265129
0.296003
0.405293
-0.00819887
0.200713
-0.214521
-0.732714
0.762072
-1.00368
0.729303
-0.409182
0.113941
-0.0649881
0.704836
0.00206025
-0.0158583
0.0384741
1.00851
-1.4522
-0.346987
-0.873216
0.00275799
0.668698
0.542042
-1.14805
-0.206085
-0.887873
0.428726
-0.135897
0.644271
-0.179059
-0.0917288
-0.0177054
0.210033
0.557901
-0.187658
-0.336038
-0.316572
0.433724
-0.239446
0.206183
-0.453351
-0.461888
-0.783871
0.0763796
-0.505915
-0.408899
-0.669424
-0.18467
-0.661412
-0.845738
-0.393822
-0.892279
0.247923
0.881445
-0.335124
-0.0507022
0.566628
-0.323278
1.25666
0.266999
0.528831
-0.536323
-0.409113
-0.0770118
0.595932
0.341405
0.183465
1.41568
-0.34594
-1.13096
0.710269
-0.357588
-0.577161
0.289507
-0.0209398
-0.4511
1.61541
-0.249824
0.261227
-0.442126
-0.408961
-0.0263145
-0.503196
-1.02783
-0.297445
0.599311
-0.417776
1.34741
0.102939
-0.778469
1.69171
-0.638054
-0.785411
-0.591353
-0.526663
1.14054
0.437628
0.979827
1.104
-1.43629
-0.475658
-0.624152
-0.481491
-0.647918
0.346702
-0.308737
-0.00730892
-0.232125
0.146077
0.211747
0.00879076
1.01794
-0.420728
0.556972
0.441158
-0.263537
-0.417799
1.25108
-0.00448426
-0.638737
-0.0642581
0.980912
-0.35623
-0.201923
-0.755527
-0.635317
-1.11924
2.15473
-0.046117
-0.0307795
0.21039
-0.535569
-0.462512
0.0343131
-0.251266
-1.65566
0.881034
-1.41826
-0.534842
0.936729
0.82752
-0.41864
-0.142538
-0.247139
-0.634728
0.953858
1.18301
-1.03769
0.798431
-0.926322
0.120881
0.213406
0.633741
0.749129
-1.19192
-1.1304
1.06993
-2.56932
0.181315
-1.45604
-1.55692
-1.25683
0.546863
-0.321883
-1.00404
0.0353133
-1.069
-0.124394
-0.556207
0.325877
0.866809
-0.308307
0.487755
-0.00920979
0.324521
-1.07359
0.1155
0.685701
-1.31829
1.10768
-0.0251896
0.474233
1.10189
1.67772
-0.756256
-0.599939
-0.980612
-0.188985
0.569288
-1.53179
-0.888357
0.924801
-0.41537
0.696792
-0.772254
-0.352916
-0.215108
-0.812993
-0.571297
-0.15799
0.265509
-0.997654
-0.0710474
-0.640565
0.894835
-0.537416
-0.00483191
2.41351
-0.404246
-1.54216
-1.69162
-0.267926
0.0864218
-0.405294
0.118011
0.192259
0.357265
1.39377
-0.124199
-0.308998
0.137013
1.11698
0.268454
-0.263898
0.0713467
0.246636
-0.532041
-0.393072
-0.0954728
1.23596
0.965473
-0.026835
-0.0894038
-0.4471
0.201298
-0.611509
0.195372
0.482513
0.754953
-1.44511
-0.176692
1.15134
0.252982
-0.942933
0.548884
-0.0269852
0.130409
0.650345
0.569684
1.07095
-1.82536
1.48991
0.31721
1.15431
-0.644412
0.482513
0.0518648
-0.346073
-0.219574
-0.537061
-0.238098
-0.96691
-1.13627
1.07458
0.323884
0.428614
0.922431
-0.304213
0.25632
-1.13705
1.68322
-0.537449
-0.238471
0.65607
-0.60863
-0.686235
-0.251008
0.824257
1.46472
1.2705
0.0574944
-0.170265
-0.67825
1.16232
-0.113829
-1.06401
0.562646
-0.135912
0.4346
-0.0295766
1.87545
-0.104918
0.684829
-0.225148
-1.6338
-0.858099
0.375365
0.267946
-0.00797843
-0.201646
-0.423725
-0.269331
-1.11264
-0.150189
-1.43749
-1.52962
0.284955
-1.01814
0.535846
-0.355233
0.782937
-1.34756
-1.73854
1.17074
-0.30683
-0.570329
0.318658
-0.0672434
0.837405
-1.20988
-1.0335
0.312001
-0.456209
-0.461294
-0.395543
-0.0696411
0.214431
0.096638
-0.0943445
0.00553584
-0.0550816
0.433043
0.584526
-0.141247
-1.33925
-0.926492
-0.304721
0.638399
-0.998682
0.884551
0.216799
0.87723
0.0711868
-0.462603
-0.726137
1.50473
1.56266
-0.896918
0.022623
0.127873
0.949269
0.273305
1.74847
0.362211
0.314193
-0.212785
0.720054
-1.15813
-0.642115
0.700195
0.476808
0.0504385
0.612133
-0.3786
0.386878
0.144158
-0.228189
0.227832
-0.32046
1.05379
-0.123828
-0.854639
0.314227
0.600207
0.503371
0.85718
0.467768
-0.793239
0.418009
-1.02304
-0.0912343
0.222718
0.534632
-1.18383
0.808266
0.748815
-0.341708
-0.41874
-0.00925024
0.359722
0.720504
-1.46636
-0.382702
0.0942225
1.01014
-0.00582421
0.466552
-0.338367
0.225864
0.0247349
-0.822859
1.04044
-0.0943804
0.419126
0.24708
-0.391041
-0.748732
0.0894543
-0.607462
-0.71801
0.418652
-0.626451
0.621544
0.0729894
-1.20582
-0.875048
0.245047
-0.161381
0.117248
-0.617299
-0.679593
-0.644961
0.0964115
1.92035
-0.56485
1.97389
-0.311882
-0.312985
0.0508919
0.413397
-0.267467
-1.71567
-0.931395
-0.262944
-0.61248
0.403415
0.591102
1.16053
0.463891
0.699249
-0.705024
-0.892824
0.825261
-1.15354
-0.0096643
-1.87321
-0.483386
0.789225
-1.10515
1.25459
0.807447
-1.26183
-0.25161
-0.642951
-0.876531
-1.26696
0.242011
-0.292057
0.171159
-0.415909
-0.0982286
-0.742172
-0.082536
1.16625
1.14607
0.816231
0.471627
0.00914562
0.562626
0.326564
-0.503578
-1.0999
0.0873094
0.49131
0.113308
0.0642341
0.388135
-0.695164
-0.981971
0.468268
-1.83138
-0.0614306
0.300711
0.854124
0.390263
-0.963393
-1.0366
0.302839
-0.581163
0.374703
0.0771484
0.078532
0.815622
1.37333
0.466445
1.07239
-0.330223
-1.04988
-0.374438
-1.25586
0.854028
-0.672421
-1.00487
-0.35356
2.26916
-0.285529
1.41508
1.08789
-1.04082
-0.5054
-0.51544
0.255192
0.840319
0.371677
-0.458181
-0.369604
0.292269
0.879333
-1.06075
-0.17523
-1.1087
0.0573257
1.30734
1.0421
-0.915318
0.555403
0.699005
-0.450965
0.927428
0.623602
1.00404
0.461514
-0.304138
-0.574002
0.0121007
0.200999
-0.730146
-0.922825
-1.59553
0.916928
-0.728075
0.00882369
-0.490275
0.0728886
-1.44358
0.504747
0.0225626
0.866997
0.275991
-0.450577
-0.182381
-0.308856
-0.022162
-0.881362
-0.356434
0.832536
-1.1417
0.542734
-0.402025
0.316555
-0.135516
-1.07189
-1.19802
1.24519
-0.714862
-0.63012
-0.287121
-0.551201
0.145076
0.968786
0.623789
0.385096
-1.87307
0.323096
1.44984
-1.50096
0.310602
-0.272566
-0.541907
-1.19946
0.748414
0.192424
0.441077
0.710161
-1.32533
-0.139018
-0.644226
0.0552577
0.114741
-0.683074
-0.0401889
-0.54142
-0.168233
-0.426973
-0.281282
-0.26114
0.257158
0.238295
-0.491694
-0.835378
0.517638
1.20458
-1.07835
-0.591028
0.0833019
-0.963751
0.330137
0.94064
-0.131301
-0.153171
-0.0791237
0.910739
-1.2613
-0.790704
-0.362978
0.400173
-0.619137
0.59815
-0.218194
-0.884859
-0.628938
0.360949
-0.333993
0.54183
-0.321043
-0.108976
-0.686221
1.21163
0.494974
-0.849605
-0.78739
0.464827
-1.12772
-0.578474
-0.078903
0.0036115
0.168842
0.524564
-0.753962
-0.345157
-0.0750672
-0.479444
0.0567789
-1.02601
-0.288149
0.877049
1.14116
-0.776864
0.664495
-0.233745
-0.38826
-0.985878
-0.249123
0.666105
-0.0874903
1.58613
0.133835
0.167665
-0.45678
-0.534271
0.520509
-0.128172
0.0478598
-0.218436
0.680352
-0.40603
1.41526
-0.436223
-0.149229
0.414873
0.780046
-0.449427
-1.17975
-1.28364
-0.0378685
0.572243
0.0587928
-0.269937
-0.322005
1.55548
-0.838682
0.0209184
0.0173335
0.491849
-0.363237
-0.187058
-0.57615
-0.510478
-1.84058
1.03105
0.182431
-0.039274
0.307968
-0.153079
0.240091
-0.411341
-0.730457
-0.487687
1.69314
1.26965
-0.163202
0.165251
-1.10272
-0.443319
0.0575036
-0.884637
0.0412407
0.860099
-0.481496
-0.571721
1.14858
-0.92623
-0.541177
-0.66321
0.843453
0.125072
-0.927156
-0.121374
0.752599
0.539247
0.665932
-0.128199
-0.462712
-0.295191
-0.970182
0.0262377
-0.263072
-0.117352
-0.456347
-0.202324
-2.2271
-1.73056
-0.400518
0.0501085
0.470139
0.738187
-0.464021
-1.80493
0.10767
-0.448832
0.0429904
0.606061
0.351331
0.630377
0.502009
0.179408
0.700631
-1.17056
-0.252115
-0.382236
0.940059
0.632533
0.474202
1.48045
0.435378
1.12802
-0.774384
0.753155
0.509261
0.241431
0.497906
0.594407
0.728264
0.239904
-0.0261789
0.807597
-0.980893
0.595016
-0.0327648
-0.890284
1.39871
0.718734
0.149443
0.747371
0.0943685
0.148758
-0.168337
-0.0386022
-0.478082
-0.767671
0.320749
0.5653
0.835156
-0.172066
-0.121738
-0.714707
0.582668
0.0115225
-0.660729
-0.303494
0.649754
-0.614795
0.391081
0.963641
0.133502
-0.360539
-2.97387
0.383409
0.26901
-0.108881
0.488489
1.17895
0.159239
-0.00905306
-1.27907
0.105214
-0.343171
0.185117
0.251657
0.110853
-0.589198
0.486083
0.719443
0.389168
0.746556
-0.0226474
-0.350833
-0.458012
0.786387
-0.183566
-0.564425
-0.373755
0.418803
0.862563
1.19018
-0.684573
-0.0541227
0.97948
0.0709953
0.405955
-0.263073
-0.0211476
0.0459693
0.472632
-0.419962
1.19113
0.145166
0.0126059
-1.17969
1.01398
0.130211
0.362196
0.627917
0.188354
-0.781636
-1.41728
-0.787117
0.286144
0.825082
-1.42421
-0.888649
-0.923274
1.5678
0.562958
0.487264
-1.7039
0.692234
0.15227
1.02863
0.919554
0.251963
-1.33609
-1.54498
-0.396421
-0.167912
0.0360281
0.58894
0.469221
0.832483
0.521371
0.267196
0.246662
0.282657
0.545381
0.474683
0.0500219
0.0778584
0.228617
1.21225
-0.058792
-0.0100877
1.48953
-0.424982
-0.702422
-0.380317
0.835427
0.336665
-0.343435
0.803638
0.378256
0.475063
1.03444
-0.133641
-0.874818
0.860359
0.15833
-0.538621
0.452848
-0.449983
-0.513069
0.213905
-0.674137
0.463052
-0.315426
0.275904
-0.553346
-0.917758
0.093453
0.209957
-1.06054
-1.70843
0.0686501
0.29633
0.679581
0.789447
-0.109075
-0.648582
1.04142
-0.0505484
-0.456849
1.07832
1.10019
-0.338083
0.138187
1.54833
-0.941756
-0.981515
-0.471462
0.225538
0.0330351
-0.811472
0.0808829
-0.242692
0.341682
0.279647
-0.152328
-0.514774
0.226367
0.232326
0.880247
-0.0796893
0.73305
0.718108
0.444302
0.152548
-0.470735
0.0445054
0.410398
-0.0448352
0.180138
0.0866351
-0.436369
0.592125
-0.771155
0.554343
-0.552266
-0.0930808
0.814802
-0.301668
-1.55768
0.495775
0.0208933
0.512185
1.42181
0.80536
0.11686
0.27066
-0.865511
-0.135081
0.249411
-0.309881
-0.215667
-0.385987
-1.87777
-0.340751
0.636106
-0.327455
-0.55311
-0.393269
-1.2204
-1.10861
0.632063
-0.290532
0.320872
0.0212421
-0.411943
-0.367472
0.549447
0.258512
-0.183143
0.840947
-0.241715
1.08683
-0.78786
-0.0826334
-0.388273
0.939549
-0.437402
-0.116353
0.428008
0.445983
0.0598318
0.772949
-0.651099
-0.48239
0.220894
0.0958222
0.883481
0.642004
0.924906
0.494546
0.964264
0.011131
-0.0341765
-1.55022
0.0443205
0.525499
0.307454
-0.232356
0.0202089
0.549698
0.587622
0.350447
-1.42487
0.097375
0.0443269
1.07608
0.153875
0.142822
0.056112
-0.0355718
1.01539
-0.539111
0.418988
-0.0289723
0.262515
0.382765
0.473462
0.363077
0.574664
0.158255
0.212272
0.149424
-1.30592
-0.354091
-0.00588821
-0.324556
0.164811
-1.28097
0.30035
-0.0427058
-0.0433613
0.244876
-0.558944
0.725059
-0.494265
0.5001
0.457923
0.267796
0.448602
0.100082
0.855471
0.869256
-0.484313
-0.132045
-0.0783335
-0.446962
-0.463329
0.036721
-0.326509
0.374744
-0.878023
-0.699012
1.11049
-0.220736
0.266249
1.0077
-0.587615
-0.136371
-0.844719
-0.138237
1.00009
0.00975327
-1.30367
-1.21296
0.54068
0.474715
0.305346
-1.19551
0.64591
-1.12215
0.112403
-0.534421
-0.860768
0.0553196
-0.0701221
0.62374
1.26142
-0.0640385
-0.871139
-0.0156835
-0.093839
0.130968
0.459733
0.0594013
-0.798803
-0.886567
1.31001
-0.414389
-0.497852
-1.88063
0.162939
0.354295
-0.205339
-0.423174
-0.460691
-0.0298257
0.774327
0.969122
0.355125
0.527449
1.11914
0.207814
0.458994
0.577755
0.169733
-0.499438
-0.280752
-0.980954
0.346489
-0.622838
0.0510149
0.375155
-0.6625
0.416694
-1.3136
0.799525
-0.20623
-0.277742
-1.62953
-0.279331
0.121866
0.178637
-0.794579
-0.235153
0.728005
-0.465353
-1.01595
0.47365
0.410643
-0.206514
-0.406442
-0.0508845
0.817255
-0.151284
0.310937
-0.457264
-0.846425
0.36438
-0.906463
-0.393513
0.266232
0.0450163
0.0915258
1.40649
1.67271
-0.826216
0.90554
-1.36635
0.910003
0.163935
-0.861946
0.684752
0.878042
-0.577288
0.443311
-1.30159
-0.669101
-0.723606
-0.814416
-1.30569
-0.526145
1.05653
0.520043
-0.643442
-1.40463
-0.254197
-0.102816
0.606584
0.85701
-0.15417
0.11881
1.2323
-1.34093
0.735984
0.194625
1.10411
0.000478922
-0.78083
-0.935783
-0.0325429
-0.0769731
0.67527
1.15103
0.139084
0.280584
-0.536755
0.53188
-0.483852
0.502415
0.301421
-0.116091
1.17777
-0.0685915
0.751414
-0.921948
-0.437834
0.491253
-0.795944
0.414077
0.766813
0.375428
-0.0264192
-0.978517
1.24233
0.108003
-0.0669499
-0.96452
1.77634
-0.976574
-0.367224
-0.00526721
-0.560155
0.835228
0.102648
0.35048
0.280243
0.325562
0.975796
-1.90192
0.745646
0.884682
-0.649142
0.976393
-1.08234
0.221871
0.463589
0.372421
-0.686378
1.04732
0.865904
-0.346944
0.147535
0.123262
-0.0148555
0.445588
0.221943
-0.40518
-0.512615
0.17265
-0.616688
1.01712
-1.69669
-1.3781
0.242273
-0.493953
-0.551062
0.116592
-0.0571308
-0.829351
0.496422
0.110182
-0.434455
-0.781793
0.123702
0.944038
-0.212312
0.050892
1.17861
0.672075
0.485105
-0.787172
1.2633
-0.123291
-0.809559
1.4849
-0.346947
-1.4073
-0.546346
1.51313
-0.00450251
-1.65505
-0.585905
0.173791
-1.51554
-1.33367
-0.10685
-0.0738685
1.1211
0.65786
-0.155953
-0.580095
-0.541094
-0.588419
0.730284
-0.26783
-0.0316128
-0.0668754
-0.261719
0.596382
0.19879
-1.19178
-0.176385
0.580802
-0.872924
0.259134
-0.289596
0.53182
-1.60633
0.0311086
0.267735
0.325772
-0.531664
1.03783
0.623201
-0.388656
-1.13808
0.458334
-0.00943767
0.545214
-1.05461
0.970469
1.01482
-0.217202
-1.69796
0.58843
-0.286652
-0.135002
-1.2487
0.684236
-0.0215654
-0.504764
0.583959
-0.983483
0.7827
-0.51664
0.4792
0.425552
0.0856994
-0.408096
-0.204016
-1.19987
0.292792
-0.405944
-0.299556
0.404081
0.2415
0.226327
-0.127828
0.691944
0.789062
-0.444135
-0.802467
-0.845546
-0.813575
0.467796
0.197519
-0.631108
0.672775
-0.104566
-0.272316
-0.872171
0.616896
0.240408
-0.270774
0.12354
-1.29001
-0.264127
1.16795
-1.48357
-0.0254301
-0.750776
0.398461
-1.14898
0.484641
0.503333
-0.949635
0.255853
0.0790349
0.590366
0.279374
0.0747997
1.57233
0.26817
-0.0273822
0.247061
0.076471
0.604425
-0.264755
0.723481
0.811873
0.0380356
0.766213
0.16506
-0.557375
-1.71733
-0.495986
-0.383831
-0.841072
0.817569
-0.828847
-0.876452
0.460539
-0.127685
-0.912114
0.217991
-0.517778
0.0475007
0.0528066
0.8298
0.744175
1.05668
0.232507
0.817941
-0.903143
-0.586507
0.20739
0.201786
0.205188
-0.157113
-0.657471
-1.1109
-0.684165
-0.00933791
0.250706
0.21805
0.512773
-0.706191
-0.616895
-1.39475
0.0189721
-0.521454
0.410255
0.189519
1.40414
-1.15188
-1.17553
0.769846
0.285483
0.456818
0.194682
0.29013
-0.077553
-0.492145
-0.070758
-0.0331137
-1.66971
0.478695
-0.141852
-0.369682
-1.11606
-0.0552349
-0.852511
0.552506
-1.08704
-0.0673153
0.715228
0.0680648
1.23724
0.826117
0.914507
-0.107631
0.129134
-0.625523
0.754858
-0.43529
-0.24964
-0.420631
-0.012153
0.520823
-0.568492
0.589996
0.658728
0.628753
-0.267807
-0.0260725
0.987385
0.339593
-2.14873
0.759959
0.594192
-0.580672
-0.613308
-0.509604
0.0743177
-0.649747
0.35913
0.325838
-0.768387
0.255553
0.112915
-0.0270108
-1.44843
0.769613
0.18328
0.270763
0.599495
1.26861
-0.242146
0.768682
-0.879983
0.283656
0.235472
-0.83129
0.439042
0.829899
-0.798092
-1.05107
-0.0959987
0.904712
-0.308383
0.169782
0.868658
0.0160397
-0.558698
0.0321554
0.705064
-0.424038
-0.197694
0.73336
-0.352228
-0.149003
1.0556
-0.831252
0.624745
0.373996
1.48843
-0.979803
-0.023043
-0.614637
-0.223594
0.341817
0.144529
0.403024
0.118968
0.85254
-0.0961193
-0.838435
-0.174445
-0.40498
-1.11783
-0.609368
0.553864
0.94792
-0.213074
-0.832498
1.36354
0.294375
-0.73608
-0.298846
1.19738
-0.739919
0.815279
-0.226549
0.936604
0.323371
-0.998915
-0.884852
-0.0960126
-0.0148784
-0.0615992
-0.236042
0.581819
-1.06699
0.388126
0.595714
-0.6184
-0.157296
-0.543431
1.29512
-0.434989
0.130559
1.07819
0.160231
0.732387
-0.443955
-0.460291
-0.513408
0.456085
0.616687
0.637817
-1.08818
-0.171632
-0.534408
0.0931966
0.359077
-0.517577
0.488
-0.0516425
-0.360361
0.727232
0.039851
-1.14892
0.578209
0.358591
-0.642145
-0.474657
0.2127
-0.205915
0.042855
-0.0473928
-0.274537
-0.5068
2.01193
0.17861
-0.106144
0.356059
0.420521
0.665529
0.811041
-0.356404
0.839773
-0.130703
-0.195681
0.526878
1.28487
0.108186
-0.567329
0.652207
0.640679
-0.399438
0.24158
0.0620086
0.374776
-0.116181
0.396536
-0.745114
0.848243
1.02172
0.793697
0.73595
-0.075059
0.411099
-1.09981
-0.535546
-0.117535
0.471164
-0.832747
0.211347
-0.864838
0.425798
-0.276696
-0.463218
-0.343228
-0.384939
0.144624
-1.06502
-0.392422
0.2107
-0.160689
-0.533875
-0.849658
0.0349883
-1.28366
1.61539
-1.18342
1.20756
-0.388177
-0.729002
-0.124618
-0.273047
-0.874878
0.504699
0.0783326
-0.389869
-0.693187
-0.942173
-0.559831
-0.707581
-0.770434
0.591887
-0.360176
0.910183
-0.325171
-1.01318
0.97675
-0.199502
0.124326
0.576209
-0.461767
-0.371209
-1.27006
-0.290399
-0.302918
-1.27851
0.521284
-1.26637
1.07413
0.926001
0.447447
-0.284531
-0.541132
-0.397133
-1.0667
0.181542
-0.658842
0.476806
-0.254586
0.671634
0.174245
0.530008
0.0297392
-0.220329
0.0246133
-0.424835
0.976033
-1.23645
0.141845
1.29128
-0.0800677
0.998071
0.71912
0.188079
-0.247489
0.7755
-0.84198
-0.228242
-0.747873
-0.348751
0.131448
0.945305
-0.641537
0.483173
-0.764266
1.35556
-0.602038
0.270765
0.113859
0.761769
-0.267627
0.75688
0.658092
0.0333048
-0.690631
-0.573778
0.0860981
0.156223
-0.0853646
-1.07974
-0.976
-0.603789
-0.596249
-0.292257
-0.448319
1.27204
0.709449
-0.449011
-0.354633
0.91955
1.32248
-0.412807
-0.271368
-0.125263
-0.0718729
0.397639
-0.474938
0.333555
0.28463
0.214841
-0.478113
1.13002
0.264414
-0.350693
-0.957664
-0.551392
0.241042
-0.454906
1.04995
1.38215
-0.334261
0.24085
-0.298626
1.08476
0.108813
0.212255
-0.0102139
-1.53881
0.660835
0.968967
0.343785
0.111107
-0.263709
-0.733799
1.11548
-0.763804
0.659762
-0.466955
0.603617
0.0105573
1.44248
-0.517618
-0.237799
-0.407523
-0.609757
0.373268
-0.803478
-0.1861
-0.367741
0.410286
-0.686683
-0.427978
0.666814
-0.00165987
0.562001
0.261391
1.22109
-0.0120469
-0.284139
0.103171
-1.25303
-0.0393992
-0.764442
1.03869
0.721526
1.65529
0.238067
-1.9937
0.584992
1.59993
-0.772074
0.594438
-1.22233
0.295669
-0.734097
-0.287176
-0.652809
-0.464857
-0.927239
-0.668509
0.0927037
-0.232267
0.797812
0.493882
-1.43208
-0.272654
1.03556
1.41821
0.212876
-0.530981
0.106165
-0.296274
0.402333
0.75806
0.414126
-0.260722
0.924531
0.367895
-0.205296
-1.11727
1.27812
0.154801
-0.976115
-0.445695
1.22669
0.519829
1.41869
0.211346
0.461542
-1.0503
-0.399229
-1.00004
-0.16712
-1.23174
-0.578348
0.675871
0.840509
0.385944
-0.146008
0.482793
-0.834994
-0.159316
0.787993
-0.351316
0.0281572
-0.196732
0.470227
-0.143259
0.903647
-0.40171
-0.166555
0.261653
0.75235
-0.152032
-1.73978
0.889954
-1.03749
-1.38417
-0.908108
0.454068
-0.568354
0.12884
-0.018779
0.357351
-0.206032
-0.555236
-0.168887
0.640336
0.0263224
-0.149685
-0.638449
-1.10061
-0.498915
1.14682
-0.436938
1.23055
0.863093
0.709985
1.35759
0.126436
0.444524
-0.199734
0.287389
-0.472307
-0.0731829
-1.66083
-0.114726
0.407394
0.488283
-0.489832
-0.671631
-0.246733
-0.143025
0.376035
0.220091
-0.348743
-0.813102
0.836914
0.0699556
-0.287231
-0.339306
-0.204571
-0.222995
-0.158337
-0.151986
-1.84991
0.376934
0.164922
-0.137854
0.465129
-1.08065
-0.663784
-0.756963
0.221785
-0.83716
-1.29159
-0.644172
-0.0851161
-0.598637
0.0419046
-1.2949
0.699745
-0.351689
0.881266
-0.488481
0.0452115
2.31832
-0.546132
0.568839
-1.1231
1.16753
-0.418148
-1.54027
-0.774305
-0.164648
0.580206
0.748238
-0.771441
-1.44122
0.903961
0.453161
-0.00729789
-0.200742
-0.520271
0.669275
0.344336
0.805685
0.124782
0.876245
1.10521
1.04429
-0.156485
-1.20723
0.579807
1.41831
0.367576
-0.579922
0.275342
-0.0615979
1.029
0.595123
0.0595684
0.14167
-0.575665
-1.24214
0.00702563
-0.408233
-0.0382859
0.204599
0.172887
0.208734
1.02454
-0.425745
0.509871
0.626712
-1.46635
0.451621
0.333236
0.943153
-0.429066
0.649863
-0.629269
-0.163784
0.611148
-0.336707
-0.561672
1.14072
-1.023
0.026883
0.186555
-0.952063
1.51273
0.444751
0.450866
-0.650746
0.545317
0.33181
0.755622
-0.32566
-0.247337
-1.048
-0.347365
-0.313134
1.31667
0.877342
0.448007
-2.19885
-1.15643
1.02703
1.29779
0.501456
0.632964
0.753006
0.60829
0.0767032
-0.120152
-0.133902
0.492883
0.795217
1.33648
-0.185984
0.303493
1.30661
0.544854
0.348155
-0.442834
-0.983751
-0.0153891
0.670758
0.194602
-2.43123
-0.255584
-0.306113
-0.258924
0.606882
0.443335
1.28632
-0.0587437
0.578127
-0.523956
0.271654
0.437544
0.819567
0.560474
-0.354607
-0.56646
0.542643
-1.00305
0.582032
-0.400109
-0.440716
-0.34988
0.032471
-0.0335694
-0.282064
0.122863
1.33353
0.599949
-0.303485
-0.0974629
-0.0198952
-0.896817
-0.115519
-0.36984
0.320435
-0.497909
-0.600491
-0.237835
0.0583727
-0.791888
-0.61445
0.0947321
0.455508
0.162942
0.320675
0.637309
-0.0594391
-0.20229
0.901936
-0.446348
-1.21279
1.5572
-0.179859
-0.835458
-0.647972
-1.36824
-0.5241
0.169305
1.78343
-0.0550073
0.846197
-0.438256
0.184669
0.0536917
0.832691
-0.349912
0.0738412
1.08377
1.0737
0.00302937
0.379284
-0.100168
1.5266
-0.0193537
-0.518319
0.753861
0.259218
-0.408699
-1.12682
-1.37377
-0.922131
-0.275966
-0.703559
0.39104
0.937987
0.580264
-0.160815
-1.10773
-1.17183
-0.242615
0.0809455
-0.178031
0.182577
-0.16606
0.615688
1.25959
0.616096
0.75859
0.991111
0.519572
-0.251249
-0.552402
0.403992
1.16448
0.408593
0.495328
0.256413
-0.291473
-0.0908163
0.965665
-0.430521
-0.275476
0.136682
-0.706648
-0.779884
0.765679
0.70419
-1.94135
0.313973
-0.0998956
-0.370636
-0.157275
-0.269547
-0.497004
-0.0518701
-0.756542
-0.0674162
-0.430401
-0.882277
-0.776882
0.484687
0.252454
-0.815603
-0.318889
-0.328805
0.0935673
-0.413355
-1.43561
-0.249808
0.847934
0.682544
-0.048409
-0.142579
0.644788
-0.675262
0.603789
-0.043524
-0.0455331
0.58926
-1.29753
-0.270929
-1.0944
0.0833167
-0.147189
-0.244705
-0.430586
1.32686
0.9238
-0.44858
-0.403088
-0.149487
-0.943619
0.413945
0.352664
0.8661
0.0427445
-0.138702
-0.989637
0.781996
-1.13265
-0.243876
-0.344153
0.19362
-1.47556
-0.532242
-0.0494286
0.213409
0.924722
0.0859191
-0.0944755
-1.56191
-0.531404
-0.00310219
-0.470941
-0.177747
0.729645
-0.185334
1.17286
-0.0813186
-0.26908
0.395535
-0.607831
-1.08874
0.207322
-1.15497
-0.136124
0.455155
0.360939
0.0132911
-0.177389
1.22263
0.610104
2.0434
-0.25805
-0.486242
1.21469
0.35685
0.819533
-0.362178
-0.412949
0.676969
1.40485
-0.456142
-0.444568
-1.62666
0.0927056
0.947295
1.29453
-0.624345
-0.369167
-0.74201
0.123858
0.260646
-1.01973
-0.437001
-0.127432
0.956774
-0.282998
0.528297
0.499352
-0.463406
-1.53885
-0.352656
0.320095
0.0349127
-0.857364
-0.536427
0.570152
-0.395745
0.852157
-0.499379
1.6377
-0.520928
-0.2788
0.259208
0.628678
0.638853
1.52797
-0.384322
0.494694
0.216441
-0.096814
-0.182626
-0.312186
-0.191142
0.296372
-0.167176
0.253751
1.22408
0.0225664
0.1153
-0.208878
0.680534
-0.826043
-1.26215
0.681551
-0.346402
0.463978
1.07735
-1.13296
-0.434152
-0.153623
-1.23512
0.0208436
1.0458
-0.351826
-1.17447
0.693729
0.0934934
-1.54369
-1.03309
-0.207905
-0.6004
-0.00416794
-0.584216
-0.503857
0.617284
0.327104
-0.87109
0.138028
0.598251
-1.03687
0.675563
0.395297
-1.51925
0.484528
-0.0849717
-0.0369932
1.50179
0.0553592
-1.05846
-0.212804
-0.00916836
0.278524
1.3031
-0.777215
0.372178
-0.732098
-0.391247
0.0747253
0.228268
-1.44908
-0.402433
0.239992
-0.0146418
-1.49245
-0.770813
0.56762
-0.584631
-1.28231
0.186136
-0.79655
0.167942
-0.95402
0.692032
-1.68014
-0.146193
-0.671668
0.479748
0.0907034
-0.5827
0.994495
0.356032
-0.108474
-0.782106
1.19081
0.0341657
-0.444625
-0.876111
-0.64813
0.0723015
-0.364246
-1.21918
1.60666
-1.27768
0.0326601
0.792515
0.231095
-0.728768
0.0496511
-0.730224
0.646552
-0.916701
-0.822234
0.874536
0.842386
-0.119584
-0.634078
-0.132392
0.0476111
0.870639
1.17356
0.772152
-0.182802
-1.1456
0.37429
0.694462
-0.145727
0.576506
-0.384643
-0.124225
-0.818563
-1.20474
0.84976
0.454138
0.451015
0.0273904
-0.287519
1.5669
0.211885
-0.841123
0.291922
-0.380608
0.243577
0.613657
-0.0358562
0.293711
-1.03902
0.813718
0.0429262
0.09078
-0.787993
0.279972
0.0225447
-0.818355
0.439907
-0.119532
1.20859
0.560772
0.267869
-0.0274764
0.334309
-1.31815
0.242711
0.25866
-0.121213
0.180799
0.0568074
0.320379
0.983379
0.100361
-0.660655
-1.0353
0.771326
0.0977231
-1.14375
1.04533
-1.07604
0.489437
-1.3502
1.65062
-0.0899177
-1.15476
-0.352236
-0.428785
-0.829579
-0.146738
-0.254803
0.171738
-0.0622594
-0.964165
-0.343849
-0.268776
-0.116999
0.663296
0.637036
-0.482522
1.06078
-0.367287
0.617299
1.38569
-2.03983
-1.00756
0.0269614
0.230726
-0.972893
0.392562
-0.308928
-0.723316
-1.89609
-1.44376
-0.990972
-0.459608
-0.220328
-0.0553609
-0.729703
1.78406
-0.462403
-0.986348
-0.596688
0.268897
0.212996
0.195891
-0.6826
-0.334926
0.166249
-0.609318
-0.443157
0.347619
-1.68519
-0.676913
-0.698555
-0.682197
-0.326975
0.809199
0.112867
0.64946
-0.429124
-0.436694
0.970767
0.611063
-0.691271
0.220427
0.196208
-0.109071
0.527623
1.86347
0.0889746
-0.338805
0.527219
1.06472
-0.333221
-0.210873
-0.331821
0.649752
-0.769005
-0.727741
-0.312267
-0.0471798
1.15865
-0.40394
0.0441844
-0.539847
-0.701633
0.906185
-1.08662
-1.96731
0.857264
0.254093
0.101067
-1.60471
1.26806
0.375985
-0.209624
0.688045
0.689384
0.909255
1.30275
-0.22735
0.409406
1.22831
-0.0146107
0.224157
-0.0582402
0.73166
0.15606
-0.278026
-0.0823763
0.395276
-0.371592
0.820825
-0.155769
0.317736
0.491666
-0.629839
0.543948
1.20049
-0.0657246
1.13834
-1.1115
-0.347765
-0.193758
-0.375201
-0.924114
-0.275321
-1.37898
-0.124676
0.907161
0.181755
0.429431
-0.696513
-0.191265
0.628028
0.212142
0.664227
0.633542
-0.479072
-1.8559
0.362979
0.00977841
0.361433
0.692038
-0.136321
-0.620502
0.880154
0.124658
-0.517643
0.670791
-0.527979
0.0254963
0.102051
0.281251
-0.51783
-0.348585
1.01212
-0.964158
-0.593383
0.168748
-0.481804
-0.24689
-0.136521
0.528809
0.610867
-0.250019
-0.471445
-1.67449
-0.895876
0.861929
-0.00609476
-1.00712
0.90821
-0.478004
1.00011
1.2995
-0.216275
-1.34499
-0.152541
0.311793
0.833213
0.0321949
-0.291096
0.0734507
0.865688
0.573191
1.07978
-0.180264
1.24756
-0.169456
0.85526
1.12807
0.683982
0.56338
-0.429147
-0.476699
-0.0242168
-1.00363
-0.804429
0.699637
1.42415
0.787069
0.659502
0.701649
0.291937
0.422924
-0.287629
-0.726297
0.67522
0.322237
-0.379646
-1.3061
-0.169353
0.0368034
-0.140856
0.0549203
-0.797166
-0.174134
0.227528
-0.881232
-0.530546
-0.0667954
-2.13713
0.0746693
0.332357
0.618684
0.988304
0.307078
0.00892084
0.490906
0.326412
0.184235
1.1548
-1.07626
-0.394703
0.439081
-0.440121
-0.61165
-0.959411
-0.113437
0.0131296
0.319328
0.109793
-0.297658
0.0265007
0.0974853
-0.230699
-0.506672
-0.962146
1.18539
0.961299
0.454108
0.357014
-1.29556
-0.564749
-0.393318
0.535369
-1.03976
0.452718
-0.299507
-0.32617
-0.184231
-0.842312
0.812842
-0.401302
0.984529
0.367321
0.948142
-1.66193
0.811821
-0.360967
-0.247436
-1.09884
0.687343
0.377081
0.234802
-0.888645
0.114727
0.436082
-0.135488
-0.0457957
-0.374063
-0.110934
0.274429
0.801406
0.210443
0.609407
0.379791
0.574271
1.02194
0.469406
0.114682
-0.170931
-0.319099
-0.652082
0.353132
0.463191
-0.332954
0.224389
-1.83467
-0.0289331
0.033047
0.452018
-0.231992
-0.0827978
0.600986
-0.00133118
0.424793
-0.264883
-0.663038
0.908451
-0.650323
0.469644
0.188842
0.391858
0.443909
0.501955
0.00399329
-0.467965
1.05305
0.289748
0.137762
-1.40547
-0.234601
0.563143
-0.131658
0.926728
-0.229255
-1.43094
-0.352084
0.460574
-1.28955
0.118569
-1.26775
-0.432451
-0.0101363
-0.260262
-0.80093
-0.133151
0.789148
-0.144597
0.103919
-0.565988
0.226038
-0.356154
-0.694053
-0.725719
-1.52933
0.262801
-0.08276
-0.934512
-0.377003
0.27293
-0.499425
-0.00565549
0.333897
0.851388
-1.31827
-0.612202
-0.407276
-0.958614
-0.778925
0.344975
0.0637664
-1.33442
-1.33752
0.120344
-0.499902
-0.63608
0.92379
-0.673217
-0.0561773
0.339981
-0.49837
-0.0699289
2.17978
0.159085
-0.234651
-0.41237
0.313707
0.0467965
-0.246988
0.422037
-0.779111
-0.294962
-0.986774
0.24171
0.394653
0.96486
0.125858
0.287431
0.219428
0.230314
-0.00937226
0.923971
0.686775
-1.25899
0.058404
0.832902
-0.467544
0.407053
-0.0333649
0.0724598
0.323275
-0.705499
-0.366603
0.222893
-0.880665
0.376586
-0.48081
-0.808346
-0.250503
-0.0899645
-0.510754
-0.131113
-0.0926209
1.03556
0.179455
-0.860165
0.461559
-0.261184
-0.537147
-0.0647938
0.417799
0.682739
0.216103
-1.19338
-0.352747
-0.195766
-0.0146125
0.304519
-0.311446
-0.508248
1.13421
0.660961
0.218235
-0.0794868
-0.722989
-0.743154
0.866907
0.0525618
-0.0954145
0.162441
1.61947
-0.233896
-0.0342547
1.1251
-1.00086
0.422769
-1.15596
-0.915782
-0.1737
1.27534
0.103065
0.856867
-1.26724
-0.0344933
-0.267229
-0.323748
0.447799
0.00515886
-1.03861
-1.60189
-1.57022
0.989638
0.0238118
-0.68429
-0.0450745
0.922096
1.41611
-0.0239954
-0.51662
1.35094
1.86405
-0.0937257
0.377948
-0.0081136
0.907536
0.739033
0.401299
1.1297
0.446891
0.56004
-0.820294
0.294884
0.254773
-0.0963823
0.393985
0.458318
-0.499934
1.0181
-1.09643
0.202701
-0.372598
-0.254439
0.277265
-0.618282
-1.09921
0.0641115
-0.762179
-1.94945
-0.306361
-0.759965
0.274898
1.15776
-1.3864
0.370627
-0.187391
0.654488
-0.514053
0.632786
0.891684
-0.216165
-0.0568659
-0.330934
-0.401428
-1.01692
0.170592
1.0778
-1.26819
-0.373656
0.293143
0.103263
0.871981
-0.512116
0.603982
0.332103
-0.343345
0.519338
-0.78209
0.0797952
-0.584129
0.974181
-1.06721
1.06366
-0.892023
0.794717
0.951633
-0.536399
-1.04351
0.401444
-0.193139
-0.322765
-0.985049
-1.23329
-0.113577
-0.352386
0.665112
0.625818
0.946969
-0.626617
-0.531739
0.81674
1.3402
-0.84692
-0.302368
0.887227
-0.542152
-0.045025
-0.302983
-0.361538
0.139114
0.401775
-0.985986
0.332986
-0.768355
-0.0754506
0.0336874
-0.338464
0.428789
-0.0144473
-0.340401
-0.648899
0.182828
-0.448594
0.699379
-0.64907
-0.0647366
-0.0870866
0.139313
-0.418852
-0.0966595
-1.24789
-0.175034
1.94766
-0.0719922
0.917052
-0.701767
-0.659606
-0.415072
0.152311
0.285574
0.820733
0.486157
-0.617125
0.07544
-0.501583
-0.184445
0.634174
-0.776474
-0.573184
-0.744754
-0.936459
-0.600983
-0.477657
0.726915
-0.547528
-0.547114
0.79634
-0.302244
0.195975
-0.376774
0.192749
0.0339846
-1.88852
-0.140873
-0.68555
-0.56597
-0.490337
0.249116
0.168384
-0.690558
0.696269
-0.465883
0.259649
0.101568
0.660111
-0.743673
0.760565
-1.27145
1.36915
-0.885272
0.360112
-1.84599
0.561845
0.193154
-0.666772
-0.184937
1.01648
-0.275945
-0.311838
-0.15353
-0.355163
0.0656283
-0.41475
0.240916
-0.0872008
-0.399239
1.25271
-0.431645
-1.1175
-0.466311
-0.275606
-1.42322
0.00182666
0.663906
1.20791
-1.51323
-0.124936
0.831829
-0.215431
-0.681926
-0.224344
0.807622
-0.796092
0.62162
-1.2121
0.794263
0.243565
0.0186218
-0.55009
-0.88348
0.37057
0.0725169
-0.510469
0.606906
1.82244
-0.0279066
0.294135
0.176846
-0.106458
-0.768095
0.0296007
-0.289018
0.359054
-0.148332
-0.291402
0.151145
1.08746
-0.341472
-0.168272
-0.68704
-0.194174
0.0286575
-0.134173
-1.00915
-0.631683
-1.68524
-0.158659
-0.0765009
-0.446514
1.38383
-0.71268
0.247872
-1.15815
-0.378102
-0.0937355
0.214774
0.0793366
0.78534
-0.829384
-0.122458
-0.175359
-0.350035
0.0715463
0.437445
0.483769
-1.53694
-0.0355875
0.428216
-0.259594
0.997746
-0.598079
-0.0630949
-0.873607
0.210384
1.35782
-0.173105
0.58685
-1.38192
-0.426062
0.245073
0.470342
0.841072
-0.0941407
-0.522292
-0.927322
0.539066
0.698785
0.948832
0.323218
0.868294
-0.847499
-0.140374
-0.224126
0.586893
-0.200872
0.834117
-0.374374
0.00862437
-0.760659
0.339519
0.587671
0.765522
-0.279909
0.300478
0.80213
-0.593185
0.596331
-0.565719
1.22868
0.233029
0.601727
-0.36207
-0.772854
0.359091
0.219072
-1.54875
-0.743233
-0.462768
0.770814
0.90646
1.42194
-0.317822
0.4473
-0.243439
0.397086
0.0267055
0.146792
-1.78327
0.973228
0.893981
0.299674
-0.643071
-0.231221
-0.785471
0.357921
-0.105483
0.119075
-0.245404
-0.294426
-0.735359
0.330866
1.22453
-0.500056
-0.124503
-1.23832
-0.862121
0.693921
0.0954683
0.118577
0.297112
1.59632
-0.442168
-0.344644
1.53746
0.255649
-0.231154
0.115651
-0.550792
-0.20959
0.750359
-0.900404
-0.397001
1.8254
-0.617297
1.33969
0.440012
0.459714
0.852656
-0.148596
-1.31739
-0.571657
-0.808497
-0.89497
-0.44892
-0.809889
-0.890752
-0.263756
-1.25357
-1.108
0.767537
-0.478244
0.353363
0.544857
-0.505357
-0.11283
-0.537631
-0.282038
-0.352401
0.583474
0.372744
-0.728972
-0.851694
0.345895
0.226501
-0.540607
-0.343226
-0.338235
-0.181552
-0.0586001
-0.755695
-0.481688
0.0596862
-0.251344
0.708286
0.381173
-0.665735
-0.577121
1.78266
-1.60686
-0.556125
-1.61602
-0.289535
-0.527829
-0.563963
0.189483
0.313298
-0.145075
0.043913
-0.0713667
0.253457
0.812667
0.359883
-0.033769
0.462877
-0.907811
0.444507
-1.2389
1.0499
-0.842795
0.0885039
-0.334687
-1.49695
0.876775
0.0322618
0.585495
-0.555092
0.532427
-0.270007
-1.11117
-2.21178
-0.203638
-0.3637
0.61525
0.444997
-0.628198
-0.742342
-0.290432
0.278293
-0.129322
-0.327562
-0.375572
-0.25236
-0.638317
0.64447
0.837832
0.461469
0.71583
-0.0439457
0.708903
0.717158
-0.625509
0.781048
-0.112325
0.620273
-0.189977
-1.27258
0.234022
-0.398632
1.03713
0.214724
1.52411
0.344966
0.0590055
-1.30162
-2.04499
0.489963
0.35693
0.800375
-1.28459
-0.185138
-0.309328
-0.462839
-0.186926
0.0630799
0.0820447
-0.828978
-0.277165
-0.298856
0.906305
0.273365
-0.584123
1.65209
-0.425759
-0.442783
2.28933
0.833168
0.643229
0.544727
0.661434
-0.811328
0.411993
-1.33381
-0.377877
0.118913
0.397007
0.390357
-0.368393
0.567974
-0.694585
1.27714
0.326505
0.202458
0.165472
-0.387068
-0.644174
0.654335
0.835146
0.961804
1.78804
0.37248
-0.213008
-0.681975
-0.0629753
0.172894
0.122914
-0.397282
0.0363526
-1.11117
-1.18743
-0.915991
-0.481472
0.672917
0.346287
0.0599406
0.439603
-0.639818
0.867346
-0.450834
0.0369963
0.259343
-0.588678
-1.20844
-1.34654
0.0556104
-0.818844
0.453837
0.228483
-0.628082
-1.22474
0.106914
0.35036
-0.199034
0.588716
-0.604823
0.0939791
0.858706
1.3483
0.339738
-0.305389
-1.96198
0.0888717
0.590997
-0.739144
-1.80524
1.42155
0.477517
0.644351
-1.19245
0.803808
-0.720479
-1.09014
-0.150449
-0.202658
1.05676
1.59025
-0.362635
0.94918
-0.103188
1.08309
-0.773841
0.343187
0.627583
0.624707
-0.681274
-0.180549
-0.86919
0.350452
-0.203892
0.61444
0.107326
-1.15315
-0.205995
0.676876
-0.765745
0.0741561
-0.841669
0.132414
-0.49382
-0.778312
-0.752261
1.23918
-0.265923
0.981443
-0.0221771
1.09676
1.12619
0.654355
-0.395536
0.230789
0.302894
0.143773
0.400855
-0.537098
-0.490236
0.422265
0.147473
1.12737
-0.221511
-0.170226
-0.704684
0.72656
0.849069
0.810931
0.74641
0.023123
-0.332443
-0.535281
0.687016
0.482755
0.324724
-1.13911
0.374532
-0.212989
-0.674028
0.236835
0.794586
-0.0774684
0.427005
-0.0835877
0.0819839
0.305203
0.0092865
0.0555369
0.905811
-1.01409
1.03608
-1.78192
-1.06423
0.437742
0.704866
-1.09607
0.0684988
0.900068
0.112777
-0.0103367
-0.0151765
0.695689
-0.406203
-0.484292
0.167383
0.170837
-0.401497
0.325988
-0.0323413
-0.56183
-0.556915
0.0125997
0.0423389
0.237578
0.406833
0.125737
0.659533
-1.09183
-0.263945
0.231834
0.271045
0.253621
0.0210541
-0.580873
-0.603638
-0.968077
0.630518
-0.807514
0.882033
0.502526
-0.163824
-0.810553
0.279681
0.976509
0.402198
-0.821868
0.315876
-0.163878
0.259049
0.161041
-1.37231
-0.387736
0.543633
-0.801851
-0.871388
1.11736
0.399284
-0.479776
0.0344067
-0.234966
0.156211
-1.075
1.25528
0.0852543
0.168481
0.428266
-0.360927
0.399645
0.059649
-0.773894
0.732677
-1.38263
0.288524
-0.271766
0.609916
-0.728983
0.265206
-0.556942
-0.0385765
-1.02184
-0.48809
0.724883
-0.0373584
0.896963
-0.493285
0.51927
-0.590163
-0.0306377
0.0277432
-0.530784
-0.775049
1.42587
-0.108526
-0.271081
-0.522613
-0.46725
-0.940628
0.335624
-1.22358
0.55787
-0.0175759
0.797181
-0.920881
1.8112
1.27239
-0.484815
-0.252993
0.880332
0.119569
0.0791369
0.28221
1.08851
0.982372
-0.0438259
-0.198595
0.686373
0.116966
-0.43722
-1.03586
0.403219
-0.555981
1.56308
-0.844895
0.720535
-0.9877
-0.446297
-0.638972
0.278409
1.0835
-0.857656
0.320266
0.860589
-0.0708535
0.0910284
0.574539
-0.811542
0.17526
-1.26036
-0.18227
-0.266967
0.641051
-1.36377
-1.32956
-1.50075
-0.398936
0.090033
0.220632
1.43123
1.31075
1.17484
-1.39612
-0.428817
0.136072
-0.311319
-0.160341
1.29217
0.776404
0.226301
-0.0770279
1.05118
0.61824
0.137422
0.391804
-0.198722
0.0167758
-0.0837677
0.388292
-0.407341
-0.349394
-0.134923
-0.6703
-0.108188
-0.644599
0.641625
0.441099
-0.0482944
0.341343
0.818054
-0.203337
0.206728
-0.237812
-0.641525
2.23705
-0.385784
0.00560255
0.195916
-0.436595
-0.949448
-0.211758
1.42443
0.171863
-0.326801
0.085915
0.0657968
0.819315
-0.342149
-0.974326
-0.266988
0.396997
0.496367
0.929241
1.24099
-0.144645
-0.651877
-0.0414979
-0.0407789
0.201508
0.196957
-1.16625
-0.767063
-1.4048
0.0779513
-1.78686
0.0275281
0.005237
-0.404751
1.58501
-0.273654
0.448306
-0.195723
0.270523
0.083664
-0.244032
0.121686
-0.83198
-0.165969
-1.20242
-0.772862
-0.164523
0.767459
-0.930264
-0.280554
-0.081105
-0.316288
1.35127
-0.372011
0.566254
0.460533
-0.590239
-0.742068
1.13719
-0.370597
0.623596
0.355288
0.0623727
-0.899519
-1.06691
0.46487
-1.12299
0.156831
-0.950338
1.54626
0.606197
-0.565604
0.184089
-1.41134
0.470099
-0.655818
-0.24029
-0.205014
-0.0652319
0.401815
0.210745
-1.92353
-0.687529
0.478781
-0.189629
0.626072
-0.351118
0.355967
-0.0605802
1.44648
-0.920596
-0.768236
-0.584602
-0.336626
-0.699054
-0.373425
-0.851709
0.225139
1.09802
-0.427627
-0.332379
0.13552
0.297313
-0.455914
0.470927
1.08184
-0.487515
1.27034
0.112514
0.871705
0.568628
0.199882
0.484114
-0.493704
-0.283918
0.223472
0.118135
1.15325
-0.599867
0.664598
2.03246
-0.138991
-0.345587
-0.300517
0.274758
-1.00163
0.174105
0.324494
-0.0559789
0.561504
0.623469
0.0612766
-2.34471
0.316117
0.203634
-0.40589
0.0576489
-0.826979
0.839513
0.358376
0.53204
-0.152369
-1.29004
-0.871753
0.582037
-0.0705602
0.581783
0.573157
-0.633399
-0.0658445
0.548878
-0.032584
-1.10088
1.12136
-1.54658
-0.406192
1.26518
0.960012
0.601407
-0.393742
0.64241
-0.72066
0.452525
0.880367
-0.423011
0.505326
-0.465587
-0.432157
1.23056
0.568313
0.163114
-1.10712
-0.771884
-0.490017
0.350229
0.314005
1.49651
-0.401719
-0.405246
-0.395193
0.468074
-0.555497
0.274834
0.237015
0.596934
-0.796944
-0.350728
-0.156307
0.571386
-0.367927
-0.146555
0.0916418
-0.27878
-0.617787
-0.210972
-0.290209
0.563937
0.61873
-0.661842
0.416555
-0.691663
0.070054
0.0119661
0.442354
0.0329156
0.202183
0.412058
0.461211
0.313482
1.17722
0.0417285
0.667364
0.285721
-0.416671
-0.0495446
-0.541806
-0.461071
1.37831
-0.754924
0.0309574
0.0689573
0.628642
0.0208534
0.371676
0.662567
-0.156759
-0.777617
0.234364
-0.161293
0.480184
0.198251
-0.651957
0.508553
-0.521262
0.474248
0.683499
0.0847112
0.700707
0.00691464
-0.603685
0.0487425
-0.170511
-0.645688
0.165627
0.136336
-0.0965502
-0.642792
-0.233734
1.02901
0.295015
0.00138664
1.34149
-0.343548
0.0650799
-1.51322
0.715038
1.54563
1.32191
0.213341
-0.477267
0.390748
0.14825
-0.14603
-0.421399
0.820664
0.331996
0.122493
-0.275894
-0.393342
2.37826
-0.0330109
-0.862698
-0.745564
-0.0496196
0.568518
1.00243
-0.812808
-0.161663
0.146964
0.770857
0.980142
0.955911
-0.157833
0.114002
1.4683
-0.375458
0.0477965
-0.398084
0.444434
-0.138512
-0.656114
0.137959
-1.09154
-0.117582
-0.0311475
0.18444
1.19148
0.681352
-0.241712
-0.278686
1.07123
0.682723
0.239385
-1.05083
0.665955
0.41419
1.46065
0.896668
0.838475
-0.00225177
-0.223509
0.417065
-0.131841
-0.387617
-0.629075
-2.02365
1.39031
-0.89017
1.11062
0.549297
0.751339
-1.03205
-0.204241
1.20759
0.148204
-0.372916
-0.381099
0.461249
-0.673455
-0.994367
0.574022
-0.181094
0.827287
-1.48088
-0.786812
0.751664
0.344092
-1.33947
0.59002
-0.0489535
-0.117569
-0.270196
1.07751
-0.852441
0.467709
-1.19217
-0.368253
-0.275779
-0.436878
1.29158
0.944938
0.000985648
0.469687
-1.18131
0.79636
-0.693041
-0.708411
-0.244719
-1.24294
-1.13734
-0.116448
0.0111882
-0.060954
-0.0815527
0.393772
-0.234872
0.268206
-0.646751
-0.11656
-0.162172
-0.143561
0.409886
0.561607
0.14761
0.892356
-0.686356
-0.957567
0.383355
-0.185364
-0.284882
0.311697
0.45324
1.05117
0.985244
-0.153325
-1.71599
0.90715
-0.246489
-0.685095
0.36286
-0.0786418
0.488629
0.226583
-0.808583
-0.370728
-0.892363
0.957382
0.606718
1.41106
-0.902039
1.1323
-1.42806
1.25455
-0.36779
1.59766
-1.19312
0.460792
0.1658
-0.296453
0.515661
0.514348
0.0698055
-0.993724
0.152963
0.549635
0.120378
-0.845257
-0.318518
0.0800019
1.29126
-0.143049
0.748375
0.634984
-0.515708
-0.232382
-0.0443248
-0.982441
0.113043
-1.17805
0.45558
-0.712906
0.62235
-0.469329
0.143704
-0.263577
0.319466
-1.65313
-1.10354
1.3333
0.424798
1.02528
0.171214
0.498917
-0.0677551
0.0198571
0.995805
-0.664602
0.640211
0.503169
0.46392
-0.478373
0.553898
0.3422
-0.201909
0.243581
0.824359
-1.14434
0.445868
0.646894
1.09043
-0.0218768
-0.168607
0.445713
0.358437
0.269798
0.479695
0.139256
-0.205138
-0.759396
0.627628
0.294689
1.74957
0.100761
0.550556
1.19215
0.988587
0.407188
0.957624
-1.28475
0.335709
0.113826
-0.636282
0.300483
0.46005
-0.349337
-0.810541
0.357832
-0.940455
-0.0627577
-0.299048
0.721995
-0.299141
1.14023
-0.373805
0.0284605
-0.64086
0.0345607
0.35991
-1.01783
-1.63112
-0.165698
0.398915
-0.0692398
0.523624
-0.936621
0.492917
0.369842
1.73312
0.428423
0.184735
-0.131941
0.217941
0.241292
-0.35651
-2.08075
0.837463
0.225582
0.74414
-0.398558
-1.0041
0.509985
-0.859495
-0.139532
-0.296215
0.373033
-1.61918
-0.616034
-0.532709
-0.185885
0.727122
-0.711979
-0.36553
-0.0910847
-0.306884
0.588543
0.107765
-0.997274
-0.967314
-0.0769404
-0.247639
0.380797
-0.33511
-0.510736
1.79036
-1.10451
-0.574218
1.31297
0.784462
0.0796534
-0.95433
0.0384429
0.151636
-0.799362
1.40416
-0.199826
-0.371578
-1.05969
0.223593
-0.476358
-0.0330145
0.123422
0.22895
0.0762275
1.24864
-0.279283
-0.194321
1.02751
-1.3068
-0.586576
0.377309
-0.848551
0.142406
1.15224
0.316146
-0.209829
0.249499
-0.13674
-0.583231
0.119793
-0.800304
0.155093
-0.348569
-0.642172
0.478769
-1.36255
-0.830143
-0.186472
0.068652
0.296839
-0.0468451
-0.588563
-0.694136
0.014692
0.69028
-1.01298
-0.386491
0.211895
1.55662
1.54171
0.825633
-0.442911
0.428237
0.0856332
-0.810678
1.11121
0.144988
0.570512
0.997973
-0.256896
0.806544
0.194704
0.539152
0.28522
-0.46029
-0.380022
0.248631
1.0646
0.553594
0.048173
0.667846
-0.0526704
-0.258397
0.0243322
0.0534261
-0.140027
0.447418
-0.734045
-0.196044
0.330181
0.595367
-1.12527
-0.207549
0.609544
1.34197
0.614275
-0.0145428
1.34541
-0.0930801
-1.01879
0.521037
-0.174139
0.642997
-0.237481
-0.296358
-1.06439
0.929988
0.919864
-0.959707
0.264842
-0.642311
0.329669
0.905589
0.938257
-0.347755
-0.00614673
-0.578953
0.488171
1.27376
0.605488
-0.388217
0.611441
0.526129
-0.324773
0.302872
0.0301633
-0.135309
-0.0149372
0.341353
0.468909
0.110635
-1.17678
0.46493
-1.30406
0.43663
0.561778
-0.284542
0.0700815
0.518596
1.42492
0.758163
-0.436813
-1.12099
0.866622
0.348407
0.989349
-0.653283
-0.522852
0.138134
0.180115
-1.67009
0.471294
-0.338602
-0.620877
0.422573
1.25644
-0.626618
-0.482999
0.011612
-1.72001
0.989695
0.701477
0.066759
0.304927
-0.858423
-0.449739
1.58693
-0.186963
0.432339
-0.647908
-0.821799
0.033763
-0.293699
1.19449
-0.270986
-0.08402
0.169008
1.3993
-0.0522561
-0.0588305
-0.743063
1.06737
-0.427479
-1.00086
0.208563
-1.19132
-0.306773
-0.0743035
-0.187581
-0.802233
0.597621
0.0536975
0.00817474
-0.519158
1.49081
-0.768487
0.145148
-0.216892
-0.549891
-0.909677
0.394052
-1.55791
-0.493247
0.737118
0.801666
-0.102708
0.517203
-0.337981
-0.488235
-0.776366
-0.106242
-0.335995
-0.160643
-0.307539
-0.423099
0.368848
1.01801
0.369021
-0.785362
1.00532
-1.29352
0.388885
-0.974907
1.31909
-0.276341
-0.457146
-0.412405
-0.602289
1.71453
1.06072
-0.84174
1.11415
-0.118911
-0.735193
-0.886636
-0.277582
0.760882
0.377135
-0.755648
-1.03759
-0.481502
-0.518081
-0.593998
-0.623344
-0.137053
0.121658
-1.27478
1.28997
0.520171
0.260011
-0.709003
-0.453823
0.877134
-0.40671
0.00967791
0.201206
-0.0687652
0.753273
-1.79755
0.354075
0.168573
0.0916659
0.977112
-0.65881
0.984559
0.226964
0.715778
-0.568944
0.152144
-0.661522
-1.1833
-0.062579
0.0366105
0.533479
1.02222
0.422642
-0.0720154
0.165251
0.0907537
-0.137048
-0.0708432
0.728977
-0.717582
-0.0649994
0.505275
0.348929
-0.770889
0.123128
0.773088
0.0576977
-0.874218
0.027167
0.528594
-0.0274642
-1.64677
-1.0416
-0.596548
-0.399185
0.542897
-0.511894
0.429637
0.662833
0.398276
-0.417762
0.743747
-1.65483
0.273638
0.0176617
-1.38213
-0.245758
1.05051
-0.864819
-0.559668
-0.590136
0.329772
-0.215571
-0.0635045
0.569542
-0.797896
0.295962
-1.29884
0.711004
-2.42361
-1.4048
-0.766875
0.0504919
-0.022303
-1.18925
-1.19521
-0.458472
0.318374
0.713982
-0.776195
0.946421
0.211791
1.45545
0.243416
0.014084
-0.378187
0.696719
-0.223008
0.860568
-0.917582
-0.991571
-0.232241
-1.34599
1.11184
-0.160053
-0.0530795
0.348808
0.0407043
-0.121241
0.642219
0.0348923
0.375418
-0.639898
0.118489
-0.458859
-0.867097
-0.428617
-0.28065
-0.281015
-0.958354
0.249308
0.447503
-1.18675
0.318222
0.134228
-0.17253
0.255645
0.186979
-0.0376785
0.517934
0.307873
0.238546
0.929348
0.481212
0.114624
-0.420889
0.0261299
0.416569
-0.610344
-0.156027
-0.816167
-0.13542
-0.138605
1.75029
-0.494547
0.283235
0.239142
0.483098
-0.207365
0.303197
0.143332
0.601039
-0.402139
-0.827222
-0.86388
0.247378
-0.858526
-0.346057
0.63077
0.343173
-0.618578
-1.37351
0.455013
1.61705
-0.161179
0.0345381
1.09983
-0.32362
-0.0587288
0.182234
-0.302193
-1.59245
-0.00679328
0.041736
0.734458
0.534335
1.32467
-0.452474
-0.290489
0.0509215
-0.0157726
-0.166882
0.447054
0.0863237
-2.25945
-0.233363
-1.04427
-0.181759
0.507009
-0.444853
0.145729
0.948927
0.451541
-0.5687
-1.15268
-1.08101
0.342802
0.517941
1.51651
0.286455
1.26786
0.189772
-0.48532
-0.00728296
-0.114346
0.219729
-0.370713
1.31037
-0.491229
0.00493938
-0.274033
0.0941354
-0.438379
-0.624218
-1.20346
0.641436
0.424515
0.0888031
0.538533
0.172505
-0.392138
0.456391
0.571244
-0.369871
-0.263867
-0.347696
-0.09821
0.885106
-0.243738
0.444951
-0.0295962
0.295289
0.514068
-0.429596
0.943597
-0.0239362
-0.143518
2.07803
0.228611
-0.534147
0.777659
-0.883962
-1.42675
-0.125041
-0.308738
-0.506021
0.153761
0.362297
0.487354
-0.218847
0.340202
-0.670019
-1.00953
-0.991087
-0.663753
-0.579056
-0.0686174
0.706919
0.250328
-0.970791
-0.673349
-0.213806
0.146426
-0.179383
-0.53448
-0.412012
0.180387
0.954879
0.437258
-0.53876
0.0268197
0.192264
0.450569
0.590858
-0.193492
0.18523
-0.340187
0.448149
0.627971
-0.123159
-1.18606
-0.598609
0.843702
-0.504614
1.29942
0.600533
0.806579
1.09089
-0.306885
-1.01022
1.06573
-0.413147
0.861199
0.637406
-1.11733
-0.454169
0.11512
-1.39077
0.0654476
-0.545475
0.246423
-1.97376
0.0130476
-0.707591
0.735425
1.63622
-0.872227
0.329817
-0.506466
-1.18854
-0.394737
0.00610987
-0.404558
0.1141
-0.312114
0.745665
0.228277
-0.593521
0.813628
0.225408
0.039875
-0.417487
0.3431
0.755506
0.536939
-1.40926
0.259139
-0.172029
-1.01647
0.0233895
0.316698
1.18063
-0.456423
-0.263326
0.551732
-1.01133
0.649159
0.57812
0.623779
-0.850396
-0.249496
0.470861
0.386598
-2.23842
-0.430325
0.359372
0.122805
0.926913
-0.30102
0.540805
-0.234042
1.39306
0.550951
-0.141007
-0.234381
-0.184375
-0.0945199
0.992438
0.701991
-0.0536084
0.804085
-1.25955
0.534094
0.3461
-0.364172
0.0117989
1.45693
-1.14596
-0.181912
0.500736
0.908101
-0.162824
0.00344365
-1.04314
-0.929989
0.135373
-0.342848
-1.27738
0.158297
0.0861447
-1.46856
0.231758
1.1148
-0.155063
1.64309
0.0204534
-0.33542
0.414977
-0.457196
0.234287
-0.0325026
0.100348
0.502018
-0.975586
0.350246
-0.167815
0.588681
-0.397625
0.235822
-0.501331
-0.279824
-0.493328
-0.791575
0.40074
0.450133
-0.366718
0.13819
-0.101888
0.828864
0.348892
0.466508
0.466925
-2.00974
-1.09094
0.83602
0.399938
0.374694
-0.594575
0.395804
0.0120707
0.649825
1.01138
1.14155
0.884068
-1.57864
0.397299
-0.430626
-0.249959
-1.43094
0.881721
-0.401317
-1.07705
-0.685951
0.47335
-0.0734983
-1.00306
-0.00413116
0.817406
0.380894
-1.36283
0.270062
-0.616512
-1.47709
0.919368
0.333993
-0.0864857
-0.0836312
-0.723107
0.0821932
0.28663
0.480594
1.54229
0.241675
0.650332
-0.0740291
-0.511934
-0.021458
0.20831
0.451515
-0.644806
-0.448394
-0.38646
-0.772557
0.143899
1.08363
-0.332471
-0.368281
0.294442
-0.111767
-1.29322
-0.267666
-0.349467
0.627213
0.4081
0.36968
0.466488
-0.836112
-1.35575
-0.730223
0.173355
0.0786592
1.85329
0.88366
0.775484
-0.0866817
0.148974
0.433102
0.00658571
0.403027
-0.160785
0.404215
0.744994
-0.500983
0.589308
0.174271
0.372869
-1.08523
0.614727
0.810013
-0.47039
0.703289
-1.02561
-0.507637
1.21933
-0.0717396
-0.757729
0.575912
0.391531
0.566744
-0.787781
1.18691
0.170944
0.683479
0.0978404
0.875695
-0.140613
-1.5002
0.196289
0.0158735
-0.887962
0.400137
0.661008
0.763184
0.156096
-0.502596
-0.312454
0.0599715
-0.245474
0.313421
-0.799143
0.132222
0.306598
0.372034
0.97414
-0.17788
-0.0440883
0.425253
-0.224523
0.342323
-0.523679
0.170458
-1.02101
0.0374968
-0.729159
-1.24323
0.182216
-0.506738
-0.137596
-1.04765
-0.772425
-0.263819
-0.200473
-1.24064
-0.311488
0.648946
0.494982
-0.267256
-0.384501
0.627487
-0.55237
0.431897
-1.06871
-0.0459019
0.0842161
-1.30904
-0.00162888
-0.403112
-0.855201
-0.254509
-1.12603
0.688895
1.28666
-0.104338
1.29308
-1.25309
-0.602123
-0.736772
0.0845511
0.0907783
-0.4615
0.878325
0.154471
0.405983
-0.269426
-2.04346
0.472577
0.769848
0.522706
-0.0756793
0.491353
0.473889
-0.603288
0.594726
1.48023
1.38947
-0.104032
1.49097
-0.0514841
-1.6243
-0.19161
-0.0614588
1.38834
-1.13637
-0.262424
1.09008
0.563208
1.47042
-1.11066
-0.0583074
-0.588399
-0.366595
-0.551788
0.146752
1.18517
0.367647
-0.700892
-0.200918
-0.698638
0.613051
-0.162421
-0.424951
0.0388539
-0.421324
-0.0333257
0.841049
-0.0576262
-0.205802
0.661034
0.252623
-0.0248796
-0.231802
-0.02994
0.140271
0.279371
0.344583
0.887515
-0.528083
-0.923379
0.0892066
0.463095
0.0991775
0.07207
-0.808571
-0.946433
1.96802
-1.2437
-0.849736
1.15066
-1.98339
-0.538187
0.259759
0.736849
-1.24176
0.500901
0.593816
-1.33793
0.827757
-0.662969
-1.28834
0.178951
-0.667001
-0.1466
0.682544
-0.4178
0.0332602
0.142944
0.285618
0.738021
0.347182
0.315998
0.755178
0.164001
-0.012174
0.389881
0.553068
-0.713635
0.137125
-0.948184
-0.640001
0.219765
-0.0402686
-1.03474
-0.877673
0.481569
0.658324
-1.00563
-1.01484
-0.476576
-0.434305
0.0973201
-0.596485
-0.497092
0.0596926
-0.938678
-0.106325
-0.0232374
-0.577535
-1.63393
0.263952
0.848469
-0.51039
0.626205
-0.248819
-0.0854716
0.442487
-0.487399
-0.722822
-1.06218
0.557399
-0.711769
1.19752
0.342802
-0.477426
-0.198754
-1.48555
-0.488099
0.0911624
0.78446
-0.914802
0.449492
-0.0863579
0.0706244
0.378694
-0.662867
0.334711
0.694216
-0.879686
-0.149075
0.0222935
-0.201971
-0.261867
-0.312679
-0.374781
-0.731532
0.165091
-0.667216
0.804462
0.231102
-0.186448
0.267742
-0.0546101
0.820212
1.26987
-0.0794997
0.435965
-0.853968
0.412886
0.556225
0.779435
-0.466763
-0.371104
-0.525478
-1.15299
0.666239
1.40029
-0.425122
-0.521178
0.410649
-0.782334
0.587747
0.909322
-0.766721
-0.0466377
0.287051
0.202312
-1.22628
-0.21505
-0.0187665
-0.519746
0.728771
0.445573
-1.54764
-0.72253
0.407036
0.935268
-0.00877358
0.827545
0.621006
0.144424
0.644101
0.946542
0.185005
-0.680764
-0.910005
-0.94272
1.27163
-0.241897
0.596401
-0.76092
-0.0397502
-0.0300247
0.851936
0.168741
0.546264
0.201172
0.616101
0.946687
-0.957667
-0.145286
-0.487611
0.602328
0.726453
-0.0962061
-0.185879
-0.128096
0.187731
1.45876
0.00255112
-0.27832
0.419876
-0.650062
0.127113
1.2187
-0.655706
-0.250184
-0.549069
-0.293143
0.202387
-0.18597
0.0709951
0.879066
0.0802094
0.630595
0.0183325
-0.0190498
0.260449
-0.123648
-0.165148
0.429764
-0.261539
0.310668
0.192578
0.385396
-0.356527
0.447479
-0.298461
1.1715
-0.375837
-0.398963
1.19332
0.743943
-0.0335238
-0.617136
-0.0485355
-0.0349404
-0.483584
0.374805
-1.20206
-0.438624
-0.0970332
-1.72245
0.560476
-0.303976
-0.136423
0.325728
-0.313005
1.45265
0.963106
-0.760598
0.658435
-1.03239
-0.27423
-0.0355116
-0.0136779
-0.128556
-0.364847
-0.0547399
0.176995
0.991885
-0.128747
0.0173527
0.219782
-0.238194
-0.454117
0.162327
-0.469917
-0.522815
0.716854
0.701242
1.36658
0.0747168
1.06332
0.225437
0.206249
-0.00936837
0.299153
0.512991
1.10187
0.648777
-0.220355
-0.335485
0.503818
0.0288869
0.872226
-0.017029
0.110551
-0.600435
-0.278285
-0.747085
-0.0203125
-1.7679
0.459677
-0.463763
-0.740504
-0.172458
-1.18079
0.308023
0.335492
0.0561272
0.311132
0.833378
0.715749
1.18967
0.467384
-1.00909
-0.936967
-0.349108
-1.19799
-0.716579
0.480767
-0.478203
-0.721762
-0.54246
0.705049
1.00308
-0.0747994
-0.12047
0.413719
-1.07919
-0.69117
0.607068
-0.839409
0.833011
-0.555436
-0.801179
1.38737
-0.763042
-0.532874
0.923032
0.396667
-0.0477011
0.486677
1.02505
-0.342168
-0.0958189
0.906996
-0.764383
-0.0161002
0.0805273
-0.0847908
0.59748
1.43228
0.174062
-0.166404
-0.131756
-0.629011
-0.217756
0.0154593
-0.153042
0.667064
0.767304
-0.00627314
-0.89995
1.4376
-1.05052
-0.304449
-0.64688
-0.115956
-0.286211
-0.608306
-0.391469
0.548102
0.860983
0.158262
-0.723621
0.836555
0.574786
-1.5275
-1.59152
0.428445
0.279663
2.73625
0.889907
-0.2809
0.309544
0.6708
-0.0244504
-0.70182
-0.0837457
-0.0883382
-0.238273
-0.461429
0.437047
0.801876
-1.27377
0.742894
-0.262966
0.11904
0.147217
-0.45283
0.617906
-0.613259
-0.274309
1.16319
0.748251
-1.55882
0.00678205
0.0653518
-0.955099
1.22314
0.779125
0.519841
0.0860282
-0.136856
-0.349202
-0.597273
0.117313
0.250128
-0.918204
-0.820242
-0.170508
1.05994
1.02478
0.266907
-0.0368677
0.204047
-1.0731
0.00485443
1.08766
0.0923205
0.133499
-0.232461
0.917769
-0.429937
-1.15298
0.136835
-0.785812
-0.288765
0.0872554
-0.0300133
0.710523
-0.297232
-0.733281
0.334448
0.349297
-0.924494
-1.36462
0.468109
-0.55028
-0.930288
0.845815
1.15597
0.378524
0.440771
-0.263915
-0.294284
0.941229
-0.236439
-0.503623
-0.590493
-0.917564
-0.382062
1.28767
-0.931644
-1.02215
0.337135
0.309504
0.77569
-1.33487
0.811934
0.355212
0.123781
0.907736
0.700133
-0.0505136
0.0426647
-0.731057
0.878016
-1.99572
-0.638505
1.40547
-0.152224
-0.247364
0.0345593
-0.803295
1.2371
-0.516636
-0.627247
0.32252
0.306244
-0.426678
0.614993
0.460801
1.67329
0.866283
0.715641
0.528682
0.113872
1.18957
0.539547
1.08889
1.24382
1.81626
-0.752756
0.725849
-0.123726
-0.345332
-1.71927
-0.252563
0.587869
-0.536452
-0.113334
-0.302319
-0.0223681
-0.436762
-1.05972
0.279201
0.965877
1.21905
0.257719
-0.36321
-0.682043
-0.437872
-0.780833
1.68118
0.591028
-0.173581
1.1624
1.21982
-0.868044
0.245469
0.701531
-1.44149
0.164551
-0.521602
0.428605
-0.460775
-1.18731
1.48293
-1.00976
-1.18282
0.226051
-0.282193
0.964947
-0.488639
0.292245
-1.5335
0.790511
0.553524
-0.724436
-2.14129
0.341549
0.392721
-0.206625
0.0311281
-0.0379379
-1.83412
1.0893
-0.927376
-0.786321
-1.2867
-0.427493
0.615435
-0.376221
-0.546659
-0.136925
0.418404
-0.757417
-0.365762
-0.477617
-0.82288
1.39887
-0.548336
-0.00601412
0.799456
-0.510064
0.794663
-0.109317
-1.0645
-0.482788
-0.605481
0.0287611
-0.561889
0.236753
-0.361995
0.314223
-0.592057
0.146028
-0.280698
0.872366
0.615914
0.976658
1.02821
-1.06106
0.497359
0.979184
-1.12048
-0.140786
0.0578797
-1.67236
-0.184315
-0.431209
0.211804
0.826197
0.161304
-1.0661
0.403644
-1.01296
1.3861
0.920268
-0.21965
-0.689208
0.328267
1.02791
0.0346766
-0.728183
-0.264585
0.410281
-0.555953
-0.394066
-1.50012
0.359997
-0.605927
0.345444
0.115797
-0.21756
0.666846
-0.74596
-0.0790005
0.794244
-0.679648
-0.0035736
0.859934
0.0180396
-0.246887
1.07844
-1.72553
0.528294
0.458943
-0.43598
0.324738
-0.388626
-0.502866
0.942369
0.536152
0.445733
0.266061
-0.126038
-0.280103
-0.46292
-0.715197
0.516774
0.139158
-0.317179
-0.0146458
-0.437202
0.477406
-0.685308
0.557564
-0.509936
-0.775691
0.394773
-0.263603
-0.675355
0.973072
0.387278
0.383405
0.283712
-1.45402
-0.351468
-0.14835
0.0925919
-0.216635
-0.273119
0.820463
-0.0909007
1.07636
0.390748
0.505662
-0.706429
1.04045
-1.1695
-0.741205
0.230826
0.65249
0.202035
0.566054
0.301844
-1.09718
-0.634831
-0.290931
-0.638076
-0.448223
1.55673
-0.780172
0.52447
0.201596
0.0156527
-0.422548
-0.022084
0.330056
1.10922
0.134943
-0.23655
-0.434582
0.0370182
-1.20666
0.452179
-0.41956
-0.477219
0.18071
0.306873
0.560157
0.519777
0.199428
0.476772
0.88637
-0.0411802
0.23079
0.0531625
0.788724
0.0111027
0.810029
-0.0643975
-1.23264
0.881425
0.330245
-1.05902
-0.849595
0.67784
-0.371863
-0.274304
-0.46261
0.380006
-1.20619
0.323344
0.399231
0.828739
1.53395
0.234346
-0.195017
-1.05327
0.126061
0.0294205
-0.524788
0.137497
1.24236
-0.163408
0.418693
-0.052115
0.894853
-0.685893
-0.151195
0.682674
-0.532685
-1.68765
0.741225
-0.75266
-0.307159
0.775678
-1.12322
-0.0276209
-1.77899
-1.84032
0.964874
0.232476
-0.554918
-0.329503
0.416466
0.304981
0.199557
0.501846
0.642095
0.27425
-0.674976
0.0953362
0.938263
1.37249
0.689231
0.0595065
-1.20305
-0.0273662
0.952728
-0.722376
0.0326376
-0.125692
0.599739
-0.308701
-1.31768
1.49889
-0.489514
1.08675
-1.21374
-0.962008
-0.33169
-0.993922
0.328316
0.161889
0.504326
-0.246525
0.266115
0.0998422
0.144965
-0.90286
-0.552034
0.29131
-0.9437
0.328852
1.02081
1.28278
-0.320353
0.776511
-0.643697
-0.0345313
-0.0537504
-0.251182
0.452832
-0.548243
-0.184652
0.0365922
-0.231083
0.59599
-0.0647647
0.37892
-0.670773
-0.266142
0.728167
-0.226469
1.32164
-0.238306
0.123066
0.261521
-0.0988007
1.4468
0.261294
-0.706006
0.674918
-0.718741
0.797367
0.0364993
1.15335
-0.152499
0.613853
-0.050972
0.164302
0.913784
-0.00343885
-0.19104
-1.0436
0.550292
-1.05042
-0.162462
0.120627
-0.975903
0.802131
1.80711
0.803907
0.725171
0.951481
-0.112353
0.62875
0.00755194
0.245523
-0.732024
0.149287
-0.541227
0.324065
0.135584
0.0973009
-0.649453
-0.453471
0.83983
0.288622
0.945396
-0.641049
1.07284
-0.0508612
-0.257344
-0.50479
-0.081306
0.236989
-0.924106
0.263047
-0.597359
0.836811
1.02209
-0.282317
0.248865
0.0948991
0.113755
0.398704
0.393554
1.08719
-0.357483
-0.287866
-0.288973
0.94266
-0.155631
0.323267
0.149032
0.0235515
-1.07903
0.42778
-0.208983
-0.382935
-0.725437
-0.0998238
1.60746
-1.50488
0.513713
-0.113932
-0.880788
-0.180687
0.791346
0.276128
1.729
-0.416253
0.985198
0.0141755
0.214574
0.500194
0.501197
0.46537
0.0161427
-0.186412
-0.568194
0.610519
0.0239806
-0.443392
-0.387808
0.405391
-1.15181
0.0629143
-0.106106
-0.221453
0.122301
-0.047434
0.732452
-0.461706
-0.231692
-0.0770832
0.155475
-0.227765
-1.01397
-1.73202
0.442133
-0.336167
0.419898
-1.17169
-0.106607
0.449066
0.0122297
0.775799
-1.07464
0.756152
0.00829149
0.885815
0.424724
-0.484215
-0.738933
0.269699
-0.0762552
-0.334328
-1.5719
0.0872987
0.0405381
-0.45336
-0.311047
-0.00575216
-0.699849
1.38518
-0.405837
-0.154276
0.448206
0.203916
-0.770955
-1.35142
-0.69676
-0.316128
-0.665052
0.392813
-0.0707123
-0.244203
0.875567
-0.843793
-0.959369
0.581549
-0.430559
-0.402665
-0.772046
-0.183483
0.190583
-0.0635498
0.496717
0.520183
-1.36799
-0.555121
0.0233739
-0.0345792
0.228778
-0.0632398
0.647333
-0.0822558
0.537511
2.18122
-0.172717
0.133819
0.650179
-0.5027
-0.847365
-0.0756374
0.268944
-1.30039
-0.71405
0.633404
-0.650546
1.0554
0.647053
0.268354
0.044241
-0.162439
-0.277165
0.330556
0.0635085
0.174821
-0.312094
0.878944
-0.144239
-1.22168
1.26819
-0.49901
-0.716216
0.954077
-0.625776
-0.754689
-0.686539
-0.423842
-0.279601
-0.557849
1.00038
0.232181
-1.49857
-0.891942
-0.680521
-0.595449
0.593748
-0.2929
-0.434449
-0.287862
0.979012
0.345019
-0.0508956
-0.474073
0.483401
-0.260804
-0.153379
0.768134
-0.8755
-0.48873
0.629303
0.151858
-0.471103
0.430212
0.298593
-0.406984
-0.219534
-0.254304
-0.774768
0.327844
0.558811
0.0336499
0.0353195
-0.0804021
-1.59481
-0.0472132
-0.688953
-0.862216
-1.13807
-0.213593
0.431206
-1.35814
0.157133
-0.72627
-0.322773
-1.00515
0.0870979
0.925405
-0.227142
0.135536
-1.10761
-0.127549
0.301903
0.782238
-0.268445
-0.0925658
-1.57342
0.978999
0.56043
-0.0893726
0.468096
0.876751
0.834745
-0.529827
-1.52166
0.0552403
0.137773
0.560935
-0.0790172
0.279103
1.89049
-0.140868
-0.459557
0.154637
1.05383
0.146533
0.381379
0.337536
-0.554604
0.710959
0.253066
-0.80477
-0.538177
0.449048
-0.00667302
-0.461323
-0.478133
0.290865
0.629407
-0.279947
1.4225
-0.841249
-0.193719
0.401042
-0.269178
-0.516382
0.763438
-0.777566
-0.534917
-1.22437
0.760969
-0.756524
0.266247
-0.692411
-0.115716
-0.231795
0.215223
-0.111963
-0.557693
-0.241863
0.514157
-0.242613
0.534357
0.164549
-0.413753
0.453673
-0.281785
-1.59465
0.454558
0.522646
0.189886
1.35863
0.764838
-0.979725
0.406706
0.0576289
0.592547
-0.38081
-1.44122
-0.434631
-0.642531
-1.23247
0.431434
-1.07824
-0.963711
0.37692
-0.0747082
0.0303342
0.303727
-0.661348
-1.08389
0.492648
-0.137278
-0.11094
1.10171
0.492807
0.358601
0.465398
0.580266
-1.54543
0.389739
0.240773
-0.109377
0.692377
-0.222307
-0.974347
0.0574948
-0.973859
-1.16832
0.704332
-0.693924
-0.283153
-0.0740397
-1.15547
-0.580317
-0.527746
0.368316
-0.70278
-0.520612
-0.151557
-0.0904394
0.164369
-0.15428
0.467095
-0.646785
0.544188
1.20424
1.40425
0.374608
-0.958208
-0.0769023
-1.57565
0.358864
0.17404
0.0527381
0.17879
0.165378
0.560228
-0.409974
1.17714
-1.09239
-0.316564
-0.143834
0.398682
-0.0803488
0.719442
0.370013
0.314129
-0.657737
0.415949
1.1626
0.564053
0.159635
1.96449
0.758505
0.320314
0.490321
-0.215221
0.642316
0.700197
-1.22667
-0.3339
-0.0625243
0.643278
0.542945
0.383018
1.22727
-0.286821
0.632913
-1.08823
-0.551121
-0.170654
-0.122354
-0.733881
1.0073
-0.127568
0.239379
-0.292608
-0.777227
-0.640036
-0.356156
-0.375338
0.377187
-0.357594
0.738159
0.730441
-0.715684
-0.478087
0.364731
0.233514
0.106254
0.187984
-0.919631
0.941218
-1.48514
-1.01928
-0.676289
-0.396678
1.35358
-0.185732
0.467069
0.463926
1.03868
0.500541
-0.0711002
0.880991
-0.0994711
0.0246792
1.08227
-0.0484443
-0.297826
0.242157
-1.23656
0.646313
0.79569
1.14056
0.718912
0.177818
-1.29173
0.130307
-0.0239476
0.00592171
-0.767317
-0.33634
-0.295568
-0.34519
-1.13342
0.698466
0.0445398
-0.926009
-0.868649
1.07594
0.286881
-0.852594
0.958313
0.690256
0.367356
-0.675368
1.00078
0.350597
-0.806333
-0.546139
0.0116561
0.197537
-1.73494
0.603905
0.794365
1.36766
-0.141262
0.523998
0.322555
0.448738
0.498937
0.250168
0.222547
0.845031
0.0809476
0.293107
0.33797
-0.287058
-0.502589
0.355982
0.835223
0.332155
-0.476186
1.17491
0.152735
0.313483
-0.431257
1.04878
-0.183531
0.51876
0.501495
0.535847
0.666141
1.21797
1.10088
-0.269488
-0.0144119
0.605577
0.0130399
-0.627322
-0.908994
-0.376899
0.56284
-0.124376
0.28497
-0.823111
-0.8701
-0.517574
0.236439
-0.13133
-0.833409
-1.21605
-0.355367
0.905936
0.585278
-0.413195
-0.919978
1.64573
-0.454375
0.16323
0.191273
0.375529
-0.981221
0.743963
0.454348
0.919006
-1.25742
0.160231
-0.579633
0.00822923
0.32352
0.51591
-0.22261
0.594609
0.324307
0.163141
-0.0799599
0.679425
-0.199892
0.291696
0.367161
0.755629
0.399173
-0.756544
-0.560888
-0.652984
1.07536
-0.473058
-0.513833
0.701599
-0.49591
1.46156
0.254339
-0.736737
1.63
-0.915107
-0.84237
0.767933
0.768111
-0.761086
-0.816157
0.337613
-0.248137
0.692834
-0.403315
-0.324964
-0.574575
-0.0376685
-0.446685
-0.24299
0.05536
-0.0831035
0.412316
1.33739
-0.740799
0.738825
-1.04572
-0.347408
0.770761
0.533524
0.566766
1.03374
-1.00061
-0.172393
-0.143672
0.403692
-1.15117
0.762123
-0.582881
0.392064
-0.990644
-1.06331
-0.119111
-0.57048
-0.744143
-0.230367
0.92332
0.422228
-0.666105
-0.0161979
0.913002
-0.271721
-0.835544
-0.748963
-0.347061
-0.465029
-0.410976
0.324526
-1.06622
0.58932
-0.0108995
0.619208
-0.0253162
-1.1305
0.021212
0.126288
0.412164
0.562478
0.214537
-0.847802
1.38146
-0.923326
-1.27804
-0.150337
0.625994
-1.22532
-0.305703
-0.767353
0.0432962
0.696384
-0.834129
-0.332438
-0.230896
-0.0746198
0.0533919
-0.034702
0.0749655
0.179508
0.289817
-0.195497
0.286896
0.636162
-0.366034
1.21598
0.550933
-0.163513
0.824538
0.0232516
-0.310807
1.43399
-0.823953
-0.142367
0.110692
-0.317906
1.3874
1.18318
-0.667564
-0.840642
0.823431
-0.211274
-0.234072
0.108248
1.58817
0.976402
0.152016
0.0741538
-0.0290192
-0.873756
0.651719
-0.98022
-0.558991
0.405014
-0.366478
0.296257
-0.117128
-0.382253
1.84507
1.40278
-0.447081
0.724845
0.485724
0.724078
-0.271123
0.0119021
0.62727
-1.04978
-0.228763
-0.777773
0.954003
0.452134
1.33537
-1.28542
-0.380378
0.38482
-0.307458
0.918764
-0.881101
-1.29225
-0.843537
-0.634909
0.199714
0.0832608
-0.524472
0.668048
-0.314299
0.755342
-1.03432
1.18675
0.230394
0.321196
-0.885349
-0.461622
-0.244056
-0.0161944
-0.520903
-0.0909174
-0.00662381
1.0473
-0.849577
-0.3502
0.279699
-0.921521
-1.46897
0.240105
-0.0127022
-0.609749
0.439142
0.214256
-0.809619
-1.01919
-0.830301
-0.422497
-0.487222
-0.0598312
0.336413
0.476586
-0.19723
0.555006
0.176764
-0.334173
-0.619329
0.780754
0.453457
0.218026
-1.3389
0.729423
0.693667
-0.369973
-1.16187
0.116882
-0.478418
0.227903
0.547321
0.815797
-0.444641
-0.0805538
-0.982906
0.289495
0.311721
-0.171923
0.638463
0.163008
0.721235
-0.114121
0.768063
0.506077
1.06057
-1.18581
0.605958
0.424995
-0.597037
0.88771
0.888101
0.939735
1.17231
0.0440843
-0.940531
0.307628
-0.558369
-0.728585
-0.600768
-0.232056
0.521142
1.35645
0.265268
-0.568996
-0.0265331
-0.147986
-0.800282
1.10126
0.25101
-1.93129
-0.501637
0.623135
1.40401
0.983122
0.937108
-0.940242
-0.546359
-0.311505
0.0255775
0.824117
0.0800358
1.73941
0.647789
0.277543
0.593476
0.26654
-2.07806
-0.087847
-0.28953
-1.13812
1.00846
0.0923911
-0.741124
0.015135
-0.516212
-0.572498
0.0447039
-0.567662
1.28219
1.99496
0.76478
-1.56707
0.843304
-0.375916
0.412545
-0.64312
-2.07084
-0.390825
-0.824166
0.0390616
0.97466
-0.286638
0.731322
0.431628
0.702422
0.055455
0.0186757
0.436288
0.90557
2.10785
0.0466144
0.791743
0.90179
0.178247
0.0512711
0.0181561
0.772404
-1.49697
-0.445288
-0.962738
0.458928
0.973539
-0.33939
1.02792
-1.27888
-0.574273
-0.443084
0.221556
0.303913
-0.435157
0.551409
-0.158414
-0.0690433
-0.970726
-0.959895
-1.02419
1.25268
0.356113
-0.893359
0.495285
-1.09168
-0.0682613
-0.708547
-1.18699
-0.15266
0.0196186
-1.04018
-0.00859265
0.780057
-0.801861
-0.0633176
-0.664206
-0.911887
-0.0814036
-0.468915
-0.032453
0.832617
0.25029
0.624921
0.48173
0.910133
0.443318
-0.105516
-1.18948
0.39028
-0.239686
0.394121
0.200539
0.238424
0.451977
-1.32237
-0.143911
0.615172
0.185009
-0.247652
1.76097
0.356229
0.600836
-1.43653
0.430326
-0.6998
-0.00327412
-0.256488
0.510787
0.0159038
-0.953126
-1.05505
-0.509868
0.220969
-1.40891
0.612096
0.120096
-0.159894
-0.406725
0.386328
1.25773
-0.629082
-0.641975
-0.147571
-0.0516034
1.11942
1.58077
-0.606996
-0.572419
-0.142382
0.0408498
0.664805
0.124028
0.0763019
0.724889
0.824104
0.199638
0.523901
0.329086
0.0436764
1.04886
-1.46868
-0.648257
0.334025
0.326226
0.589322
-0.142817
0.928401
0.762094
-0.124061
-1.05684
0.605153
-0.0636683
0.460106
0.607261
0.663043
-0.486991
0.32526
-1.18162
-0.514389
-0.319537
0.840375
-1.16192
0.505558
0.523199
0.367201
0.307004
0.075979
1.4215
0.850735
0.300668
-0.609691
-0.416341
-0.628549
-0.330391
-0.214756
-1.01823
0.0677768
-0.22891
-1.10979
-0.294107
0.311836
-0.236491
0.167736
-0.507724
0.358862
0.742874
-0.42728
0.382332
0.137686
-1.47517
-0.728618
-0.675488
-0.655934
1.03079
0.051031
0.0206062
-0.721618
-0.761054
1.88599
0.0921107
-0.940258
-0.68098
0.385649
-0.126616
-0.0188891
-0.642669
-0.753424
-1.17884
0.98705
-0.755347
0.29748
-1.00087
0.196418
-0.472492
-0.923062
1.16136
0.0412638
1.09332
-0.408495
0.321958
0.637188
0.0707347
-1.16789
-0.74673
0.758758
-0.250757
0.312301
0.715489
0.309073
0.154317
-1.15164
0.18202
1.0316
-0.869794
-0.0350855
-0.616317
0.581549
-1.49347
-0.590307
0.837185
0.790133
0.48827
-0.399662
0.940633
0.0397866
0.0501261
0.707454
0.300117
-0.374702
0.441666
0.935026
-0.510795
-0.801701
-0.365836
-0.692906
0.595578
0.322915
1.1316
0.0444653
0.409159
-0.283254
1.14511
-0.0715859
-0.65117
-0.336842
-0.196293
-0.0357715
-0.0958732
0.158102
-0.949229
0.55199
-0.303887
-0.408326
-1.15723
-0.81137
0.0554577
-0.575295
0.0439373
-0.566284
0.198705
1.00267
0.814677
-1.05538
0.784961
-0.0380048
1.36055
0.0687307
-0.122251
1.03714
0.0681217
0.0484771
0.0012836
0.0123722
0.738576
-0.304018
0.0881353
0.0619287
0.193048
1.01452
-0.838598
-0.0212982
-1.32126
0.1245
0.621538
-0.632811
0.508035
-0.0926993
0.758182
1.05607
-0.544992
-0.342826
-0.0604981
0.209652
-1.13959
0.360527
0.152534
1.13579
-0.337233
0.398955
-0.0765422
-0.976074
-0.513588
0.0973978
-0.443715
0.168729
0.797114
0.641081
0.20471
0.391025
-0.331783
-0.100063
0.271953
-0.524734
1.88927
0.779855
-0.45254
-0.614919
0.765795
-0.1055
0.112776
-1.29347
-0.438214
0.593621
0.280786
-0.191547
-0.495587
-0.0758483
0.0688285
0.431249
0.278646
0.48031
1.55831
1.06066
-0.35559
-0.261905
1.23629
-0.235826
0.784169
-0.381111
-0.483558
0.646877
1.90372
-0.772739
0.73235
0.893091
0.540259
-0.402227
0.72057
0.0170704
0.0577413
1.05827
-0.0348161
0.309332
-0.394853
-0.192613
-0.79649
0.297392
-0.273933
1.0256
0.675073
-0.201458
0.46053
-0.633201
-0.630197
1.16619
0.24707
-0.699601
-0.624904
0.192632
-0.121535
0.370433
-0.719316
-0.802168
-0.0394586
-0.301964
0.494335
0.243387
-0.195973
1.00475
-0.0498232
-0.554591
0.995692
-0.327203
0.0100271
0.746435
-0.438209
0.910614
-1.07694
-1.14234
0.010225
-0.268794
-1.53261
-0.920585
0.0517061
-2.24577
-0.40419
-1.03411
0.779158
-0.772981
-1.86807
-0.268808
0.0366928
-1.14543
0.106771
-0.563142
0.541364
0.648244
0.515015
0.0266506
-0.0299098
0.36684
0.402902
0.501124
-0.389701
0.314875
-1.88499
-0.105344
0.884246
0.62467
-0.463492
0.176495
-0.157947
1.26175
1.45708
-1.23231
-0.0350969
0.796011
-1.45915
-0.960471
-0.698241
1.32678
0.234004
-0.459605
0.346641
-0.659368
1.08806
-2.44357
-1.20398
-0.227723
0.178222
0.755116
1.15497
1.8507
-0.722854
-0.261106
-0.118832
-0.102007
1.26438
-0.221191
0.269651
-0.794452
-1.30317
0.253083
0.706783
1.83796
0.123258
0.246137
1.38611
-1.38009
-0.973916
-0.30846
0.195015
0.408867
0.594578
-0.450034
-0.599164
-0.137737
-0.676663
-0.551781
-0.0792535
-0.942364
-0.611791
0.0764677
0.260586
1.17351
-0.233459
-0.0918389
-0.933997
1.09897
0.0892509
-0.826136
0.89719
0.255428
1.47129
0.163208
0.503562
-0.474877
0.0617555
-1.51355
0.467481
-0.906533
-0.0888325
-0.254291
-1.06909
-0.0893469
-0.445621
-0.449721
-0.270289
0.984236
0.114999
0.199657
-0.183518
0.970802
-0.253123
-0.749293
-0.0275027
-0.465903
-0.587038
0.121997
-0.613616
0.74242
-0.0804371
0.54991
-0.212211
-1.27323
0.245111
-0.837213
0.261028
0.756951
0.0894172
-0.216579
-0.884259
0.673919
-0.496151
0.242339
-0.516066
-1.17684
-0.653947
-0.106345
0.123718
-0.0851588
-1.06768
-0.654835
0.510983
-0.832273
0.767996
0.658246
-0.526853
-2.27906
0.0473612
-0.544533
-0.490304
-0.786819
-0.304221
1.83181
-0.170312
1.86859
-0.581015
0.555475
1.0036
-0.846699
0.848487
0.119615
-0.571089
0.834473
-0.776684
-0.62002
-0.791536
0.915829
0.653469
1.20972
0.368102
-0.300457
-0.58312
0.677239
0.181948
0.388977
0.95073
-0.105916
0.631514
-0.610266
0.205205
-0.952247
0.826495
1.20065
-1.39777
-0.709718
0.550252
-0.428307
-0.774083
-0.692093
-0.127958
0.395604
-0.820109
1.14777
-0.493179
1.20471
-0.170239
-0.495924
-0.0205654
0.584702
-0.394396
0.475309
0.968821
-0.563366
0.315598
-0.858558
0.160937
-0.430289
-1.23054
-1.34647
-1.00568
-0.244389
0.973983
0.233918
-0.599991
0.20087
-0.473603
-0.177036
-0.546602
-0.0249224
-0.690907
0.678081
-0.428014
1.18427
-0.495449
1.03559
-0.0212992
0.532093
0.175097
1.43656
0.354258
0.586214
-0.12045
1.126
-0.165257
-0.85355
-0.420966
0.756215
0.50582
-0.349859
0.673972
-0.203428
-0.0305231
-0.957841
0.512536
-0.765516
1.4304
0.933273
-0.863356
-0.656873
-0.456947
-0.136524
-0.189946
0.492648
-0.341324
-1.53799
-0.0724398
-0.140806
0.0159302
1.3905
-0.027505
0.177765
-1.14214
0.896951
-0.0665572
-0.266547
-0.00334417
1.23914
0.213971
0.317937
-0.766396
1.00612
-0.541347
0.129495
0.0599609
-1.2228
-0.136276
0.164259
1.20714
1.02576
0.63842
0.33341
0.152353
0.59418
-0.368661
1.04952
1.19713
0.0607155
-1.73631
1.19962
0.482707
-1.80002
-0.0149683
0.657004
-0.398433
-0.247832
-0.209983
-1.0548
0.433822
-1.07789
0.0877934
-1.02443
0.0749979
-0.113025
0.791358
-0.92706
0.378644
0.231005
-1.45875
-1.44531
-0.404773
1.12127
-1.5143
-0.349631
-0.362245
-0.678532
-1.78213
0.2128
0.287089
0.561904
1.61864
0.672569
0.560435
0.0944029
0.647186
0.293137
-0.236867
0.0327818
0.10297
-0.628992
0.418397
0.370366
0.857509
-0.57261
-0.61061
-1.05544
-0.756307
-0.941122
-0.308535
-0.461705
-0.668334
-0.00631496
0.915982
-0.0412542
0.126665
0.816286
-0.465824
0.85509
0.398858
0.208149
-0.699257
1.4596
-0.63721
-0.113057
0.700051
0.661802
-0.341389
0.201206
-0.0973292
-0.0182125
-0.643022
0.978971
0.133044
0.987817
0.543304
0.542685
-0.042291
0.152387
-0.659041
-0.020256
0.516102
0.775152
-0.330839
0.0538655
0.304532
-0.556576
-0.253068
0.034257
0.00467472
0.0282618
0.814276
0.864059
0.726673
-0.356265
-1.4284
-0.565441
0.620333
0.588744
0.439528
-0.890147
0.292817
-0.436701
0.863591
0.140615
-0.549138
0.0255568
0.190157
0.488118
-0.140767
-0.510232
0.101078
-1.10964
0.569137
1.33379
0.567457
-0.0855523
-0.884151
-0.605619
0.805637
0.736413
0.402906
0.0623815
0.250223
0.243973
-2.30915
0.121694
-0.0893445
-0.616982
-0.286297
0.341786
-0.45135
0.793695
0.377652
0.474322
0.243134
-1.34157
-0.578732
0.284627
-0.0261116
0.349909
-0.634138
0.0288501
0.171216
0.129932
0.616707
0.109698
-0.607551
-0.181794
0.148583
0.51871
0.48838
0.19287
-0.425569
0.893601
0.582533
-0.202936
-0.690697
0.180534
-0.40215
0.491122
0.315506
0.543443
-1.76412
0.330293
-0.715604
0.600261
-0.411172
1.13653
1.004
1.17539
0.22414
1.14959
-0.368347
1.25523
-0.833936
-2.15912
-0.972278
1.08829
0.251077
0.684543
-0.708144
-0.898898
0.479427
0.552574
-0.538233
0.166552
0.266698
-0.778449
0.438604
0.709048
-0.210077
-0.634599
0.330898
0.874215
0.53265
-0.834512
1.46133
-0.0760845
-0.319452
-1.06111
0.578711
0.506507
-0.320666
0.00932948
1.61824
0.77368
-0.529143
-0.446574
1.82745
-0.313832
0.482292
0.947928
0.563854
0.499163
-0.671074
-0.0149128
-0.258356
-0.1573
-0.307538
1.56479
-0.105368
-0.101938
0.467121
-1.37378
0.479941
-0.388736
-0.733576
-0.0396368
0.0284898
-1.25452
0.673134
0.265028
0.542033
-0.89407
-2.05383
0.873627
-0.0979797
-0.680299
0.581701
1.10745
-0.737572
-0.850233
0.824861
-0.684845
0.305664
0.331536
-0.367907
0.458529
-0.173143
-0.109179
-0.299334
0.120532
0.330709
1.047
0.664305
-0.860975
0.738942
0.0174923
-0.474868
0.0681162
0.388211
1.01341
-0.614617
-0.360029
-0.245037
-0.657256
0.183524
0.784898
-0.75831
1.24371
0.776677
0.560689
0.0666282
0.525742
-1.00499
0.144387
0.452942
0.450069
0.866327
0.666137
-0.344412
-0.259452
-0.61916
0.0675884
-1.02396
-0.213509
-1.05445
0.220194
-0.446388
-0.263519
-0.0038587
0.586884
0.387384
0.69373
-1.44117
1.19674
0.0589392
0.138149
-0.00915721
-0.141146
0.377935
0.570892
-0.755437
0.681419
0.0248475
-0.721375
-0.50205
-0.936796
-0.147488
0.417943
0.330192
0.296991
0.710154
-0.67929
0.706868
-0.569122
0.0611043
0.32975
-0.208576
-0.921792
-0.66361
0.794544
-0.4691
1.31453
0.349546
0.380494
-0.943982
1.51204
-0.482177
0.393751
-0.441787
-1.58741
-0.791451
1.06308
1.53771
-0.427863
0.125858
-0.457009
0.627327
0.769994
-0.0783524
-0.998798
-0.889336
0.804127
0.445962
0.159256
-0.688741
-0.159897
0.922453
0.0892307
-0.0433822
-0.322917
0.642147
-0.386937
-0.927081
-0.552268
0.437437
-1.16644
-0.759833
-0.378789
0.394802
-0.167172
-0.252721
1.55166
1.36663
-0.769075
0.33756
-1.576
1.04476
0.0727034
-0.0399225
-1.1082
0.527849
-0.180293
-0.755198
0.467508
0.881477
-1.01249
-0.556979
0.301344
-1.37208
0.358256
-0.885993
0.230611
1.04669
0.643076
-0.414047
-0.0670212
-0.339355
0.408403
-0.640334
0.0873914
-0.0976488
-0.808381
0.828069
1.21063
0.607228
0.466314
0.480169
-0.910172
0.689005
0.394764
-0.826766
0.0694183
0.516863
-0.00787265
-0.417792
1.34084
-1.89132
-0.744928
0.684591
0.296853
-0.278995
0.558454
0.991728
1.3816
-0.67265
-0.293005
-0.484559
0.0332376
1.00185
-0.797979
0.242299
-0.837681
0.0787947
0.725004
-0.45904
0.196478
-0.326075
0.341873
0.520524
-0.369193
-0.145115
-0.116844
0.853197
-0.824749
0.142282
0.404883
-0.0349983
-0.394566
0.0881987
-1.45035
0.404522
0.574902
0.440397
-0.190304
-0.514193
-1.06691
-0.187937
0.236189
0.603394
-0.391061
0.939776
-0.572325
0.590733
0.056655
0.0424938
-0.597568
-0.210716
0.116289
1.58503
1.32748
0.654263
-0.073534
1.53161
0.0589913
-0.602919
-0.369305
-0.0152657
-0.148711
1.11459
0.446428
0.690468
-0.516093
-0.145756
-0.47734
0.203201
-0.593145
0.632984
-0.238903
0.587183
-0.000289916
0.824046
0.185011
-0.330546
0.0922253
0.0998461
0.687725
0.0915251
0.352539
0.184811
-0.0404624
-0.878611
-0.534667
-0.941936
-0.500115
0.869314
0.779576
0.249137
1.26778
-0.319322
-0.379573
0.0440439
-0.256174
0.636755
0.204349
-1.53958
0.388117
0.451679
-0.344006
-0.0726117
-0.141306
-1.14253
-0.995177
-0.43425
0.359433
-0.0258691
-0.893605
0.6031
0.331416
0.120383
0.558273
-0.44142
-0.147744
-0.899647
0.109327
-0.836606
0.46782
-0.00751092
0.541955
0.140261
0.3546
-0.646606
-0.286903
-1.04594
-0.474382
-1.36241
-0.901605
-0.195985
-0.115996
0.537044
0.109468
0.454955
0.0563812
0.25479
0.493388
-0.48412
0.568644
-0.291905
0.00370448
-1.31312
0.643221
0.491085
-0.0388642
-0.263889
0.218096
-1.068
-1.02976
-1.96085
-0.713491
-1.30024
0.0874905
0.0260113
-0.0578789
0.781356
-1.3158
0.441256
0.488742
1.59644
-0.274496
-0.878212
0.966791
0.0129728
-0.149208
-1.61444
-0.273747
0.90544
-0.0446796
-0.557134
-0.987185
0.468953
0.566065
0.578202
-0.0577205
-0.251422
0.429566
-0.983226
0.202545
-0.828194
0.651168
0.16751
-0.759395
-0.636034
-0.153009
-1.69084
0.0985461
0.785002
0.612053
1.46774
0.0475907
-0.115449
-1.53119
-0.977966
0.402449
-0.413907
-0.28325
0.660501
0.504459
-0.488191
-0.288722
0.0983852
-1.19024
0.788648
1.06737
0.497846
0.127941
-0.182817
0.677269
0.845458
0.258889
0.208793
0.863137
-0.080074
0.522194
0.493535
-0.83565
0.118842
-0.776061
0.539844
0.15832
-0.785166
0.654526
0.155529
-1.36153
0.794816
0.933303
-0.552638
-0.237192
0.230778
0.676839
-0.567536
-0.027671
0.647338
-0.880925
1.71587
0.0862802
0.384231
0.315235
-0.235055
-0.809137
-1.33487
1.23101
-0.582307
0.376151
-0.5511
-0.187924
-0.823669
0.283925
-0.045742
0.350506
0.123565
0.597556
0.248565
0.463547
-1.25901
-0.364476
-0.53848
1.59016
-0.058937
0.65325
1.28393
-0.493406
-0.619205
-0.846211
-0.0870582
-0.842292
-0.634037
0.386926
0.927027
-0.0552895
0.504817
0.365208
1.08322
-1.07362
0.317325
-0.198035
-1.16435
-1.14895
0.897407
0.229835
-1.01117
-0.125282
1.12078
-1.77832
-1.45537
0.51951
0.105762
0.014927
0.338325
0.1045
0.667932
-0.927415
1.23107
0.321161
0.126095
-0.167992
-0.0513873
-0.653102
-0.55522
1.47913
-0.433838
-0.59801
0.304454
1.05462
-0.791924
0.861315
0.933002
-0.13781
-0.118115
0.542583
0.332794
-0.496343
0.160308
0.26986
0.619301
1.0111
-0.127538
-0.906681
-0.390651
0.248767
0.849512
0.73195
-0.728099
-0.701108
-0.603537
0.512362
0.857642
0.580196
0.523068
-0.350511
0.670402
-0.0256703
0.462949
0.0974392
-0.371977
-1.02087
0.589902
-0.638314
0.278418
-0.638904
-0.998285
-0.28098
0.510464
0.139162
0.0229981
-0.531817
0.417806
-0.208921
-0.844626
-0.8931
-0.384616
0.72839
0.270388
0.304311
0.270227
0.116695
1.13536
1.08056
0.847953
0.0280768
1.08497
0.981988
-0.227726
-1.42575
0.621285
0.228503
0.328458
0.729333
0.592151
-0.850474
0.785784
-0.710463
0.650506
0.163713
0.2616
-0.769823
-1.94393
-0.564108
-0.156881
-1.43033
0.426638
0.281307
-0.0163463
-1.11558
0.583651
-0.838975
0.454617
-0.123414
1.33194
0.256787
0.0490825
0.589247
-0.261449
0.148494
-0.767302
0.344928
-0.569422
-0.237455
1.05361
1.02474
-0.787157
0.60293
-0.816099
-0.351938
-0.14995
0.152533
0.236872
-0.162498
0.919617
-0.536004
1.23132
-0.0351884
-0.706064
-0.380448
0.636303
-0.783458
-1.18984
-0.580002
0.919812
-0.457157
-0.573694
1.3369
0.380096
-0.570648
-0.154283
-0.386228
0.776199
0.651498
1.74318
0.31804
0.546119
0.301036
0.696633
0.196827
-0.0835246
-0.297664
0.88913
-0.860456
-0.291591
1.36352
0.590379
0.0286688
-0.225824
-1.16197
-0.235505
-0.272166
-1.72227
-0.888162
0.680822
0.0710893
0.545805
0.674398
1.47735
0.4484
-0.168032
-0.708289
0.00330278
0.0298197
0.933623
-1.0444
-1.86075
-1.62513
0.323975
-0.217227
0.10902
0.012224
-0.0646339
-0.616036
0.664871
0.498649
0.051102
0.589306
-0.662044
1.49123
-0.212924
0.263864
0.0108978
-0.76224
0.160234
0.283164
0.200166
0.270865
0.283634
0.588281
0.415873
-1.13902
-1.24434
-0.422091
0.740919
0.150769
0.387837
-0.277246
-0.587716
0.497503
-0.255494
0.403982
0.589556
0.815727
0.619746
-0.926213
-0.308344
1.03063
-1.1507
0.229958
1.09996
-0.524287
-0.515542
-0.416343
-0.247198
-0.182126
-0.186279
0.530895
-0.41687
-0.481566
-0.530748
1.0476
0.886501
0.647534
0.0772229
0.178509
1.05273
-0.372018
0.269966
0.181023
0.709511
-0.261422
-0.20549
0.454664
0.700389
0.749301
0.221735
-0.244673
-0.580515
0.357119
-0.666336
-0.242744
-0.518067
-0.676834
0.113388
1.01959
-0.573332
0.0973673
-0.702796
-0.204453
-0.293586
-1.09923
0.430966
-0.646199
0.425727
-0.184038
-0.730881
-0.395012
-0.296266
0.821398
-0.217726
0.173895
0.149975
-0.620814
0.50229
0.335314
0.38066
0.856889
-1.86411
0.0128457
-0.174104
-0.08605
-0.954558
0.301819
0.106747
0.558238
-0.802553
-0.135378
0.154625
0.201967
0.0116834
0.361653
-0.0217443
-0.527182
-0.829149
-0.831078
2.20512
-1.11607
-0.675481
0.119588
0.490137
-0.536389
0.0319783
-0.194074
-0.643524
1.28325
-0.232329
0.620335
0.162831
0.348736
0.0452425
0.940325
-0.112936
-0.688185
1.0447
0.0592923
-0.183136
-0.191822
0.0344622
1.21621
0.271294
0.251259
0.364993
0.421045
-0.90486
1.68015
-0.166732
0.59029
-0.657784
0.842003
0.271697
-0.289474
-0.780709
-0.497296
-0.328975
0.292626
0.734996
-0.756965
1.04532
-0.451701
-0.746646
1.19852
0.332103
-0.160791
-0.0921994
0.00355065
-0.101631
-0.356955
1.34299
-0.600851
-0.664636
0.754231
-0.279189
-0.208368
-0.379961
2.00546
-0.000843962
-0.332931
-0.149475
-0.367351
-1.00072
-0.65865
-0.918135
-0.788355
1.68694
-0.419088
0.263621
-0.285987
0.304138
0.720447
0.157515
0.330726
-0.349872
-1.2711
-0.230446
-0.900227
0.409126
0.692193
-0.398933
-1.6171
0.516884
0.553441
-0.682744
-0.441189
0.392195
-0.301409
-1.20528
-1.14546
-1.07513
-0.37685
-0.966737
0.171015
-1.03755
0.798754
0.0847516
0.0426864
-0.829288
0.230951
-0.177326
-0.592464
0.980142
0.85685
-1.23057
0.447077
0.854741
0.200368
-0.78382
-0.55331
0.101907
0.18312
0.100596
0.191751
-1.32122
0.0267179
0.790444
-0.194299
0.24932
-1.39523
-1.00417
-1.236
-0.332058
1.60897
-0.699396
0.000655327
0.287587
0.179039
0.406247
-1.18554
1.17399
-1.07819
0.254431
0.00230711
0.656987
-1.24611
0.487274
-0.642217
0.0527086
-0.318901
-0.413335
1.02708
0.343805
0.345798
-0.807352
-1.29049
0.446138
-0.750941
0.221279
-0.137204
-0.658615
-0.690984
-1.23308
-0.956284
-0.138796
0.25774
-0.394997
0.185971
-0.416235
1.30708
0.492479
-1.9108
0.188067
-0.164156
-0.475634
-1.47381
-0.480494
-0.847132
0.0906487
0.636267
-0.182183
0.305544
0.736894
0.230005
0.619426
1.15378
-1.34221
-0.697122
0.663792
-0.911518
0.38834
0.923766
-0.916846
0.24509
-0.938385
0.671019
0.169525
0.239885
0.020301
0.744702
-1.56504
0.435116
-0.151972
-0.849258
0.850143
0.84948
0.0621844
1.53924
-0.454092
0.849748
-0.32352
0.328601
-0.51601
-0.196192
0.0863012
-0.827571
-0.572938
0.412655
0.70868
0.328879
0.416244
-0.274049
0.231404
-0.506475
-0.0209818
-0.0900784
-0.432304
-0.674209
-0.598373
0.495183
-0.198637
-0.487747
0.306401
-1.09313
0.0395352
0.0290675
-1.05996
-0.658619
-1.27235
0.299342
-0.060179
-0.0792501
-0.0116416
-0.674301
-0.724572
-0.829796
0.341472
0.0574391
-0.0613298
0.509189
-0.896743
0.527536
-0.610286
0.563152
0.310184
-0.850983
-0.0923568
0.0364765
0.272362
0.385356
0.795418
0.342906
1.48622
0.926629
-0.306133
0.85283
0.997711
-1.00253
-0.447079
-0.86659
-0.571946
0.811497
-0.114529
0.945769
-0.873745
0.0764823
-0.791524
-0.246534
-0.158036
0.146236
-0.933057
-0.761756
-0.91222
-0.281922
0.115708
0.398008
0.186291
-1.17583
-0.942424
0.617722
-0.202855
-1.42422
0.343476
-0.572302
0.693256
-0.482198
-0.856773
1.02969
-0.513028
-0.262842
-0.266327
-0.97614
0.395701
0.167809
-0.620686
-0.0588915
-1.31978
-0.604658
0.650482
-0.303696
-0.191234
-0.50758
-0.203806
1.46547
-0.675535
-1.73001
-0.514567
0.671818
0.484759
0.254007
-1.08069
0.0455566
-0.740226
-0.552057
0.496023
0.61167
0.627131
0.459198
-0.522406
0.832154
0.136441
-0.163206
-0.0156643
-1.33351
0.934644
-0.523121
-0.797233
1.6878
0.713447
0.66533
-0.290946
-0.150212
-0.530116
-0.105409
0.494932
0.362516
-0.657814
-1.12803
0.315318
0.111147
0.216873
0.0959199
1.43328
-0.69012
-1.42507
1.24283
0.299565
0.697667
0.240315
1.58689
1.06457
0.225329
0.250073
-0.683947
-0.839919
0.358143
0.0199126
0.863879
0.487091
0.342193
-0.465991
-0.355018
-0.23324
0.730013
0.125082
-2.08212
0.0328356
-0.129163
0.50403
-0.383648
0.984269
-0.395854
-0.462403
-1.43562
0.123914
0.921747
0.559209
-0.540107
0.103681
0.30712
0.555952
0.739785
0.0357824
0.573864
0.0192864
1.33322
-0.511037
0.641002
-0.60792
0.0294479
-0.0997318
-0.0438904
-0.501952
0.877325
-0.461101
-1.39404
0.233079
0.17425
-0.0741256
-0.0375965
0.0501695
-1.03342
0.230019
-0.237586
-0.261712
-0.347076
-0.760712
0.179753
0.76972
-0.464014
-0.397226
-1.12819
0.486294
0.109575
-0.979884
0.214651
-0.895024
0.308232
-0.132433
-0.891683
-0.468345
-0.0714337
-0.215013
0.0460725
-0.480165
-0.806527
0.714149
-0.775175
-0.946735
0.062519
0.176183
-0.494772
-0.377016
-1.02258
-0.429061
0.995747
0.355722
-0.077597
-0.707666
-0.352765
-0.386831
0.538047
-0.197949
-0.842981
0.225913
-0.386818
0.311093
0.784539
0.279517
-0.0988085
-1.28344
1.44738
-1.52287
0.649114
1.36418
1.38399
-1.10844
-0.30769
-0.894469
-0.560708
0.196997
0.79347
0.672199
0.824543
0.954025
0.673369
0.110709
0.616175
-0.483523
1.14186
-1.01156
-0.107609
-0.0327209
0.410356
0.23951
0.569979
-0.666162
1.21349
0.755969
-0.0185788
-0.949273
-0.4887
-0.459696
-0.616902
0.122377
-0.651906
0.379922
-1.47002
-0.0586831
0.651781
0.261284
0.251908
-0.444713
0.0456627
0.546995
-0.500378
1.4955
0.587435
0.235913
-1.1271
-0.755103
0.787246
0.568585
0.19467
-0.0666687
-0.142894
-1.52858
-0.480433
0.110618
-0.392918
0.280688
1.19621
-0.336468
-0.746122
2.8732
-1.58649
-0.85433
-0.386904
-1.35651
-0.193479
-0.00760273
-0.345804
-0.290729
-0.496985
0.131407
-0.643226
-0.510017
-1.25132
-0.0244268
-1.22157
-0.399563
-0.121798
-0.404611
-0.638072
1.46738
-1.59072
0.0486986
-0.169294
-0.925705
0.163552
-0.495177
-0.858513
0.193202
-0.284556
-1.26087
0.516688
-0.499796
-0.464387
0.313669
0.130302
0.423107
0.524486
0.938832
-0.539195
0.805908
-0.143248
-0.568176
-1.00666
-0.739309
-0.78252
1.14156
0.297047
-0.632438
-1.50551
0.271275
0.381657
0.692396
0.609457
-0.429809
-0.073796
0.0132371
-0.144035
-0.0303109
-0.225548
-0.235861
-0.776121
-0.464487
0.457894
-0.787556
1.72275
0.32837
-0.454074
-0.0701351
-0.118038
0.18268
0.882256
0.24138
-0.468751
-1.17796
0.0486595
-1.12132
-0.249441
-1.09405
0.577013
-0.662833
0.343696
0.642093
1.25035
-1.22201
-1.91416
1.72577
-1.31153
0.678653
-0.715453
0.120614
0.324571
-1.39471
-0.619571
0.24879
-0.150817
-0.463806
-1.1266
0.245493
0.118508
-1.1075
0.795494
-0.818324
0.614834
-0.475755
0.00993754
-1.4483
-0.0174787
0.270107
0.851977
-1.41471
-0.848947
-0.381281
0.993538
0.519828
-1.21395
-0.282392
-0.595051
-0.719382
0.351983
-0.37442
-0.83763
0.729051
1.24925
-1.67918
0.228379
0.337626
-0.166129
-0.577366
-0.243413
-1.23337
0.534995
-0.911372
0.270426
-1.50857
0.555958
0.637908
-0.242825
0.551979
-0.383034
0.559155
0.776912
-1.38104
0.574939
-0.178916
-0.601455
0.0333247
-0.0474598
1.07182
0.0970021
1.28677
0.201932
0.764715
0.631376
-0.358224
0.747762
1.3825
-0.593242
-0.289366
-0.749765
0.872223
0.178711
-0.24372
-0.437854
0.00107009
1.2078
-0.195158
-0.150852
0.000676554
-0.750199
0.12935
-0.234396
-0.14702
0.696425
1.52877
1.05187
0.696758
-0.57171
-0.22889
-0.490918
0.158701
0.812045
0.290349
-0.667471
-0.306813
-0.602865
0.163901
-0.22668
0.816283
1.30705
-0.5712
0.266723
0.364283
-0.259431
3.70235e-05
-0.5308
-0.154175
-0.251944
-1.0141
0.0343681
-1.44543
0.060277
0.783167
0.141416
-0.871786
0.477112
0.638093
0.178377
0.343909
-0.336114
0.21193
-0.404435
-0.190954
-0.879652
0.347264
-0.273839
0.109999
0.960942
-0.900452
0.40775
0.199646
-0.983569
0.710841
-0.926776
-0.19773
-0.909339
0.190175
-0.721806
-1.2463
0.787527
-0.552046
-0.823937
-0.293138
0.0978157
-0.749028
1.89211
0.25268
-0.399369
0.508016
0.498676
0.504591
0.101345
0.313958
0.666214
0.352875
-0.889354
-0.258318
-0.12645
0.268214
0.571709
1.08435
-0.103707
0.822556
0.935152
0.332202
1.30563
-0.60467
-0.221132
-0.394513
-0.49418
0.352571
-0.115727
0.246887
0.226593
0.0203286
0.457461
0.66533
-0.65516
-0.0208703
-0.500741
-1.07338
0.016072
0.791278
0.0148228
-0.0261418
-0.345108
0.468946
1.03389
-0.831107
0.823348
1.11977
0.591805
1.35087
0.231906
-1.0586
0.754227
-0.750371
0.00723691
0.410656
0.380409
0.259237
0.884499
-0.128226
-0.26365
-0.0603346
0.496645
0.66534
1.04162
0.421315
-0.0280529
-0.376145
0.410532
0.580354
-0.287925
-0.383844
0.625034
-0.170139
-0.154597
0.0446591
-1.14685
-0.0713833
1.08883
-0.311615
0.292336
-1.1614
-0.734922
-0.929272
-1.68304
0.744651
-0.589981
0.674334
-0.751711
1.54193
-0.35282
-0.61418
-0.920034
-0.0771155
0.910276
0.729074
0.39178
0.255087
-0.812016
-0.17042
-0.8009
0.323146
-0.700917
0.177651
0.250869
0.887549
1.09179
0.43621
0.162757
0.744078
0.382285
0.609159
1.17014
-0.31139
0.730669
0.197183
0.148239
-0.686626
-0.565331
-0.644437
1.005
0.251903
-0.809322
-0.37172
-1.60559
-0.018246
0.410108
1.01084
0.228712
-0.579771
-0.472397
0.136797
0.155176
1.12765
0.55275
1.28522
-0.43333
1.06667
0.322444
1.22521
0.245387
1.25519
0.357561
-0.970929
-0.0511833
0.526191
-0.847591
-0.245831
-0.0197084
-0.599728
0.284064
0.227392
1.0599
-0.618622
0.682364
0.375914
-0.639934
-0.41283
-1.12029
0.301204
-0.970069
0.308505
0.578169
0.040641
-0.100496
-0.821468
-0.730606
0.192475
1.1676
0.643357
0.221275
-0.0469572
1.55836
0.289503
0.476429
-1.15684
0.494824
-0.393209
-0.696485
0.109826
-1.11123
0.0227464
-0.0320289
-0.138292
-0.374911
-0.790167
-0.0676474
-0.753998
0.549951
-0.663455
0.00680789
0.592068
-0.224099
-0.111911
-0.328899
0.435819
0.468399
0.514142
0.0158404
0.0813091
-0.693805
-0.551892
-0.186468
0.234999
-0.532415
0.557981
-0.0473541
-0.0535803
0.897008
-0.907564
0.212017
1.13803
0.463413
0.0494275
-0.837763
0.202232
-0.360175
-0.281035
-0.186029
0.0943785
-0.851385
0.222296
0.628374
-0.656148
0.733893
0.216589
-0.400603
0.587573
-0.286951
-0.272181
0.182212
0.532334
-0.311076
-0.0470359
-0.0762306
0.227021
-0.33889
-0.089114
1.00345
-0.7155
-0.998088
0.590442
-0.0125471
0.442779
-0.560416
-0.185932
0.106827
-0.372552
0.323323
0.735868
-0.0787016
-0.00394339
-0.405696
-0.462103
-0.182496
0.330419
-0.535554
0.326737
-0.979133
-0.301648
-0.84215
-0.800574
0.913059
1.19689
-0.226847
0.815713
-1.0657
1.15111
-1.3438
0.30019
-0.475274
0.856423
-1.00469
0.992411
0.848598
-0.720067
0.761242
-0.486438
-0.850754
0.712455
0.366896
-0.35111
0.106294
-0.503832
-0.85395
-0.368868
1.14942
-0.41697
-0.723411
-0.159432
0.830134
-1.2731
0.599061
0.0870334
-0.802507
0.716234
0.422774
-0.0701556
-0.901925
-1.48494
0.813455
0.397833
-0.550693
-0.620761
-0.328932
0.438081
0.165853
-0.32065
-1.09494
-0.335884
-1.12151
-0.985905
-0.148009
-0.416387
-0.0271018
0.249013
-0.268983
-1.41513
1.02646
0.629018
-0.348681
0.980943
0.209243
-0.106117
0.535002
0.591466
-0.0960579
-0.446272
0.9069
-0.667977
0.843548
1.048
-0.0148885
0.211895
0.801348
-1.16463
0.569336
-0.219477
-2.42214
-0.0193194
0.0342544
-0.253491
-0.348264
-0.436959
-0.0711011
0.859987
0.229644
-0.779059
2.06766
1.27165
0.0976863
0.255081
-0.357397
-0.392917
0.578895
0.143335
-0.00272382
-0.681323
0.500255
-0.344504
-0.174662
0.518907
0.35078
-0.243254
-0.169967
0.285017
-0.286702
-0.160996
-0.895371
0.140147
-0.871488
0.41139
0.417132
-0.851527
0.433457
-0.12514
-0.0604809
-1.05817
1.10862
0.995597
1.09252
-0.0501956
-0.796065
0.989796
-0.256103
0.200681
-0.881434
-0.00413421
-0.725386
-0.287645
-0.614051
0.0573305
-0.700312
-0.187126
1.15856
-0.620207
0.461863
0.178443
0.889193
0.316706
0.469432
0.452149
0.0564218
0.281421
-0.495973
1.11333
-0.908406
-0.25153
0.662499
1.52143
1.43752
-1.34091
0.185799
1.3534
0.620469
1.17743
-0.0992539
1.04713
-0.28
-0.789056
-0.0210486
1.17296
-0.0758255
-0.687434
-0.519172
-0.148206
-0.109743
0.278063
0.0946494
-0.414548
0.592378
1.07819
-0.108797
-0.0554227
0.340298
0.613621
-1.13969
-0.473528
0.237773
0.577277
0.614064
-0.0699708
-0.607791
-0.0290942
0.964616
-1.36207
0.842818
0.878338
0.254974
-0.897214
-0.735317
0.426627
0.267177
-0.487509
0.246223
-0.438251
0.27419
-0.975554
0.783812
-1.21942
0.396498
0.298968
-0.167234
0.244806
1.07399
1.60698
0.0820567
-0.701534
-0.0170238
-0.0661429
-0.537906
-0.239395
-0.549105
0.271837
-0.868962
-0.211547
-0.0825604
0.041441
0.149083
0.0973263
0.908736
1.37458
-0.573131
-0.0221293
0.239606
-0.938111
0.546261
0.0232285
0.00562482
1.09079
-0.0251441
-0.110122
0.528118
-0.801038
0.239339
-0.049162
-1.6468
0.634848
0.464589
0.119965
-0.555302
-0.536946
1.31003
0.863132
-0.884596
0.345209
1.51919
-1.17875
-0.208275
1.09441
0.00683483
-0.396834
0.662395
0.728785
0.275137
0.603726
0.708593
-0.584334
-0.415174
0.974407
-0.721342
0.275756
-0.771946
0.0262241
0.433901
-0.321251
0.0668771
0.686008
-0.346476
0.0583975
0.2469
-0.309601
-0.370429
0.195754
-0.236845
0.380579
-0.284124
-0.842305
0.745286
-0.834753
0.107656
-0.594707
0.203073
-1.68678
-1.13086
0.0177656
-0.311235
-0.329638
-0.66091
-0.0205696
0.543316
1.28177
1.19216
0.174479
0.0533646
0.381262
-0.358252
0.343084
0.65404
-1.07919
-0.295999
0.0488363
1.68427
-0.772401
-0.888031
-0.518412
-0.853044
0.703295
0.686173
1.02072
-0.585052
-1.1391
0.11416
0.985727
-0.246657
-0.474564
1.10401
-0.180451
-0.344224
-0.89297
1.82837
-0.24538
0.607532
0.748906
-0.818541
0.539172
-0.179699
1.44234
-0.209126
-0.0375204
0.991037
-0.868574
0.508941
0.161641
-0.393574
-0.384502
-0.425596
0.470158
0.449918
-0.232934
0.386136
0.644996
0.0821134
-0.550235
0.77372
-0.80806
-0.162865
-0.795176
0.51034
0.36762
0.0101802
-0.577302
0.695173
0.489041
-0.383051
-0.322649
0.437313
-1.08837
-1.24492
1.28516
-0.119847
-0.651556
0.105557
-1.16926
0.145825
1.10266
0.249304
0.523989
0.456562
-0.967439
-0.388722
-0.103772
-0.621979
-0.665233
-0.294927
0.0958892
-0.851469
-0.543499
1.49687
-0.731678
0.209561
-0.597087
0.0860015
1.20512
0.651063
1.3696
0.427951
-0.585024
-0.345181
-1.06832
-1.24902
-0.0856864
-0.234589
-0.046874
0.174551
-1.44818
-1.13302
0.27682
1.01994
-0.125217
0.614309
-0.121201
-0.460985
0.712034
-0.30858
0.0836158
0.490435
-1.20242
0.098965
0.059656
-0.667491
-0.248811
-1.16222
0.243185
0.435314
-0.152996
-1.07605
0.59046
-1.10028
0.456806
0.742847
0.807005
1.16507
-0.749919
0.932492
0.249525
-0.0593796
0.11458
0.099438
-0.0338247
-0.508373
-0.275361
-0.8505
-0.182475
-0.827335
-0.546942
0.0549561
0.300416
0.944009
-0.333814
0.584031
0.263618
-0.180184
0.0506084
0.0991543
-0.161894
0.0351479
0.0608292
0.0434299
0.565832
0.0500268
0.580785
-0.126862
1.23079
-1.28721
0.345834
0.73
-0.505624
-0.37268
0.801427
-0.202649
-0.463479
0.70051
0.901036
0.741067
-0.00291644
1.11886
0.601207
0.49497
0.0510907
0.249829
-0.582691
1.14398
0.511135
1.82897
0.301237
0.283158
0.449941
-0.031984
-1.39808
-0.190007
0.480242
-0.609821
0.570037
-0.874858
0.385478
0.593678
-0.432137
-0.192467
1.47151
-0.144241
-0.964213
-0.385863
0.148745
-0.292788
-0.333878
-1.34616
0.0268698
0.268591
0.798187
0.261039
-0.625203
-0.573698
-0.636023
0.585501
-0.0610435
-0.588065
-0.178372
-0.474668
-0.564732
-0.0573245
-0.334273
-0.827594
0.228342
-0.281608
-1.61576
-0.0633789
0.10077
0.723543
-0.3754
0.00322497
-0.963459
-0.834255
-0.12586
-0.450884
0.208371
-0.352373
0.640199
-0.453127
-0.190483
0.361699
0.675622
-0.680471
-2.19756
-0.961908
0.468654
-0.295666
0.807372
-0.917225
0.0255545
1.31035
-0.834794
-1.70036
-0.999349
0.779495
0.464083
0.175581
-0.311822
1.02729
0.355559
-0.340225
0.39044
0.874466
0.661586
-0.621462
-0.745174
-0.539408
1.34315
0.851686
0.168207
0.474054
-0.526712
-1.02266
-0.778864
0.348139
-0.273599
0.645681
1.19189
0.330699
0.530603
0.776098
0.262352
-0.0326812
-0.315196
-0.0342646
-0.233587
0.649868
-0.657469
-0.191039
0.446559
-1.08288
0.00806599
0.120458
-0.52536
-1.1175
-0.47602
0.418175
-0.473774
0.410487
0.0796351
0.468007
0.16137
-0.854366
0.525183
-0.977868
-0.408534
-0.230061
-0.377209
0.513665
0.01402
0.120779
0.827744
0.167763
-1.43513
-0.939032
-0.487377
1.07274
0.10316
0.106592
-0.457746
0.503
-0.218669
0.454757
-0.182443
0.500491
0.419216
0.659731
0.975839
0.0361031
0.0691759
0.410554
0.308252
-1.12872
0.659867
-0.0101787
0.280104
-0.00713875
0.0137728
0.178754
0.977762
-0.750565
-0.661568
-0.275125
-1.10487
-0.61577
0.428084
-0.81558
-0.288475
-1.53862
-1.43617
0.457843
0.431356
-0.688232
-0.432909
0.892527
0.28387
-0.0557749
0.147021
1.00467
0.588264
0.08588
0.337688
-1.58331
0.871385
-0.00830648
1.0167
0.459161
-0.780396
-0.261205
0.166568
0.339669
-0.161225
0.232631
-0.0525699
-0.395641
-0.177659
0.105155
-0.945289
-0.548962
0.3185
-1.01067
-0.489281
-0.619398
0.0192808
0.494513
0.555542
-0.412784
0.066643
1.06167
-0.587897
-0.295212
0.0760567
0.2645
0.311626
0.775202
-0.325027
-1.57734
-0.884937
-0.18218
1.91332
-1.02973
0.241307
-0.0632063
0.153332
0.74848
-0.111983
-0.921229
-0.0232347
-0.598679
-1.17479
0.347417
0.279102
0.518413
0.0293835
0.482409
-0.460919
-0.454195
-0.275024
0.0606348
0.272394
1.42795
0.119435
0.649424
-0.393454
0.286903
0.526078
0.787361
0.0637449
-0.294455
-0.026063
1.0273
0.151731
0.997595
-0.817889
0.509665
1.57851
0.551922
0.462748
0.35228
-0.806115
0.606109
-0.404795
-0.360505
-0.813834
-1.66576
0.244682
-0.304033
-1.29871
0.578109
-0.599708
0.556558
0.50361
-0.517187
0.147335
-0.902452
-0.552895
-1.45897
-0.782928
-0.395724
-0.531256
-0.923711
-0.0790942
0.865651
0.110505
0.0656149
-0.793372
-0.38181
0.198312
1.14518
-0.149739
0.249325
0.406973
1.02446
0.196407
0.101208
0.165041
0.537842
-0.589155
0.538077
-0.68603
-0.498642
-1.03743
-0.28663
-0.156524
0.448031
-1.0627
0.888147
0.196902
-0.409923
0.959403
0.401283
-0.597953
-0.201626
-0.634508
-0.683253
0.190249
-1.45322
0.332176
-1.12943
0.448755
-0.314245
0.234505
0.32748
0.339852
0.547361
0.787726
0.102551
1.24063
0.614979
0.390979
0.216938
0.150382
-0.128833
0.920447
0.014098
-0.923378
-1.34819
0.500286
-0.130431
0.327709
0.787298
-0.00273281
0.563727
-0.551266
0.706284
0.584146
0.30618
0.181542
0.020235
-0.873879
1.17553
-0.556966
-0.902625
1.15606
-1.12504
1.41467
-0.700748
0.673002
-1.2203
-0.0579417
-1.31167
0.602065
0.213878
1.80224
0.164427
0.243481
1.93981
-0.737743
0.131102
-0.384522
-0.583871
-0.199187
1.01035
-0.587395
0.737971
-0.0424035
-0.202552
-0.189789
-0.390824
-0.143171
-0.450005
-1.67664
0.653518
-0.0475354
-0.913716
-0.850543
0.760072
0.886305
-0.0916173
-0.0336946
0.417166
-0.00764447
-0.531168
-0.786261
-0.124477
1.18182
0.260002
0.834392
0.649308
-0.0326333
-0.0817301
-0.178142
-0.229025
0.849168
-0.447777
0.384148
0.860425
0.774099
0.259698
0.170321
-0.560021
0.962579
0.0355476
-0.815054
-0.636947
0.316208
-0.531303
0.403988
0.718508
-0.785923
0.83967
-0.0832038
0.144043
0.128368
0.771783
-0.615919
-0.617722
-0.491583
-0.379274
-0.608927
-0.0398078
0.660543
0.723498
-0.301204
-0.987661
0.53182
1.16818
-1.55346
0.18254
0.0581401
-1.82399
-1.13418
0.585862
-0.0516491
-0.497371
-1.37728
-0.871772
-0.326218
-0.253704
0.486526
0.741315
0.230701
0.739412
-0.787393
0.220633
0.50966
-0.909791
-0.192085
0.110186
0.599721
0.352248
0.071248
-0.612851
0.049422
0.393384
0.730011
0.711766
1.66196
-0.0990646
-0.680055
-0.0140257
-0.431952
0.115856
-0.512851
-0.774999
-1.01046
-0.218975
-1.57151
-0.732025
1.80929
1.50989
-1.38132
1.22147
-0.422561
0.607072
-0.597299
1.69893
-0.306573
0.231
0.373402
0.168185
1.21475
0.519203
-1.19749
-0.468259
-0.477195
-0.931206
-0.154338
-1.72336
0.385064
0.177991
-0.30826
0.0388388
0.233479
0.198176
0.596118
0.924795
0.569203
0.266113
-0.258985
1.59465
-0.0140564
0.489025
0.104933
1.50375
-0.989205
-0.852823
0.190413
0.137349
1.08193
0.0553355
0.152611
-0.953903
1.38879
0.679607
0.462648
0.580191
-0.138385
0.780251
-0.644428
-1.0759
-0.98405
0.989972
-1.07491
-0.00745229
-0.562737
0.580319
-0.280763
-0.739496
-0.54555
0.755475
0.121219
-1.15276
-0.965615
-0.412599
0.308404
-0.636854
-0.422467
-0.12366
1.15742
0.210986
0.470691
-0.242343
1.06664
-0.206065
0.686226
-0.31198
-0.487823
-0.491446
0.563619
-1.67764
-0.351214
-0.783075
0.217658
-0.191836
-0.0216017
0.494716
0.91804
-0.448276
0.357391
0.914417
-0.68121
-0.78943
0.635123
-0.287259
0.232595
-0.117734
-0.324267
0.647715
-0.297108
-0.451903
-0.258486
0.691857
0.749894
-0.130785
-1.44978
1.24913
0.19518
-0.475005
-0.091488
0.562555
-0.49903
-0.302808
-0.458476
1.38219
-0.0230258
-0.942598
-1.01918
0.319262
-0.375595
-1.08168
0.667007
-1.23121
-0.383959
-0.61556
-0.283974
1.25957
0.478951
0.488089
0.521423
-0.562801
-0.847933
-0.504109
-0.0775314
0.698217
0.393414
0.155314
-0.822568
0.745679
0.817773
0.379501
0.0493938
0.438342
0.152981
-0.00364854
0.30466
-0.639798
-0.299297
-0.540226
1.14299
0.759278
-0.415341
-0.945805
-0.648149
-0.0157444
0.329246
-1.93679
-0.721347
0.943417
0.932151
-0.363176
0.517518
0.769784
-1.30989
1.58679
-0.970642
-0.346342
0.949916
0.184465
0.773384
0.58976
-0.0708691
0.065304
-0.727144
1.80451
-1.6119
-0.0255145
0.672347
-0.290504
0.277461
-0.313923
1.94897
-0.50966
1.05884
0.143699
0.147048
1.48675
0.347355
-0.991575
-0.0332104
0.0393891
0.985793
-1.20421
0.674296
0.621876
0.37521
-0.10873
0.172378
-1.09496
0.72373
1.06034
1.29928
0.246438
0.0329397
1.23648
1.0644
0.7975
0.153548
-0.198983
-0.694537
0.337726
-0.433735
0.714951
0.327964
0.205862
-0.900385
-0.996898
0.716474
0.00727761
0.653812
1.60862
0.312365
-0.857509
-0.595482
0.61166
-1.34147
0.767667
0.048953
-0.481877
0.0625052
0.28141
-0.0345024
0.122134
-1.12305
-0.602671
-0.028232
-0.994457
-0.399148
0.865672
-0.517405
-0.056907
0.833306
0.0134112
-0.654853
0.244475
-0.155446
-0.199863
0.0670379
-0.4896
0.0403832
0.373588
0.0704098
-0.105625
-0.164454
-0.741176
0.584932
0.163378
0.149218
0.330318
-0.210897
-0.0569467
0.136527
-1.86289
0.288253
0.258729
1.30285
0.541207
-0.946971
1.54626
0.0681526
0.0388651
-1.31302
-0.349338
0.82732
-2.30589
0.0678823
0.725336
-0.120858
0.196902
1.1412
-0.0213903
-0.226815
0.436497
-0.88064
-0.293214
0.966242
-0.0561268
-0.233548
0.266093
1.18905
-0.491038
-0.324381
0.844052
-0.179743
-0.0243591
-0.241795
0.374018
-1.03684
-0.0235542
0.195357
0.547384
0.0574554
-0.417866
-0.303003
0.685955
0.0778902
-0.094237
-1.67917
-0.0145223
0.75763
-0.0532227
-0.420793
-0.694187
-0.535301
-0.385199
-0.106756
-0.749052
1.32439
-0.685346
-0.518219
-1.09864
-0.218692
-0.519628
1.29506
-0.443772
-0.822994
0.185574
0.781325
0.134141
0.371789
-1.32529
0.0940969
0.8393
-0.363792
0.549016
-0.331309
0.462981
0.740083
-0.318832
-0.858203
0.442808
0.128375
0.0893615
0.952713
0.496229
-0.117629
0.429063
0.367576
-0.564395
0.215557
-0.772697
-0.13324
0.15447
-0.0584792
0.175898
-0.116085
-0.0849875
0.330107
-1.31402
-0.812681
0.456904
0.130629
0.670472
-0.441095
-0.664151
-0.90122
-0.77351
-0.551711
-0.294416
0.805047
0.454667
0.717741
0.465871
-0.700217
0.2049
-0.57335
-0.0150956
-0.479966
-0.335294
-0.200043
-0.157918
-1.04556
0.127914
0.674797
-0.618085
-0.248706
-0.535795
0.3698
-0.349866
-0.738556
-0.627179
-1.675
0.521888
0.882201
0.0637376
1.59057
0.54836
-0.362691
0.148206
0.306354
-0.807884
0.356473
-0.300813
-0.688199
0.66674
-0.761541
0.239718
0.67536
0.531085
-0.266257
0.461143
-1.04922
-0.778536
-0.0998772
-0.441265
0.94475
-0.430469
-0.145273
0.00272537
-1.06172
0.948846
-0.54027
0.567985
0.612891
-1.0694
0.436985
-0.819298
-0.287097
-1.15812
-0.00143979
0.796802
-0.595496
0.0497669
-0.870411
0.73314
0.034815
0.00730825
-0.241309
0.0895512
0.256536
1.05502
-0.454614
0.0455641
0.109526
-0.304069
0.273458
0.0552931
-0.561792
0.732899
0.182693
-0.158955
-0.536408
1.07823
-0.440741
0.972054
-0.139174
-0.424629
1.33107
0.110667
-0.766158
0.552549
0.739632
-0.434353
0.165206
0.451352
-0.860838
0.141817
0.0827848
0.698638
0.16318
0.58236
1.02919
0.658633
0.50678
0.442094
0.143122
-0.778997
0.383686
-0.755464
-0.22691
-1.10323
0.179584
-0.425317
-0.362244
-0.466419
0.937228
-0.681106
1.32362
-0.260569
0.130567
1.24584
-1.28141
0.0333787
-1.0837
-0.66599
-0.624214
1.53553
-0.029588
-0.247081
-0.272263
-0.648229
-0.123934
-0.146806
0.659246
-0.198103
-0.196063
-1.73724
-0.379989
0.756897
-1.08384
0.768976
-0.145739
-0.309129
-0.171056
-0.500726
0.571614
1.20105
2.02827
-0.165254
0.694414
-0.302222
0.0887366
-0.332551
0.224854
-1.04229
-0.231961
-0.167204
1.3346
-0.153002
-0.561091
0.526162
-0.0305817
-0.441607
-0.908292
-0.230794
0.0460543
0.357433
0.367242
1.29312
-0.788532
-0.767076
0.709583
-0.92277
0.701611
-0.220428
0.474737
0.0384181
-0.504191
-0.155016
0.340294
-0.138111
-0.346185
0.366193
0.634553
0.868553
0.825343
0.928777
-1.17819
-0.0976794
0.766392
0.571172
-0.907377
-0.966596
-0.0989997
1.51318
-0.558148
-1.04156
0.324682
-0.932691
-0.3055
1.05827
0.548694
0.507989
0.282591
0.405784
1.07036
-0.792087
0.458192
0.340585
-0.813364
-0.556966
0.402947
-0.344308
-0.832135
-0.278606
0.500248
0.692038
-0.277753
-0.658741
1.04753
0.112537
-0.285284
0.337412
-1.15526
1.05604
-0.977209
0.545672
0.625904
-0.168521
1.14075
-0.770038
-0.217984
0.521313
0.14914
0.116212
0.19339
-2.13092
-0.249964
-0.13244
-0.300937
-0.0261988
-0.970793
1.56246
-0.806198
0.426962
0.388177
0.59205
0.613896
-0.845956
0.534499
0.428242
-0.988308
-0.516518
0.339162
1.007
0.489805
0.169497
-0.335204
-0.681884
0.11187
-0.120494
0.909711
0.221807
-0.139976
0.364614
-1.07273
-0.892745
-1.1019
-0.402111
-1.05348
0.640974
0.438918
0.904709
0.13052
-0.00502385
-0.875487
0.847592
-2.02918
-0.237531
0.706879
0.624629
0.594568
0.967537
-0.52985
-0.07459
-0.317202
-0.858958
0.609678
0.216926
-0.814896
-0.0780124
0.808208
0.840314
1.33805
-0.248861
-0.0824808
-0.323565
0.961894
-0.723028
0.817778
-0.00119732
1.51179
-0.828123
0.73254
1.03663
0.628532
-0.942667
-0.705566
0.479174
-0.396302
-0.157134
0.0757968
-2.1434
0.436426
-0.0421896
0.0189058
-0.626373
-1.71339
-0.387601
-1.137
-0.585286
1.101
-0.357258
0.644172
-0.878441
-0.801474
0.919711
0.470087
-0.637424
-0.40395
-1.5754
0.253346
0.275034
0.691126
-0.269176
0.195992
0.409727
0.787558
0.982867
-0.045624
0.331369
-0.539031
-0.225066
0.151549
-0.228744
0.505259
-0.370057
0.839053
-0.315177
0.635191
-0.815865
-0.695895
-1.08733
-0.594263
-0.426967
0.0897023
-0.63971
0.704994
1.15329
1.19132
-0.377398
0.085954
1.04806
-0.69605
0.36367
0.0219544
0.657049
-0.290893
-0.731627
-1.64779
-0.0319101
-0.493609
0.724127
0.105439
0.306016
0.484919
0.214502
-0.0685275
0.509995
-0.574423
-0.582458
-0.113731
0.596911
0.380441
-0.13112
-1.76694
-0.100854
-0.420142
1.41812
-0.486367
0.1429
0.139704
-0.487773
-0.364786
-1.24585
-0.515447
0.22169
0.100366
-0.0880319
1.74107
0.102763
-0.666145
-0.484345
-0.77873
0.370839
0.328936
0.618975
-0.309236
-0.993341
-1.00633
0.42338
0.181809
0.582428
-0.435205
0.434988
-0.337338
-0.82029
-0.978168
0.137362
-0.554831
0.979368
0.0924925
-0.263654
0.165818
0.0239965
-0.521732
-0.496208
0.0306411
-0.328035
-0.523869
0.345929
0.780083
0.107905
0.423429
0.0939536
0.438035
-1.49687
-0.0999479
-0.0827097
0.1959
0.618193
0.0432779
0.109393
0.794436
0.847464
-1.9277
1.63171
-0.432517
-0.0817095
-0.911663
0.0241264
0.444776
-0.535212
0.581595
-0.62783
0.517343
0.163233
-0.311495
0.552014
0.294256
-1.13491
0.162631
-0.0418112
-0.274116
0.0931696
1.15461
0.255584
0.534223
0.497486
-0.112685
-1.23643
-0.192718
0.827273
-0.2418
0.532008
0.17587
0.201987
0.402067
-0.724654
-0.351894
-0.322599
-0.578034
0.76583
0.510655
0.766819
0.813899
0.168907
-0.774502
0.380072
-0.63192
0.669451
1.04888
0.308598
0.866968
0.915687
0.263201
-0.655525
-0.282054
-0.293879
-0.666008
-0.741996
-0.763357
0.0481319
-0.741419
-0.15652
0.0407712
-0.306304
1.35448
-1.88294
-1.12779
-0.538522
0.107179
1.60389
-0.509036
-0.366653
0.79836
-0.459641
1.09483
-0.462586
-1.22988
0.43172
-0.00852589
-0.654904
0.34541
0.239382
-0.406825
0.15274
-0.166328
-0.138355
0.956573
-1.06949
-0.362275
-0.00326588
-0.420295
0.0902891
0.945171
0.747314
0.246743
-0.887567
0.114701
0.755235
0.37141
-0.191129
-0.478933
-0.531157
-0.406892
0.730325
0.450364
-0.15383
0.552432
-0.913705
-0.518341
-0.710599
0.545839
0.0639946
-0.917041
0.188196
-0.114166
1.1322
-0.219922
0.0777166
0.804131
-1.41586
0.403732
-0.184886
-1.57462
-0.381462
-0.163148
-0.718107
1.29073
0.313715
0.0432038
0.298116
-0.221357
-0.664388
-0.045936
1.96184
-0.659679
0.632487
-0.70355
-0.560458
0.165341
0.619907
-0.235517
1.55994
1.21262
0.331784
0.929812
-0.874382
-1.02063
1.07469
-0.661212
-0.861736
-0.462341
0.690004
0.321844
-0.438278
-0.337539
0.371287
-0.898443
0.176284
2.0364
-0.311417
-0.43233
0.314818
0.260907
0.344716
0.0445656
0.487615
-0.749809
1.20974
-0.354842
-0.312163
-0.105875
-0.0609715
-0.403729
0.623558
1.37694
0.562169
-0.0373827
-0.879533
-0.452624
-0.325727
0.818694
-0.387347
0.466186
-0.444196
0.281181
-0.301759
0.634439
0.438754
0.29904
-0.778906
-0.077249
0.0332172
0.218268
0.449039
0.73841
0.0275287
1.2864
-1.32875
-0.538688
-0.595347
1.13516
0.22532
0.19099
-0.549443
-0.0922385
0.266917
0.522667
0.411754
-0.390626
-0.899232
-0.466768
0.601717
-0.617978
-0.0975855
0.700379
0.214015
0.00662241
-1.65209
0.0581962
-0.995236
0.148073
0.252212
0.39262
0.716903
0.591233
-0.572681
0.923148
0.068118
-1.54792
-0.491283
0.00775449
-0.462481
-0.0491176
1.27085
0.0630868
-1.24313
0.0255573
-0.677353
1.17898
-1.29621
-0.070837
0.00182596
0.125096
-0.420877
1.14438
0.388897
0.542191
0.479569
0.645818
-0.156073
0.455641
0.595511
-0.1624
-0.119109
-1.50544
1.0354
-1.26433
-0.919321
-0.200602
-0.719618
0.578227
-0.941483
0.111151
-1.62505
-0.128523
0.761391
0.926029
0.688252
0.532447
-0.545617
-0.568136
0.0286007
0.0620508
-1.14593
1.0035
0.260265
0.32729
0.195397
-0.116491
-0.591667
0.135512
-0.463568
-0.0685165
-0.589362
0.156536
-1.35378
0.314261
0.523083
0.0251729
-0.160131
0.352913
-0.512764
0.266731
-0.23662
-0.311599
-0.221199
-0.105767
0.544165
0.384747
-0.616551
0.314922
-1.74498
0.333565
0.0792696
0.0531635
-0.563157
-1.23088
-0.338138
-0.753783
-0.0478057
-0.91963
-0.694932
-0.664265
-0.696025
0.0447863
-0.671994
0.395479
-0.838453
-0.639385
-1.06241
1.1577
0.278562
-1.00319
-0.716544
-0.594063
0.99585
0.910832
1.76785
-0.524682
-0.666587
-0.175989
-0.300545
0.153578
0.194144
0.476965
1.06621
-0.0660784
-0.0410665
-0.35226
0.0465974
0.317972
0.0445849
-1.68492
-0.584259
-0.386719
0.0768029
-1.06169
-0.506641
-0.335198
-1.24287
1.04535
0.100486
0.417312
-0.947683
-0.363206
-0.495144
0.602054
-0.453847
0.480185
0.589226
1.92298
0.420996
-0.990008
1.31751
0.209855
0.326575
0.316483
-0.461915
-1.26695
0.102879
-0.552671
0.965811
0.218654
-0.531277
-0.0720426
0.724874
-0.979904
0.72887
0.742711
-0.191134
-1.28004
0.658564
0.0305196
-0.00798729
0.193975
-0.199442
0.957631
-0.54108
0.603097
-0.259586
0.218843
-0.230246
0.0404213
0.13679
1.29215
-0.365338
0.916781
0.733377
0.354501
-0.101179
-0.0969136
-0.112598
-0.411132
0.434858
-0.630471
-0.842231
-0.399758
-0.266899
-0.63172
-0.337708
-0.518341
-0.867692
-0.461183
-0.220842
0.819709
0.524121
0.192889
0.399934
-0.0698601
1.73614
0.406304
1.03036
0.460772
-2.01703
1.31957
0.166518
0.868958
0.103082
-1.06571
0.922204
-0.700778
0.795325
-0.296157
-1.31377
-0.216803
0.430163
0.487802
1.13409
-1.31285
0.0626533
-0.921704
0.420472
-0.115254
-0.773787
1.11556
-1.0627
-0.565351
-0.74507
0.0400822
1.07964
-0.621982
-0.356254
0.689403
0.218947
-0.625788
0.449579
0.366597
-0.221066
0.0307482
0.0401833
1.08028
0.0556385
-0.851046
-0.033538
0.413991
0.0530234
0.708266
0.0600749
-0.626685
-0.506578
0.0650489
0.749907
0.104359
-0.29751
-1.33592
-0.559777
1.21695
0.163754
0.590615
-0.436947
-1.04968
-0.18606
0.304926
0.0650193
-0.404684
-0.25999
-0.287497
1.38224
-0.886728
0.674638
-1.05497
-0.740936
-0.103063
0.319513
-0.235167
0.453118
0.0429445
-0.217811
-0.640186
0.33116
-0.13105
-0.0811278
-0.906533
1.67912
-0.757622
-0.136428
0.509616
0.0983565
0.358163
0.657543
-0.69254
0.134535
-0.394163
1.0167
-0.291144
1.23654
0.408465
-0.275512
1.08514
0.505066
-0.876229
1.27276
-0.102257
0.221125
0.707233
0.5646
-0.148543
-0.573399
0.166866
0.425217
-0.454634
-0.786888
0.103996
0.0665871
-1.47845
-1.45948
-0.806198
-0.0528335
0.0377427
-0.18914
-0.39994
-0.175744
-0.229766
0.542462
1.33716
-0.0108175
-0.372645
0.114768
0.218131
-0.593765
0.412757
0.104597
0.372458
0.131093
0.448602
0.142904
0.525178
-0.279649
0.317457
-0.0185105
-0.533716
0.166915
-0.247065
0.023851
0.98941
0.148962
0.503699
-0.965847
0.812234
0.603593
0.524891
0.351422
1.2715
-0.012373
-0.489002
0.636178
0.611883
-0.332149
-0.252222
0.351966
0.111084
0.858992
-0.198036
-0.663919
0.653673
1.24704
0.184144
0.818387
0.294423
-0.423416
-0.521087
0.0873036
0.121615
-0.156531
0.984954
-0.969494
-0.271331
-0.0979558
1.27979
-0.91509
0.724771
1.0556
0.015774
0.74969
0.134906
-0.155724
-0.224535
-0.481704
0.0727651
0.398612
-1.56492
-0.21918
0.849258
-1.07945
0.100412
0.732209
-0.810087
-1.19975
-0.488455
-0.376808
0.338133
1.50651
-1.34773
0.0458195
0.852285
0.456334
0.717752
1.24053
-0.103992
-1.02366
0.217163
-0.388705
-0.33038
0.704218
0.602153
-0.0959721
-0.344876
-0.0738967
0.407626
-0.401248
-0.742425
0.0356382
0.141201
-0.556896
-0.350893
-0.532808
-0.802536
-0.763282
-0.539097
-0.628597
0.779451
1.14986
0.281162
0.0809774
0.425814
1.18394
0.6676
-0.355445
0.987527
-0.693041
0.427003
-0.16392
-1.25314
0.204003
-0.631741
0.019533
-0.60293
-0.722349
0.0161441
0.321942
0.360727
-0.527071
-0.376555
-1.71214
0.652855
1.08474
1.03505
0.367321
0.229786
0.945863
-0.28708
-0.593708
0.397557
-0.395686
-0.947295
0.62387
0.149087
-1.00885
0.182492
1.25776
-0.208874
0.938844
0.357556
0.491997
-0.598114
-0.372169
-0.027555
0.276383
-0.205478
-0.963257
-0.187433
-0.388257
-1.21234
-0.463731
-0.609991
-0.55364
-0.598218
-1.23414
0.761125
0.762905
1.59343
-0.0393537
-1.00949
0.431419
-0.386763
0.270887
-0.510676
-0.331213
0.679082
-1.36454
-1.02569
-0.142268
-0.272896
0.447414
-0.398438
0.402265
-0.192794
1.08358
-0.848623
0.45962
-0.00142613
-1.24982
1.1405
0.55407
0.0632583
-0.442436
0.577949
-1.11727
-1.17724
0.388807
0.873994
1.72677
1.14702
-1.00343
0.457158
0.694932
0.373578
0.00436042
1.19529
0.30941
0.968184
0.45953
-0.878943
0.00217112
0.593059
-0.874888
0.564102
-1.34044
-0.272958
0.693815
-0.712178
0.628843
0.821333
-0.289921
0.195143
0.0133185
0.329743
-1.60012
-1.18206
-0.0507186
0.963128
-0.614664
0.309695
1.04324
-0.526945
-0.469553
-1.91724
-1.58514
-0.831543
-1.60811
-0.276802
-0.562856
0.461678
0.422515
0.312659
1.13683
-0.387005
0.692419
0.851701
0.519953
-0.0928463
-0.132192
-0.460121
-1.21688
-2.07731
-1.4869
1.21779
-0.725065
-0.139785
-0.123813
-0.357279
1.78496
-0.642557
-0.398109
-0.293417
-0.588936
0.901532
-0.260715
0.584163
-0.984333
-0.554608
-0.145052
-0.496009
-0.280406
0.60004
-0.073159
-0.0216918
1.11493
-0.823056
1.01638
-0.126224
0.124796
1.47643
0.444454
-0.360582
0.20198
-0.0482623
-0.36854
1.00305
-0.205834
-0.268863
-0.116116
0.759774
-0.279288
-0.64979
0.244821
-1.53554
0.807312
-0.362301
0.285813
-1.43107
-1.18145
-0.0451551
0.581577
0.330915
-0.205319
-0.542876
-0.694059
0.0370352
0.630914
0.246602
-0.0284853
0.854889
-0.599654
0.121611
0.0619765
0.889079
0.376202
0.62306
0.634692
-0.477207
-0.791024
0.0245596
1.50272
-0.0956289
0.142338
-0.462584
0.695808
0.566487
-0.203735
-1.32616
-2.0929
0.735738
0.36987
-0.652913
0.577774
-1.16041
0.563788
0.496031
0.460544
-0.00793788
-0.582905
0.709323
1.07324
0.856513
1.01232
1.01822
0.24235
-0.124971
0.540274
1.1369
0.234641
-1.22889
0.379113
-0.18326
0.129836
-0.712792
0.660193
-0.789212
-0.149203
1.00069
-0.0630297
-0.819647
-1.28859
-1.52419
0.0738796
0.595866
-0.939203
0.143716
0.0555959
0.363533
-0.299656
-0.0923667
0.89898
0.240742
0.496327
0.31687
0.971454
-0.0788269
1.22118
1.48099
-0.319006
0.377588
0.716381
0.580676
-0.952063
-0.0178598
1.25423
-0.31547
-1.46007
0.16237
-0.475889
0.266016
0.427906
0.185292
1.07869
0.662771
1.16378
0.219256
-0.501789
0.365948
1.34284
0.000453211
0.636051
0.0790776
0.422328
-0.555506
-0.298821
0.127968
-0.600882
0.806831
-0.189918
0.450352
0.509545
-0.162168
-0.992798
-0.327604
-0.237468
0.0235805
-0.877953
0.123641
0.024933
-0.187546
0.54431
0.191593
-0.133311
1.20138
0.322221
-0.790285
-0.760689
-1.64517
0.816594
-0.848511
0.797521
0.626129
0.152652
-0.626493
0.282471
0.895023
0.525374
-0.376269
-0.359439
-0.760169
0.733545
0.1373
1.02148
0.100708
-0.484623
0.775176
-0.0409522
0.412178
-0.597532
0.966433
-0.478125
-1.92527
1.20358
-0.842727
1.77343
0.0495484
-0.488758
0.0665927
-0.113419
-0.499165
-0.457779
0.236527
-0.648437
0.052017
-0.0331674
0.8784
0.218254
1.28285
-0.980455
-0.843665
-0.436341
-0.184923
0.373918
-0.660789
0.891786
0.0132795
-0.870784
0.803206
-0.205409
0.238404
-0.970846
-0.0988454
-0.270564
-0.12877
0.622122
-0.772272
-0.852213
0.0842903
-0.472081
1.09456
0.67464
0.971382
0.305278
-1.50771
-0.615892
0.310154
-0.0740279
0.831697
1.22968
-0.389872
0.850274
0.616706
-1.04438
1.50972
0.875899
-0.341247
0.427207
-0.867532
0.268101
1.22695
0.0207365
0.144952
0.00871709
-0.436381
-0.222347
0.178698
0.58516
-1.02334
-1.27566
0.347224
0.717297
-0.171106
0.960213
-0.163948
-0.556099
0.34359
-0.0257652
0.84165
0.962259
0.299166
0.790537
-0.364545
0.379454
-0.495029
0.107438
0.326363
0.0019354
-0.727707
-0.0839338
-1.03384
1.291
0.942223
-0.367706
0.725824
-0.0844669
0.021669
0.734666
-0.986263
0.343646
-0.410551
-0.144299
0.490362
1.7052
0.0965424
0.901356
-0.443438
-0.836674
1.28692
-0.39238
0.728338
-0.273179
-1.66759
-0.410279
0.736568
0.339815
-0.399947
0.0234466
0.653041
-0.620397
1.58468
1.11585
0.431649
0.265867
0.247328
0.790378
0.541126
-0.217634
-0.308615
-0.0661451
-0.0115225
1.20895
0.321574
-0.735316
1.02718
-0.916152
0.0555881
-0.547277
0.0814337
0.0626412
-1.08367
-0.234608
-0.231266
0.106831
0.765047
-0.624758
-0.858957
-0.492498
0.0390569
1.55802
0.880649
-0.279457
-0.512044
-0.169511
-0.261952
0.406846
0.755233
1.22887
-0.831912
-0.0538081
1.03784
-0.256824
0.63628
1.05288
-0.033429
-0.932663
-0.125261
-0.222529
1.09793
-0.341536
0.556626
0.011229
-0.641541
0.592568
1.06008
0.249945
0.943833
0.0215112
-0.523856
-0.412186
-0.139031
-0.305907
0.0300164
-0.0109789
-0.173845
0.0963367
-1.31168
-0.355954
0.467779
-0.0181317
-0.880682
-0.312104
-0.0566211
1.35904
-0.631177
-0.817149
0.0314535
-0.151563
-0.8227
-0.817654
0.503712
0.0323304
-0.320199
0.122187
0.391788
-0.325318
0.449558
0.460539
-0.365579
-0.331777
-1.37723
-0.746459
-0.00607807
-0.249741
-0.0609504
0.530507
-1.42126
0.401067
-0.724271
0.547719
-0.636368
0.0927461
-0.319008
0.905912
-1.19881
-0.136045
0.952084
-0.776005
1.3706
-0.583329
-1.45665
0.346291
-0.351337
-0.0712544
-0.672643
-1.13551
0.607482
0.106339
0.20751
0.328435
-0.498053
0.898815
0.230019
0.628727
-0.816824
-0.412891
0.20681
0.345279
-0.117272
0.914037
-0.233469
-0.7265
0.180926
2.90235
-0.119123
0.504096
0.418064
1.64833
-1.13985
-0.513981
-0.0596629
-0.514818
0.576711
-0.182283
0.245695
-1.43231
-0.166562
0.80223
-0.00309581
-1.09379
-0.0204367
0.224564
0.00814991
0.134848
0.702874
-1.13002
0.736307
0.427232
-0.82575
-0.0673005
0.299638
-0.89379
-0.980276
2.13034
1.33642
0.771926
-0.69883
-0.345665
-0.141437
0.550453
1.70078
-0.349354
1.39327
-1.25723
-0.966673
0.713955
0.289066
1.07365
0.231993
-0.656353
0.395365
0.786386
1.14865
0.571651
-0.520217
0.813454
0.131938
0.488553
-0.120786
0.280201
0.318272
0.234206
-0.833023
1.51133
-1.40826
0.508986
0.546805
0.294425
-0.309683
-1.18943
0.204912
0.928122
-0.371483
1.64504
1.04047
0.398568
0.256714
0.870439
0.0389039
-0.83795
0.536906
0.361646
-0.790663
-0.663367
0.549271
-1.80212
0.40171
0.763403
0.267023
0.420381
-0.693953
0.365738
0.11761
0.265235
1.45907
-0.113123
0.0341811
0.100165
0.207133
1.03661
-0.613062
-0.220443
0.00439691
-0.134619
-0.296594
-0.309458
-0.81714
0.686513
-0.0034114
-0.168372
0.754111
0.145189
-1.40732
0.828891
-0.681593
-0.412388
0.615261
0.101049
0.773679
-0.740312
0.557808
0.538548
0.126265
0.330381
-1.36864
-0.463334
-0.0291972
-0.136089
0.19701
-0.0644277
0.515081
0.915991
0.235498
0.825985
0.00518172
-0.524284
0.284703
0.787835
-0.547923
-0.45829
-0.524998
0.806412
-0.717432
-0.380641
-0.614661
0.0820611
0.879671
-0.867602
-0.572792
0.455552
-0.370305
-0.460422
-1.21908
-0.326073
-1.35177
-1.60135
0.396976
0.450484
-0.1713
-0.474686
0.211202
0.309107
1.26133
1.21853
0.333863
0.747114
1.45073
1.09112
0.869328
-1.37035
0.0435109
0.662974
0.550339
0.229943
-0.81879
0.954451
0.74885
-0.795153
-1.41915
0.0859702
0.774309
-0.153085
-1.42903
-0.206047
0.306753
0.419249
1.02405
0.211037
-0.768175
1.11072
1.51659
-0.560141
0.977132
0.379367
-0.0811628
0.666767
-0.00377603
-0.589741
0.137206
0.763446
-0.124608
0.0616656
-1.2424
-0.0882319
-0.191707
-0.876204
1.7401
1.4627
-1.03424
-0.14077
0.00502104
0.0106108
0.15618
-0.330899
-0.811933
0.416918
-0.690952
-0.180991
-0.0953075
0.0595007
-0.547457
-0.411927
0.465379
0.229362
-0.34395
-0.556588
0.932421
-0.919873
-0.296211
0.408469
-0.818915
0.446339
0.372737
1.32174
0.17167
0.00337219
-0.863487
0.544806
-0.826083
0.0948222
0.31843
-0.259683
-0.0741151
0.173515
0.997643
-0.665246
-0.703061
0.388209
0.180497
-0.742529
0.0528643
-0.741998
0.450775
-0.395885
0.869209
1.34012
-0.160585
-1.10302
-0.125389
0.642598
-0.0129907
1.31379
0.611998
-0.0830116
0.405682
0.830831
0.0535585
-1.14871
0.216561
-1.39259
0.808048
-1.04131
-0.295864
-0.217094
-1.21914
-0.357134
0.206817
-1.54121
0.322084
-1.55368
-0.517117
0.572237
0.440942
-0.281408
0.0715045
0.585404
-0.510838
-0.212991
0.296485
-0.657788
-1.13916
-1.09676
-0.851099
0.0177928
1.04429
0.154306
-0.0451319
-0.140414
0.81176
-0.34802
0.0971031
-1.22526
-0.438396
-0.561559
-0.186667
-0.573563
1.22526
-1.09095
0.346286
0.287565
1.01123
1.67061
2.12359
-0.236125
-0.384112
0.239033
0.13995
-0.00486692
-0.237575
0.295478
0.585628
0.62731
-0.481504
-0.0138636
0.587247
0.133231
0.681699
-0.600765
0.836683
1.16457
0.0237022
0.62252
0.285894
1.01908
0.741788
0.409913
-0.72494
-0.268178
0.840575
-0.545666
0.219056
0.563827
0.340214
-0.850656
0.403044
0.347195
0.166847
-1.20602
-0.781494
-0.768581
0.458046
-0.538794
0.00761037
-0.164183
0.163624
-0.623561
-0.360228
1.05753
0.137236
-0.731373
-0.165337
-0.613766
0.0742207
-0.615834
0.357514
-0.938172
0.0860828
0.390176
0.286099
0.352752
1.50755
1.34847
-1.10369
0.0861058
0.0252771
-0.650623
-0.199655
-1.5307
-1.13348
0.260646
0.168788
0.337761
0.589837
1.39643
0.281282
-0.378683
-0.0306585
1.09106
0.363175
0.000433084
0.20007
1.26131
1.07962
0.438062
-1.12994
-0.825156
-0.36265
0.104025
0.805794
0.62778
0.112111
-0.303595
-0.624987
0.517615
-0.819642
1.1679
0.481907
-0.0943877
-1.47032
0.356853
-0.129235
0.591895
0.272379
0.130267
0.887862
0.27932
0.744093
1.21299
0.792151
-0.796927
-0.507716
0.475093
0.508703
-1.56225
-0.35505
1.12413
0.713854
1.16754
-0.291002
-0.614471
-0.975592
0.482735
0.118206
-0.145674
0.37946
0.682208
-0.139023
0.205808
-0.212807
-0.110126
-0.00594693
0.369275
-0.95109
-0.130349
-0.0308696
-0.475847
0.00640477
-0.131322
-0.684898
-0.371492
-0.5369
-0.300174
0.979969
-0.769871
-0.277416
-0.138656
-0.347071
0.385898
-0.632034
-1.56689
-0.107009
1.34934
-0.34045
1.24747
1.14206
0.786457
-0.0888981
-0.686109
0.66628
-0.221424
-1.11893
0.0972557
-0.960609
-0.029374
-1.29107
0.17979
0.752795
-0.323436
-0.171797
0.184194
1.82236
-0.591498
0.479804
-0.955728
0.679583
0.723789
-1.06826
-0.312624
0.909657
0.281858
-0.523561
-0.53216
0.397
-0.504114
1.00196
1.20432
1.10725
1.09875
0.808969
-0.463795
0.798475
-1.62524
-0.0477843
-0.801168
0.444462
0.187141
-0.976455
0.480007
0.717
-0.907699
0.256234
0.636722
-0.229754
-0.200763
0.750175
-0.534021
-0.471032
0.0193496
-0.0775188
0.489125
0.474594
-1.28157
0.77989
-0.550383
0.462059
1.16047
0.457464
-0.793148
-0.98863
-0.500488
-1.16855
-0.520167
1.10283
0.554811
0.573985
0.299634
-0.627277
0.138298
0.775079
-0.875308
-0.578982
0.484165
0.0248604
-0.648896
0.787383
0.765657
-1.04905
-0.276722
-0.672572
-0.0814614
0.142369
0.576063
-0.599855
-1.03865
-0.361463
-0.281417
-1.06384
0.570517
-0.00434823
-0.9059
-0.363215
0.941828
0.29991
0.654364
-0.437781
-0.249153
-0.275626
-1.21691
-0.200843
-0.724195
0.684375
-0.851401
0.726632
0.282516
0.276887
0.549807
-0.187644
-0.104917
0.555814
0.0558424
-0.642426
0.618507
-0.203309
-0.427134
-0.289787
0.0122205
0.120985
0.321122
-0.108504
0.0901797
0.258886
0.199371
-1.45959
0.314447
-0.0912474
-0.0988897
-1.0279
-0.247148
0.884721
1.3731
0.67196
0.418644
-0.75192
-1.34926
-1.01698
-0.793484
0.511871
0.274906
-1.1869
-0.336836
-0.681819
0.988709
0.136943
0.207801
0.148235
1.1273
0.343152
-1.0806
0.036608
0.223351
0.419213
0.402677
0.277706
0.138933
0.793592
-0.819178
0.986803
-0.796412
-1.0861
-0.162666
-0.140928
-0.493298
0.583111
0.357123
0.574958
-0.372654
-0.137099
-0.259493
-0.728595
0.429813
1.43332
-0.569132
-0.466289
0.484445
-0.259283
1.01336
0.170941
-1.08709
0.0290931
-0.176749
-0.581894
-0.204273
-0.172207
0.437731
-0.0763326
0.460198
0.123013
1.53411
-0.476005
0.711516
-0.167208
0.245238
1.59432
-0.36545
1.46567
-0.321702
-0.846941
0.55436
1.39651
-0.709018
-0.352773
0.00898875
0.553909
0.789014
1.61314
0.105403
-0.131021
1.7904
0.319398
-0.424088
-0.112923
-0.687855
-0.0613237
-0.77175
-1.06845
0.53381
-0.137684
0.463681
-0.659731
-1.40527
-0.17565
-0.466325
-0.599761
-0.0706656
0.576142
-0.793781
0.150044
-0.354019
0.353987
-0.592051
-0.466292
-0.259861
1.44875
1.12442
-0.972038
0.511903
-0.245696
-0.551936
-1.32042
-1.73917
-0.454967
0.512369
-1.03044
0.110512
1.35532
-0.0844951
-1.29629
-0.356697
0.646481
0.51932
-0.299429
0.515154
0.299117
-0.370305
0.2307
0.255981
0.0295034
-0.754987
0.0304567
-0.374674
-0.00462421
0.789109
-0.0773104
-0.301775
0.86604
0.762691
0.951031
-0.689637
0.380827
-0.320584
0.265587
0.709785
-0.293201
0.132749
-0.0972186
-0.658916
-0.738386
-0.254304
-0.39033
0.0417037
0.271752
0.501462
-0.149638
0.0500623
0.27303
0.352806
0.615888
0.271183
0.359739
-1.08613
-0.611235
0.455389
-0.442382
0.946966
0.0355782
-0.468655
-0.553426
0.167024
-0.266704
-0.898321
-0.685323
-0.106068
-0.200756
0.63844
0.252495
0.902188
0.324002
1.81469
1.18047
-0.612984
0.317607
-0.420884
0.135194
0.210722
-0.598656
-0.486978
0.96148
-0.114187
-0.405606
0.740265
0.354617
0.180227
-1.1092
0.42386
0.70462
1.11707
-0.69094
0.432022
-0.0414301
-0.948698
0.173352
-0.27664
0.424762
0.188503
-0.165227
0.424604
0.239774
0.561972
-0.377348
-0.593101
-0.760771
0.230087
0.488891
0.199521
-0.756891
-0.720819
0.0537125
-0.47138
-0.339514
0.315716
-1.24567
1.14307
-1.6443
-0.101273
-0.336719
-0.193178
0.211688
-1.08653
0.854763
1.15915
0.510979
-0.297209
-0.256785
0.632256
0.515237
-0.886549
0.272174
2.32296
-0.170432
0.148975
-0.362013
-0.699529
0.0467356
-0.824311
0.437708
1.17884
-0.217776
0.835939
-0.126135
0.92032
-2.38085
0.917428
-0.049519
-0.442219
0.841205
0.629912
-0.00141108
1.35592
0.0788063
-0.33272
-0.214801
0.156005
-0.790839
1.15299
-0.379849
0.502072
-1.95243
0.247315
0.521354
1.72552
0.6071
-1.12371
0.530668
-1.29009
-0.226953
-1.69523
0.753364
0.44004
-0.515362
0.683401
-0.845064
1.19492
-0.401272
-0.419939
1.22259
-0.159111
-0.119408
0.828925
0.636827
-0.659327
0.257279
-0.267172
-0.0297475
-0.0604027
0.163537
0.630741
0.207221
0.214983
-0.516772
0.593886
1.41484
-0.722361
1.11527
0.238821
0.855767
0.216352
0.680997
-0.299337
-0.922857
-1.00411
0.162157
-0.512472
0.637279
0.424288
0.433014
0.197409
-0.244659
0.719424
-1.09397
0.114856
-1.11993
0.146805
0.850564
-0.51813
0.356778
0.39622
0.0779431
-0.577026
0.379269
0.151933
-0.0379193
0.0198539
0.618321
-0.677269
1.2461
-0.392989
0.646254
1.08241
0.0512121
0.101364
0.174844
-0.248765
-0.21113
-0.716772
-0.773304
-0.400792
0.578395
1.35731
0.831844
0.0960744
0.133263
1.64568
-1.03376
-0.177777
0.495562
-0.670565
-1.00588
0.288179
-1.29001
1.13219
-0.0536753
-0.0852607
0.54837
-0.00594459
-1.30208
-0.414034
-0.943128
-0.110536
-0.259677
0.0642733
0.0728665
1.26522
0.214716
0.409839
-0.160329
0.182394
0.480448
-0.251291
-0.96965
-0.220414
0.673998
-0.568716
-0.780402
-0.37594
0.155707
-0.183813
-0.650997
0.527806
-1.50143
0.240049
0.162713
0.499
0.273246
-0.253324
-0.133147
-0.880811
-0.160178
0.744605
0.203874
-0.308387
0.354779
-0.667096
-0.262803
0.351381
0.431094
-0.0425676
-0.408614
0.0661798
1.26569
-0.413394
0.0575755
-0.528
-0.971276
0.661095
-0.536609
-0.116865
-0.270839
0.671904
0.568735
0.106814
0.69381
0.177396
-0.0687326
0.140463
-0.61829
-0.0197215
0.119119
-0.1038
-1.33242
-0.745549
1.42286
-0.574134
0.513581
0.655248
-0.0080242
0.139415
0.631086
0.536124
0.194465
0.521251
-0.938517
-0.573178
-0.443236
-0.504899
0.0344803
-0.459894
-1.37719
-0.218834
0.753921
0.727911
0.456211
-0.0363225
-0.558243
0.116555
-0.502708
-0.156718
-1.28371
0.214214
-0.141083
0.877023
0.332734
0.228863
0.788041
0.743078
1.91702
0.237253
0.132726
0.844817
-0.044888
0.0682867
0.354971
0.441661
0.688665
-1.34069
0.372374
-0.304439
-0.623128
-0.317037
-0.520448
0.796255
0.0810464
0.353051
-0.527824
-0.423328
0.855979
-0.210061
0.492706
0.159638
0.461011
-0.492806
-0.677442
0.348529
1.41766
-0.0744505
0.851215
1.85282
0.251973
0.97552
-0.395628
0.331673
0.681394
-0.875752
-0.928113
0.0795111
-1.25952
1.51186
0.756328
0.200018
0.532412
-0.55029
0.438966
-0.0591077
-0.0554786
1.36132
-0.0730042
-0.586391
0.731599
-1.19777
0.50905
1.27766
-0.276574
-0.804644
0.573118
1.36838
-0.60469
0.277522
0.437902
-0.034746
0.32255
-1.27049
0.0297893
-0.106799
-0.218041
0.29179
-0.678807
1.61738
0.938522
0.719277
-0.229506
0.106801
0.0861363
-0.76104
0.00618935
-0.352226
0.37323
1.25146
-0.498555
0.641623
0.859828
0.0327644
0.400613
0.233499
0.217489
0.282615
-0.434167
0.606125
1.09724
0.82189
0.0510675
0.501521
-0.770492
-0.394764
-0.0236719
-0.668967
0.449933
-0.795069
-0.939077
-0.386697
-0.459249
-0.327775
1.37361
1.37137
-0.739051
0.419918
-0.905892
-0.118177
-0.314778
-0.592156
-0.412285
0.366607
0.18708
-0.0847337
0.359695
-0.259564
0.835288
-0.535322
-0.0925826
0.301117
-1.45766
-0.268835
-1.34753
-0.0551345
-0.802559
-0.212684
-0.611986
0.258271
-0.725102
0.296508
0.330073
-1.51574
0.172427
-0.187843
-1.12291
0.54473
-0.252768
0.0738705
-0.530128
-0.722494
-0.0595789
-0.989512
-0.333208
0.392562
-0.408197
-0.783295
0.145614
0.0445311
-0.522462
0.904612
-0.0676019
-0.110066
-0.496098
0.0347049
-0.245643
0.474864
0.424193
-1.13111
-0.597349
0.370237
-0.726281
0.236595
0.230843
-0.778782
2.12452
-0.260047
-1.02421
-0.567987
-0.791185
-1.47612
0.935073
-1.32281
0.00933391
-0.89869
-0.458982
-0.0929774
0.537134
-0.183985
-0.393211
0.215784
-0.578627
0.300918
0.0981561
0.0564464
-0.909287
-0.607114
-0.604679
0.366347
-0.712123
0.337732
-0.101338
1.36089
-0.398182
-0.442393
0.863097
-0.948263
-0.00468347
-0.412397
-0.490484
-0.466266
0.256511
1.31304
-0.728795
-0.0904493
0.0995273
-0.00416294
-0.724086
-0.505177
-0.181352
0.367337
0.639052
-0.583578
-1.57506
0.031824
0.216429
-0.299815
0.319626
0.362526
-0.746189
-0.609868
0.760533
0.00620873
0.147916
1.23189
0.0520961
-0.0986271
-0.624059
-1.08224
-0.504312
-0.261444
-0.40392
1.10464
-0.940912
-0.277626
-0.00387981
-0.882557
1.13483
0.178352
-0.243166
-0.22246
1.78566
-0.460777
-0.904417
1.15977
-0.504707
-0.334356
0.0359669
1.08735
1.15659
0.150504
0.584689
-1.23297
0.866912
-1.17967
-0.314036
0.344145
1.24506
-0.133523
0.976663
0.290693
-0.0773487
-0.644894
0.960612
1.22472
-0.313291
0.378595
-0.736207
-0.61307
0.0127283
-0.182119
0.0671356
-0.289031
-0.785009
-0.942417
0.260184
1.0884
-0.326293
0.898249
-0.803522
0.543416
-0.0156072
0.234175
0.0179953
0.801867
-0.617165
-0.871378
0.687316
-0.0280985
0.775496
-0.698351
0.46354
0.852854
-1.1881
-1.63494
-0.101609
-0.497261
0.748158
-1.74504
0.700852
-1.40921
-0.225656
0.838492
-0.118533
0.0555469
-0.195814
-0.731726
0.937314
-0.39727
-0.579361
-1.10651
0.0747064
0.785235
-0.225999
-0.233809
0.298074
-0.672253
0.109049
-0.957256
-0.275414
-0.775612
0.331112
1.11949
1.17508
0.388937
-0.505206
1.37827
0.859214
-0.248456
0.835231
0.44089
-0.455413
1.04563
0.628018
-0.583272
-0.857927
-0.539948
0.0183945
-1.71182
1.30272
-1.56387
0.165606
-0.232902
-0.142174
-0.591751
0.400655
-0.120743
0.801036
-0.0304947
0.301525
-0.803799
-0.241381
1.37184
0.794191
-0.224698
0.169835
0.536536
0.557758
0.415496
0.647594
0.594736
-0.0444267
-0.975277
-0.56094
0.67917
-0.502921
0.827703
0.569798
-0.10478
-0.403397
-1.25267
-0.634055
-0.0882804
-0.0441572
-0.384247
-0.26811
0.273244
-0.101142
0.682971
0.562584
0.55734
-1.01198
-0.572081
-0.772698
0.0649557
-0.43515
1.04856
-0.144385
0.967565
-0.0715811
1.05462
0.469513
0.585886
-0.57848
-0.700825
-0.719575
0.600995
-0.789988
0.398818
-0.105255
0.283834
0.561034
0.143059
0.37763
-0.0365305
-0.954033
0.599518
-0.644561
-0.825713
-0.596313
0.709719
0.211752
-0.193264
0.110974
-1.26902
0.133544
0.212879
1.41864
-1.5026
0.759587
0.696695
-0.780344
-0.748666
0.409405
0.476813
0.180695
0.768094
-0.0245603
-1.19695
1.1471
0.0913579
0.764596
-0.865664
-0.672688
-0.329278
-0.649817
0.459809
0.338396
0.24905
0.00195246
0.000287663
0.160477
-0.72591
-0.633327
0.17388
-0.184947
-0.453531
-1.00584
1.27284
0.282053
1.29182
-1.06536
-0.103448
0.147391
-0.13174
-0.218804
-0.709339
-0.106557
-0.388422
-0.562817
1.45439
-0.294562
0.374488
0.734285
-0.432576
0.155532
-0.487166
-0.167904
-0.51289
0.322106
-0.298975
0.000338946
-0.356247
1.13092
-0.168233
-0.74702
1.31098
-0.193637
0.452715
1.16598
0.982212
0.566969
0.642251
0.147916
0.734225
0.774428
-0.478914
-0.00982811
0.540263
0.516064
-0.263903
-0.704283
-0.185464
0.279228
0.632066
0.10195
1.70697
-0.247386
-0.273462
0.49048
-0.64251
0.666633
0.0431959
-0.288821
-0.242098
-0.112888
-0.68483
0.294621
0.542402
0.252622
0.518374
-0.581663
-0.513549
-0.0472203
-0.199172
-0.440972
-0.205169
0.78011
0.148384
-0.368727
-0.219758
0.0667094
-0.994855
-0.946596
-1.08025
-0.234826
0.122788
0.516857
-0.468049
-0.188052
-1.40246
0.484039
-0.153694
-0.134275
0.385836
0.35635
-0.123733
0.451735
-0.832603
-0.269354
0.480291
-1.10956
-0.0723829
-1.85864
-0.975151
0.915058
-0.256911
0.0509092
0.391613
-0.855931
-0.39326
0.0595657
-0.104107
-0.0322666
0.240413
1.35926
-0.758818
-0.608859
-0.168428
-1.1673
0.139986
0.73799
0.998929
-0.649235
0.325533
0.0474165
0.149332
-1.35503
-0.328517
-0.288183
-0.730125
0.333591
-0.124962
0.286532
0.228014
-1.07125
0.264658
-0.0281497
-0.822833
-0.875005
0.979868
0.252107
-0.834792
0.430398
-0.808835
-0.95746
0.837971
-0.9259
-0.666132
-0.853259
0.0780832
-0.797511
-0.473693
0.129072
-1.15626
0.216533
-0.392533
-0.255509
-0.994305
0.234399
-1.02773
-0.292089
0.479372
0.636939
-0.139679
0.382914
-0.616078
0.0144417
-0.528824
0.316913
-0.306698
0.168175
1.07955
-0.300465
0.840322
0.589904
0.271681
1.04547
-0.344765
-0.00411422
0.452507
0.208233
-0.418225
-0.795351
0.870192
0.225414
1.02022
0.182797
-1.03909
1.38012
-0.582944
-2.16741
0.0373535
0.0769861
1.26013
-0.66101
-0.167077
-0.19719
0.0872146
-0.560983
-0.958029
0.452203
-0.230374
-0.252393
-0.190667
0.756099
-0.479046
-0.30439
-0.951516
-0.596429
-0.949975
-0.0707216
-0.576409
-0.665161
1.20471
0.420821
-0.751688
-1.71616
0.315011
-0.0159866
-1.07238
-1.80698
0.922721
0.314221
-0.323374
0.106274
0.119224
0.865579
0.77339
-0.944765
0.387894
0.672351
-0.334358
0.0878631
-0.552414
0.571115
1.12152
-0.840378
0.286971
-0.723766
0.0264209
0.837632
0.299298
-0.799781
-0.152371
-0.560946
-0.0664993
-1.02746
-0.850188
0.428459
0.315708
0.45425
-0.620656
0.576015
1.16727
1.05289
0.647552
1.37478
0.342363
-0.755305
0.191317
-0.332284
1.02971
-0.32562
-0.404915
1.31154
0.0146309
0.106837
-0.223854
-1.31088
-0.471806
-0.633295
0.680337
-0.119615
2.00154
0.572197
0.738318
-0.0661658
-1.29787
0.0804765
0.10164
0.783281
-1.22154
0.467182
0.0409259
-0.414237
1.43734
0.0867129
-0.370335
0.233351
0.114674
-0.0728761
-0.481729
-0.282282
-0.972176
-0.27306
-1.11359
0.927748
-0.275415
0.298936
0.00905587
-1.08111
1.15253
-0.205157
0.104495
-0.380415
0.834317
-0.228238
-0.0469919
-0.879367
0.174056
-0.583499
0.852211
1.03197
0.214571
0.0776816
0.500246
1.5969
0.0586807
0.328643
0.0573215
0.378372
-0.182721
0.782041
0.179264
-0.799344
0.25145
-0.460526
-0.32711
-0.922176
-0.0951039
1.38346
0.968156
0.570088
0.742726
-1.3508
-0.931198
0.0550646
-0.131838
0.323421
0.56879
1.19924
0.526957
0.509069
-0.155433
0.677623
-1.42434
0.188308
1.47141
0.0797224
0.189558
0.7518
-0.566973
0.355309
-0.336293
0.628618
0.543717
-0.166673
-0.216959
0.302236
-0.504038
1.52283
0.647768
-0.241731
0.535422
0.0206016
-0.0678817
0.200469
-0.582521
0.117948
0.806715
1.37468
-0.893164
0.0175205
0.261927
0.101849
0.675928
-0.09831
-0.261749
0.620815
-0.125475
0.499979
-0.407271
0.412999
-0.475038
0.31014
0.719154
-1.22383
0.0195867
-0.53308
-0.812581
-0.293963
0.152152
-0.979074
0.777477
0.19058
0.0472059
0.712172
1.17114
0.195144
0.958725
0.439183
-1.24212
-0.408054
-0.283022
0.15877
-0.248437
1.05279
0.454929
-0.304893
-0.89329
0.371562
0.651476
1.22704
-0.458113
0.046642
-0.279608
-0.0255517
0.507581
-0.646369
0.0566834
0.517766
-1.42976
-0.480091
1.73508
-0.518138
-0.246924
1.19098
1.29771
0.641415
0.258999
0.547465
0.259224
0.365163
-0.0207785
0.282658
1.26994
-0.088851
-0.553907
-0.862727
0.617404
-0.618936
-1.31257
-0.202485
0.593695
-0.276762
0.820466
-0.981572
0.263999
0.652471
0.149827
0.928297
-1.26801
0.671248
0.648542
0.690495
-0.664548
-0.554591
0.266323
0.535455
-0.640302
-0.82637
-1.14496
-0.776961
0.342709
-1.18642
-0.774945
-0.237227
-0.291843
0.415483
-0.67927
1.20965
-0.850913
0.024597
-0.438774
1.12073
0.279199
-1.00404
0.112837
-0.0117975
0.889405
-0.724762
1.13764
-0.0745012
1.05326
0.14432
-1.13639
0.0391403
1.47992
0.404694
-0.505157
0.532158
-0.510879
0.135201
0.355474
-0.137384
-0.713093
0.545235
0.416591
-0.133934
-0.670983
-1.12799
0.22721
1.13762
1.36507
-0.242898
0.103274
1.44062
0.0974402
-0.373452
0.405774
-0.292149
0.705156
-1.24226
-0.837564
-0.632642
1.55181
0.0162667
1.06374
-0.74779
0.628711
-0.149176
-0.132559
1.22618
-1.02579
1.42204
-1.1988
-0.728455
0.627182
0.815393
-0.384308
0.228322
0.058443
-0.0416802
-0.0421808
0.32373
0.188841
-0.625068
-0.516149
-1.26213
1.28652
-0.558239
0.591311
-0.637198
1.02017
-1.01814
-0.388749
-0.357289
-0.929286
1.03668
0.324208
0.704831
0.907699
1.49379
-0.881049
-0.662918
-0.249468
0.291839
-0.0763423
-0.0249805
0.135738
-0.897444
0.0564113
0.858186
0.699286
-0.591783
-0.733804
0.154458
0.187133
0.262327
-0.696053
1.27916
-0.24901
0.163903
-0.276415
-1.03891
-0.775069
0.132623
-0.582608
-0.24678
-0.382974
0.629166
-0.662037
1.18244
-1.03016
1.48783
-0.979572
-0.82573
0.50625
0.978866
0.991535
-0.0874902
-0.734735
0.954434
-0.0706178
-1.72638
-0.0237084
0.210091
0.462946
0.378464
-0.789952
1.1832
0.646901
-1.13891
0.926693
-0.648221
-0.985664
1.21842
-2.39318
0.0342443
-0.149715
-0.485857
-1.22484
-1.82626
0.715006
0.796224
0.211686
0.668601
-0.194209
-0.818683
0.308973
0.605595
-0.0651191
0.505864
0.380321
-0.847794
-0.257492
0.609604
-0.425019
-0.131414
-0.508877
-0.020106
-1.0677
1.10306
0.97918
-0.472321
-0.741618
-0.176823
-0.172586
0.0199355
-0.144392
0.115043
-0.418637
0.638559
0.513557
1.31212
0.864304
-0.345413
0.167958
0.532351
-0.968929
-0.0269803
0.678116
-0.684365
-0.540914
0.104106
1.06927
0.991987
-0.590969
0.209208
-0.411925
0.813318
0.0274634
-1.10395
-1.04891
0.171294
-0.519845
0.510715
0.526128
0.200962
1.23351
-0.978328
-0.771521
-0.22201
1.72939
0.083108
-0.425948
0.692955
-1.0204
-0.339072
-0.20965
0.447871
0.464201
-0.652685
-1.31849
-0.486579
1.31172
0.622319
-0.213756
-0.345197
-0.197861
-0.472648
-1.52292
1.1151
1.16621
-0.499723
0.117093
-1.15975
-0.138792
0.625986
0.778718
-0.0782636
0.503221
0.256397
-1.01661
0.706746
-0.206859
-0.964106
0.679156
0.634068
1.0544
-0.293798
-0.0525165
1.05007
0.509086
0.191588
-0.343266
0.858477
0.0226858
-0.0698173
-0.130841
0.765149
-0.267347
0.991081
-1.041
-0.131699
-1.14399
0.743522
-0.658645
0.639555
0.160436
-0.498042
1.25133
0.0647629
1.54672
0.117828
-0.886818
-0.198015
0.511334
0.781138
0.135527
1.21397
0.624047
0.0854483
-0.0838304
-0.225392
1.00123
0.621112
0.0027703
-0.561736
0.272085
-0.0999651
0.571857
0.761281
-0.341331
0.329814
0.255885
0.717321
-0.16408
0.0458262
0.157859
0.871963
-0.362205
0.923636
0.227829
0.182705
-0.388033
-0.660878
1.32233
0.379143
0.147431
1.09388
0.289266
0.0364337
0.425218
-0.74773
0.573846
-0.162345
0.796218
-0.140418
-0.704252
0.900919
0.657692
0.990873
0.312857
-0.164998
0.644142
-0.433597
0.535712
1.32083
0.336408
-0.0746247
-0.899673
0.217846
0.0653892
0.264651
-0.489884
-0.362464
0.310044
0.111498
0.296
0.518166
-1.581
-0.317355
0.324192
1.07321
0.228768
-0.0464427
-0.400691
-0.914696
-0.705149
1.13987
-1.04775
-0.321853
-0.255523
-1.03052
-0.363137
-0.645047
-0.435414
0.289481
0.0211563
0.744617
0.0566987
0.495991
0.371233
0.0387137
0.728621
-0.896533
-0.297645
-0.209371
-1.60881
0.757535
0.461465
-0.306604
-2.02727
-0.319925
0.696062
-0.0692755
-1.0978
-0.0214006
0.548493
-0.204952
1.21563
-0.336468
0.92209
0.983834
0.0347804
-0.125425
-1.59538
0.460231
0.822827
0.249621
0.654343
0.207337
0.798099
0.280588
-0.211203
0.0313826
-0.0465003
-0.926516
0.842633
0.217631
1.86818
0.526537
0.656054
0.433234
0.155186
0.721226
-0.253939
0.0653283
-0.347238
-0.16384
-0.165329
0.573175
-0.723685
0.246615
0.368443
0.276594
-0.415159
0.622175
-0.472686
-0.379141
-0.47349
0.743313
0.176796
-0.0497502
0.105001
0.039467
-0.00875189
0.737538
1.13686
-1.1598
-0.326655
1.11391
-0.464978
-0.479221
-0.758846
0.556201
0.0392901
0.147373
0.0742394
-0.553165
0.953651
-1.32632
0.179158
0.281378
-0.715414
-0.56897
0.101376
0.477333
-0.15704
-0.443215
-1.39302
-0.0159631
0.130664
-0.505845
0.0417295
1.43396
-0.0669974
-0.0509461
0.46137
-0.449364
-0.706156
0.0608525
0.765197
-0.348166
1.0892
1.50124
1.4595
-0.269835
-0.165147
1.01624
-0.206794
-0.522289
-0.114969
-0.408826
-0.187818
-0.8302
0.258169
0.0272604
-0.496045
-0.479709
0.626202
0.949773
-0.44235
0.114748
-0.363626
0.271756
0.970066
0.122253
-0.307615
0.598568
-0.0536073
-0.46162
-0.362901
-1.29879
0.782307
1.81803
-0.0878085
-0.327885
-0.42675
0.123119
0.41967
-0.900358
-0.210297
0.18782
0.228235
-1.07885
1.51053
-0.0248656
-0.596032
-0.568982
-0.411857
0.231605
0.309842
0.433793
0.589199
0.0602547
-1.28377
0.336206
0.267392
0.167599
0.0818397
0.115732
0.287527
-0.742665
-0.947238
-0.222116
1.31832
-0.40373
-1.05644
-0.073844
-0.274704
1.15093
0.345824
-0.391831
-0.245311
0.564186
0.214627
-0.735068
1.06828
1.16468
0.697341
1.41542
-0.470935
-0.754698
-0.0651398
1.32531
1.04606
0.834558
-0.0377369
0.70269
0.0529037
-0.0261555
-0.183724
0.169986
0.240963
-1.06789
-0.280216
0.187719
-0.0452328
0.811317
0.563582
0.106399
-0.320511
-1.61304
-0.137814
0.0802859
-0.186019
0.0770504
0.0382216
0.500364
-1.0248
-1.59916
-1.09322
-0.0999541
0.163712
0.472882
0.0428998
-1.23928
-0.262721
1.11127
-0.0975435
-0.0469121
0.581736
1.05665
-0.983367
-0.105874
0.456783
0.731815
0.989542
-0.717833
-1.4914
-1.24034
-0.104592
0.0618024
0.497425
0.112451
-0.712827
0.899743
-0.347516
-0.918627
0.113363
-0.0413765
0.039277
0.489841
0.629971
-0.913735
-1.07416
-0.189721
0.486457
-0.617465
0.282512
0.113438
0.256109
0.569327
-1.0271
0.0649329
0.306335
-1.26462
-0.174095
-0.101015
0.659776
0.0725023
-0.287293
-0.0118283
0.551385
0.53016
-0.266054
0.585549
-0.441123
0.310578
-0.27795
-0.247923
-0.635885
1.92397
0.0948166
-1.17874
-0.016886
0.331045
-1.01654
0.331034
0.259385
-0.0068085
0.120379
0.774413
-1.82655
0.133071
-1.13766
-0.373258
-0.333106
0.455437
-1.65824
0.807982
1.02015
-0.00183864
0.523974
-0.669714
0.149044
-0.0489075
-0.0772724
-0.0168218
-1.01854
0.417468
0.273743
1.24201
-0.778213
-0.889972
-0.732959
-0.187293
0.42844
0.0149994
-0.217333
-0.618935
0.8115
-0.584697
0.395001
0.127629
0.403699
0.747631
-1.01357
-0.0818022
-0.0619289
0.865924
0.251789
0.541346
-0.977602
-0.459535
0.960233
0.310644
0.419803
0.835867
-0.496763
1.11649
0.409041
1.093
1.28562
-0.0702642
0.8603
0.554592
-0.90998
1.00358
-0.493307
-0.0488791
-0.0454796
0.549879
0.969266
0.883466
-0.358397
0.126781
0.650394
0.912809
-0.762857
-0.0246781
-0.0401861
1.00436
0.699839
0.163126
-0.816537
0.327231
0.00387927
-0.530562
0.291173
0.0387671
-0.147055
1.3706
0.290541
-0.732557
1.28781
0.117957
0.376561
1.04348
0.47487
1.72952
0.440333
-0.295055
0.871439
0.253587
-0.0473895
-0.444305
-0.537711
-0.052336
0.737977
-0.958201
0.553478
-0.0663981
0.443761
0.417505
-0.294908
1.0172
-0.820182
0.364289
1.14234
0.22825
0.114742
-1.03585
-1.03512
1.60074
0.252268
-0.480224
-0.393612
0.30866
0.524911
-0.94729
0.323808
0.972379
0.380156
0.753958
0.765877
0.681967
0.0753194
0.457024
-0.214183
0.292012
0.570985
0.479563
-0.541418
-1.39763
-1.63156
0.0568772
1.38457
1.06655
0.600962
-0.665534
-0.0774599
-0.0832422
-1.26048
0.556962
0.604006
0.343497
-0.0590931
-0.136335
-0.384444
0.916916
0.315286
-0.153645
-0.982245
-0.727256
-0.200136
1.25189
-0.25339
-0.536058
0.754482
0.554096
1.27665
-0.352554
-0.380716
1.33576
-0.602552
-0.421536
-0.833406
-0.978342
0.154048
0.0422103
0.777114
0.453302
0.955629
-0.255364
-1.33092
0.0278897
0.695984
-0.647433
-0.871679
0.0272238
0.810627
-0.858283
-0.827641
-0.418818
0.228128
0.832382
-0.273399
0.762099
-0.233655
-0.641879
0.225845
0.595298
0.239723
1.90237
-0.923873
0.14025
-0.013573
0.711515
0.442889
0.344086
0.248316
-1.00468
0.166417
-0.160007
1.31215
0.702099
0.20165
0.301215
0.388309
-0.655526
-0.738848
-0.687915
0.462048
0.186622
-0.596985
0.684247
-0.135916
-0.0397778
-0.0924511
0.347237
-0.690477
0.0131948
0.0681069
-0.355503
-0.336681
0.97466
0.318564
-0.101968
0.75594
0.473693
0.578925
0.541295
1.35683
0.795611
0.921158
0.560465
-1.22711
-0.506908
0.522849
-0.552588
-0.926896
-0.559221
0.764963
0.217917
-0.101553
0.264864
-0.267761
-0.731417
-1.01404
-0.691333
-0.675295
-0.274428
0.0295555
0.190592
0.26683
0.520735
-1.42403
-0.818896
-0.155445
-0.105675
0.291751
0.197607
0.939137
-0.207323
-0.785368
0.621169
-0.300735
0.00859742
1.15099
0.159556
0.0279187
0.158783
-0.162518
-0.345646
-0.179086
-0.277644
0.385174
0.336156
0.0767373
-0.698401
-1.42217
0.0555983
-0.135437
-0.471892
0.343031
0.216467
-0.458911
0.320269
-0.901327
-0.373283
-0.34976
-0.0347583
0.550804
0.12462
0.54821
-1.09844
-0.337406
0.182223
0.455258
-0.635593
-0.285582
0.824636
0.737875
0.431145
0.410596
0.234754
0.0640151
-0.0957577
-0.326559
-0.505972
0.386892
-0.308851
-0.240102
-0.692143
-0.622949
0.147355
1.06321
-0.232638
1.02899
0.741912
0.649168
1.53447
1.19233
0.20761
0.886064
1.45351
-0.554148
-0.954871
-0.292982
0.0384023
-0.168165
0.294336
-0.0669594
1.02042
0.152161
-1.29697
-0.346524
0.187267
1.6061
0.816772
0.19469
-1.75547
-0.0705753
0.374762
0.831541
-0.906652
0.51249
0.182981
0.363079
0.330133
0.172401
0.271438
0.143849
-0.929969
0.187541
-0.0442495
-0.0896396
-1.47165
-0.14343
-2.03062
-0.545792
-0.125412
0.0698512
0.443247
0.635303
0.918476
-1.60431
0.846637
0.105675
0.0174013
0.0916732
-0.950429
-1.87102
-1.1717
0.10436
0.608691
0.280025
1.28908
-1.54189
0.333464
-0.608551
-0.352769
0.0601007
-0.223919
0.307477
0.765179
0.164494
-0.733318
0.358748
0.829448
1.08408
-1.2603
-0.613776
-0.959035
0.468659
1.45755
-1.97208
0.0423465
0.7047
0.143599
0.403769
-0.46913
1.17501
1.40539
0.0429783
-0.311369
-0.346408
0.536814
1.03304
-0.359808
-0.0856209
0.0310373
-0.568249
1.16775
0.354218
0.0535082
-1.22489
0.783006
0.547228
-0.297121
-0.7565
-0.594486
-0.500465
0.822712
-0.615139
0.847763
-0.253834
0.409812
0.956519
-0.147477
0.0198039
-0.987791
1.38642
0.398111
-0.571677
-1.95822
-0.248766
-0.0339813
0.0404715
-0.100363
0.342223
-1.11245
0.30181
0.157973
0.30134
-1.18413
-0.0586609
-0.332242
0.849265
0.559363
0.227113
1.37389
1.10015
0.597685
-1.02671
-0.298234
1.09739
1.05912
1.78888
-0.00388162
-0.809657
0.969238
0.757079
-0.677769
-0.683223
-0.199182
0.14519
-0.0554297
-0.505245
0.598202
-0.851229
-0.0534745
0.872377
0.998915
0.439143
-0.0630844
-0.138762
-0.412106
-0.127533
-0.435024
0.673825
1.32414
0.360093
-0.397348
-0.0430203
1.20426
-0.518588
0.0948439
2.03395
1.43956
-0.412219
1.24163
-0.461057
0.19499
0.241424
-0.490293
0.530051
0.294692
-0.885089
-0.0992623
-0.0640286
-0.21538
1.39967
1.55924
0.0419227
-0.259033
-0.0301284
0.218769
0.300404
0.55854
0.878512
1.67628
-0.774658
0.280074
0.226487
0.309525
-0.540105
-0.855637
0.270125
-0.515016
-1.24199
-0.0269364
-0.0176994
-1.0246
-0.230989
-1.34769
-0.880432
-0.714409
-0.151006
-1.18134
1.29464
0.575823
0.0568632
0.969251
1.85433
-0.858442
0.256499
-1.28659
0.0996841
0.680574
-0.852316
-0.794279
1.19329
-1.07786
0.0453285
1.20224
-0.163251
-1.89662
0.0934329
-0.691195
-0.434864
-0.301458
1.10189
0.0426526
0.264016
1.2
0.799705
0.741626
1.33025
-0.76071
1.26169
-0.414877
0.67571
-0.433357
1.11899
-1.02151
-1.61496
-1.17256
-0.196968
1.25496
0.476842
-0.31261
-0.538182
0.545427
0.212692
-0.431077
0.417306
-0.267762
-1.00258
-0.397385
-0.998503
1.03333
-0.417811
1.65476
1.16782
1.12916
-1.029
0.214061
0.452022
-0.241419
-0.514221
0.228501
-0.702849
0.0138041
-0.0135005
-0.834075
0.825399
-0.561399
-1.55718
0.19906
-0.0847444
0.342408
-0.514776
-0.403506
-0.0900118
-0.880721
0.0987459
0.289412
0.593051
0.897784
-0.321181
-0.521364
-0.595531
-0.202679
-0.572151
-1.03673
0.180312
0.522565
0.953246
-0.977937
1.35671
-0.249158
0.592643
1.16278
-0.994083
0.731938
-1.45292
0.249695
0.0209673
-0.652513
0.388267
0.64159
0.425583
0.0173359
0.979096
0.0327184
-1.17493
-0.0627613
-0.155102
-0.293589
-0.0069851
0.358483
0.102678
-1.56987
-0.532944
-1.20322
1.048
-0.779241
0.610255
-0.52189
0.567695
-0.303975
1.74068
-0.426637
-0.381977
-0.35332
0.0379862
0.206134
1.35439
-0.101617
0.340346
0.705894
-0.162745
-0.322731
0.282163
0.404837
-1.81328
-0.387544
-0.858463
-0.412657
-0.140396
-1.16772
-1.8193
0.906437
0.233704
0.210407
0.0996156
-0.257388
0.614111
-0.244489
0.0913508
-0.387482
0.707444
-1.3919
0.503391
-0.127671
-0.318964
0.738753
-0.694541
-1.0322
0.109795
-1.23514
-0.685078
0.235827
-0.243508
0.44075
0.609937
0.156322
-0.691972
0.0648988
0.551605
-1.18839
-0.009685
0.69505
1.29417
-1.17347
-0.175698
-0.306969
0.914373
0.833443
-0.299266
0.169429
0.820625
-0.388476
0.957802
-0.330716
0.752286
0.0352283
-0.186925
-0.0799461
0.667368
0.610914
-0.00278995
0.742868
1.15738
0.333325
-1.20853
0.576645
-0.10662
-0.595193
0.116421
0.0787415
0.33319
-0.113932
0.290297
-0.936632
0.991866
-0.999622
-0.0532109
-0.210067
0.778735
-0.198887
-0.32042
0.12812
-0.637649
-0.00768891
0.801658
0.209114
1.46924
0.608347
0.705272
-0.05957
-1.05379
-0.636783
0.977392
-0.856357
-0.792291
0.621318
0.0308743
0.326714
0.21298
0.623096
1.94975
0.126809
-1.10649
0.236799
2.26752
-0.542481
0.0748695
0.249261
0.315379
1.06783
0.305783
-1.002
0.328392
-0.949238
1.30501
-0.857518
1.41164
0.00975554
-1.29698
-0.607985
0.993127
0.283314
-0.376944
0.217565
-0.99084
-0.260585
-0.637979
-0.589661
-0.248736
-0.9042
0.48331
-0.866471
-0.23527
-0.489019
-0.447576
0.357068
0.609238
0.882134
-0.905038
-0.431656
0.0590405
-0.491928
0.277446
0.162555
0.00228226
-0.119234
-0.827265
-0.799307
1.1839
-0.487937
0.782708
-0.28215
-0.555331
0.58718
-0.838965
-0.806911
-0.34198
1.17839
-0.453003
0.781644
-0.320498
-0.230313
-0.480601
0.791499
-0.18901
-2.03231
0.0605886
-0.48031
0.133214
0.455405
-0.0650722
-0.670733
-0.652895
-0.0690569
0.645636
0.124122
-0.20242
-0.192735
-0.0367548
0.641806
-0.317232
0.500757
-0.0802299
-0.0944744
-0.00707192
0.108666
-1.48713
-0.316446
-0.250344
0.283029
-0.426951
1.03732
-0.172375
0.352666
0.516096
-1.63049
1.16159
-1.36289
-0.27473
0.927518
0.899434
-0.231696
0.436127
-0.155542
-0.318371
-0.782229
-0.496226
0.845401
-1.13106
-0.140819
0.52145
0.591999
0.837545
0.0965286
-0.623994
0.610556
-0.00921249
1.17026
0.67546
-0.735751
-0.910605
-0.141013
-0.316024
-0.218499
-1.14093
-0.068927
0.917147
0.777509
-0.36141
-0.765444
-0.0617279
0.973003
0.840231
0.331411
-1.04334
-1.30536
0.768727
0.642913
0.21776
-0.727137
-0.435709
0.116562
-0.781795
-1.49538
-0.830927
0.163485
0.531299
0.0400047
0.0969588
1.04847
-0.681193
0.30486
-1.17684
0.553487
1.79824
-0.815331
0.526806
0.401432
-0.455797
0.205475
0.0245769
0.35325
0.956002
0.403015
0.113461
-1.10225
0.101449
-0.274015
1.39156
-1.69279
-0.697184
0.493083
-0.313089
-0.341772
-1.64657
-1.11175
0.44021
0.602593
-0.598967
-0.282717
-0.528634
1.00866
-1.03512
-0.862796
-1.27268
-0.462537
0.226348
-0.050004
-0.314638
-0.332876
-0.412222
-0.114718
0.284289
0.499882
0.00156635
-0.795588
-0.445766
0.625343
0.8476
-0.402999
0.279345
0.24871
0.253306
0.307244
0.0872905
0.145898
-0.73088
-1.13393
0.554189
-0.482563
0.667427
0.444243
-0.922589
-0.743584
-0.0346728
0.158253
-0.838441
1.23186
1.17623
1.00851
-0.195873
0.710541
-0.0219061
0.0393137
1.25551
0.00441413
0.755083
0.136384
0.0741836
0.215253
0.49661
0.919373
-0.327876
0.0960133
-1.36821
-0.0246605
0.230313
-0.0520642
-1.11697
0.955273
1.1179
-0.919504
-0.309678
0.173847
1.70875
1.02767
-0.558573
1.35243
0.653343
0.394346
0.364009
0.613789
-0.726459
0.986377
-0.41525
0.913294
0.435114
-1.41148
-0.314903
0.818242
-0.587731
-0.0407149
-0.706229
0.187163
-0.509818
-0.584128
0.00153419
0.486143
-0.00771425
-0.895788
0.269772
-0.146467
-0.203815
-1.6612
-0.42601
0.793823
-0.913341
-0.131414
0.409106
-0.48664
0.743973
0.518676
1.16418
0.32891
-1.53504
-0.961157
0.688014
-0.793086
-0.528443
-0.494622
0.205538
-0.820908
-0.145099
0.129223
-0.432151
-0.055853
0.583343
-1.5386
-0.502821
0.803891
0.812565
-0.0981706
-0.0412408
-0.938714
-0.812062
1.03844
0.0881768
-0.824478
-0.118088
-0.169303
0.510583
0.46908
0.0760859
0.129814
-0.905302
1.33732
-0.429664
0.2338
-0.239798
-1.05968
-1.01988
-0.273223
0.580766
-0.618785
0.577872
0.76065
1.16965
-0.126718
1.51459
0.196331
0.549167
-0.0810225
1.03556
-0.454111
-1.51757
0.410489
-0.796963
-0.176629
0.320726
0.0890229
-0.613185
-0.887854
0.343123
0.656481
0.0563325
-0.080132
0.695729
-0.157126
0.768566
0.584064
-0.192867
-0.723162
0.4254
1.10022
1.38044
0.531365
-0.299704
0.848297
0.375109
-0.0755463
0.210561
-0.360146
-0.163965
0.82701
-0.491839
-1.02167
0.044544
-0.267696
-0.664008
0.577757
-0.616922
0.433846
0.412702
1.24436
0.445714
0.148808
-0.21639
0.158161
0.814539
0.128536
1.25004
2.15741
0.211488
1.06918
-0.405585
1.42364
-0.79966
-0.46244
-0.642739
0.531691
-0.601046
0.42451
-0.881326
0.172655
-0.917085
0.173157
0.78333
-0.0673098
0.0771487
1.22145
-0.12217
-0.479514
0.0691104
0.767457
-1.13782
-0.523091
-0.518307
-0.332193
0.372829
0.115819
0.331867
0.154414
0.883385
0.447221
0.904621
0.389226
-0.666366
-0.942302
0.170181
1.36706
0.473477
-0.41334
0.22346
0.0907916
0.859867
-0.306204
0.464389
0.6612
0.0304419
0.138734
0.384342
0.355319
-0.574392
0.325798
-0.442504
-0.52
0.486342
-0.198551
0.514865
-1.47432
-0.187651
1.17323
0.647201
0.748307
-0.323358
0.112892
-0.276555
0.575579
-1.16343
0.860988
-1.61808
0.00888896
0.00071128
-1.08199
-1.17695
0.0906474
1.59188
-0.21663
-0.107609
-0.965068
-1.26299
-0.365912
0.219122
-1.54231
-0.451861
0.466878
0.083303
-0.769971
0.0640259
0.90254
-0.966391
-0.553425
-0.760979
-0.769921
0.0702827
-0.816527
0.255723
0.707065
-0.654122
0.151955
1.24348
0.822985
0.240358
-1.19817
-1.16793
-0.149826
-0.00434412
-0.433022
-0.31054
0.209874
-0.0627195
-0.427676
-0.130306
0.87595
0.44274
0.919654
-0.541561
0.248511
0.487358
-0.925227
0.257211
-0.472788
0.994577
0.171927
-0.759515
0.117915
0.854518
0.0266124
-0.838131
-0.0388693
-0.1599
0.203885
0.255871
0.457682
-0.239877
0.223168
0.0622713
-0.141794
-0.258447
-0.459562
0.886522
-0.284289
-0.263823
1.00669
0.851953
-0.0389999
0.0669644
0.595631
0.0283965
-0.652353
1.34233
0.031821
1.04206
-0.697328
0.0554885
0.365365
-0.578938
0.37506
-0.559335
0.302061
-0.21376
0.291525
0.555573
-0.0981167
0.467402
-1.43828
0.32446
0.489444
-0.70452
0.738147
1.06247
-0.567133
0.554285
0.80302
1.06904
-0.359679
-0.984019
-0.690468
0.403304
-1.01814
-0.526381
0.218572
-0.898722
-0.756984
-0.539377
-1.56818
0.478242
0.0775903
-1.29266
-1.23434
1.4315
-0.084895
0.193592
-0.00780553
-0.220303
-1.14985
0.606579
0.502378
-0.619639
0.560837
0.0939842
0.251693
-0.669024
0.542223
-0.457943
-1.46564
-0.651269
-0.212116
1.22541
1.11056
0.192207
0.047054
-0.625715
-0.144565
-0.508127
1.04721
1.31071
0.536381
-0.272091
-0.175158
-0.241637
-0.642484
-0.0557331
0.287597
0.954854
-0.0801096
0.531304
0.682838
-0.895001
0.339035
0.102828
-0.00203768
-1.03117
1.01638
0.391848
-0.25214
1.36848
0.852085
0.140251
0.0459151
-0.766549
0.837168
-0.855469
0.116401
0.0311371
-0.560021
0.250072
0.156132
-0.450827
-0.426838
-0.475943
-0.0630776
0.159963
-0.102173
-0.35684
0.888512
-1.21839
-0.298404
0.258216
0.34724
-0.0171931
0.187635
1.05068
-0.821924
-0.324754
1.14409
-0.819581
-0.233901
0.816183
-0.992135
0.578804
0.689131
0.241804
-0.243329
-1.03525
0.837781
-0.451503
0.13757
0.381037
-0.760327
-0.340444
-0.070414
0.891022
0.0910227
0.41136
-0.131559
0.299827
-0.900111
0.450955
0.422206
0.897328
-0.830455
0.41674
-0.419216
0.0543685
-0.163817
0.917217
0.387897
-0.148787
0.538155
-0.491302
0.442107
0.620728
0.0193967
1.1794
-0.650059
-1.2658
1.04851
0.603311
-0.69883
1.38773
-0.477658
-0.194251
-0.213568
-1.71158
0.242787
0.517446
-0.280504
-0.312209
-0.421322
0.423507
0.585482
-1.35522
-0.450027
-0.422741
-0.585126
0.174053
-0.352431
0.575626
0.705786
0.428024
0.207974
1.06325
0.126826
-0.225564
-1.32127
0.102182
-0.990496
-0.421796
1.26057
0.393091
-1.30533
-1.07163
0.825138
0.0628185
0.134912
0.467625
-0.558654
0.637652
0.762746
-0.152948
-0.0329824
0.153161
0.0655753
-0.32605
1.32912
-0.249994
0.6726
0.823411
-0.551305
-0.35445
-0.310149
-0.066471
0.0880949
-0.270008
-0.717111
-0.00434688
0.0691969
-0.287937
0.552491
0.187575
0.198864
-1.68966
0.827608
-0.839676
0.313155
0.191802
0.0946645
0.246445
0.188666
-0.659573
-0.137348
0.473494
0.604565
0.162303
-0.761478
0.349759
-0.0822665
0.207782
1.28161
-0.193527
0.19368
-0.46438
1.03076
0.667204
0.501205
1.16467
-1.04992
0.851614
-0.76871
0.385519
-0.409554
-1.4158
1.04619
-0.659343
-1.18459
2.35217
-0.0728902
-0.136244
-0.207654
-0.560463
-0.524557
-1.47088
-0.679048
-1.18357
-0.905112
-1.58017
-0.0326127
-0.107734
-0.553202
-0.198447
0.32534
0.132776
0.579884
-0.782858
-0.343602
-0.0572071
0.463398
-0.676108
-0.995781
0.0139366
0.0303731
0.494995
0.451248
-0.441951
1.39658
-1.27505
-1.0573
-0.216115
0.522197
1.26579
-0.372153
0.155325
-0.588641
0.818625
1.19564
-0.0901215
-0.551648
-0.182006
0.857038
-0.139532
-0.348785
0.588374
0.497503
-1.01158
0.0213372
-2.20419
0.628664
-0.00553275
1.34607
0.972885
-0.723615
-0.155835
-0.174193
-0.662172
-0.554588
1.27957
-0.059489
0.577995
0.474033
0.166337
-0.0575641
0.302165
0.0467377
0.804322
-0.801115
-1.57039
1.23317
-0.563624
0.0283068
-0.165519
-0.356131
-0.502985
1.02644
-0.765049
0.499453
-0.734122
0.569556
-1.18522
-0.0191373
0.738236
0.352353
0.435884
-0.171742
0.397041
0.462072
0.000609838
-1.67444
-0.195305
-1.23962
-0.468233
-0.961644
1.12525
0.316243
1.22124
0.170222
0.132825
-0.940027
-1.06191
0.0952795
1.40793
-0.435178
0.295959
-0.0735692
0.988438
-0.247623
0.243827
0.153692
-0.625527
-0.435836
-0.217774
-0.102641
-0.658426
0.204492
-0.121916
0.248974
1.273
0.206218
-0.287468
0.920222
-0.95622
-0.397066
-0.711751
-0.461878
-0.55986
-0.600456
0.188139
-0.358973
1.27062
-1.13191
-0.115891
0.447024
0.0944544
-0.363809
-0.129395
0.318727
1.38914
0.933185
0.244747
0.259974
-0.643824
-0.11425
-0.262051
-0.33886
0.19336
0.256118
0.949373
-0.44945
0.532204
0.831845
0.387639
0.226023
0.676245
-0.140356
-0.436121
0.781231
-0.129372
-0.459756
0.389634
-1.09246
-0.770471
0.106774
0.115307
0.0120833
0.915345
-0.309699
-0.763381
-0.365834
-0.171046
-0.99731
-0.0126642
-0.19562
0.0090929
0.0294248
-0.0130434
0.445852
-0.285362
0.379344
-0.2153
0.691676
1.26817
0.270899
0.197711
0.215354
1.84164
0.334089
-1.45992
1.11739
-1.40192
-1.16779
0.242525
0.430845
0.72611
-0.0605448
-0.412995
0.524607
-1.13649
-0.428104
0.0716665
-0.837498
0.853962
-1.3632
-0.407238
-0.190425
-2.2271
0.655047
-0.944503
0.153541
-0.388421
0.773285
1.00929
-0.060041
0.854742
0.521064
0.880666
-1.35247
-0.00144423
0.43605
-0.10248
1.33154
0.365262
0.187662
0.286097
0.334742
-0.605851
1.17693
-0.0259363
-0.277011
1.04634
-0.841428
2.14661
-0.353767
-0.11838
-0.999278
-0.0737202
-0.483355
1.01354
1.39451
0.741642
0.0230593
0.21304
0.393864
-0.0413512
-1.01524
-0.437835
0.995374
1.28106
-0.0737872
-0.97047
-0.0373697
-0.263273
0.686372
-0.447917
-1.56903
0.76182
0.564668
-0.282709
1.11509
0.473422
-0.926824
-0.439892
0.198104
-0.235303
-0.148605
0.449661
0.736103
1.19215
0.597499
0.18784
-1.09127
-0.2366
-0.42873
1.08178
-0.596919
-1.98233
-0.826657
0.432058
-0.0857951
-0.864543
-0.0149434
0.757063
0.150989
-0.00776787
0.335956
-0.634591
-0.626318
0.428169
0.397995
-0.55888
-1.23252
0.593938
-0.300861
1.54684
0.218329
-0.180541
-1.63826
0.957672
-0.318071
0.312076
-0.0659351
1.30726
0.111529
-0.127393
0.303825
-0.350509
-0.195446
-1.44039
-0.0346904
0.389098
0.118602
0.179253
1.33851
-0.0357946
0.8556
0.249485
-0.770915
-1.96377
-0.743932
1.60418
-0.628684
-0.368863
0.416528
0.382123
-0.393165
1.69123
0.32344
-1.10326
-0.0261842
0.593941
-0.0612377
0.042507
-0.739935
0.399324
-0.517746
-0.418891
-0.0685755
0.264975
-1.43136
-0.884933
1.16561
0.713604
-0.0192236
-0.747383
-0.0321101
0.818603
-0.617255
-0.049311
0.0764431
0.532656
0.969516
0.534318
0.387297
0.0924219
-0.310748
-0.741063
-0.159414
-0.405683
-0.315542
-0.0353695
-0.949826
0.580034
-1.789
-0.712835
-0.196819
0.305179
0.669236
-0.80675
-0.118247
-0.765413
0.384389
-0.0603686
-0.133579
-0.213356
-0.382339
-1.65198
-0.181634
1.52173
-0.208184
-0.706231
-0.164994
-0.0512694
0.986543
-0.262956
-2.00937
0.769116
-0.0271486
0.304815
0.655807
-0.462541
-1.20944
-0.620116
0.94627
0.3769
1.22044
-0.815172
-0.56958
1.38062
0.329642
0.767836
-0.4096
0.768475
0.362597
-0.783772
-0.421451
0.368329
-0.897348
0.372603
0.210865
-0.52931
0.114487
-0.932037
0.798336
0.645161
-0.283534
-0.8012
-0.102283
-0.694274
0.411125
-0.707204
-1.04256
0.943915
-1.04985
-0.252156
-0.215239
0.156839
-0.431115
-0.651264
-0.497931
0.271253
-0.369821
0.494889
1.26804
0.923208
-0.0339352
-0.609443
0.0881224
1.06845
0.444722
-1.18498
-0.305489
1.76326
0.220615
-0.239567
-0.250995
0.569295
-1.40726
0.403063
-0.262211
-2.85435
0.911186
-0.24363
-0.33988
-0.367148
0.284815
0.737867
1.08655
-0.209522
0.518189
1.1237
-0.191745
-0.00579647
-1.1392
0.837438
0.261632
0.497924
-0.351911
0.252555
1.37018
1.54898
0.970625
-0.295311
-0.0236485
-0.221383
-0.377107
-0.0602367
0.535176
-0.652229
-0.995487
-0.776184
0.512407
-0.318177
-1.27633
1.02928
0.0877312
-0.763023
0.255486
0.618457
0.137172
-0.222605
0.693871
-0.784314
-0.434871
0.343324
0.518372
-0.0677579
-1.73977
0.408566
0.0208464
-0.494145
-1.51911
0.25339
-1.00671
-1.1686
-0.341423
-0.254167
0.743406
-0.140773
0.44751
-0.936325
1.21601
0.156902
-0.931503
-0.472896
0.593842
-0.785332
1.79995
-1.09914
0.366798
-0.439301
-0.144479
0.076991
-0.906611
-0.263032
0.352701
-0.0983155
-1.25596
0.572639
-0.828106
-0.0363158
0.189182
-0.733804
0.638721
-0.375281
1.25024
0.619136
-0.927491
-0.103922
0.211161
0.748508
-0.783123
0.284516
-0.136695
0.0949109
0.0576055
-1.03001
-1.16141
-0.346431
0.566151
0.448519
0.220446
0.968645
-0.501444
-0.459166
1.07189
0.159101
-1.02899
0.688761
-0.134696
0.645369
0.747492
0.464854
-0.171106
0.391499
0.813077
1.47121
-0.00328649
0.571697
0.966931
-0.228277
0.410694
0.428768
-0.271982
-0.0832576
-1.19357
-1.13979
0.466399
-0.387671
-0.208005
0.530897
-1.13902
-0.255946
0.217424
-0.490039
0.44376
1.34401
-0.684548
-0.308024
0.621188
-0.233534
0.155878
-0.249381
-0.35597
0.110238
-0.359036
-0.00466552
-0.55755
0.268156
-0.407917
0.374459
-0.710076
0.536893
0.237244
0.600189
0.0553205
-0.822413
-0.353219
1.01118
-1.69613
0.879538
0.530266
0.04216
-0.844766
0.538248
-0.408448
-0.544969
0.396152
0.827279
0.137893
0.319048
0.110034
-1.47668
0.544647
0.438753
0.126737
0.575882
-1.24809
-0.56374
0.872047
0.699295
-0.998929
-0.943145
-0.312205
-0.773846
-0.0314058
-0.110728
0.444561
-0.115271
0.210516
1.90931
-0.197802
1.14293
0.128452
-0.436934
-0.327051
-0.0135591
-0.4827
0.319736
-0.326295
-0.558738
-1.25487
0.351695
-0.413697
0.779361
-0.00250141
0.847738
-1.03872
-0.330212
-0.597732
-0.590458
0.757479
0.143499
-0.0877418
-0.419624
0.392325
0.52936
0.836701
-1.07379
0.0852645
0.0634317
-0.163964
-0.0232705
0.892267
-0.0337336
-0.0273152
0.808196
0.270129
-0.346011
-0.154597
0.803572
0.77755
0.0101806
0.754764
-0.892033
0.772298
0.993892
-0.958888
-0.323066
-0.708498
1.38753
-0.602168
-1.0611
-0.236227
0.215007
-0.731952
-0.350838
0.352057
0.904068
1.02684
-0.559633
0.687925
-0.334287
0.412731
-0.36065
0.545395
-0.287618
0.49869
0.0370933
0.0495512
-0.767365
-0.107681
-0.134326
0.504815
0.0796896
-0.32488
0.112612
-0.361113
-0.0979212
0.639186
-0.21099
-0.765914
0.447861
0.212029
0.466062
-0.920167
0.515093
0.477172
-0.285255
0.333755
0.266643
-0.135561
0.145381
1.0349
0.566668
-0.307549
-0.862981
-0.877305
0.39938
0.478239
-0.625503
0.124091
0.535352
0.394942
-0.160466
0.289739
-0.458477
-0.0055651
-0.476499
0.00592149
0.00190773
-1.22042
-0.0198128
-0.39027
0.295349
0.231169
-1.17724
1.86671
-0.219168
-1.82029
1.05111
0.203734
-0.61206
-0.661064
0.0931999
-0.146815
0.333962
-0.304673
-0.438037
-1.23653
-0.873745
-0.0571503
0.399883
0.463817
-0.259426
-0.785295
0.294337
-0.358816
-0.465387
0.536364
-0.227434
0.308331
0.238332
-0.605826
-1.01608
0.049708
0.480307
-0.819299
-0.383059
1.03132
-0.123438
-1.08362
0.403341
0.484328
-1.00408
-1.25883
-0.582022
-0.422916
1.60801
0.268072
1.35764
-0.158153
0.510377
-0.979933
0.161695
-0.723355
-0.376134
0.170521
-0.821968
-0.0378445
0.387698
0.567772
-0.0510364
0.366231
0.0981097
-0.0236356
0.0554482
0.887496
-0.702846
0.288664
-1.02183
-0.277366
0.0434115
0.763499
0.133356
-2.05292
-0.808089
-0.13128
-1.57184
0.577693
1.0671
-1.03016
-0.263996
0.467647
-0.196103
-0.0827935
0.261823
-0.249735
0.31198
-0.0295318
1.08092
-0.283227
-0.160972
0.0665425
1.13785
-0.379419
1.01076
0.2281
0.618007
-0.222881
-0.0471238
-0.488745
0.437548
0.842131
-0.48216
0.976139
1.07252
0.0843173
-0.984267
0.377289
-0.852879
0.195499
-0.060397
-0.32695
0.43166
0.132111
0.476303
-0.299763
-0.283688
-1.03131
0.0255549
-0.147049
-0.949075
0.133286
0.201512
-0.355759
0.268073
1.03637
0.393956
0.419176
-0.682103
-1.04531
-1.11907
1.02724
0.418781
-0.201168
-0.982499
0.562916
-0.482688
-0.175144
-0.0351049
0.217067
1.40791
-1.54491
0.201038
0.500491
-0.691853
0.20087
0.456705
-0.65432
0.0108138
-0.0729368
-0.607255
-0.690376
0.0666155
1.70784
0.925902
0.22634
0.168304
0.12845
-0.711269
0.331093
0.225315
0.553401
-0.698789
0.756633
0.663066
-0.182741
0.645367
1.25795
0.213612
-0.312578
-1.02021
-0.587525
-0.0505701
-0.797743
-1.24057
-0.350707
0.369204
0.513474
-0.342713
-1.3693
0.0356266
0.304055
0.757557
0.848197
-0.627357
-0.489444
0.11453
0.319329
0.800394
-0.734092
0.351847
-0.566667
0.516559
-0.288878
-0.815902
0.240549
-0.369716
-0.80187
-0.118506
-0.90548
-0.573187
0.0721055
0.668192
0.446586
0.500329
0.530464
0.201092
-0.414973
-1.00996
-0.0712428
0.0355238
-1.31218
0.419834
-0.178285
-0.792026
-0.100199
-0.0506086
-0.203817
-1.13233
-0.233312
0.0852895
0.946733
-1.15172
-0.108505
0.532441
-0.373001
-2.10486
-0.249517
0.0915917
-0.811904
-0.0546914
0.324364
0.357058
-2.26514
-0.188938
-1.46567
0.460546
-0.307834
0.973641
-0.181341
-0.660576
0.125017
1.57298
1.38695
-0.790781
0.265753
-0.965017
0.101171
-1.42054
-0.100836
-1.68152
-0.34745
-0.724871
-0.314704
-0.0029963
-0.99435
-0.534514
0.677355
0.583751
0.139688
-0.370869
0.175349
-0.518958
-0.275327
-0.12303
-0.611007
0.69271
0.850383
0.440341
-1.01963
1.32061
-0.532406
0.329049
-0.950045
0.230677
0.447967
0.559654
0.455235
1.74788
0.151244
0.44608
1.18191
-0.228806
-0.0864946
1.33699
1.06238
-0.722743
-0.954206
-0.436455
-1.19438
-0.529642
-0.0621662
0.561164
0.774359
-0.00761152
-0.731806
1.30705
0.127436
0.379119
0.193093
0.813401
0.72406
2.18919
0.572973
-0.293864
-0.058146
-0.0648748
0.664083
-0.0561823
-0.40947
0.946324
0.709157
0.116858
-0.621943
0.0528355
1.48926
0.948269
-0.118337
0.449822
0.657752
-0.173785
1.10489
-0.182541
-0.751657
1.63769
-0.40002
-1.0085
0.0194105
0.377258
-0.388623
-0.342046
-0.0634454
0.934158
0.372531
0.35763
0.513241
1.09574
0.532646
-0.288812
0.549005
0.260564
-0.357761
0.392949
1.09381
0.0353235
0.79985
-0.484707
-0.0961234
-0.141778
0.269476
0.513894
-0.106241
1.37233
-0.0703222
-0.193493
0.94696
0.761061
-1.53242
0.0229671
0.715091
0.124297
-0.158566
-0.154049
-0.145986
-0.291717
-0.613025
-0.391765
-1.01495
-0.222843
-0.235473
-0.346169
0.545476
-0.279177
-0.0714723
-0.0973941
-0.363303
-0.244484
-0.0987659
-1.10496
-0.191477
-0.394807
-1.08867
-0.180862
0.251705
0.451652
0.460195
0.0483992
0.283335
0.00543263
-0.277427
-0.0243595
0.161953
-0.968384
0.0265098
1.12837
2.01851
0.34305
-1.60874
0.370277
0.839517
0.870669
0.441615
0.301622
-1.20339
0.382051
-0.289315
-0.481793
0.354244
-0.561353
0.368154
0.870084
0.402236
0.449086
-0.724043
-1.52764
0.243705
-0.779004
-0.648865
0.566617
-0.0314895
0.242347
-0.556407
0.153234
-1.00594
0.0281717
0.59264
-0.451932
1.71374
0.527866
-1.11652
0.0316091
0.577784
-1.08121
1.10313
0.834988
-0.273132
0.735994
-0.130065
-0.0365119
-1.38984
0.396144
-0.0915477
1.11811
0.459653
-0.193802
-0.487012
0.921477
-0.319027
0.293146
0.497894
0.370047
0.39803
-0.965922
-0.190458
0.121244
-0.556661
0.674301
-0.44927
0.919418
0.248587
-0.393224
1.16146
0.153394
0.398022
-1.31829
0.615203
0.891602
1.03128
1.67415
-0.909452
-0.184268
-0.130045
0.22861
0.837449
1.89457
-0.0911729
-0.0476714
-0.701153
0.230838
0.171938
-0.26607
1.44385
0.697921
-0.53844
0.0730152
0.250979
-1.18243
-0.227351
-1.08703
-1.48198
-0.184647
0.448155
-0.683485
-0.139369
-0.971391
-0.480115
0.224838
1.26932
-0.280069
-0.276895
-0.709299
-0.975968
-1.04102
-1.26023
-0.728485
-0.253665
-0.785627
1.18812
-0.252825
0.156371
-1.11329
-0.0941216
1.08822
-0.244334
-0.427479
-0.0364186
-0.309751
1.49264
-0.914066
-0.205965
0.172224
-0.827581
-0.656628
-0.142472
-0.224039
-0.416785
-0.0673621
1.87554
0.183442
1.38876
-0.499046
-1.01999
-0.935925
0.208024
0.989301
-1.14607
-0.751962
0.189479
-0.47893
-0.904536
-0.243136
0.694195
-0.782875
-0.968045
-0.911191
0.134563
-0.170199
-0.364561
-0.606774
0.122467
0.290215
0.100012
0.682424
-0.090298
-0.0342006
-0.0815086
-0.0553922
-0.10427
-0.317345
0.190408
-0.0862097
0.0784376
-0.0973843
-0.172466
-0.753904
0.282345
-0.376763
0.331646
0.228922
-1.34932
-0.754701
-0.134507
0.30609
-1.1274
-1.32192
-0.812025
-0.497887
-0.457151
-0.468126
-0.337834
0.307806
0.691259
0.275595
-1.15165
-0.157517
0.547143
-0.497152
0.142935
0.91788
-1.19997
0.308935
-1.57909
-0.866874
-0.504464
0.0434824
-2.55694
1.06569
-0.187491
0.375497
0.652204
-0.754528
-0.376606
-1.39493
0.446982
-0.0674406
0.620212
0.286498
0.110145
0.714352
-0.472164
-0.199503
-1.28809
-0.411451
-1.1147
-0.368351
-0.671914
-0.789955
0.247263
-0.178256
1.00051
0.689015
-1.22486
-0.500887
-0.477443
-0.551244
-0.838711
0.630574
0.39277
-0.647506
1.79268
-0.459646
0.445347
-0.845236
-0.257803
0.907216
-0.414438
0.395932
-1.3871
-0.170194
0.888426
-0.367454
-0.1359
0.10178
0.75496
-0.00227468
0.778846
-0.685696
-0.314117
0.0192823
0.911835
0.833083
-0.306748
-0.0491532
-1.38712
1.43097
-0.833231
0.797827
0.0361946
0.000632359
2.16593
0.794123
-0.837721
0.729201
0.133331
-1.85652
0.137447
-0.00306496
-0.1861
0.542044
0.826791
-0.383536
-0.272501
-0.563572
0.832926
-1.12472
-0.42717
0.0318943
0.61659
0.215481
0.172476
0.0850326
0.418682
0.356733
0.0720563
0.70821
-0.544973
-0.366109
1.42578
0.371573
-0.0415405
0.278137
0.34579
-0.490173
0.419526
-1.03478
-0.180903
1.038
-0.131855
-0.697602
-1.06264
-1.49427
-0.524044
-0.00114164
-0.193897
-0.0638892
-0.901328
0.849057
0.491458
0.980066
-0.40432
0.414239
-0.322804
1.04644
-0.846014
0.469223
-0.403166
0.168642
0.00562453
-0.508033
0.215532
-0.166456
0.234755
0.0214508
-1.11324
0.49402
-0.162625
-0.739109
-0.60193
0.587776
-0.290909
0.941236
-1.25191
0.699216
0.76636
0.126415
-0.372677
0.708746
0.26712
0.23301
0.992681
-0.295633
0.16273
-0.4732
-0.526328
1.10388
-0.70144
0.0607468
-0.289748
1.94578
-0.477925
-1.59871
-0.450659
0.782953
-0.525572
-0.495473
0.598422
0.826645
0.267277
-1.00543
0.399218
-0.970725
-0.0442935
-1.25935
0.594236
0.311505
-0.446122
1.46491
-0.83747
0.987843
-0.836958
-0.149496
1.01846
0.925144
0.18042
0.449988
0.0470874
0.734034
-0.329989
0.279984
-0.624007
-0.284567
0.108784
-0.336457
-0.573836
-0.691625
-0.35118
0.30296
0.440837
-0.708742
0.0126107
-0.210222
0.342473
0.564204
-0.130843
0.320526
1.64354
1.69125
0.817709
0.758973
-1.65798
1.05611
0.277092
-1.26586
1.13186
0.0347381
1.06642
0.453861
0.996477
0.328051
0.464333
-0.276538
0.132347
-0.934765
-0.0829966
-0.369615
-0.507949
-0.75178
0.229548
0.221821
-0.0419773
-0.335864
1.36731
0.17702
-0.117764
-0.254259
1.11847
0.193508
-0.620688
-0.416746
0.725052
-1.20365
-0.19467
0.835094
0.734068
-0.367167
2.06226
0.351739
-0.159027
-0.908688
-0.175452
-1.10252
0.598948
-0.141729
-0.0143725
0.344105
-0.639409
0.246714
0.123878
-0.206108
-0.421714
0.445022
-1.69679
-0.650165
0.15328
-1.11708
-1.34448
-0.538436
-0.233377
0.101059
0.278208
-0.505327
-0.619185
-1.23116
0.0519852
0.215488
0.327485
0.331315
-2.84933
-0.455175
0.650882
-0.0472147
0.343367
-0.566375
0.426057
-0.165953
-0.613837
1.72162
1.09381
-0.128513
0.717659
-0.0418731
-1.61014
0.161154
-0.638993
-1.22136
-0.717587
-1.10743
-0.0612004
2.33392
-1.13244
-0.561548
0.0287104
-0.196958
0.301199
-0.317706
0.133843
0.301253
-0.778112
-0.534199
-1.76229
0.882035
-0.231323
0.965315
0.644246
-0.211825
0.100966
-0.954041
-0.569313
-0.0169199
-0.677065
1.21146
-0.395114
-0.290725
-0.02975
-0.251166
-0.873075
-0.500587
0.101622
-0.0739751
-0.185943
-0.210004
0.527289
0.756514
1.287
0.260119
-0.594027
0.571558
-0.127784
0.0360854
-0.0274896
-1.75878
-1.38085
-0.343348
1.19453
-0.173124
0.433101
0.763062
-0.314885
-0.624963
-0.497608
0.126543
0.147866
-0.114017
-0.367927
-0.559186
0.619726
1.06178
-0.587253
-0.530943
0.393767
-0.075668
1.01274
0.233554
0.353763
-1.39407
-0.265353
1.17731
0.650414
-0.0923206
0.408578
0.0502991
-0.463871
0.986397
-0.857874
0.490861
0.0295906
-0.109238
-0.147043
-0.092639
-0.334453
-0.436787
-0.485257
0.290605
0.877762
-1.32016
0.27775
0.367623
-0.293651
-0.540485
-0.429404
-1.03038
0.399395
0.315576
-0.16977
0.687977
-0.722693
-1.51714
0.244987
-0.0886134
-0.671645
-0.665843
0.3948
-1.49394
-1.26833
-0.0155127
-1.47345
-1.31504
0.0217888
-1.14595
-0.145331
0.167493
-1.15654
-0.0294417
-0.875636
-0.681645
0.555462
-0.0587888
-0.999281
-0.516669
0.730988
0.438115
-0.122304
-0.613703
-1.14387
0.76739
-0.411362
-0.766571
0.664634
0.1511
0.171275
-0.133464
-0.514142
-0.15808
0.869202
0.0714045
0.134051
0.206005
-1.4365
-0.445712
-0.420323
-0.837583
-0.779802
-0.067234
0.568425
0.838988
-0.273559
-0.576992
0.757797
0.45818
0.302209
-0.752014
0.802066
1.40867
-0.0695315
-0.502134
-0.383414
-1.83415
0.184898
-0.951377
0.516637
-0.0692898
-0.61601
-1.18009
-0.214292
0.581208
0.241338
0.247825
-0.0894082
0.752526
0.0285013
0.778536
-0.252283
-1.71057
-1.07453
-0.718127
0.453969
-0.246072
-0.133583
-0.139363
0.619464
0.608858
0.781276
1.18783
-0.606205
-0.336063
0.149268
-0.984452
-1.45771
-0.50789
-0.17151
-0.458461
0.387746
-0.392126
-0.310142
-0.316491
0.670991
-0.239445
0.478009
-0.356333
-0.766315
0.306931
1.20522
0.722481
0.661832
-1.29459
0.20692
0.072339
0.663433
-0.747218
0.495117
-0.897506
-0.381328
-0.0856716
0.278443
1.26536
0.249191
1.32798
0.257078
0.334774
-0.00947749
0.640011
-0.752312
-0.116122
-0.0506727
-0.0426181
0.0730564
-0.897678
0.108559
-0.116599
-0.0923313
-0.180431
-0.0321893
-1.27847
-0.818896
-0.297673
0.178762
-0.00101759
-0.331603
-1.30369
-0.407565
-0.0611775
0.486065
0.202641
1.56415
0.620655
0.127677
-0.265356
0.88314
-0.775309
-1.69536
0.224594
-0.28533
0.318624
-0.622828
0.338511
0.54536
0.159136
-0.863886
0.328332
-0.111669
-0.476001
0.297306
-0.451161
-0.560337
0.12538
-0.480979
1.17818
-0.90875
-0.9399
1.54079
0.772662
0.163322
0.662225
0.878053
0.223236
-0.590054
-0.0893915
-0.683282
-0.482736
0.00901528
1.86925
0.570381
0.469771
-0.2077
-0.510925
-0.536733
-0.134928
-0.169828
0.85587
-0.704445
-1.48978
1.44252
-0.0672421
0.658358
1.66169
-0.347361
0.387761
0.54654
-0.0445437
-0.804709
-0.0791408
0.0143036
0.837365
-0.0753885
-0.530424
-0.103782
-0.862764
0.279152
0.47136
0.205616
0.0256305
0.0982097
0.110883
-0.706679
0.773683
-0.253376
0.52803
0.159133
0.506753
-0.00059286
-0.408993
0.0239337
-0.311213
0.0331008
-0.282086
0.511394
0.217302
0.440945
-0.241279
0.0558129
-0.943043
0.253238
-0.480857
-0.0749885
0.272936
-0.92474
0.29753
1.00717
1.68852
0.262219
0.168416
-0.226548
-0.161172
0.364303
1.12101
0.87575
0.63175
-0.578605
1.43829
-0.222726
0.170232
-0.504582
-0.855247
0.590723
0.0609537
0.43047
-0.495634
0.244959
0.403248
-0.999757
0.994869
1.15809
-0.341756
1.08321
0.284791
-1.01826
0.28347
-0.286097
0.0155306
-0.0204225
-0.460788
-0.670761
-0.0505888
0.305439
-0.991292
-0.18022
0.818851
-1.46026
0.423772
1.16432
0.227484
0.162569
-1.22152
-0.117303
-0.237981
-0.0649121
0.187367
0.914956
-0.95734
0.0765502
-1.41322
1.28881
-0.656996
-0.651207
-1.25716
-1.22271
0.480855
-0.195464
-0.473439
-0.43382
-0.185202
0.0294412
-0.452163
-0.0872552
0.426745
0.293294
0.0147328
-0.284528
-0.66138
0.457134
-0.484188
-0.796855
-0.159832
1.17015
0.140584
-0.768634
-0.323026
-0.410714
-0.279465
0.0754339
-0.430395
-0.68352
0.328071
-1.85914
0.655809
0.437052
-0.783669
-0.820529
0.873793
0.659192
-0.53237
1.00763
-1.37641
-0.242691
-0.307647
0.291354
1.83669
-0.711004
-0.541676
1.69277
-1.50105
-0.756504
-0.629275
0.314726
-1.01206
0.209493
0.15483
0.22537
0.137988
1.00593
0.0634034
-1.06716
0.131459
0.914373
0.456389
0.565112
0.507835
-0.300464
-1.28838
-0.865033
-1.08908
0.109555
-0.00993313
-0.116191
0.174545
-1.15011
1.16681
-0.00194715
-0.0724187
-0.0893937
0.343947
-1.20404
-0.774046
0.395654
0.738649
0.153684
-0.119754
0.537217
-0.643802
0.225445
0.080081
-0.232106
-0.800736
-0.98745
-0.057668
-0.056139
0.155755
1.11303
-0.0191469
0.423145
-1.17385
-1.13871
0.557083
0.469567
-0.182059
0.018434
0.258525
0.381202
1.22355
-0.29071
0.724878
-0.473773
0.179868
0.519752
-1.19393
0.658693
0.389101
0.482426
-0.831684
-1.10965
-0.601872
-0.0709016
-0.280528
0.287804
0.167153
0.255146
0.250505
-1.06578
-1.18697
0.160927
0.69063
0.772421
0.0778006
-0.0425308
-0.131019
0.116411
-0.238947
1.00963
1.29773
0.551242
0.0689674
0.214978
-0.142233
0.077093
-0.95239
-0.0445076
1.17423
-1.50456
-0.507099
0.0994933
-0.854266
-0.636857
-0.60225
0.639133
-0.316643
-0.431844
-0.115071
0.378965
0.498234
1.20171
0.0336583
0.0486129
0.206771
-0.457401
-0.0142293
-0.0223348
0.0659903
0.919922
-0.309078
-0.423166
0.421404
-0.299013
-0.870163
-0.990996
0.750702
0.0690959
-0.247488
0.186122
0.284832
-0.475588
0.608208
1.02885
0.827073
-0.295684
0.0711157
-0.135884
0.57724
-0.289085
-0.183492
-0.88754
-0.307517
-0.515111
-0.256726
0.89609
1.70257
0.117267
-0.459826
-0.250963
0.243953
-0.705281
-0.387816
0.623073
-1.36804
0.575119
-0.28419
0.235069
0.633136
0.555588
-2.39348
0.171631
-0.307348
-1.48559
0.187814
-1.14118
-0.283612
0.118922
-1.38665
1.24398
-0.467596
-0.266575
0.43917
-0.380491
0.326646
0.516102
-0.246987
-0.802288
-0.619417
-0.327344
0.56123
-0.841532
0.620511
0.373172
0.582312
-0.292864
0.515258
-0.809203
-0.496564
-0.34977
-0.776481
-0.925933
0.756074
-0.658995
0.0836045
0.537256
0.118771
-1.01355
0.129915
-0.445491
-0.432578
-0.204865
-0.670965
0.281322
-0.411432
0.212419
-0.377225
0.951929
1.44432
0.795758
1.28034
-0.199709
0.918124
0.418512
0.292075
-0.661308
-0.895649
0.506326
0.157784
0.639002
0.146665
0.390848
0.594804
1.51408
-0.755288
-0.244229
0.201723
0.964976
-0.532773
-0.38536
-0.382757
0.671606
1.4659
-0.276378
1.33527
-0.216074
-0.258051
0.724891
-1.45342
-0.228902
0.266568
0.449805
0.369636
0.877576
-0.588578
1.67116
-0.601819
-0.227728
0.212699
0.680341
-0.512818
-0.444675
-0.402763
0.923264
-0.044234
-0.326447
-1.01661
1.40195
0.779193
0.557684
0.308317
0.0427751
-0.230135
0.661837
0.447801
1.01331
-0.0418898
-0.164323
0.934384
0.173695
0.446318
0.520415
0.859595
0.374965
0.565676
0.295347
1.11262
0.0309687
-1.46774
1.17196
-0.350306
0.368321
-0.210276
0.349809
0.110931
-0.674026
0.716004
-1.66927
0.418251
-1.17639
0.211989
1.45463
0.185741
-0.271479
1.29993
0.166352
0.41357
-0.602274
0.172019
0.474187
-1.14206
0.223798
-0.229104
-0.448097
0.917227
0.292856
0.386189
0.944742
-1.16943
-0.177499
-0.0194589
-0.559236
-0.232656
0.172283
-0.71604
1.45702
-0.29976
0.0561548
0.13366
1.57256
-0.0976735
0.576314
0.59097
-0.424833
-0.670229
-0.12243
-0.694669
-0.438559
0.362388
-0.494906
-0.439552
-1.1248
0.628922
-0.503832
0.380948
0.12166
-0.0490177
-0.212392
0.91513
0.871376
0.111571
0.112206
0.141339
0.873
-0.601149
0.274679
1.72423
-0.541263
-0.244554
0.925444
0.496186
-0.228833
1.08194
0.0200056
-0.552601
-0.0203563
0.429339
-0.111823
0.0585286
-0.288228
0.42202
-1.00916
-0.622277
-0.0793867
0.0164221
-0.4739
-0.159191
0.613754
0.338746
-0.551003
-0.34138
0.41968
0.280109
-0.159513
0.293473
-0.600348
0.322069
0.904243
0.179625
0.861936
-0.748202
-0.426364
-0.576127
1.01092
0.961093
-0.0296341
0.831437
-0.650679
1.52039
0.0285683
-0.607946
0.0264519
-0.384773
0.108681
0.236875
-1.65203
-1.01217
0.247387
0.466738
0.813773
-0.0851408
1.5533
0.901916
0.075374
0.606324
0.12277
0.315963
1.01228
-0.0480371
-0.791332
-0.0821622
-0.374062
0.654711
0.173843
0.404085
-0.848044
-0.0251455
-1.18286
-0.27318
-1.348
0.983778
0.147873
0.531313
1.8649
-0.225379
-0.781899
-0.244721
-0.94489
-0.564583
-0.366521
0.328838
0.188622
1.26619
0.407879
0.585001
1.33458
0.184594
-0.56378
-0.602203
0.253561
-0.296806
0.191229
-0.967109
0.764915
0.476857
-0.767301
-0.589878
0.601343
-0.685685
-0.0697508
-0.242755
0.350211
-0.242635
0.435252
0.198451
0.381064
0.157725
0.132406
-1.23565
1.03913
-0.910099
-0.928886
1.59814
-0.0510708
0.0820134
-0.816055
-0.822463
-0.656569
-0.541887
-0.376632
0.061149
0.906405
-0.864488
0.0506261
0.0495108
-0.523083
-0.367253
-0.489295
0.0727606
-0.515143
-0.770239
-0.0963425
-1.16412
1.00457
-0.0495833
0.203808
-0.577019
0.591136
0.103606
-0.28509
-0.250323
-0.0618357
-0.419482
-0.26075
-0.2299
0.601792
0.174807
0.393671
1.80353
-0.229279
-1.97323
1.16553
-0.534166
0.757436
-0.123045
-1.31152
-0.427635
0.0492198
0.852156
1.31303
0.151742
-1.01745
-0.142991
0.41108
-1.44893
0.752193
-0.217041
-0.612811
-0.0554145
-0.560944
1.78043
0.53314
0.177212
1.00959
0.242802
0.934862
0.984729
0.525065
0.220597
-0.102805
-0.0170315
-0.147016
-0.529558
-0.357889
-1.23639
1.30942
-1.52431
0.753397
0.0898585
0.48279
-0.185149
0.908261
0.664156
-0.215395
-0.111436
-0.163408
0.1877
-0.743981
-0.280601
1.07559
1.44413
-0.402333
0.871468
1.35332
-0.111868
-0.736996
-0.0590151
-0.414868
-0.557263
-0.831972
0.608413
-0.568995
0.0986648
0.145227
0.341942
0.661746
1.33384
-0.332168
-0.617473
-0.877326
-1.20282
1.09144
0.268494
-1.15259
0.152292
0.520706
-0.35835
-0.221008
-0.445734
-0.394497
-0.454803
0.310851
0.927952
-0.235917
0.934717
0.701214
-0.945907
0.355644
-0.309239
-0.604644
-1.03896
-0.642493
-0.133397
-1.23905
-0.468734
0.158253
-0.132491
-0.318589
0.546122
-0.804732
0.209256
1.29515
-0.0834799
1.20299
0.270109
-0.162079
-0.55941
0.857974
-1.17824
-0.508473
-0.905153
-0.379561
-0.631179
0.0933983
0.822095
-0.694092
-0.566172
-0.718669
-0.0984103
0.181807
-0.00118144
0.206156
-0.0916767
0.452266
0.696459
0.826026
0.0374335
-0.255914
1.29354
-0.0668552
-0.0125634
-0.190135
1.18816
0.490532
-0.107912
0.687713
-0.0913695
-0.304143
0.507213
-0.863873
-0.480078
0.550842
0.132231
-0.271042
0.672201
0.669052
-0.0286149
0.811366
0.636869
-0.539388
-0.153782
0.354848
0.880604
0.499933
-0.277095
-0.149455
-1.51916
0.643298
-0.807609
-1.2388
-0.868683
0.431382
1.00839
0.135527
-0.881289
0.470402
0.209447
0.818883
-0.172727
0.585241
-0.69349
-1.15672
-0.545341
0.98434
-0.10843
-0.477887
0.153422
0.368236
0.0722691
1.00517
-0.803711
0.061626
0.598333
-1.54252
-0.637785
-0.0783609
-0.216862
-0.0471914
0.677466
0.53399
0.797311
0.391181
-0.0263512
-0.326825
-0.0650731
0.109278
1.0743
0.0339134
0.854941
-0.559091
-0.570533
-0.395006
-1.21126
-1.79341
1.48772
-0.327436
0.401726
-0.890003
1.14085
1.19556
0.9064
0.174096
0.188063
0.809584
0.404145
0.00578265
-1.02534
1.00533
-0.29047
-0.378188
-0.251182
-0.591108
-0.271213
0.162594
0.00697328
0.582436
-0.606391
0.103731
-0.189501
0.464242
1.38558
-0.290278
0.0440453
1.15988
-0.39317
-0.985166
0.762179
0.549669
-0.469807
0.744787
0.497217
0.823221
-0.419787
-0.508645
0.0747444
-0.885648
-0.58848
-0.00463703
-1.14081
-0.225445
-0.579235
0.6765
-0.608159
0.599012
-0.906269
1.53599
-0.9033
0.42309
0.95496
0.0304492
-0.803972
-0.191798
0.459307
0.187323
0.489447
0.00178381
0.955533
-0.807711
-0.46064
1.09819
1.43018
-0.960037
-0.465072
-0.42827
-0.249889
-0.651509
-0.295083
0.948584
0.360796
1.60265
0.78771
-0.459724
-0.102323
0.46347
-0.705528
0.541541
0.283254
-0.116477
0.617015
1.06067
-0.0534217
0.308245
-0.0246348
-0.378012
-0.147868
0.198469
0.740363
0.0315629
0.0864178
0.363771
-0.373793
-0.901825
0.415762
-0.686613
-0.711568
-0.750911
0.0757871
-1.30758
1.19494
-0.0220163
-0.767036
-0.0424633
0.276449
0.92842
0.0570307
-0.38913
-0.592314
-0.214228
-0.483577
0.99535
0.173456
0.918906
-0.448035
-0.11507
0.704133
-0.208303
0.175977
-1.11553
0.253506
-0.241432
-0.689163
0.837736
-1.1929
0.301756
0.436401
-0.643899
0.852126
-0.183775
-0.444236
-0.393251
0.331296
-0.236021
-0.26882
0.163897
-0.84461
-0.657316
-0.25185
-0.208531
-0.360417
0.365551
-0.951203
1.66342
0.150854
-0.53786
0.432055
0.0350914
-1.59407
-0.392339
-0.356799
1.22164
0.957095
0.190999
-0.0506501
0.841934
-0.218233
-1.04263
-0.151026
0.877609
0.512695
0.193258
0.257772
0.596281
0.382985
-0.433109
-0.62548
0.359801
0.265118
-0.6127
0.240017
0.239388
-0.290877
-0.655872
0.322674
-0.0338504
0.701089
-1.21582
0.538872
0.444176
0.315571
-0.23636
0.160748
-0.552041
0.0239934
-0.495966
-0.69788
1.28991
-0.289107
0.695548
1.25186
0.249598
-0.487078
0.323513
-0.726197
0.665894
0.704234
-0.565598
0.332316
0.231033
0.570953
0.156122
0.173716
0.962763
-0.855941
-1.23129
0.923848
0.239531
0.18877
-0.15189
-1.93654
-0.265654
0.389345
0.224735
-0.250547
0.347254
0.699718
-0.516451
-0.877369
-0.103167
0.632284
1.13535
0.487023
-1.0807
0.723828
-0.293329
0.14543
0.000744364
-0.735162
-0.860039
0.38631
-0.527383
0.323601
-0.594384
-0.393651
-0.126821
-1.13598
0.142006
-0.326768
0.569986
0.17129
0.949124
0.503128
0.0991223
-0.604145
-0.150202
-0.321545
-0.354027
0.255185
0.00475855
0.163436
-0.129244
-1.16947
0.0362766
-1.40769
0.679112
-0.138683
-0.880368
-0.337828
-0.898104
0.532308
0.294355
0.800891
-0.487346
0.488083
-0.110916
-0.304071
-0.152868
0.560047
0.39617
-0.0524049
0.588693
0.953541
-1.33784
-0.337551
0.463443
-0.34237
0.892052
-1.17782
-0.855892
1.42984
-0.239189
0.140936
-1.66364
-0.908347
-0.0126928
1.40408
-0.834522
-0.39858
1.42799
0.635528
0.375814
0.57318
-0.425561
0.406753
-0.240859
0.473382
-0.194659
1.0684
-0.88108
0.547597
0.70677
0.585106
-0.248356
-0.509032
-0.243806
-0.544132
0.136755
0.674897
0.387346
0.0959833
0.538032
2.24957
-0.164853
0.335693
0.00986889
1.08099
0.5146
0.127899
-0.0763549
-1.38914
0.990036
0.762744
-0.579705
0.283076
-1.87047
-0.153262
0.681159
1.07638
-0.493446
0.994786
0.561538
-0.103389
0.20451
0.756333
0.0158152
0.668404
-0.91366
-0.94072
-0.512783
0.0217507
-0.199598
0.421358
0.404647
-0.33933
1.68242
-0.74662
-0.0970786
0.483987
0.832294
0.203613
-0.222731
-0.390257
0.654574
0.359544
-0.515321
0.181465
0.963492
0.839919
-0.0438325
-0.67773
-0.580733
0.137833
0.349047
-0.308344
-0.101698
-0.352725
-0.764421
-0.211981
-0.368502
0.479258
-1.09841
-0.046565
-0.749173
-0.213256
-0.494495
0.16481
0.0761305
1.34013
0.962283
-0.0483981
-0.940733
0.44679
0.489721
0.790011
-0.271153
0.681749
0.629484
1.14779
0.0619188
-0.683483
-0.102665
-0.23309
0.385132
0.608791
0.774166
0.021001
-0.459829
0.303232
0.202853
0.649353
-0.000464583
-1.68711
-0.572712
0.186576
-0.44696
-0.21929
-1.16451
0.585815
1.45842
0.888536
-1.56177
-0.724662
-0.606452
-0.360676
0.119815
0.961865
0.72298
-0.369906
-0.110784
0.828121
-0.00465352
0.460337
0.249505
0.293906
0.0703051
0.432849
-0.491535
0.711884
-1.2893
-0.290364
-0.908511
0.570216
0.442164
-0.206238
-0.660696
-1.24464
-0.787608
0.349115
-0.190581
-0.652938
-0.738094
-0.699225
-0.903471
0.32351
-1.27322
0.260573
0.871612
-0.532743
-0.613112
-0.931272
0.716184
-0.816735
-0.176493
0.0321919
-0.182232
-1.44248
-0.861649
-0.274337
0.828392
-0.0224921
0.00866732
0.612649
-1.48491
-1.55632
-0.731794
-0.66159
1.6793
1.07901
0.367039
-0.31914
0.13429
0.589854
0.858244
0.401746
-0.194243
0.535817
-1.75325
-0.587326
1.8284
0.596004
-0.0882324
-1.15272
0.548884
1.10046
0.755782
0.147482
0.0842226
0.331966
-0.747852
0.0973529
-0.418483
-0.776596
-0.335039
-0.802727
1.06972
0.15069
-0.304473
0.32975
0.212817
0.924632
-0.909906
0.391101
0.655315
1.06323
-1.31717
0.676854
-0.4913
-0.158717
-0.0368477
0.613196
0.339597
-1.23518
0.601796
0.0112626
-0.863102
-0.238095
-1.33211
0.0113948
0.184431
-0.318317
0.649853
-0.70973
-0.573628
-0.407936
0.709194
-0.287825
0.479067
1.061
-0.667091
-0.171185
-1.01786
-0.732378
-0.693159
0.631024
-0.792148
0.186999
1.04408
0.0795063
0.048941
-0.166228
0.244521
-0.95046
0.716921
-0.30959
-0.803363
0.627783
0.566962
-0.879454
-0.927179
0.264607
0.384883
0.017634
-0.0723908
0.884913
-0.0491138
0.0806852
-0.108527
1.44213
0.410854
0.42604
-0.638615
0.0839538
0.904136
-0.855715
0.669417
-0.342161
-0.464896
0.0232155
-0.145848
0.117299
0.581776
-0.274602
-0.0855889
0.389227
-0.425194
0.441409
-0.515555
0.542584
-0.83789
-0.158743
-0.493209
0.356804
0.941273
-0.814952
0.416446
0.201803
-1.51859
0.85442
-1.97281
0.838966
0.479727
-0.407658
0.486375
-1.27925
0.303784
-0.447717
-1.40602
0.295758
-0.813685
-0.366493
-2.21721
0.194451
1.4866
-1.07552
-0.780005
-0.805105
1.51608
-0.902243
-0.403302
0.305456
0.689373
-1.02955
-0.925354
-0.571875
-0.221771
0.85107
0.173004
-0.104179
-0.500916
-1.21339
0.0394077
0.174413
-0.984707
0.754968
-1.23862
-0.319433
0.0755319
0.0948464
-0.576429
-0.850602
0.616583
-1.26917
0.970963
-0.18504
-0.25243
-0.028746
1.449
-0.748202
0.709887
-0.386423
0.203331
0.0401313
-0.107524
-0.618444
-0.22524
-0.645555
0.316448
0.146701
-0.412821
-0.0163265
-1.3164
-0.253091
-1.55873
0.845333
0.455361
-0.675156
0.714731
0.609017
1.42308
-0.203452
-1.9852
0.425349
2.20264
0.745944
-0.0137679
-0.198628
-0.500583
1.38522
0.390577
-0.33888
1.26183
-1.77006
-0.198547
1.30748
-0.54574
-0.145134
-0.246521
-0.581268
0.403278
-0.147132
-0.593805
-1.79485
-0.365221
0.595074
0.133579
0.466395
-0.0472533
0.148145
-0.692743
-0.0144634
0.209113
0.175588
0.70134
-0.185671
-0.0935321
-1.24317
-0.568836
-0.00469083
-0.0413915
1.10405
-1.47573
0.874553
0.0974272
-0.393184
-0.436037
1.02386
-0.514857
0.672323
-0.416574
-1.14363
1.14307
0.987342
0.0311722
-0.34516
-1.42231
-0.981838
0.408864
-1.44707
-0.134392
-1.20276
-0.416536
-0.414519
0.746471
-0.120478
-0.431678
-0.834134
-0.724278
0.110597
1.18012
-0.0815876
-0.79007
0.26107
0.156986
-0.358808
-0.182438
-0.0829097
-0.34118
-0.520135
-0.439776
0.47589
0.940386
-0.669775
-0.588063
0.66854
-0.544319
0.318478
0.0808939
0.234658
0.494311
0.621492
0.256486
-0.59839
-0.86056
-0.48884
-0.679972
-0.748226
0.0773558
0.323354
-0.642291
0.0722292
-0.668003
0.801469
-0.462345
0.655139
0.512819
-1.06119
0.520742
-0.394265
0.559307
0.800398
0.261593
0.0815059
0.245346
-0.688805
-0.665873
-0.0672069
-0.755911
-0.749004
-0.990911
0.171422
0.410247
-0.750196
0.772726
-0.754184
-0.955756
0.182587
-0.701981
-0.414436
0.305966
-1.76569
-0.401215
1.03201
0.0362017
-0.464117
0.38553
0.309347
0.220209
-0.000829547
-0.664685
0.114889
-0.287108
0.289575
0.359602
0.929925
-2.32668
-0.080735
1.06821
0.447101
0.166568
-0.610504
0.737723
0.701942
-0.328214
-0.0725055
0.129082
-0.247907
-1.85917
0.382196
-0.615546
-0.445273
-1.36561
0.684461
-1.81139
-0.527877
-0.470614
-0.676742
-0.425869
0.828413
-0.358527
-0.638309
0.414254
0.882395
-0.803069
1.13564
0.533956
-0.917986
0.913607
-0.670115
-0.799406
-1.30025
-0.0229413
-0.476422
-0.388248
-0.460373
-0.780415
0.47362
0.0848485
-0.67005
1.1308
-1.26341
-0.0978611
-1.1732
-0.308899
0.262155
-1.22053
-0.239808
-0.223511
0.00895116
-1.44447
0.60774
0.260357
1.48115
0.242081
-0.252059
-0.860947
0.0880483
0.499195
-0.164695
-0.213362
0.691903
-0.338033
-0.39302
-1.78117
-0.840217
0.812466
0.657182
-0.0922176
0.26653
0.415367
0.525953
1.25725
0.871572
-1.78229
-0.874345
1.21903
0.559801
0.692247
1.70954
0.125179
-0.836162
0.378631
-0.404516
-0.116702
1.00355
-0.582435
-0.233184
-0.862784
0.95414
-0.582653
1.13821
0.467164
1.02467
-0.571931
-0.0198245
-0.623332
0.502575
-0.098767
-0.154282
1.1292
0.556086
0.470958
-0.994484
-0.703179
-0.798687
0.266409
-0.164319
-0.872715
0.380746
-1.16712
0.746107
-0.716097
-1.25754
-1.01041
-0.715185
-0.223005
-0.746927
-0.760528
0.596969
-1.04021
-0.0119999
-0.821379
0.081329
0.513023
0.455061
0.850867
0.0220022
-0.262403
0.016226
-0.0825953
0.206123
-1.10601
-1.30012
0.9109
0.109999
-0.349317
-0.781332
-0.924593
-0.356749
1.23321
-0.444605
0.40621
-0.681459
-0.255973
0.170892
-1.76156
-0.698249
0.512997
-0.797026
0.26683
-0.206977
-0.28271
-0.0611482
0.381525
0.0382066
0.583265
-0.472152
-0.402219
-1.10761
0.610074
-0.727377
-0.555044
0.642452
-0.148719
0.519102
0.11726
-0.0875131
-0.357265
0.918605
-0.676359
-1.08841
0.851265
-0.0817174
0.36655
-0.115388
0.590184
-0.631197
-0.350178
-0.119054
0.123694
1.09777
0.298214
0.241001
-0.3932
0.739672
-0.219323
-0.957787
0.0791812
0.988562
-0.511261
-0.114453
0.778549
0.437529
0.717673
-0.240169
-0.532187
-1.03007
-0.0475955
-0.625226
-1.69553
0.467068
0.914697
0.570893
0.737646
0.683737
0.00756712
0.382699
0.0523843
0.224327
-0.341276
1.04771
-0.792593
1.06621
0.151711
0.520717
0.723129
-0.776905
0.0326106
-1.36614
-0.893368
0.0948344
-0.3264
-0.109631
-1.42118
-1.26794
0.387922
0.479893
0.100589
-0.87907
0.33758
-0.318114
1.12702
-0.250683
0.273106
-1.05039
-0.288389
-0.61852
-1.11895
0.39107
-0.227254
1.31905
0.523441
-0.061572
0.0543593
-0.358042
-0.361558
1.01493
0.120414
-0.754682
0.763251
-1.23613
0.249635
0.896362
0.0102027
-0.706192
0.0319402
-0.52611
0.311469
-0.613552
-0.264194
-0.0275643
-0.448341
-0.821745
0.747114
-0.0443392
1.05594
0.788345
-0.723959
1.59153
-0.314965
0.21926
0.241726
0.135434
-0.177941
-0.0245718
-0.625464
0.586881
-1.45185
0.879973
1.161
0.481942
-0.453572
0.14943
0.623533
0.507976
-0.149071
-0.443225
0.54751
-0.887548
-0.440276
0.205417
0.736414
0.106641
-0.324591
-0.235204
-0.7129
0.710795
1.80059
0.801473
-0.538425
-1.03393
0.135248
-0.252372
-0.572957
-0.538255
0.455538
-1.15768
-1.01297
-0.178012
0.285353
-0.0651499
-0.431266
0.243144
-0.658741
0.513675
0.759189
0.380145
-0.742944
0.879796
-0.841923
-1.58229
0.118493
-0.370754
0.331653
0.179004
-0.465426
0.390756
0.180261
1.06867
0.264856
-0.115013
0.862808
1.38802
0.655545
-0.450471
-0.970588
-0.0811546
-0.641792
0.20838
-0.440224
1.39295
-0.470707
0.000921184
-0.995626
-0.0784141
-0.0960319
-0.545641
0.424362
-0.524113
-0.2115
0.0575298
-0.909177
-0.316281
0.0174792
0.0314725
0.170036
-0.165832
0.926086
1.04656
-0.496073
-0.571702
0.500777
-0.745395
-0.316245
-0.278532
0.926204
0.129414
-0.212176
-0.817519
0.690936
0.478374
0.504215
-0.218153
1.56475
0.417226
0.409227
0.61066
0.237281
-0.368441
-0.265164
0.674352
-1.39776
0.0816835
-1.02288
0.259181
0.376331
-0.0697278
0.344461
-0.550991
-1.29463
0.383748
1.36849
-0.809006
-0.19201
0.906552
1.15774
0.774621
0.729919
-0.742559
0.406852
-2.29051
-0.445611
0.259475
0.156916
0.0705395
-0.394071
-0.128765
0.525728
0.574103
-0.653748
1.26606
-0.62781
0.95974
-0.940504
0.133036
-0.63357
0.180396
-0.484849
-0.16457
-0.529825
-1.12694
0.636341
-0.404376
-0.274522
-0.269673
0.259431
0.208061
0.719973
0.728423
0.466171
1.38826
-0.051868
-0.203714
-0.37464
0.218407
-0.375641
-0.338486
-0.125513
1.30611
0.172473
1.8435
-0.212233
0.527365
0.166773
-1.209
-0.442235
0.0638004
-0.624147
-0.35405
-0.359734
0.455105
-0.0887027
0.160212
-1.04499
0.45303
-0.0712253
0.793086
0.156483
-0.621535
0.729494
0.21453
-0.529533
-1.32595
-0.101598
1.70881
0.227272
0.451726
-0.257243
-0.792051
0.670317
-0.513584
0.147481
-0.0244114
0.131109
-0.0829857
-0.76466
-0.60043
0.043055
-0.916939
0.407655
-1.2437
0.630544
-0.226839
-0.858583
0.140661
-2.00932
1.16533
0.136882
-0.317027
0.492117
0.22492
-0.0224295
0.389808
0.153408
0.47598
-0.276173
0.404423
0.156604
0.5665
0.7369
0.692484
0.132638
0.827938
0.202751
0.913957
-0.87576
-0.0815364
-0.628463
-1.26938
-1.239
-0.100038
0.402616
1.4146
-0.504835
0.632255
-0.645643
0.0147838
0.284093
0.280767
1.53089
-0.108992
1.70464
-0.724904
1.24038
-2.05749
-0.389372
-0.390811
-0.792408
-0.768156
-0.547351
0.681954
0.0740824
-0.526102
-0.485412
-0.708647
0.214221
-0.776903
0.130064
-0.446203
0.26628
0.98632
0.0257477
0.413491
-0.683715
-0.402418
0.138506
0.279279
-0.0487899
1.48254
-0.155075
0.417818
-0.693899
-0.277891
-0.422314
-0.727499
-0.559713
-0.278299
0.530826
-0.862978
-0.201813
0.00158805
-1.23775
-0.148998
0.253949
-0.950309
-0.536966
0.832725
-1.23543
0.591712
0.169974
0.657181
-0.0363483
0.114561
-0.815867
0.81297
-0.190055
0.110383
-0.81693
0.412927
0.585937
-0.0814884
0.161267
-0.0969874
0.433119
-0.46509
-1.63092
-0.996492
-0.0437227
0.236519
0.094275
1.63097
0.561035
0.099482
-0.242988
-0.888405
-0.317773
-0.359741
0.203961
-0.166681
0.297361
-0.370949
0.145126
1.45132
-0.986005
0.164767
0.391202
0.538255
0.0174422
0.380927
-1.08988
-0.284943
-0.428212
-0.583168
0.386598
0.150773
1.17436
-0.0224487
0.676833
-0.257031
0.766345
1.70176
1.46604
0.704645
-0.723077
-0.556871
0.300804
-0.421409
0.917321
-0.346168
0.626421
0.781142
0.528446
0.844288
-1.37432
0.355227
-0.52903
-0.00722048
1.26985
0.606304
-0.020679
-0.18603
0.73233
0.771711
-0.41363
-0.441835
-0.223231
1.29693
0.244102
0.440187
-0.409457
0.900331
-0.0163418
-0.132271
-0.81675
-0.618685
-0.63163
-0.65918
-1.37497
-0.208725
0.22816
-0.350028
0.94566
-0.345244
-1.08026
-1.44502
-0.413066
-0.195035
0.512418
0.413929
1.53956
-1.12649
-0.776482
0.349233
-0.722381
-1.44338
0.59806
-1.03557
0.19533
0.0725955
-0.317286
0.549856
-0.340603
-0.0349938
0.742178
0.494908
1.28742
-0.897246
0.639994
0.615673
-0.892099
-0.0983705
-0.753983
0.725521
0.607696
0.88855
-0.863542
-0.927087
0.141862
0.771309
-0.956558
-0.749171
0.334345
0.738308
-0.920515
-0.0188926
-0.126006
-0.124674
-0.115692
-0.350458
-0.955511
1.00831
0.09732
-1.32046
0.099072
-0.207197
0.327348
0.138296
0.534491
-0.977813
1.05437
0.457869
1.44809
-0.141621
0.707525
-0.173654
0.0757873
-1.50156
-0.100927
0.073934
0.945732
-0.120357
-0.004466
-0.397992
-0.353215
-1.15816
0.805765
-0.481061
0.960593
-0.446187
-0.52093
0.502845
-1.25633
0.297682
0.513185
-0.63856
0.715699
-0.859144
-0.649582
0.311251
0.391932
-0.668885
-0.153942
-1.03596
0.241351
-0.39458
0.624686
-0.639478
0.590824
-0.0376995
0.9041
0.107178
-0.0849834
0.47788
-0.551806
0.422026
-0.47457
0.707049
-0.06661
1.52987
0.641798
0.894827
-0.0807086
-0.764305
-0.0413823
0.0709666
-0.522111
-0.723796
-0.161462
0.233012
-0.510394
0.0767674
0.0197849
0.928868
-1.16892
0.126796
-0.835937
-0.486991
0.133825
0.368781
-0.162694
0.244839
0.553877
0.330998
1.19967
0.122613
-0.746221
-0.0962938
0.183706
0.899914
-0.211054
0.114353
-0.6014
-0.113468
1.21689
0.36366
0.12074
0.611156
-0.216273
-1.18765
-0.154587
-1.32
1.20455
-0.412668
-0.81606
0.0858317
1.70838
-0.261058
-0.160496
0.305906
0.0884738
-1.21279
-0.184755
0.74162
-0.236395
-0.155678
0.778159
-0.00466864
0.423161
0.796721
0.228975
-0.663875
-0.221387
0.477871
-1.10538
1.16962
-0.0292595
0.24496
1.21645
-0.0672131
0.368047
1.4444
0.726364
-0.545006
0.53459
1.14052
0.717506
-0.327776
-0.779038
-0.283174
0.00476556
-0.038313
-0.401283
-0.495431
0.461512
0.311802
0.862675
0.758482
-0.431971
0.75304
0.522974
-0.667707
0.665786
0.0287743
-0.050235
-0.350404
0.590328
-0.284473
0.84577
-0.242814
0.310152
0.118832
-0.251027
0.880626
0.442921
0.105547
-0.0875637
1.21577
-0.139496
0.151626
0.740056
-0.318084
-0.838316
0.142205
0.270154
-0.301524
-0.371745
-0.721532
0.0758207
-0.736123
0.767232
0.837229
-0.738232
-0.128517
0.24907
-1.32839
-0.183122
0.555849
-0.0442406
-0.433945
-0.242084
-0.858566
-1.41115
-0.58071
-0.000789573
-0.219396
0.190888
-0.122661
-0.428972
-0.326206
-0.0392936
-1.64844
0.404761
-0.268195
1.03606
-0.0231437
-0.119011
-0.894533
0.000817316
0.182091
-0.856771
-0.524868
0.220866
0.709069
0.197894
-0.761388
-0.215198
0.695911
0.439599
0.18992
-0.439234
-1.27049
-0.592959
-0.215251
-0.307895
0.93792
-0.828285
-0.675206
0.842349
0.131897
0.285679
-0.860505
-0.250462
0.783706
0.732323
-0.814776
-1.09033
1.64886
0.731109
0.0553189
0.185026
1.16276
1.17374
-0.351167
0.341071
-0.734561
-0.405386
-0.566627
-0.910623
-0.161568
0.103838
-0.475434
-0.557903
0.596763
0.295278
0.467336
0.996797
-0.353354
1.00792
0.521646
-0.193284
-0.555026
0.0504576
0.897926
-1.33809
0.0447845
-0.0603171
-2.03774
-0.660505
0.129301
0.517686
0.181053
-0.394367
-0.269076
0.00233285
-1.08465
0.555685
0.251168
-1.68069
0.959142
0.455723
-0.710692
0.999671
0.429315
-0.64585
-0.496477
0.240111
0.77797
0.142873
-0.721222
-0.545434
-0.78075
0.622856
1.3127
0.975561
-0.313347
-0.0843912
0.253857
0.862344
0.942825
0.00954118
-1.00913
0.684516
-1.56195
-1.14908
-0.10821
-1.08361
0.784923
-0.940523
0.240394
0.940935
0.822187
1.47585
1.41388
-0.051417
-0.870164
0.3278
1.51008
1.30929
0.572436
-0.662881
0.476773
0.655891
0.715535
-0.323384
0.324189
-0.967349
-1.49158
0.256053
0.589267
0.231796
-0.144244
0.474657
0.416648
-0.0765353
-0.107341
0.160291
-1.17325
0.623317
-0.405137
0.192633
0.415483
-0.414715
0.234229
1.59235
0.768975
1.14702
1.17999
-1.01581
0.376317
0.0408361
-0.918075
-0.342338
-0.597054
0.177072
1.29496
-0.108409
-0.878234
0.990293
0.734845
0.0679777
0.388985
0.0451778
-0.838303
-0.528378
-0.0347338
1.64139
-0.451176
-0.101082
-0.0735888
0.776135
1.02993
-0.171104
-0.311195
0.392272
-0.303821
-0.759683
-1.39411
-0.185784
0.84912
-1.18978
0.373788
-0.241074
-0.891721
0.552491
-0.0468223
-0.464141
0.71847
0.141007
-0.624587
-0.0805873
0.40448
-0.24249
0.179048
1.14745
0.202243
1.28814
-1.0204
-0.641071
-0.894637
0.363805
-0.445193
0.899274
-0.198584
-1.45604
-0.470297
-0.372899
-1.33811
0.116325
-0.295832
-0.406512
-0.0495658
-1.04511
-1.70122
0.174524
-0.212209
-0.169542
-0.435567
-0.852023
-0.901657
-0.337392
0.0695534
-0.836026
0.864016
0.120449
-1.86919
1.08229
-0.803519
0.0980733
-0.240381
-0.888886
0.560357
-0.177704
0.503561
-0.19717
-1.07006
-0.556857
-0.275745
0.230493
0.441046
0.144771
0.925019
-0.566593
0.624221
-0.4102
-0.854069
1.32648
-0.380703
0.874647
0.11421
-0.00615633
-0.349096
0.622748
0.368412
-0.420641
0.592726
0.900283
1.07597
0.399439
-0.93468
0.497766
0.000117675
0.0482794
0.209237
-2.13788
-0.703869
-1.6692
-0.818795
0.345211
-0.689272
-0.574363
0.497481
-0.101703
1.34464
-0.28207
0.514314
-0.627548
-0.51996
0.433167
-0.525825
1.01551
-0.47916
0.0521911
-0.312177
1.06217
-0.0322103
-0.642911
0.11263
-0.841712
-1.90005
-0.0738723
-0.922783
-0.205578
-1.37682
0.49503
0.423429
0.293047
-0.888323
0.75507
-0.665671
-0.176672
0.445605
0.401966
-0.226642
-0.179669
-0.578795
0.60759
0.55192
1.58766
-0.583504
0.235719
-0.985372
-0.690876
1.18535
-1.35854
-0.396463
-0.608273
0.50224
-0.0508878
-0.495353
-0.46379
-0.244598
0.0356978
0.8559
-0.992139
-0.438605
0.370445
1.19588
-1.24719
-0.662479
-0.834466
0.209814
-0.863871
0.375645
0.199439
0.414957
-0.140889
-1.28677
0.299041
0.284168
1.2067
-0.679539
-0.718888
-0.223666
0.402712
0.734826
-0.506661
-0.17718
1.61151
-0.248368
-0.192591
0.267068
1.30332
0.0583089
0.25574
1.18625
-0.0698218
0.182285
0.55106
-0.642205
-0.386212
0.116228
-1.36508
-0.606788
-0.663629
0.0117309
-0.569174
0.103964
0.929101
-0.0906478
-1.2462
-0.177561
-0.220109
-0.411882
1.10173
-0.185126
-0.147873
1.17859
-0.0545594
0.0342968
0.0107838
0.901399
-0.484402
1.24913
0.251787
0.589576
-0.499353
0.526091
-0.490409
-0.193176
0.871325
-0.664139
0.458723
-0.665055
-1.72086
0.546495
0.521117
-0.237496
-0.728738
-0.726599
0.856894
-1.43468
-0.446217
0.057073
-0.202136
-0.61101
-0.860954
1.05216
-0.216731
-0.208265
1.207
-1.05404
-0.619103
0.0335257
0.877776
-0.774595
0.839428
-0.518689
0.547407
-0.669605
-0.340792
-1.26588
-0.741602
-0.627766
0.0493192
-0.0135075
-0.609838
-0.388338
-0.968216
-1.0845
0.493815
0.0717557
-0.0020066
0.457243
-0.101218
0.326438
-0.69648
1.07492
-1.26681
1.11052
-0.526062
-0.281861
0.853272
0.198267
1.25496
-0.500314
0.0505064
-0.330851
-0.0418919
1.49088
-0.188174
0.628604
-0.6995
1.40674
0.108391
-0.748944
-0.395607
-0.436493
-0.0308995
-0.677466
-0.438744
0.432318
-0.0188765
0.947159
-0.329354
-0.134177
-1.32697
-0.587322
0.903587
-0.865228
-0.621428
-1.17679
0.746523
0.624323
0.3137
-0.404241
-0.311574
0.260615
-1.91014
-1.2712
-0.174674
1.79412
0.828016
-0.143167
1.17708
-0.632385
1.29297
-0.530467
0.452674
-0.208318
0.857126
-0.891053
-0.482757
-0.0907157
-0.32799
-0.381208
-1.17485
-0.0558417
-0.177019
0.704277
-1.24133
0.668975
1.20398
0.799577
-0.408527
-0.531967
0.538728
0.802216
-1.23391
-0.184811
0.174792
-1.14411
0.563599
0.300959
-0.301965
-0.0501053
-1.12218
-0.529905
-0.645901
1.25053
0.106538
0.36645
-0.200813
-1.57767
0.546915
-0.170518
0.137894
-0.334887
-0.256706
1.19025
1.14096
-0.468481
0.913146
0.431004
-2.34455
-0.87734
-1.19513
-0.0232103
1.15025
0.638838
-1.09012
0.35685
0.144408
-0.49578
0.687321
-0.598817
-0.681297
-1.60096
0.612407
0.231304
1.1428
1.17066
1.13263
-0.882789
-0.43675
0.0153431
1.23053
-1.1487
-1.56683
-0.688736
0.0912706
-0.818991
-0.565914
0.408912
0.685683
1.56736
0.139604
0.0981587
-0.961664
0.505018
0.0724372
-0.0833843
0.267701
1.30674
-0.22772
0.01125
0.940243
-1.11558
1.89456
-0.068241
-0.682128
0.170161
1.07453
0.646528
1.11113
0.274126
0.573375
-1.1328
1.69544
-1.105
-1.1224
1.15438
-0.0131889
0.899792
-1.17356
-0.140887
-0.889817
0.195989
-0.142556
-1.30582
-0.368574
0.532651
-0.0757073
0.18201
0.688938
-0.0359635
0.322311
-0.429721
0.675733
-0.470624
0.750888
-0.648486
-1.30949
-0.415579
1.52474
0.116635
0.142689
-0.529947
1.05959
-0.389541
0.476926
1.08712
-0.560773
-0.72068
-0.756145
-0.985724
-0.48261
0.374165
-0.879256
-0.693566
0.465866
0.957027
0.583385
0.0153266
-0.540753
-0.259211
-0.409175
0.114068
-2.05388
2.03775
-1.60071
1.74143
0.762688
0.788099
-0.232743
0.335983
-0.900671
-0.71495
1.44668
-1.46302
0.00203017
-0.317383
-0.583111
-0.823234
-1.14238
-0.0665448
-0.626274
0.403693
0.0888451
0.394261
-1.33505
0.229998
-0.560442
-0.974732
0.705185
0.0919157
-0.166315
-0.795111
1.01717
0.217586
-0.302427
-0.592078
0.339339
0.0996681
0.101762
0.0792065
1.6767
0.76057
-0.392567
-0.849677
-0.0590997
0.0220857
-0.256231
-0.528864
1.21429
-0.90742
-0.173839
-0.206408
0.313628
0.429245
0.146579
-0.398912
-1.20947
0.0166728
-0.481351
-0.344177
0.479187
-0.386147
-0.266187
0.515137
0.0546063
0.0937834
-0.0212728
-0.112874
-0.22685
-2.07975
-0.202132
0.225803
-0.520049
-0.505001
-1.14954
0.0453215
0.163847
-0.591742
-1.23459
-0.661543
0.196886
-0.562403
-0.525374
0.385686
-1.03602
-0.783302
1.49282
-0.217339
-0.275449
-0.839565
-1.65487
-0.564507
-1.64364
0.440662
0.182539
-0.233287
-0.858702
0.755803
0.413183
0.292008
0.477803
-0.991406
-0.00135478
-0.2655
-0.42919
0.0739863
-0.471335
-0.000794184
0.259871
0.420181
1.13611
0.181287
0.914593
1.29715
0.28032
0.620017
1.15888
1.72056
-0.646564
-0.563917
-0.467552
0.489544
-0.544524
-0.156262
-0.451178
0.601006
-1.19511
-0.247354
-0.177752
0.703539
0.269223
-0.958708
-1.475
-0.854223
1.13816
-0.00510145
0.190961
0.525962
-1.00417
-0.972294
0.420829
-0.0174956
-0.833152
-0.833492
0.584675
-0.645392
0.20284
0.940398
-1.14527
-0.877329
-0.493868
0.349816
0.734257
1.16217
0.750815
0.405773
0.530365
-1.01095
0.309368
0.401498
-0.816289
-0.699266
1.25617
-0.707471
-1.99386
-1.00705
0.642556
-0.0875808
0.42686
-0.866864
-0.169683
0.306288
0.557982
-0.37655
0.0419946
-0.803003
-0.703696
-0.0199853
0.28108
-1.33018
0.626277
0.75438
-0.656084
-0.324988
-0.44061
0.725626
0.0649104
0.142481
-0.764629
1.3779
0.593152
-0.834378
-0.351888
-1.30855
-0.539284
-0.234342
-0.157875
2.20163
0.27022
-0.516054
0.939385
-0.410671
-0.131055
0.441577
-0.114479
-0.129785
0.382008
0.157249
-0.503878
0.390906
-0.189084
1.22489
-0.365419
-0.833957
0.182278
-0.658995
-0.398385
-0.396647
0.0614088
0.727487
0.241004
-1.2041
0.138011
-0.794305
1.97326
0.701207
-0.398272
-0.325072
-0.347624
0.479575
0.958138
-0.215742
0.554607
0.074159
0.606628
0.00388197
0.850498
1.06875
-0.595327
0.205004
-1.10347
0.863391
-0.539238
0.152438
0.0615423
0.864888
-0.111797
0.795356
1.20666
0.0111599
-0.74993
-0.378021
-0.861214
-0.615246
-1.52341
-0.301981
-0.979973
-0.598554
0.47146
0.800388
0.162412
-0.375138
-0.618814
-1.08757
0.431396
0.212023
-1.20875
0.604545
1.13469
0.920673
1.12028
-0.351028
-0.719568
0.852594
-0.413996
1.4402
0.772987
0.39539
-0.786244
-0.559703
-0.484856
1.39794
0.0580706
1.36664
-1.16362
0.579797
-0.759645
0.247854
-0.432323
0.0991707
-0.146896
0.675481
-0.750706
-0.58193
-0.397883
0.790134
0.305431
-1.20308
0.50841
0.0759275
0.200744
0.0684751
-0.491972
-0.588207
0.769504
0.14421
-0.478667
-0.0180974
0.110563
0.217759
0.297714
0.594502
0.273292
0.0970951
0.829915
-0.515424
0.481962
-1.00491
0.319276
0.136689
1.16851
0.859824
0.658757
1.39632
0.0360493
0.446481
0.35113
0.358423
0.523394
-1.076
-1.94615
-0.746338
-0.188473
-0.655957
-1.21932
-1.10574
-0.502711
1.28955
-0.133885
0.397528
-0.174653
-1.51505
0.107253
0.713358
0.041276
0.0056323
0.0542492
0.924944
-0.0725919
1.28792
0.248442
0.592189
-0.296589
0.483796
-0.824666
0.130002
-0.144091
0.757817
-0.349441
-0.262767
-1.28994
1.87794
-0.530352
0.258338
0.0287684
0.432333
0.423831
-0.255835
-0.581692
1.05515
0.417181
0.157181
-0.410229
0.677265
1.3113
-0.000554312
-0.0145981
-0.042781
1.09232
-0.362017
1.27132
-0.309727
0.000977112
-0.953352
-0.0342928
-0.627923
0.389128
-1.21123
0.38309
-0.43504
-0.412325
-0.819193
-0.338034
1.58458
0.242651
0.00880415
-0.712143
-1.5437
0.42267
0.669885
1.06486
1.15879
0.850089
0.536729
-0.211818
0.236895
1.3651
0.406308
-1.0197
-0.488314
0.252978
0.470421
-1.03177
0.24406
0.630959
0.502702
-0.356855
0.970581
-0.424819
0.936751
-0.0207419
-0.134892
-0.12988
-0.602659
0.209516
0.0189467
0.793074
-1.30995
0.0255152
0.556688
0.0468687
0.0168137
-1.12297
0.725005
0.4292
0.0870892
0.573363
0.396762
-0.543343
-0.629431
0.936311
-0.149244
0.852051
-0.335071
-0.447785
0.433302
0.456656
-0.586286
0.618931
0.664241
0.527701
-0.417822
1.26595
0.464826
-0.577715
0.122922
-0.952973
-0.902161
0.773474
0.280145
-0.248469
0.969381
-0.284073
-0.405601
0.105307
-0.733849
0.895819
1.50765
-0.886796
0.182886
0.320355
0.988307
0.978876
-1.40537
0.245637
0.755951
0.0536772
1.50598
-0.830081
0.0375986
0.0376013
0.153248
0.358902
-0.198208
0.493151
-0.0901732
-0.341064
-0.224503
0.0303938
0.336014
-0.821669
0.584101
0.458944
0.675367
-0.532699
-0.488722
-0.672771
1.36644
-1.70739
0.349316
0.592652
1.2893
-0.203169
1.10437
0.19679
-0.869289
2.58247
0.397469
-0.476342
0.604076
0.506843
-0.302038
-0.479762
-0.510359
1.01418
1.15055
-0.310027
-0.988975
0.0549507
-0.189676
0.0265406
-0.20228
-0.686371
0.0298395
-0.218126
0.264287
-0.572038
0.125999
0.502831
-0.798479
0.51366
-1.14576
-0.300022
-0.128115
0.162001
0.482229
-0.747657
0.0332239
-0.0789495
-0.180748
0.121056
-0.768187
-0.243879
0.819911
-0.471043
-0.49129
-1.05156
0.591591
-0.392694
0.89398
-0.964568
0.406852
-0.431373
0.453943
0.0668153
1.38038
0.294004
-1.14618
-0.698212
0.403944
-1.27094
-0.298804
0.641919
1.7992
-0.842586
-0.664554
-0.535831
0.202989
-0.353079
-0.328558
0.48953
0.567359
0.739611
-0.286033
-0.130475
0.171085
0.821381
0.241131
0.277268
0.362055
-1.24612
0.0402975
0.267764
0.807065
-1.55701
0.637601
-0.215171
0.858809
0.357619
-0.292379
-1.22857
1.29412
0.782306
-0.988296
-0.103711
-0.339558
0.5164
-1.63153
-0.409891
0.162954
0.0931228
-0.670911
0.030794
0.458582
0.429277
0.424486
-0.273977
0.369854
-1.27213
-0.181427
-0.216131
0.272441
0.147395
-0.0208576
-0.0178423
0.874087
-0.881749
0.172603
-0.21542
-0.173218
-0.437679
-0.111593
0.165534
0.620468
-0.188094
1.02715
1.01557
0.275706
-0.119758
0.387169
1.01739
-0.348442
0.526276
-0.991539
-0.595527
-0.757022
-0.523739
-0.746883
-0.0176246
-1.7641
-0.393533
-0.125694
-0.765127
0.169759
0.625849
-0.152466
0.166469
0.908998
-0.551301
0.616754
0.0100953
0.351406
1.56734
-0.223065
0.604487
0.319699
0.822328
-1.1719
-0.521259
-1.20065
-1.00897
1.08983
0.129314
-0.0364628
-0.566745
0.601164
0.229977
0.850311
0.437883
0.3451
1.28581
-1.36748
1.5052
-0.186983
0.492992
0.487372
-0.179517
1.64965
-0.224175
-0.801511
-0.682963
-0.538934
0.890222
1.08544
-0.768629
-0.581322
0.449083
0.650833
1.39329
0.497994
-1.17519
0.303418
-0.584942
0.903356
-0.527792
0.320451
-0.429953
-0.242529
0.549629
-0.147314
-0.42459
-0.850576
0.352226
0.298646
-0.39886
0.0299169
0.262787
-1.01681
0.249897
1.53104
-0.398551
-0.0618789
-0.0941657
0.271516
1.22019
0.624842
0.744652
-0.541224
1.11879
-1.65929
-0.0427007
-0.604136
-0.316344
-0.153281
-0.591469
-0.895147
-0.0443783
0.918799
0.781876
-0.662611
0.452569
-0.238114
-0.449452
-0.624439
-0.732801
-0.462321
0.758063
-0.644147
-0.19446
-0.207491
-0.877691
-0.235947
-0.556551
-0.769392
-1.12966
0.212393
0.0152332
1.98123
0.263161
0.0819872
0.435587
0.314274
0.0815462
-0.254428
-0.733463
-0.927593
-0.0443247
-0.248451
0.070633
1.05908
0.680727
0.652012
0.171831
2.51871
0.618602
0.648022
0.042154
-0.676521
-0.55486
-0.227983
0.935
-1.19545
-0.32654
0.412453
-0.851398
0.16308
1.31036
-0.158273
0.298196
0.0680691
0.528214
0.819069
0.0821627
0.530474
-1.0368
-0.883238
0.741745
-0.191326
-0.405314
-0.592387
0.0708301
-0.494833
0.84086
-0.174282
-0.7718
-0.64782
-0.270231
-0.370703
0.833448
0.77177
-0.565588
1.61316
0.173573
0.333897
0.0742922
0.021451
-0.87129
0.892624
-0.846977
-0.0997818
0.127329
0.538212
-0.239358
-0.202825
1.34492
-1.56916
-0.198997
-0.744392
-0.478883
0.768633
-1.38367
0.14657
0.51916
-1.60928
0.767554
-0.374283
-0.828167
0.41667
-0.398537
0.491391
-0.28962
0.0688665
-0.9459
0.200128
0.41523
-1.7689
-0.110352
0.028419
-0.605688
0.533703
-0.828065
0.437218
0.362608
0.122153
0.439248
-0.579069
1.08907
0.523883
0.00792526
-0.836114
-0.0709303
-1.70385
-0.0993351
-0.218814
-0.645413
-0.140351
0.636144
-0.666821
-0.567381
-1.08126
0.485465
-0.16728
-0.529157
-0.400657
-0.351293
0.257067
1.05575
0.19549
-0.445315
0.0862939
-0.25971
-0.993429
-0.56758
-0.266297
-0.547706
0.31494
-1.23308
0.188606
-0.36537
0.0189825
0.00287434
-1.93409
0.616429
0.0372167
-0.189096
0.923215
-0.682884
-0.939319
0.00403049
1.2372
-0.2307
-0.376926
-0.485529
-0.520959
0.442975
0.482182
0.104699
-0.721475
-0.449979
-0.85597
0.0456357
-0.861234
0.422687
-0.738031
0.618013
1.06739
-0.657559
-1.30187
-0.655159
-0.698541
-0.988889
0.168087
0.945655
-1.12488
-0.120006
0.231986
0.0983794
0.981341
0.663959
-0.536679
-0.0288507
0.773028
0.240221
-0.441925
0.681433
0.37347
-0.766526
-0.884378
-0.536741
0.765166
2.22622
0.336484
-0.682204
1.23031
0.553052
-0.491896
0.37347
0.858946
-0.157074
0.781499
-0.143477
-0.159895
0.840668
0.234637
0.158684
0.020641
-0.0308486
-0.413392
-1.12059
-0.0733926
-0.794019
-0.221819
-0.687245
-0.833393
-0.506914
0.799184
-0.334472
-0.0681506
-1.72004
-0.488755
0.378683
0.318639
-0.234855
0.902506
0.807017
0.226776
-0.0163865
-1.01647
-0.882468
-0.224852
-1.30042
-0.242961
1.17967
-0.368912
-1.18262
0.489326
0.168328
-0.134806
0.131699
-0.504988
0.584346
0.929089
-0.0655016
-0.0940331
-1.52928
1.07626
0.525902
-0.784833
-0.0179376
-1.06942
1.39287
-1.00553
0.726348
1.2828
0.662857
-0.0213047
-0.764676
0.14506
-0.613088
-0.823157
0.308427
-0.0945855
-0.368644
0.213283
-0.355927
0.887507
0.0426888
0.871283
1.67617
0.907566
-1.48917
0.920094
0.0613494
0.497121
-0.932034
-1.22266
0.0148401
0.751419
-0.0566337
0.348084
0.248938
0.66348
-0.845331
-1.08476
-0.562975
0.665956
0.396692
0.835676
0.653989
-0.862204
-0.261969
0.421791
-0.719728
-0.945127
0.266544
-0.175741
-0.608411
0.137416
-0.25893
-0.441709
-0.406066
-0.193274
-1.08955
-0.567438
-0.0513392
-0.280714
-0.20176
-0.167189
0.940732
1.10215
-0.344631
-0.580011
-0.200664
0.392432
1.34822
-1.90532
-1.0739
0.800256
0.0791555
-0.229719
-0.464892
0.410651
-1.34531
0.644908
1.27878
-0.177646
-0.933577
-0.774717
-0.510876
1.11052
-0.0783812
0.081284
-0.165538
0.659957
0.437651
0.645933
0.212913
-0.287397
1.13709
0.352858
0.70286
-0.0222422
0.0850267
0.165509
-0.676274
0.845788
-0.258147
-1.36274
-0.0401366
-0.11068
-0.0670709
1.81096
-0.325707
-0.510482
-0.244974
0.0600616
1.1467
-0.392492
-0.0265981
-0.0130033
1.7947
1.20809
-0.228093
0.0691381
-1.51691
1.76449
0.724813
0.323313
0.842646
0.515533
-0.286864
0.634821
0.613987
0.180858
-0.749786
-0.894917
0.168799
1.73484
0.0762065
0.763856
-0.0266152
-0.104367
-0.311774
-0.90201
-0.130761
-0.139699
-0.503223
-1.08151
-1.25052
-0.0139399
-0.09942
-0.10037
0.424062
1.25391
0.344643
0.821947
-0.800154
-0.168276
-0.209909
-0.313913
0.00370128
-0.0575776
-0.733994
-0.223997
-0.817271
-0.361643
0.661675
-0.029462
1.18441
-0.198945
0.64083
-0.973119
-0.910835
0.664467
-0.0859074
-1.34534
0.486478
-0.250889
-0.762001
0.596491
0.363953
-1.04355
-1.22224
0.357323
0.471122
0.758826
0.641076
-0.918106
0.535454
0.267533
1.31592
-1.12561
-0.247505
-0.568806
0.43121
-0.681104
0.264529
-0.293157
-1.07818
0.365072
0.851624
-0.577469
0.421222
-0.655578
-0.1981
0.106994
0.408977
0.534471
-0.369397
0.591759
-0.302624
0.465169
-0.640155
-0.267184
0.162215
0.201461
-0.160266
0.510213
1.63485
1.24402
-0.672301
0.60042
0.150308
-0.353923
0.0697314
-1.24806
-0.907512
-0.388783
-0.178158
0.215575
-0.397552
-0.491015
0.850889
0.209368
-0.253987
-0.587809
-0.535042
-0.483571
0.847291
0.261351
-1.01742
2.05359
0.156107
0.291199
0.785806
-0.0377551
0.0371994
0.833689
0.388873
0.112475
-0.472126
1.32766
-1.33595
0.271538
0.632147
0.685805
-0.282564
1.15819
1.02771
1.27631
-0.0412574
1.22482
-0.388526
0.0531899
0.010913
-0.532853
-0.156805
-0.53769
-0.187852
0.190346
-0.372529
-0.56412
-1.22032
0.334276
-1.57806
0.0565932
0.0584634
-0.907471
0.271376
-0.917298
-0.460459
0.689632
-0.542369
0.721636
-0.568528
-0.0746982
-0.1225
-0.131023
0.06784
-0.353825
0.406446
-0.956645
0.379693
-0.198798
-0.384602
0.776334
-0.165979
-0.0859173
-0.838359
1.0374
0.868634
0.543794
-0.0471977
1.12081
-1.32052
0.659769
-0.0280479
-0.136644
-0.287119
0.879368
-0.361554
0.188268
-0.63948
-0.873607
-0.00295766
-1.13462
-0.348534
1.11251
-0.732731
0.776483
-0.0407463
-1.2975
0.744058
1.73447
1.19819
0.450001
-0.26991
0.289443
-0.881107
-1.17668
0.590563
0.599728
-2.02857
-0.864601
0.50986
0.435969
-0.949924
-0.0677824
-0.259646
0.740041
0.599011
-0.389434
-0.991288
-0.11005
-1.03613
0.34372
-0.058615
0.247646
1.02238
-0.16492
0.355173
-0.667787
-0.106433
-0.0394181
-1.25711
0.558173
0.504923
-1.29977
0.0199894
0.459204
0.879394
0.859963
-0.601367
-0.552438
-0.661613
1.37011
-0.621715
0.0945595
0.271953
-0.897779
0.673224
0.329576
1.02347
-1.06514
-0.579393
0.355565
0.27049
-1.4267
0.831704
0.528349
-0.274975
-0.241227
0.506231
0.718815
-0.272163
0.124304
0.244565
-0.548461
0.0968855
1.04349
0.151793
1.10107
-1.46571
0.27867
-0.891292
0.279699
-0.811063
-0.114054
-0.158789
-0.310765
-0.31791
-0.345984
-0.446425
-0.601074
0.0182386
-0.496324
-0.412342
-0.115879
-0.205965
-0.230428
-0.825517
0.256795
0.512914
0.423819
0.0964875
1.16252
-0.137146
-0.196292
-0.56018
-0.647625
-0.489209
0.429162
-0.499964
1.0173
0.413339
0.672239
-0.634352
0.413544
-0.744371
1.85262
-1.4805
-0.450432
0.582665
-0.725151
0.453113
-0.446088
-0.198903
1.10495
-0.12049
-0.0588534
0.152926
0.901297
0.298377
-0.029619
0.199779
0.47233
0.82965
-0.643004
0.951117
0.0119869
-1.10152
0.281087
0.876887
-0.95228
0.317767
0.470599
0.465095
-1.40554
0.121291
-0.36004
0.191582
-0.279873
0.620073
0.244709
-0.93075
0.383797
0.143662
-0.371886
0.9618
0.198173
0.499232
-1.18303
-0.237883
-0.422348
-0.815463
0.451042
-0.699003
0.1705
0.50444
0.831916
1.65835
0.211993
0.184249
-0.456381
0.0904213
-0.246275
-1.03077
0.23037
0.446543
0.394554
0.0777697
0.199243
-0.7853
0.234524
0.541395
1.18966
0.374693
0.129038
-0.0331624
-0.285381
0.12686
0.664399
1.28747
-0.5206
-0.541641
-0.0198181
0.202764
-0.52371
0.677075
0.231177
0.0352221
1.33012
-0.0167339
-0.686962
-0.678295
0.111361
-0.060837
0.23908
-0.134547
0.587562
0.193039
-0.567504
0.342652
0.0799023
-0.244435
-0.343129
-0.200122
0.185436
-1.25773
-0.319415
-0.534339
-0.389094
1.67939
-0.285183
-1.84751
0.376835
-0.630442
0.848458
0.0662909
0.336795
-0.771623
-0.426965
-0.824421
0.54614
-0.307571
0.331533
0.0857294
0.139548
0.539619
0.321817
1.40008
1.49475
-0.09529
0.325612
1.06118
0.81775
-0.741137
0.364466
0.432709
0.851454
-1.48622
-0.836218
1.55034
0.601183
0.13621
0.299691
-0.415143
-0.637098
1.34291
-0.20181
0.116644
-0.00902637
0.00913702
0.640425
0.414609
0.411441
-0.216156
-0.100331
0.444866
-0.507414
0.516723
0.12622
-1.63838
1.64288
1.06037
0.556041
-0.359536
-0.294874
-0.608799
-1.91679
0.27336
-0.100642
0.133981
1.73725
0.750015
0.122668
0.992354
1.02154
0.364146
-0.857944
-0.703083
-0.57844
-0.722034
-0.559159
0.0251692
1.07399
-0.0713516
-1.31867
-1.34434
0.303721
-0.156849
-0.348314
-1.4576
1.16392
-0.705362
0.542805
-0.243219
0.0982144
-0.917289
-1.13598
-1.27065
0.979973
-0.420255
0.370609
-0.0336868
-0.559118
-0.313504
0.0437089
1.45708
-0.175939
0.689674
-0.215456
-0.118888
-0.758261
-0.488061
0.677632
0.454053
-0.199832
0.637873
0.264339
-0.3798
0.149345
-0.616429
-0.997771
-0.388952
-0.478938
-1.1832
-1.13501
1.28397
0.238013
-0.280944
-0.470976
-0.176025
-0.330577
-0.584011
0.934172
-0.254127
-0.582291
-0.369413
0.234411
-0.531304
0.0375541
-0.617667
-0.546951
-0.656144
-0.390528
0.0285667
0.0911849
0.968219
0.284741
0.0480489
-0.0350161
0.20315
0.64421
0.151634
0.139892
-0.242089
1.13137
-0.0254487
0.521192
0.596199
0.50951
-0.0125507
1.23169
-0.0903025
-0.194909
-0.547175
0.800115
1.66901
0.943768
-1.1544
-0.208765
-0.228607
0.118786
0.767581
1.74144
-0.236386
-0.774329
0.386117
-0.453544
0.15037
-0.307379
-0.785002
0.932118
0.523163
-0.0350237
-0.302022
-0.053511
0.269926
1.00252
-0.243208
-0.250389
-0.0288615
-0.408659
1.04891
-0.927507
-0.0254973
0.822727
-0.258054
-0.982646
0.393081
0.645899
-0.758995
-0.328317
0.129496
0.230932
0.859564
1.25887
0.27862
-0.401546
0.718722
0.570079
0.176579
0.453821
0.162674
0.442374
-0.449236
-0.123009
-0.353863
0.831873
-0.0136372
-0.356674
-0.09068
0.396701
1.06407
0.624356
0.273729
-0.455853
-1.04882
-0.388905
-0.320019
0.563682
-0.69187
0.536429
0.0949471
-0.203282
0.279176
-1.15223
0.230717
-0.207066
0.724852
0.0461544
0.243596
0.23958
-0.745068
1.76995
-0.347677
0.598983
1.18659
0.83602
0.9471
-0.341869
-0.457923
-0.607617
-0.417467
-0.381633
0.213094
1.52051
0.805781
-0.568888
-0.230977
0.688863
0.485363
0.420482
-0.221369
-0.0672687
-1.22955
0.655093
-0.181492
0.133542
0.324741
-0.234422
-1.16878
0.173436
0.919936
-0.434656
0.106824
1.45444
0.109934
-1.00145
-0.393511
-0.552634
0.114213
0.31439
0.24602
-0.615738
-0.74454
0.365521
0.294711
-0.737807
-0.540999
0.159632
0.357789
1.10294
-1.01313
-2.29862
0.917248
0.525796
-0.770816
-0.162166
1.08676
0.466636
-0.260385
-0.124411
0.399037
-0.741071
-0.214772
0.202604
-0.563844
0.611254
0.774077
-1.47568
0.587869
0.578114
-0.222057
-1.54986
-0.329821
0.325288
0.580344
0.140496
-0.93571
-0.600089
-0.257516
0.295491
0.276009
0.0726606
-0.102116
0.316612
0.189381
0.637534
0.482081
-0.0563901
-0.0122205
-0.106094
0.223007
0.101971
0.539251
0.803291
0.257769
-0.760131
0.451803
0.99823
-0.501851
-0.216838
0.940619
0.189623
0.489288
-0.769996
0.18048
0.66074
-1.26008
0.463282
0.320384
-0.261875
-0.0236935
-0.502551
-0.914618
0.537397
0.0981028
0.453302
0.748809
0.935634
0.466471
0.800656
-1.18815
-0.886486
0.750279
-0.424751
0.0990169
-0.443379
-0.618138
0.325945
1.39801
0.179844
0.417424
-0.542998
-0.63666
-1.16657
0.788551
-0.945404
0.532789
0.214032
-1.41096
0.100804
0.164878
-0.993045
0.970297
0.589208
-0.424061
-0.302359
-0.595109
-0.118543
1.03694
0.00745171
0.0772658
-0.164785
-0.963006
-0.927921
-1.19278
-1.31138
0.626785
-0.0461025
0.711819
-0.295825
-0.273206
1.99654
0.222135
0.0689898
1.97124
0.696038
-0.0316902
-0.328455
0.227841
0.180887
0.324693
0.447294
-0.211533
-0.73602
-1.45071
-1.25424
0.115147
0.954582
-0.225643
-1.18741
-0.563802
0.487585
0.953735
-0.571767
0.0636794
-0.0573325
1.45993
-0.470602
-0.951549
-1.91771
0.0244116
0.202084
-0.585439
0.840855
0.595857
0.515844
-0.126779
0.469825
-0.414967
-0.113787
-0.651363
-0.270959
-0.38657
0.123476
-0.0934617
-0.170328
1.00553
0.253361
0.420905
-0.2879
-0.939704
-0.3385
0.581158
-0.261655
0.165303
0.410807
-2.08775
0.618238
-0.287158
-0.0385739
0.637074
-0.367678
0.619605
0.486601
0.853019
1.33933
0.0274955
0.454723
0.161329
-0.439038
0.185197
-0.851492
0.773848
-0.0959066
0.0753793
0.213759
0.00031809
0.185801
0.100942
0.378193
-0.567507
0.297264
-0.234852
-0.828226
0.524032
0.639865
-0.00487574
-0.551784
-1.4853
2.03804
-0.631068
-1.20657
-0.238125
-0.156023
-0.535711
-0.188384
-0.695948
0.128268
-0.185926
0.905536
0.133276
0.0370453
-0.433315
0.40057
0.798886
0.15812
0.358571
0.471245
0.522907
-0.0201154
0.317102
-1.50658
-0.465037
0.966972
0.225339
-0.361443
0.27082
1.4827
0.128427
0.911446
-0.170037
-0.681743
0.503846
0.558993
-0.120504
-0.528008
1.10516
-0.147943
-0.345238
-0.776755
0.676321
-1.12761
-0.852723
0.857321
-0.256203
0.139246
-0.102536
0.0610766
0.643087
0.0668078
0.501426
-0.996354
0.276906
-0.546582
0.179433
-1.21013
0.637097
0.135805
-1.47594
0.114929
0.571251
0.36757
-0.712934
-1.05361
-0.402201
-0.731053
-0.939085
-0.0961547
-0.615145
-0.636213
0.680718
-0.886766
-0.290333
-0.300385
0.304506
-2.22101
-0.127334
0.509299
0.655539
-0.7468
0.209791
0.0375001
-0.199181
0.267019
1.38703
0.0410422
-0.303829
0.129519
-1.16615
0.474812
1.26156
0.23912
0.0144009
-1.58138
1.06562
-0.554498
-0.633743
0.476051
0.955617
1.522
-0.00493866
-0.606229
-0.516158
-0.0893779
-0.737922
-1.7271
-0.284756
-0.0153713
0.65156
-0.445436
0.0498519
-0.435852
1.47353
-0.242166
0.0634153
-0.580773
-0.400939
-0.0055601
-1.42384
1.92198
0.283958
-0.0610632
-0.174208
0.804301
-0.716983
1.10574
0.252929
0.300642
-0.0679703
0.297237
0.132789
-0.331728
1.35475
-0.560132
-0.768524
-1.24287
-1.28506
-0.720918
-0.0192463
1.00375
-0.125602
-1.07848
-0.811069
-0.0593811
0.147407
0.941298
-0.864195
-0.423271
-0.180349
0.217148
0.246495
-0.414159
0.470138
0.339251
-0.787466
-0.389912
-0.64194
-0.782079
-0.638031
0.349253
-0.00603519
-1.40455
0.475829
-0.519083
0.887434
0.614405
-0.329049
-1.28906
-0.0725372
0.270311
0.799119
-0.292974
0.588022
-0.733431
-1.49846
-0.563718
-0.431818
-0.0104377
0.181677
-0.147804
-0.284044
-0.239199
0.826366
-0.584077
1.93447
0.658977
-0.20945
0.775587
-0.932174
0.36425
0.737682
-0.131888
-0.866724
-0.743649
0.895824
-0.478599
0.0659812
0.336914
0.466859
-0.282852
0.591634
0.457827
0.172376
-0.0503532
-0.5214
0.0496567
0.816227
-1.08185
0.974656
-0.482396
1.19132
0.611853
0.715727
-0.392391
1.16668
0.960836
0.56967
0.093159
-0.574753
-0.157695
0.288695
-1.53256
-0.364415
-0.0598032
-0.702387
-0.617385
0.373073
1.11022
-1.53593
-0.136649
0.16204
-0.534144
0.192445
-0.0533334
0.600863
0.217527
-0.64211
-0.805055
-0.0283538
-0.0385638
-1.44276
0.421061
0.74824
-0.304277
-0.233875
-0.090635
-0.239288
-0.867253
-0.118232
0.661807
0.758933
-0.201055
-1.07903
-0.457643
-0.620061
1.15138
0.221814
1.94789
-1.02508
-1.27576
-0.318914
-0.381091
0.0252617
-0.262959
0.00851709
0.598437
0.066325
1.15924
0.0192632
-1.05874
0.039321
-0.163106
-0.252981
-0.26166
0.376004
1.15014
-0.363953
-0.0183635
0.630328
-0.122211
-0.279324
0.0904175
0.173783
0.558578
0.140703
0.37187
-0.805231
0.447426
0.45701
-0.412368
1.15295
-0.422657
0.274536
-0.0890713
0.0256277
0.159313
1.16753
0.117972
1.25145
-0.414529
-0.623706
0.229876
-0.227216
0.638572
0.0734413
0.20624
0.332061
0.590302
0.746132
-1.64872
-0.935111
1.95621
0.179547
0.0201397
-0.636931
0.694485
1.00318
0.904159
-1.01994
1.54328
0.297847
0.175421
0.895612
-1.37739
0.28316
-0.762393
0.0722138
-0.561077
0.0310605
-0.9439
-0.351707
1.07111
-1.03319
0.726699
-0.605128
0.274772
-0.38699
-0.436282
-1.34348
-0.326639
-0.556324
0.432954
0.412085
0.0345293
0.382945
-0.795921
0.65482
0.577081
-0.488454
0.116689
0.766236
-1.41187
-0.0199781
0.167886
0.238993
-0.323139
-0.611538
0.652629
0.104965
0.220964
-0.417683
-0.944485
1.04795
0.474932
-0.15934
-1.31707
-1.42296
-1.32629
-1.86121
-0.590102
0.368577
0.258691
-0.121847
0.39219
0.0520032
-0.826893
-0.790999
-0.10919
-0.730741
-0.76004
1.51481
-0.116153
0.750985
0.433289
0.0747151
-0.241104
0.209876
0.725382
-0.00890557
-1.11601
-0.518681
-0.863979
0.45967
1.04289
-0.80253
0.241486
-0.755913
-0.478088
0.461129
-0.221193
1.0907
0.707414
0.280823
0.069245
-0.67627
0.640407
1.5802
-0.0872071
-0.212062
-0.719354
-0.301555
0.0187009
0.0860445
-1.17338
-0.0421864
0.242225
0.468215
-0.201819
-0.160095
0.14085
-0.461389
1.36114
-0.131591
-0.24085
-0.207464
0.251895
0.702993
1.5216
0.0838063
-0.108352
1.21779
0.608723
1.09556
0.67694
0.0751671
0.130966
-0.163776
-0.786316
1.39034
0.142318
0.512303
0.821161
-0.0283892
0.268209
0.532161
0.691477
0.803997
-1.53998
-0.0742712
-0.241376
0.0472481
-0.497185
-1.34849
-0.270142
0.244874
-0.251063
0.525524
-0.107109
-0.0929174
-0.266265
-0.0616322
-0.344685
0.353219
-0.0215774
0.319867
0.0557791
1.1783
-0.551333
-0.0676955
0.199206
0.227038
0.762056
-0.623689
0.243476
0.382114
-0.076673
0.294879
0.468976
0.673258
0.227622
0.439116
0.202374
-0.640843
0.131784
0.00206281
1.49299
-0.668004
0.673189
0.263849
-1.68743
1.14356
0.694473
1.06856
0.553547
-0.177023
0.651335
-0.613502
-0.387497
0.543356
-0.28499
0.791939
0.411569
1.16574
-0.154805
1.21809
-0.90853
0.650706
1.15844
0.295533
0.610623
0.152001
-0.261004
0.125503
-0.818923
-0.148316
0.698743
0.055163
-0.477343
0.657934
-0.245397
0.0863939
0.329531
-0.501356
-0.529389
0.26854
-0.420288
-0.0111206
-0.060354
1.35376
0.262283
0.627696
-0.277179
-1.01421
-1.03342
-0.57476
-0.837105
-0.137877
0.843154
-0.075526
0.00661059
-0.00487639
-0.0122199
-0.593577
0.0299956
-0.0471719
0.0728111
0.065095
0.0677877
0.957085
-0.9747
-0.451627
0.726884
0.26442
-0.449929
-0.180249
0.670876
0.350771
0.218591
0.974776
-0.329434
-0.937973
0.525622
0.0820375
-0.041815
-0.474301
0.108384
-1.53239
-0.00269125
-1.17053
-0.175481
-0.244061
-0.229833
-0.106961
0.35027
0.0717222
-1.10461
0.0174263
-0.556431
0.649014
-0.120935
0.779556
0.679257
0.744937
-0.0165929
0.465765
0.630326
0.339952
-0.394814
-1.24433
-0.577447
-0.220993
1.39877
0.330441
-0.304543
-0.159356
0.789078
-1.55183
-0.291971
-1.70206
1.0168
0.080807
-0.0472348
0.85648
1.00546
0.893381
-0.496032
1.63004
0.876878
-0.420628
-0.110659
0.0450135
0.263773
0.559797
-0.493742
-1.42887
-0.506858
1.1886
-0.158367
-0.0275167
-0.202208
-0.128909
-0.306008
0.318753
0.60878
-0.12694
-0.446311
-0.400269
-0.824101
0.48559
0.0144721
-0.534107
-0.429515
0.856107
-0.01373
-0.706566
0.354746
-0.0590441
0.481939
-0.236664
0.539835
0.661142
0.754284
0.575116
0.732602
-0.256587
-0.0285606
0.65625
-0.793247
-0.18693
0.146254
1.34626
-0.277102
0.160367
0.165598
-0.602642
0.111006
0.138201
-0.0982061
-0.810135
-0.567003
0.197292
0.963275
-0.38607
-0.00400154
-0.986032
0.900371
-1.74301
-1.06364
0.406522
0.873237
0.750988
-0.848401
-0.094475
0.204261
0.270345
-0.603196
-0.899388
0.16989
0.13336
0.307408
-0.389703
0.137837
-0.193556
0.165636
-0.635258
0.820041
0.45512
0.444457
-0.444887
-0.706233
-0.217794
0.550263
-0.119277
-0.341535
-0.160818
-0.482919
0.859745
-0.78508
-0.645883
0.338758
1.02298
-0.899535
1.50395
0.394486
0.675082
0.00647962
0.726149
0.340679
0.640207
0.521692
0.474343
0.153086
0.276783
1.30195
-0.796633
-0.181377
1.67548
0.473949
0.794929
-0.54361
-0.613416
2.05987
1.41685
-0.163898
1.15906
1.40245
0.648662
-0.329722
0.538062
0.58074
0.783606
0.576674
0.862939
0.943184
-0.132901
0.737867
0.0144405
0.302294
0.394172
-0.41467
0.509473
1.37721
-0.0674609
-1.10133
-0.621333
-0.319873
0.173944
-0.0403533
-1.23263
0.12365
0.130742
0.492576
0.0331359
0.353245
-0.862963
-0.161483
0.241487
-0.38808
0.650643
-0.200636
-1.85596
1.41255
-0.346494
-1.0942
-0.523078
0.713474
0.161318
-0.625169
0.953048
0.729005
-0.117814
-1.02648
1.18845
0.404509
0.509149
-0.341347
0.637961
-0.000648584
0.180627
0.539141
-0.636521
1.77837
0.734203
-0.400089
-0.540656
-1.17578
-0.900543
0.0862251
-0.364834
0.239783
-0.328828
-1.13468
0.766645
-0.385656
1.01407
-0.580435
-1.0729
0.299557
-0.150655
-0.0391002
0.243779
0.614537
0.606557
0.980954
-0.652233
0.649813
-0.572785
0.953845
0.131054
-0.0638386
0.591902
-0.0284387
1.35254
-0.873511
0.079508
-1.07749
-0.821112
0.0328998
0.104968
-0.543953
-0.404999
1.28448
0.438841
0.685864
-0.700689
-0.513236
1.6436
0.375024
-1.68536
0.445
-0.732361
-0.509383
0.610739
0.450541
-1.28189
-0.218976
0.617427
-0.894524
0.569504
-0.585803
0.468658
-0.0875802
-1.22876
-0.418152
-0.259464
-0.681129
0.301108
-0.247592
0.0580328
-0.244024
0.0911103
0.086101
0.630987
0.28879
0.525328
-0.659787
-0.254646
-0.3021
1.38483
-1.3315
-1.52628
0.867552
-0.596341
-0.898317
-0.57813
-0.412287
-0.514919
-0.102422
-0.391156
-1.58213
-0.0928421
-0.380582
1.27483
0.616799
1.58786
1.06862
-1.22086
-0.695962
0.714716
0.234349
0.269106
-0.926137
-0.0676004
-0.769328
-1.71878
-2.0138
-0.14834
-1.84153
-0.119692
0.764944
-0.215
-0.624457
0.360255
-0.815165
-0.0418686
-0.648997
-0.274788
-1.98331
-0.438763
-0.602991
0.283462
-0.744396
-0.272219
-1.02345
-1.27147
-1.91595
0.424723
0.146233
0.186233
0.313489
1.7993
-0.0607764
-0.429822
1.44699
0.503204
0.233803
-0.431882
0.159035
-0.138388
0.507335
-0.0731561
-0.330703
0.523135
0.763645
0.631938
0.727952
-0.240695
0.401794
-1.16856
0.390876
4.37297e-06
-0.786824
0.333872
-0.118237
0.124527
-0.545336
-1.41126
-0.232024
-0.31642
0.521341
-1.18188
0.370568
-0.956258
0.945816
0.38189
0.519605
-0.0967246
-0.326193
0.714746
0.850313
0.398606
-0.887605
-0.530126
0.413843
-0.27059
-0.699988
0.373712
-0.563477
0.154052
0.272388
-0.825384
-0.454393
-1.82589
-1.01837
0.517314
0.244536
0.69717
0.276977
-0.652357
1.25576
-1.10572
-0.0673365
0.523108
0.248862
0.0633601
-1.17631
-0.514545
0.513595
-0.433318
0.471158
-0.184667
0.140933
-0.227339
-1.52326
1.16489
-0.321069
0.644193
-0.0797724
-0.500706
0.327871
-0.132523
0.322244
-0.0481193
-0.841187
-0.575236
1.22773
-0.830911
-0.134381
-0.0855093
-0.382039
-0.750261
0.481962
0.576995
1.91244
-0.722776
0.861915
-0.297589
-0.504258
0.704043
0.479613
-0.34686
-0.202283
0.460122
-0.934143
-0.475494
-0.612657
-0.164736
1.0092
-0.71544
0.480126
-0.0732537
-0.02765
-0.0878944
0.745623
-0.152976
0.190432
-0.656825
-0.3904
1.62272
0.608783
0.701438
-0.0269405
-0.58783
0.457005
0.0643635
0.668547
0.143717
0.925345
-0.136149
-0.133063
-1.26666
-0.912009
-0.367788
-0.385966
-0.293021
0.0348212
0.155181
0.359779
-0.699618
-0.510865
0.180518
0.0066282
0.466986
1.14794
-0.277325
0.452001
0.342572
0.0660121
-1.91262
0.509364
0.0248615
0.043649
0.830983
-0.0718033
-0.181605
-0.734724
-0.450246
-0.0353041
0.176398
1.25312
-0.482852
0.286658
-0.310477
-0.557343
-0.449365
-0.178302
0.402566
0.616106
0.911161
0.522157
-0.232066
-0.552312
-0.119143
-0.374732
0.596783
-0.332198
0.317354
0.232919
-0.209121
0.839378
-0.501599
-0.133572
-1.05753
-0.10571
0.23783
0.315883
-1.75591
0.273018
-0.431517
0.397076
-0.578549
-0.518009
0.472035
-0.505866
-0.724366
-0.0457285
-0.315326
0.0218765
0.00533124
-0.521238
-0.0971361
-1.05895
0.545175
0.30032
-0.281313
-0.0967819
-0.343122
-0.717787
0.175434
-1.66268
0.29065
-0.838454
-0.992783
-1.18904
0.0984955
-0.258338
0.118637
-1.17684
0.387598
-0.37125
-0.180213
0.18527
0.0732039
-0.0336424
1.62567
0.67008
-0.134855
-0.272177
1.21741
0.469387
-0.282109
-0.288219
0.0118061
-0.984068
0.535278
0.560783
-0.404816
-0.438559
-0.0105799
-0.0625275
1.73932
-0.0494351
0.0788041
1.86355
1.56885
-0.167735
0.74538
0.58839
-0.3297
0.756456
-0.0378863
-1.00443
0.621705
-0.31457
0.4051
-0.951661
-0.706285
0.421729
-0.89013
0.31647
0.359868
1.62347
-0.588666
-0.477276
-0.476247
-0.175066
0.046134
0.82184
-0.246001
-0.7205
-0.233005
-0.895909
-0.779874
-1.16388
-0.429749
-0.537334
0.314657
0.944483
0.708351
-0.598673
-0.470596
-0.327089
0.844038
1.96338
1.22093
0.12663
-0.416254
-0.0735023
0.267721
0.931793
-0.310897
0.371022
0.10445
-0.43387
-0.148026
0.24588
-0.27652
-0.390061
-0.407627
0.575514
0.707001
-0.321899
0.34418
-0.0440418
0.383078
-0.863322
0.515806
-0.528219
0.637787
-0.129861
-1.07738
0.306846
0.65448
-0.84555
-0.204559
-0.830247
-0.724426
-0.795726
1.35887
0.140169
0.613813
-0.519312
0.800025
-0.324217
1.60474
-1.27418
-1.21553
0.243923
-0.436211
-0.41339
-0.00811228
0.608465
-0.675513
0.766271
-0.568057
1.08208
-0.00275853
0.341707
0.230111
-0.114404
-0.120471
0.279752
-0.803923
0.744457
0.333888
-1.75576
0.945039
-0.190264
0.578333
0.577917
-0.0409795
0.436822
-0.201509
-1.22727
-0.456407
-0.172725
-0.908857
0.376266
-0.208679
-0.890523
0.69568
0.66212
-0.196918
1.34268
-0.608524
0.0381342
0.141091
0.117388
-0.641614
0.392252
-0.499843
2.27619
-0.0882357
-2.1441
0.122118
-0.361175
-0.661389
-1.12988
-1.9853
-1.15989
-0.445721
1.03773
-1.18139
0.431811
-0.221
-0.169666
0.530297
-0.593197
-0.411316
-1.1644
0.692649
-1.66472
0.38766
0.402364
-0.390693
0.0395491
1.02307
-1.1493
-0.498701
0.263904
0.435863
0.64816
0.385302
-0.944457
0.103867
-0.760126
-0.169899
-0.0977373
0.272797
0.639694
0.0710512
-0.0122667
0.258138
-0.319969
0.944596
-0.673248
-0.20417
0.494947
0.534644
0.0266919
0.767156
-0.383305
0.576341
0.176609
-0.105834
0.100534
-0.382577
-1.15074
-0.328671
1.12237
0.855177
0.541237
-0.014397
-0.298726
0.694882
-1.05138
0.970083
-0.451161
0.776654
-1.338
-0.786541
0.180806
0.347992
-0.960744
0.886991
-0.871255
1.67101
0.140144
-0.599375
0.0611255
-0.625474
0.185601
0.109245
-0.332555
0.402688
-0.362316
-1.03495
-0.695263
0.397494
-0.523083
-0.606074
-0.158456
-0.66988
-0.148696
0.917433
-0.244099
-1.27855
-0.03575
0.605885
-0.833301
0.170969
-0.43163
-0.0132066
-0.839153
-1.0364
-0.647535
-0.751945
0.946458
0.119446
0.278381
-0.0457648
0.871722
0.848325
0.266311
-0.590169
0.359935
-0.267117
0.331792
0.332069
0.14648
-0.263415
-1.68742
-0.295096
-0.679741
-0.272132
-0.35977
-0.674492
0.076505
0.703487
0.221397
-0.00478108
-0.607765
-1.23271
-0.148991
0.0865001
0.862878
0.357096
-0.10922
0.112638
-0.271456
0.0234506
0.473932
0.504525
0.236646
0.293892
-0.106194
0.440612
0.359652
-1.33898
0.651863
-0.595359
0.825298
-0.817168
-0.697918
-0.914654
0.378475
0.749531
0.553722
-1.10779
-0.0164791
0.475557
0.810632
0.813571
-0.83344
0.385513
0.230603
0.00677502
0.711232
0.0431153
-0.989455
0.603373
0.579564
1.11454
0.287309
-0.235945
-0.0842606
-0.495
0.765357
-0.331676
-0.0843954
-0.207513
0.160582
-0.53423
0.0112797
-0.617827
-0.0947348
0.0684146
0.0196647
0.691237
0.422399
0.0742301
0.37924
1.67187
-0.157288
-0.00586669
0.354303
0.00233635
1.88339
0.153867
1.29734
0.0302774
0.532273
-0.470066
2.0297
-1.08941
-0.194334
-0.0339455
-0.74926
-0.0656872
-0.0480688
1.02689
1.22786
-1.29553
-0.204564
0.16892
-0.127521
0.704969
0.176629
-0.375973
0.748487
0.560318
-0.356039
0.864764
-0.490569
0.3462
-0.477965
1.03116
0.605624
-0.613212
0.253518
-0.574793
-0.669319
-0.466366
-0.261473
-0.00417727
1.15113
-0.303189
-0.44633
0.107896
-0.154886
-0.0728502
0.996225
0.0440783
-0.0738261
-0.112034
0.479753
-0.0164157
0.354912
0.588862
-1.51039
0.863767
0.927126
1.07484
0.605794
-0.262827
0.447338
0.110852
-0.828108
0.614981
0.651508
1.58361
1.36602
1.4298
0.231671
-0.549592
0.0411907
-0.305671
-0.791119
-0.184807
-1.40086
1.45463
1.70269
-0.0817519
-1.11037
-1.14908
-0.223916
-0.165938
0.174289
0.00951617
-0.46466
-1.27186
-0.29803
0.733819
0.563296
-0.726222
-0.866616
0.419471
0.0936488
0.435995
0.863066
-0.82811
-0.146005
0.117569
-1.60232
0.404581
-0.738597
-0.677452
-0.714968
-0.0122066
-0.498405
-0.148717
0.209758
0.302694
-0.434523
-0.585317
0.730691
-0.00295728
-1.58996
-0.752022
0.642234
1.13908
-0.50304
-0.216714
-0.0617795
0.710128
1.38976
-0.766237
-1.16338
-0.906959
0.570172
0.618232
0.244652
0.91162
0.758125
0.926616
-0.256041
-0.407524
0.336165
-0.639124
-0.0569826
0.521176
-0.995029
-1.10756
-0.142082
0.0217871
-0.366678
0.174449
-0.14817
-0.816198
-1.1217
-0.296829
-0.00165508
0.339987
1.15258
-0.720462
-0.748369
1.19048
-0.34786
0.642619
-0.118924
0.948895
0.331882
-0.365968
-0.288872
0.423807
0.166986
-0.297114
-0.800077
-0.0196794
0.212495
0.502491
0.339292
-1.20747
-0.918583
-0.448829
-0.34746
0.313221
1.59993
-0.0604936
0.0602555
0.726298
0.02237
-0.34263
-0.00239986
0.639904
-1.36098
0.358168
-0.456341
1.00436
0.2438
-0.277244
0.38821
0.298107
1.31668
0.538747
0.425858
-1.3527
0.571076
-0.761135
-0.219377
0.89762
0.947038
-0.959394
-0.866054
0.290965
0.35342
-0.208017
0.77264
0.793016
0.926119
-0.914298
-1.15438
-0.544115
1.05745
0.881191
0.240316
-0.186196
-1.77564
-0.60282
-0.350327
0.392768
1.35041
-1.76465
-1.0736
-0.562384
0.391421
0.382822
1.46457
0.622449
-0.182763
0.160398
-0.612452
1.02489
0.123628
-0.88111
-0.0395955
-0.266939
0.506235
0.145984
-0.341276
0.4253
0.538284
-0.301582
-1.20148
0.0297978
2.46731
0.269832
0.278902
-0.0571159
-0.188726
0.786346
-1.47297
-0.000550907
-1.08228
0.1787
-1.25947
-0.235495
0.509381
0.157309
-0.0668627
0.62668
-0.617213
-0.840869
-0.488954
-0.109382
0.718259
0.433196
-0.00832027
-0.631574
0.516897
-0.711427
0.0347221
-1.00475
-0.250534
0.415565
0.023224
0.346592
-0.350389
0.45373
0.147396
-0.198031
-0.318977
-0.631317
-0.497816
0.625142
0.953039
0.116184
-0.249726
-0.389304
0.582485
0.653624
-0.680519
-0.0608468
1.39264
-0.0290844
0.21283
-1.2355
1.37664
0.595312
-0.913276
0.0970488
0.483255
-0.63724
0.194465
0.543277
1.2051
-0.623634
-0.981548
0.459656
0.19249
0.867646
-0.848577
0.195402
-0.0760344
-1.38525
-1.01106
-0.444097
-0.512012
-0.175006
0.228166
0.232099
0.220176
0.712265
-0.215396
0.69204
0.328765
-0.8993
-0.492578
0.241872
-0.0518094
-1.23542
-0.334087
-1.09691
0.0624106
-0.153439
-0.657358
-0.734804
-0.614469
0.460325
1.28291
0.530955
0.630687
0.269789
0.762372
0.642725
0.162425
-0.638757
0.0704969
0.0862829
-0.0501045
0.299075
-1.06812
0.743309
-0.476474
-0.19898
0.229516
0.526421
-1.45436
0.373804
-0.35928
-0.12447
-0.110132
0.0507457
-0.544994
0.54325
1.77571
-0.106846
0.850237
0.388123
-0.3201
0.281357
0.732867
-0.917516
0.747219
-0.178898
-0.0199591
0.629779
-0.441998
-1.17899
-0.792463
-1.15517
-0.281071
-0.224817
0.848825
-0.523201
0.12144
-0.404341
0.49574
0.789327
0.492908
1.65109
-1.24176
1.11621
0.296899
-0.13244
0.393049
-0.19025
0.177839
0.446708
0.345774
0.223238
0.0865515
-0.421935
-0.393143
0.477497
0.688357
-0.596255
0.825074
0.144279
0.957284
1.21763
-0.124825
-0.89688
0.262309
-0.638804
-1.28885
0.180428
0.613246
0.578315
0.121573
-1.12822
-0.0666487
0.10857
-0.0484837
0.263131
-0.381674
0.707163
0.312516
0.737944
0.0637651
-1.09867
0.35657
-0.0412427
-0.477956
0.526961
-0.50288
-1.23701
0.422777
0.374063
-0.473398
-0.831879
0.205997
-0.0281986
-0.425527
-1.611
0.182426
0.0628352
-1.13258
-0.557249
-0.899015
0.748658
0.501073
0.854247
0.462267
0.565428
-0.37644
-1.33854
0.139421
-0.23652
-1.08429
1.1479
0.300162
-0.592605
-1.84122
-0.654033
0.449697
0.798273
-0.129005
0.331835
-1.0484
-0.591677
-0.323324
0.05382
-0.690789
-1.0356
0.752072
1.12801
0.203249
0.416202
-0.31879
0.279448
-1.09438
-0.81229
-0.322007
-0.869202
-0.761301
0.650159
0.385225
-0.858059
-0.540329
0.0648413
1.27653
0.123494
-0.00730227
0.158257
0.162999
0.333724
-0.0248118
-0.868482
0.50485
-0.132511
0.352019
0.0733096
0.048394
0.453636
0.123366
-1.06839
-0.0815946
0.0260154
0.51011
0.869995
0.526993
0.45323
1.48621
-1.24405
-0.496816
0.0838855
0.605195
0.729377
0.927679
-0.61268
-1.2206
-1.05269
-0.870093
-0.25515
0.405807
0.203263
0.134619
-1.91803
0.361761
-0.73915
-0.458085
-1.25339
-1.06792
0.284812
-0.662077
-0.652411
-0.0988761
-0.590403
-1.20093
-0.261776
-0.510801
-0.577518
0.269625
1.31757
0.58333
-0.225375
0.618437
0.260182
-1.05835
-0.429688
0.693797
0.571966
0.756278
-0.121287
-0.399757
1.01478
1.01294
0.312243
-0.0467601
-0.333751
-0.107196
1.49748
-0.156836
0.449166
0.928818
-0.243337
0.11545
-0.0878308
1.15934
-0.174995
0.935553
-0.782949
1.1779
-0.597639
-0.346424
0.140307
0.539106
-0.0139796
-0.591469
-0.204829
-1.48587
-0.437159
0.709005
-0.206819
0.219625
-0.0688912
-0.672256
0.253752
0.45403
-0.192973
1.08483
0.2167
-1.50827
-0.601274
0.570103
0.320768
-0.464944
-0.820447
-0.180358
0.519512
-0.0179715
0.138133
-1.13561
-0.706639
0.0627467
0.800082
0.563586
0.610476
0.0145181
-0.104636
0.284213
0.511878
1.34421
0.54115
-0.0872533
0.395365
-0.460745
-0.102847
1.31202
-0.0513178
1.14307
0.967367
-0.329907
-0.657748
-0.165154
-0.0223454
-0.797035
0.570435
0.665401
-0.179164
0.469099
-0.794871
1.46773
-0.672181
0.453723
-0.538663
-1.33331
0.316937
-0.640604
0.956371
0.785853
-0.684163
0.662795
-0.744929
-0.2987
0.188563
-0.63195
0.380693
0.327597
-0.756843
-0.185843
0.202866
0.949212
-0.282928
-0.664178
-1.22399
-1.16144
-0.089965
-0.631537
0.121216
-0.120416
0.690439
-0.404297
-0.220396
0.354578
0.685249
0.042316
-0.0884002
-0.183106
0.29294
0.401659
-0.485522
-0.732153
-0.42148
-0.570358
-0.475082
1.19619
-0.604119
0.180212
-0.947206
-1.03583
-0.300148
-0.234469
-0.57109
-0.362095
0.674526
0.384151
-0.293419
-0.26866
0.103393
0.921036
0.0969579
-0.100685
-0.172724
-0.862823
-0.944183
0.158621
-0.760109
0.359847
0.0297249
0.347457
0.0972873
-1.31493
-0.332166
-0.175533
0.818361
0.594157
-1.21702
-0.0677157
0.187843
0.0471541
-0.0190892
0.370432
-0.871226
0.095645
0.815378
-0.726016
-0.521891
-1.09849
-0.501761
0.206656
-0.0378839
0.575666
0.488108
-0.150444
-1.37564
-0.560694
-0.644271
-0.388519
-0.297593
0.357202
-0.903749
0.728696
-0.0266924
-0.846878
-0.0651445
-1.23828
-1.56474
-0.220176
1.48652
-0.950587
-0.0967393
0.680739
0.22896
1.51025
-0.440061
-0.61248
0.733027
0.346583
0.41778
-0.389503
0.115118
-0.116006
0.442503
0.816984
-0.873877
0.615224
0.703394
-0.653328
0.00455327
0.241666
-0.158874
0.1757
-0.0918938
-0.0850781
0.264059
-1.06521
1.0844
-0.891609
0.097205
1.54545
0.282832
0.611876
0.774763
1.42155
-0.0966417
-0.473988
-0.040443
0.259145
-0.0727138
-1.19978
-0.586755
0.45754
0.462047
0.128285
-0.135943
-0.79083
-0.244434
-0.900786
0.712749
0.867382
0.285994
0.435681
-0.0268494
1.01529
-0.861861
0.381155
-1.20063
0.463587
-0.583595
1.06447
0.122211
-0.47857
-0.868883
-0.413643
-0.796958
-0.750518
0.381682
0.842991
1.03758
0.164708
-0.44927
-0.104599
-0.300409
-0.526033
0.82517
0.16836
-0.675582
-0.409057
0.293075
-1.14904
-0.512733
0.398353
-0.0703013
1.18324
1.37807
0.154079
-0.120874
0.904534
0.400432
0.380013
0.287101
-0.00224851
0.347249
-0.322452
0.16133
-0.971438
0.273969
1.00466
0.534579
0.187258
-0.636663
-1.0472
0.791261
-0.621639
0.767459
1.0543
-0.670795
1.28948
-0.00237747
-0.730583
0.0600465
0.375495
-0.0984678
-0.135147
-0.379628
0.573506
-0.882025
0.0119782
1.70833
-1.71282
-0.229623
-0.248691
-1.04071
-0.317332
-0.315509
0.429785
0.485597
-0.27412
1.16454
0.422194
0.0920947
0.0776244
-0.0612437
0.361615
-0.495055
0.429946
-0.0955557
-0.126419
-0.28661
-0.410832
-0.679465
-0.635658
0.284579
-0.330846
-0.602391
0.396534
0.0176485
-0.557684
0.756545
-0.0185077
0.488507
0.114324
0.0812502
-0.450956
1.5491
1.02169
0.984986
-0.045455
3.67195e-05
0.0795857
-0.156929
-0.547698
-0.274418
-0.245204
0.376521
-0.22653
1.3846
-0.255862
-0.250934
0.232074
-0.0912902
0.606201
0.139493
-0.661127
0.0211467
-2.02161
0.117195
-0.587027
0.607695
-0.191161
0.381459
0.137269
-0.60557
-0.354078
0.517378
-0.275209
0.0305511
-0.0664496
0.658886
0.619686
-0.29542
-0.524026
-1.96651
0.602013
0.192617
-0.0814408
0.149942
0.885027
0.61284
-1.30854
-0.75267
0.984319
0.129177
0.708417
-0.0908615
0.846601
-0.314591
0.631814
0.0723614
0.204443
-0.398772
0.437985
-1.30578
0.133385
-0.697034
-1.4809
-0.448705
-0.534147
0.86433
0.8827
0.483284
0.142625
-0.19031
-1.19167
0.762934
-0.548333
-0.801534
0.912501
0.393732
-0.960171
0.66032
-0.163575
-0.842069
-0.372699
-0.0481633
-0.846941
0.500399
0.401696
-0.0815615
-0.819582
-0.520688
0.0409635
0.0112747
0.505866
0.428052
-0.385452
0.19442
0.0601018
-0.113364
-0.227688
-1.024
-0.618154
-0.330219
0.309506
-0.514821
-1.26938
-0.141649
0.271104
-0.4771
-0.408557
0.00136824
-1.17555
0.628827
-0.0126488
-1.36486
0.445917
-0.493996
-0.0301205
-0.262491
-0.575688
0.0453154
-1.06875
1.15834
0.290386
0.0230401
0.127776
-0.370279
0.947554
0.893655
0.569841
0.613875
0.13438
-0.778445
0.112415
-1.05197
-0.511869
-0.811897
-0.246284
-0.522686
0.0654777
-0.481909
0.573437
0.407661
-0.765521
1.5314
0.279656
1.02026
-0.94746
-0.338588
0.42204
0.336815
-0.55997
-0.630268
0.468353
-0.423241
0.581327
0.446889
-0.116785
0.21798
0.244434
0.692678
0.653158
0.302243
0.104283
0.951173
0.76691
0.857023
0.200802
-0.0610018
-0.328568
-0.908007
0.817109
0.0253635
0.409433
0.266216
-1.28563
-0.525456
-0.104394
0.856123
-0.384301
-1.21565
-0.45561
-0.122954
0.242867
1.04313
0.655461
-0.63042
-0.207866
-0.115789
-0.0400692
1.04273
-0.644993
0.31152
-0.49787
-0.704293
-0.320606
0.0170112
0.62435
-0.116785
0.338829
0.735114
0.564597
-0.232452
0.70393
0.570387
0.754317
1.81255
-0.0288912
-0.0293715
0.298914
-0.895346
-0.731431
0.0790193
-1.29003
-0.265602
-1.102
-0.107394
-0.572237
-1.44368
0.237017
-0.376312
-0.995364
0.592887
-0.232754
0.391506
-0.601565
-0.0822211
0.22391
-0.000795711
-0.982907
-0.35906
-0.516955
0.331298
-0.126485
-0.926431
-0.43194
0.39084
0.709415
-0.149776
-1.08412
-0.947056
0.311288
-0.994807
-0.0638903
1.36467
0.439095
0.0252267
-0.335424
-0.415256
0.207492
-0.634954
-0.276997
1.19725
0.342952
-0.841412
-0.242407
-0.295928
-0.136786
-0.540567
0.363476
-0.235791
1.10979
0.231638
-0.763423
0.340816
1.34273
0.813099
0.814657
-0.325735
-0.414447
-0.471939
-0.662848
-1.04137
0.0179024
0.479829
-0.481037
0.0800928
-0.506185
-0.636711
0.465566
-0.493148
0.73432
-0.707428
-0.33863
-0.263903
-1.42399
-0.00438833
-0.3777
0.0575314
0.216208
0.0359493
0.057626
0.204915
-0.799863
-0.281341
-0.884131
0.769768
-0.465807
0.843238
0.331785
0.827514
-1.13309
-0.0743401
0.285473
0.23488
-0.569028
-0.570972
-0.688404
1.04358
-0.623824
-0.995566
-0.0509824
-0.466476
-0.125392
-0.992383
-0.754115
1.39598
-1.20495
1.19788
-0.404947
-0.299824
0.782087
-0.946965
-0.805187
0.569495
1.04597
-0.102489
0.0995749
-0.357077
1.23235
-0.215689
0.821427
-0.628891
-0.270544
0.39002
0.636263
0.274698
0.548435
-0.747929
-0.897142
0.724825
0.0489986
0.592583
-1.73089
0.188101
1.15228
-0.678479
-0.525015
0.210826
0.302863
-0.369562
-0.397679
1.06424
0.320945
-0.725057
0.0485718
1.09293
-0.250505
-0.992978
-0.316066
-0.201355
0.0333459
-0.0761352
0.281855
-0.728491
0.893015
-0.0195338
0.270117
0.156575
0.256057
1.17175
-0.0875806
0.266708
0.144108
0.126097
-0.568278
0.277696
0.514756
-0.461942
-0.83662
0.398946
0.736816
0.348188
-0.0753343
-0.0267653
-1.09059
0.785299
-1.02982
-1.98824
-0.824227
0.560998
-0.232157
-0.152616
0.680764
0.640754
-0.190939
0.219244
-1.04485
-0.247949
0.469
-0.462417
0.0257704
0.223978
0.191484
0.737979
0.284455
-0.155681
-0.656261
-0.198915
-0.0388999
0.24187
0.599681
0.285949
-0.108109
-0.509024
0.181194
0.0992259
1.68538
-0.727688
-1.14951
-0.714401
0.422327
-0.180675
-0.612312
-0.530464
-0.0822916
-0.0547991
-0.140433
0.782485
-0.555139
0.461404
0.490949
0.198546
-0.0187154
0.570575
0.784281
0.701799
0.791115
-0.334639
0.13882
-0.127806
0.187797
-0.353897
-0.115238
0.743897
-0.168265
-0.601485
-0.720262
0.559781
-0.266946
1.64074
-0.0132846
0.10432
-0.0880602
-1.14912
0.0676015
1.11073
-0.753544
-0.56775
0.182104
0.313154
-0.355104
0.455236
1.31982
-0.762221
-0.64017
-0.264872
-0.889433
0.0726739
0.882554
0.262577
0.860524
0.35248
-1.23878
0.581542
-0.356022
-0.238138
0.0252272
-0.184988
-0.390017
-0.100214
-0.816393
0.458952
-0.974808
-0.915497
-0.0251553
-0.77088
0.601757
-0.201053
-1.4278
-0.155536
1.55373
-0.380833
-0.401355
-0.410887
-0.172866
-0.711697
0.337331
-0.241541
0.980607
0.0368688
1.15964
-0.480007
-0.39646
1.49411
0.125074
-0.0195055
-0.274282
0.545553
1.19589
0.343997
0.2308
0.0886783
-0.241181
0.420735
0.960657
0.629528
-0.633115
0.211106
0.481054
-0.688023
-0.0698588
-0.674965
-0.517481
1.13922
1.09285
-0.485715
-0.185416
-0.812966
0.612575
-1.02335
0.372744
-1.19557
0.0236218
0.416499
-1.29261
-0.774311
-0.105469
-0.61345
0.559826
-0.464244
0.515985
-1.3068
-0.6293
0.562121
0.199774
0.263338
0.0918082
-0.714127
-0.866024
1.93525
0.650204
0.0623415
0.240996
-0.890443
-0.875806
-0.248002
-0.88571
-0.641673
-0.747846
-1.51113
-1.07753
-1.33209
-0.915605
1.04367
0.657785
0.599118
-0.354192
-0.306662
0.0602034
0.352443
-0.420752
-1.63181
0.488623
-0.417646
0.246404
0.269385
-0.281975
0.878744
0.299362
0.168922
0.0402009
0.638565
0.0912094
-0.277521
0.849603
-0.29185
-0.571063
-0.507253
-1.29715
0.634855
-0.437539
0.718696
0.0612124
-0.304311
0.0303263
0.203769
1.91716
0.215868
0.726141
0.093834
-0.259134
0.698368
-0.096976
0.347372
-1.43736
-0.0234603
-0.460773
0.613653
-0.434499
0.527864
0.0381355
0.0742032
0.477372
0.622403
-0.533959
-0.457111
-0.750769
-0.581717
-0.0325953
1.5992
-0.276134
-0.257022
0.827995
-0.0508006
0.284338
-0.0255617
1.05013
0.162601
-0.569415
0.632377
0.86592
-0.600373
-0.628467
-0.80932
0.518594
-0.425856
-1.06071
0.684733
-0.569891
0.776303
-0.188716
-1.0773
-0.188742
0.562351
0.335473
0.0142738
0.208625
-0.180206
0.048901
-0.182371
0.363142
-0.192343
0.289945
1.58549
0.296513
-0.242717
-0.15207
0.899982
-0.214407
1.23153
0.208494
-1.38032
-0.13251
-0.356338
0.255506
0.281612
-1.11062
-0.49748
0.845922
-0.701845
1.04549
-0.173339
-0.495244
0.880724
0.331136
0.479975
1.33365
0.293785
0.546146
-0.107443
-0.302521
0.31482
-0.305358
0.166439
-0.149774
-0.308535
0.145208
1.10881
-0.717142
-0.503555
0.178432
0.599759
-0.64155
-0.538906
0.0109477
-0.0474818
-0.145316
-0.594532
0.584815
0.385329
-0.0294201
-0.176661
-0.543186
-1.24211
-0.595844
0.250761
0.401297
-0.962612
-0.569583
0.453779
0.154263
0.474574
-0.782413
-1.23368
-1.00871
-0.599654
-0.961934
-0.67577
0.974278
0.185767
-0.627311
-1.3519
1.51089
0.554839
-0.0368426
-0.368517
-0.991209
-1.49286
-0.455811
0.389889
-0.0907366
-1.06292
-1.52131
0.142157
-0.0985113
-0.523462
-0.132855
-1.12464
0.215106
0.174681
0.696956
-0.906386
-0.476134
-0.871955
0.329423
0.202177
0.822404
1.65281
1.16593
-0.744908
0.559665
-0.415354
-0.413891
-0.655876
-0.0728033
-0.689462
1.04732
0.669515
0.512
-0.437955
-0.958763
-0.874755
0.488723
-0.288235
1.42023
-0.831486
0.669068
-0.488536
0.484331
-0.654102
1.02042
1.3373
0.617906
-0.995969
1.1785
-1.40475
-0.369071
-0.253523
1.11276
0.274923
0.552922
-0.463028
-0.337036
0.442177
-0.750533
-0.0309251
0.243469
0.240103
0.777688
0.725663
-0.0753605
0.755118
0.351536
0.228686
1.01113
-0.797495
-0.744731
0.713795
0.555454
0.302859
0.196719
1.16366
0.248067
0.283005
-0.434784
-0.33805
0.568547
-0.13934
0.24196
0.646294
0.856072
0.237789
0.243036
0.731292
0.222048
-0.430079
-0.473898
-0.394685
-0.0939865
-1.9255
0.246512
0.406171
-0.119085
0.411406
1.0203
0.115046
0.65497
-0.871223
-0.139678
0.612407
-0.504187
-1.63866
0.68803
-0.357082
-0.310718
0.158245
-0.816515
0.479692
-0.486852
0.239832
-1.04546
0.663308
-2.01178
0.652094
0.18596
-0.604291
0.475445
-1.29686
-1.05171
0.281072
0.53161
-1.04489
0.0469299
-0.318423
0.375301
-1.17144
0.633069
-0.477428
0.844482
2.23428
0.00753304
-0.421666
0.215154
1.51471
-0.158978
-0.0268453
-0.0456955
0.323324
-0.174281
-0.572299
-1.4312
0.496949
0.725291
0.0210505
1.16813
-0.857002
-0.0626831
-0.155428
0.160512
-0.294188
1.22019
-1.04059
-0.696576
0.206791
-0.531651
-0.0243729
-0.388007
-0.0745329
0.795547
-0.795816
-0.795562
0.407579
0.109836
0.221844
-0.771297
0.194529
0.978637
-1.15671
-0.681991
-0.458448
-0.230858
-0.461442
0.0935092
-0.655414
-0.297061
0.26676
-0.214108
0.794002
-0.236387
0.156718
0.484655
-1.32176
-0.564552
0.994231
0.600533
-0.0756272
0.832678
0.448049
0.413192
0.0505225
0.654666
0.984797
-0.885026
0.613991
-0.288182
1.01444
-0.393774
0.58593
0.863002
-1.15333
0.640697
0.959305
-0.760664
-0.759291
0.574634
0.436668
0.237544
1.13384
0.559186
0.604194
-0.442648
-0.33967
-1.6016
0.267098
0.143231
-1.23612
-2.04839
-1.58321
0.0107921
0.531121
1.4599
0.0217404
0.515568
-0.416884
-0.112634
-0.349117
0.369815
-1.91832
-0.543768
-1.03796
0.658369
-0.17321
0.134923
0.228723
-0.2288
0.883758
0.0322129
-0.366664
0.775611
-0.336309
-0.269281
-0.21939
-0.734598
-0.781639
0.0226134
-0.288065
0.53842
0.823313
0.0211647
-0.055729
1.51141
1.21328
-0.828897
0.87783
-0.966661
-0.0501999
-0.812354
0.63233
-0.308637
-0.0246782
0.715073
-1.38066
0.394912
-0.210946
-0.501134
0.0563453
-0.893073
0.689856
-0.0868767
-0.879229
0.376879
1.12348
-0.30462
0.399833
-1.21832
-0.353916
-0.115495
0.284483
-0.114383
-0.672962
-1.49877
0.998775
0.291709
0.263203
-0.505836
-0.275002
1.49513
1.36017
1.51545
-0.124342
-0.60467
-0.748824
-0.622546
1.07942
-1.04683
-0.150695
0.717178
0.287145
-0.74901
0.150189
0.858948
-0.378438
0.588339
0.903438
-1.04624
0.557372
0.261052
0.869735
-2.02352
0.0999453
-0.213878
0.28121
1.06574
0.460014
0.865843
-0.706247
-0.318387
0.465415
0.0568595
-0.647831
-0.652216
-0.279695
-0.803339
-0.879354
-0.0755168
0.290975
-0.140467
0.69188
1.07621
-0.185609
0.406688
0.813782
-1.31004
-0.867733
0.54685
-0.355692
0.426443
-0.312924
0.666001
-0.137284
-0.719565
-0.228457
0.374491
0.28081
-0.652013
0.224905
1.76881
-0.746888
0.997807
-0.547222
-0.340604
-0.918916
0.327649
-1.21913
-0.409072
-0.595416
-0.899956
2.04518
-0.123023
1.01566
-0.380927
0.467653
0.242248
-0.360464
0.219959
-0.673263
0.63904
1.95247
-0.22376
-0.897809
-0.253037
-0.520279
-0.820297
0.867509
-0.736594
1.63548
-1.60503
0.0397036
1.34746
-0.79881
-0.553222
0.127452
-0.707116
0.505085
0.245296
-0.579975
0.540139
0.219371
0.416096
-0.801702
-0.318326
1.05045
-0.413757
-0.411224
0.0580735
0.503181
0.232251
0.5579
0.226652
-1.14616
-1.12742
0.520825
-0.214831
-1.34187
0.396586
-0.203283
0.897701
0.361685
0.0474433
1.04598
0.315586
-1.18598
-0.522943
0.162644
-1.02821
-0.141372
-0.262972
-1.20306
0.04965
0.285233
0.0757982
-0.479919
0.455669
-0.869808
-0.422432
1.06742
0.173441
0.459078
0.129029
0.345916
-0.909523
-2.01027
1.18139
-1.10749
0.434202
0.209401
0.0331687
-0.708787
-0.872372
-0.949453
0.0523754
1.82797
0.483
0.973816
-1.17927
-0.443795
-0.967037
0.262232
-0.249207
0.459769
0.63313
0.378634
-0.780099
-0.124091
1.0911
0.35624
0.930427
-1.09047
0.967368
-0.729558
-0.727061
0.573993
0.397544
-0.475933
-0.0505555
1.00035
0.748625
-1.02054
1.18496
0.223394
1.00016
-0.0181002
0.271062
-0.649853
0.56673
0.569175
-0.744533
0.149481
-0.666225
-0.679349
0.392213
-0.461268
0.481356
-0.168045
-0.710106
-0.204453
-1.53615
0.293129
-1.10581
0.600916
-0.171583
-0.196825
-0.27152
-0.127816
1.24189
0.206195
0.603033
-0.253203
0.528259
-0.597193
-1.42111
1.06067
0.700002
0.651686
-0.415687
0.669793
-0.876756
-0.398399
0.179335
0.877927
-0.517967
0.756759
-0.325372
-0.11481
1.04173
-0.603592
0.607715
-0.854349
0.384972
0.634175
0.236285
0.436122
-0.661122
0.489644
-0.499285
0.391064
0.433844
-0.649705
0.131275
-0.0794359
1.09735
-0.696435
0.898364
-0.19386
0.233597
-1.07351
-0.428656
0.195226
0.109048
0.588559
-0.533722
-0.169547
-0.674918
-0.305836
0.400073
0.505084
0.3669
0.383401
-0.601329
-1.46303
0.379077
0.0507406
0.103482
0.791831
1.37392
1.02135
-0.529904
-0.95124
0.120436
-0.584853
-0.904579
-0.0541111
-0.00647909
-0.651822
-0.339233
-0.185348
1.1122
-0.680052
0.942844
-0.192822
0.162135
-0.43023
1.61653
1.61592
0.0998384
0.132102
0.360479
-0.110553
-1.74919
0.862322
-0.692684
0.862812
1.6225
-0.431624
-0.222796
-0.320741
0.197115
-0.648015
0.102772
0.108003
0.698884
1.14284
-0.157795
-0.652843
0.0486753
-0.724156
-0.719834
-0.480476
0.314595
0.167874
-0.180287
-0.67172
1.404
-0.0799956
0.494342
-0.175077
0.0875109
-0.600648
0.015354
1.05688
0.512842
-0.349385
0.195415
0.0312487
0.106724
1.61173
-0.444107
0.476104
-0.0553754
-0.153735
1.26377
0.548363
-0.388445
1.30193
0.21827
0.554103
-0.164429
-0.0469698
-0.0795353
-0.339391
-0.128642
0.0655465
0.703474
0.237469
-0.212665
-0.115722
0.0113372
-0.418084
0.713575
0.493515
-0.0271297
-0.286096
-0.421807
-0.961299
-0.617321
-0.81609
-0.666325
0.102954
-0.0287879
-0.647087
0.227625
-0.270517
0.324495
0.315419
-0.198569
-0.719965
-0.106733
0.0661179
-0.824216
-0.912996
-0.0473589
-0.139941
-1.02393
0.194576
-0.237442
-0.115374
0.801799
-0.507529
-0.0655253
0.0821669
-0.311037
0.278859
1.79182
-0.203428
-0.209295
-0.363591
0.250653
1.17072
-0.136421
-1.06768
0.474539
-0.981645
0.00337149
-0.327221
1.08519
-0.41786
0.664827
1.2409
-0.165407
0.221491
-0.830917
0.119752
0.95839
0.0946314
-0.428904
-0.391926
-0.770985
0.444716
0.234847
-0.954166
0.511916
-1.4338
-0.0753882
-0.254604
-0.255659
-0.372922
-0.00245179
-0.783546
1.52007
0.0503712
0.269759
0.245641
0.29589
0.409714
-0.153079
0.0945271
-0.0944949
-0.516795
-0.415923
-0.395958
-0.26637
0.000254457
-0.190523
-0.0789421
0.245679
-0.132097
-0.0292679
-0.366133
0.273369
-0.586581
0.651919
0.297309
0.315056
-1.15167
-0.527559
0.112233
-0.605041
0.207331
-0.0398191
0.564486
1.37637
0.284807
-0.493044
-1.61053
0.246375
-0.620533
-0.673845
0.538299
0.336683
0.181238
-0.9396
-0.206579
-1.39201
-0.410217
-0.296445
-0.617823
0.887224
-0.140972
-0.779498
-0.91721
-0.499121
-0.246725
-0.397705
0.234176
-0.083048
0.96043
-0.50062
0.291856
0.932578
-1.26051
0.82816
-1.16829
1.03658
-0.112335
-0.586079
-0.764345
-1.31263
0.72039
-1.15975
-0.696304
-1.31697
-0.292382
-0.281477
0.453927
-1.43503
0.146297
-1.20986
0.29551
0.450358
-0.519032
0.361065
0.225815
-0.95349
-0.933061
0.417342
0.723252
-1.34784
-0.159579
-0.448678
0.626711
-0.130037
0.785065
1.19852
0.140129
1.01291
1.5486
0.116985
0.836857
0.235429
-1.04864
-0.10826
-1.04575
-0.50136
-0.0209829
0.44539
-0.204381
-0.0718391
-0.441928
0.576578
-0.441324
-0.0249174
-0.513903
0.335808
-0.184809
-0.26109
0.744554
1.42097
-0.195093
-1.50148
0.0609059
-0.644751
-0.220356
-0.552075
0.184204
-0.929392
-0.312164
-0.636093
0.0437903
0.748038
0.175157
0.132291
-0.570239
0.551161
0.454155
-0.37377
-0.323606
-1.19704
-0.114059
0.944985
-0.641679
-0.303201
0.0946515
-0.0225418
-0.175504
1.166
-0.787241
-0.527353
0.0793487
-1.31129
-0.233702
-0.211186
-0.787991
0.34644
0.310454
-0.11535
-1.00909
0.147386
-0.264337
0.91299
0.580742
0.110088
-0.636178
0.064277
0.124856
-0.0967826
-1.15054
0.0136468
0.353316
0.519761
-1.07587
0.32723
-0.230817
-0.362361
-0.222462
0.64854
0.165441
-0.198958
-0.680614
0.857397
0.463233
-1.00771
-0.150478
-1.06874
-0.00405793
0.212308
0.356418
0.731206
0.652345
0.832317
0.379467
-0.234447
-1.03726
-0.361421
-0.383994
-0.964757
-0.829326
-0.0848626
0.960001
-0.642385
0.287179
-1.87936
-0.885829
-1.24478
-0.674444
0.337889
0.484424
-0.236202
-0.264703
-1.03667
0.483139
-0.0507171
-0.0708437
-0.0146251
1.33027
0.710553
0.3928
-0.18072
-1.15634
-0.00610613
0.409922
0.153153
-0.569905
0.0999224
1.2761
-0.392341
0.354571
0.851359
0.272912
-0.311165
-0.15537
-0.504969
0.454147
0.409635
-0.344289
1.4487
-0.844063
-0.498506
-1.17594
0.0537081
0.50507
0.00651998
-0.505386
0.0912332
-0.29028
0.383144
0.210372
-0.0211499
-0.631131
-1.03034
-0.646506
0.17921
0.0781821
-1.06888
0.278402
-0.954007
-0.608577
-0.109987
0.0809708
0.378637
0.979536
0.0217631
0.333486
-0.95682
0.517024
-0.659423
1.3167
1.31561
1.1882
-1.84667
-0.727582
-1.35497
-0.520161
-0.149676
0.981624
1.12597
1.2137
-0.412985
-0.221824
-0.358157
0.319062
-0.271956
0.112205
-0.0718058
0.32035
0.0645572
0.0832306
0.0627142
-0.917746
0.411112
1.09533
-1.81298
-0.245572
0.0542495
-0.575411
-0.22741
-0.0474837
0.555328
-0.997951
0.839028
0.207086
0.669002
1.09596
-0.464047
0.891665
0.0156112
-0.0460192
0.422289
0.0982594
1.11101
0.288125
-0.267614
1.71405
-0.480335
0.141305
0.322241
0.589811
0.314016
-0.632125
0.82745
1.32978
-0.645724
-0.177805
0.0987047
-0.0135866
-0.761792
-0.0910711
0.111335
-0.748004
0.593196
-0.342825
-0.104237
-0.707103
-0.440301
-1.22508
-0.134977
-0.135167
-0.0275546
-0.47249
-0.583675
-0.195524
-0.0996773
0.169779
-0.604149
-0.271377
-0.284155
0.491767
-1.36918
1.34339
0.0769961
0.447416
-0.309651
-0.987223
1.54811
-0.818085
-0.508186
-0.28844
0.175497
0.43932
-1.5914
-0.276188
0.737736
1.2039
-1.29546
-1.16322
1.28731
-0.667185
-0.338732
0.391441
0.766905
-0.370224
-0.865908
-0.120964
-0.231577
1.01065
-0.565885
-0.440296
0.194193
-0.228846
-1.38268
0.254145
1.20081
-0.00525653
-0.447386
0.392472
0.486568
0.192882
-1.39702
0.107696
0.832945
-0.310957
-0.653667
0.823491
0.911407
-0.583084
-0.712265
-0.687368
1.12876
0.238333
0.223191
0.590261
-0.102768
0.128611
0.282904
0.0685605
0.540516
-1.02693
-0.51453
-1.62894
0.0746236
-0.400678
-0.415161
-0.220328
1.43609
-1.22449
0.482324
0.497572
0.656893
-1.26959
0.0652912
-0.227987
0.974931
-0.552501
0.58128
0.147762
-0.140267
-0.0434795
-0.595619
-0.118352
0.448682
1.93877
-0.0356157
0.513807
-1.36442
0.788648
-0.192584
0.454684
-1.00166
0.348853
0.153913
-0.563015
0.600514
-0.332609
0.304637
0.1959
-0.00102845
0.305948
0.365908
0.855591
0.646661
-0.18842
0.167194
-0.920506
0.494104
-0.397332
0.672977
-0.799765
-0.353124
-0.359364
-0.681101
-0.259693
-1.47524
0.0179688
-0.616898
0.440948
-0.0211509
-1.12587
0.577213
0.293284
0.259145
-0.704104
-0.603296
0.168031
0.501589
-0.188342
0.185253
0.170849
1.89542
0.394866
1.22769
-0.440126
0.0177008
-0.579522
-1.03271
-1.85412
1.23166
0.240178
-0.390815
0.628304
-0.214434
0.868598
-0.0121842
-0.055804
-0.739057
-0.692678
-0.257188
1.14071
0.974087
0.210396
0.0781326
0.561752
-0.347252
0.803318
0.306795
-0.235581
-0.338819
0.661078
-1.18081
-0.167009
1.53559
0.186057
-0.453607
0.00480073
0.0951584
-1.13582
-0.728712
-0.721767
-0.243704
-0.0369097
0.038003
1.57844
0.772365
0.129267
0.38574
0.120288
-0.105719
0.523289
0.37399
0.80373
-0.27974
-0.00740858
1.27896
1.21581
0.211661
-1.01151
1.49602
0.233011
0.362061
0.30509
-0.114064
0.691494
-0.865063
0.273974
0.860997
-1.23059
0.222543
-0.41253
0.0602856
-0.0535151
-0.259884
-0.728708
0.349461
-0.546189
-1.21434
-1.32735
0.625883
-0.805515
0.791414
0.395607
-0.471573
-0.0927748
-0.86679
-1.21661
-0.763764
-0.715761
0.819841
-0.739228
0.755329
-0.340477
0.373999
-1.16034
0.753786
0.204956
-0.103853
-0.210455
-0.380696
-0.416611
-0.830365
0.45894
-0.144306
0.572189
-0.931319
0.0957361
1.20236
-0.32166
0.15012
0.418599
-0.940662
-0.0110388
1.28512
0.811464
-0.133134
-1.32369
0.0426504
-1.59953
1.00916
-0.586393
0.0280551
-1.0306
0.682587
0.4615
-0.192235
-0.410832
-0.876735
0.60662
0.139358
1.32539
-0.688111
0.997274
-0.556798
-0.648335
0.204062
0.298763
-0.0537064
0.188651
0.0606915
-0.522272
-0.515533
0.0333884
0.373419
1.52789
0.567275
-0.177889
-0.445849
0.392066
1.13731
0.52505
0.92658
-0.182659
-0.545105
0.932119
-0.657446
-0.265224
-1.6362
-0.255603
0.0344915
-0.0814403
-1.13242
-0.193667
-1.27852
1.21421
-0.229641
0.671331
0.61787
-0.56974
-0.770477
-0.305051
0.727017
-1.53462
0.455156
0.730558
-1.30698
0.560291
0.404148
1.47254
1.57368
-0.0941148
-0.41414
-0.971441
-0.961754
1.10356
0.211004
0.116369
-1.09703
0.265898
-1.07811
0.264652
0.824368
0.583052
0.209917
-0.0107641
-0.18177
-0.930103
0.567851
0.118998
0.441294
-0.177467
1.09054
0.411789
0.50041
-0.24255
0.557253
-0.525181
0.984761
-0.592099
0.272817
-0.799458
-0.186607
-0.0751815
0.142862
-1.20768
-0.0145232
-0.0314292
-0.828653
0.95354
-0.716046
0.291215
0.998512
0.286142
1.226
-0.19898
-0.697587
-0.803274
-0.138339
-0.75177
0.664658
-1.10979
-0.377512
-1.49752
1.23626
0.272913
0.649133
-0.365302
-0.0815947
0.647016
-0.715308
-1.07755
0.733403
-0.080499
1.313
0.504296
-0.342799
0.0994828
-0.653027
1.14292
-0.658552
0.0393812
-0.236932
-1.16195
-0.356978
-0.297155
1.1807
0.167967
-0.211819
-0.190349
0.21326
-0.329308
0.713336
-0.926428
0.365614
-1.14251
0.774482
0.438146
-0.540206
1.1451
-0.531312
0.655394
-0.660063
2.02214
-0.50132
-0.351135
-0.716925
0.454761
-1.00268
0.0788907
-0.949937
0.404515
-0.605575
-0.987788
-0.465856
-0.279227
1.60178
1.17264
-1.29359
1.25046
0.556245
0.0365375
-0.632976
-0.074392
-0.219745
-0.540824
1.20337
-0.626177
-0.122946
-0.238635
-0.464432
-0.732446
0.324937
0.0647059
0.237177
0.0905137
-0.0935817
-1.45419
-0.555541
-0.574803
0.131034
0.29324
0.561409
-0.0521512
0.253024
0.683045
0.328734
-0.562841
0.707316
-0.53213
-1.2322
1.08972
-0.205412
-0.738649
0.660925
-0.859078
0.907857
0.584519
0.886334
-0.524108
-0.458426
0.450882
-0.627992
0.206109
-0.584272
-0.67271
0.0391789
-1.03487
-0.429929
-0.0661157
-0.463205
0.563426
-1.24041
-0.681903
-0.172808
0.592997
-0.348535
-0.287682
0.179779
-1.12817
0.600739
0.533758
0.417452
0.084831
-0.467624
0.115631
-1.26771
-1.08501
0.868973
0.32117
0.710526
-0.561638
-0.321626
-2.27016
0.630286
0.134094
-0.155325
-0.734571
0.0302966
0.367169
0.313942
-0.102306
0.26939
-0.0688108
0.806624
0.886831
-0.0579462
0.0309288
0.0872833
0.571237
1.04238
0.810278
-0.118622
-0.531546
-0.538438
-0.435323
0.423298
1.02982
0.267018
-0.47432
-0.524501
-0.327899
-1.03792
-0.4618
-0.484038
-0.137506
-0.377494
-0.583078
0.61338
0.452222
1.35743
-0.354348
0.122651
0.227381
-0.00602469
0.540046
1.1227
-0.268183
-1.25453
-0.458303
-0.126252
-1.05545
0.34091
-0.37464
-0.193469
1.33865
0.62077
0.068672
-0.609891
0.0063354
0.293283
1.18854
-0.91274
-0.37985
-0.339373
-0.535935
-0.636032
0.0820414
0.57349
-0.279723
0.582489
0.407
-0.217514
0.604338
0.00146515
-0.337551
0.428075
-0.477333
-0.448315
-1.18933
-0.505987
-0.162524
-0.0766496
0.269137
-0.196899
0.637447
-0.449233
0.371828
-1.44295
-2.27018
2.17642
0.849588
-0.958634
0.0253655
0.092737
-0.60661
0.12655
-0.446848
0.690431
-1.08369
0.0214209
0.855077
-0.187617
-1.05619
0.0649225
-1.44948
-0.0657738
-0.880186
0.566895
-0.146134
-0.476913
0.515755
-0.20024
0.481379
0.700412
0.155233
-0.37654
-0.954328
0.0434
0.857995
1.08828
-0.0124998
1.0184
-0.678983
-0.499703
-0.737737
-0.493332
0.402623
-0.0631808
-0.443135
0.71182
0.272369
-0.0849622
1.29118
-0.487443
1.25238
0.191652
-0.369582
-0.819338
0.0132324
-0.0776175
-0.999795
-1.00102
0.0224563
-0.226568
-0.0724068
0.099843
0.688676
-1.35652
-0.315761
-0.0210739
0.809147
0.689995
1.18648
0.76368
-0.309201
0.990694
0.146936
-0.690338
0.752972
-1.00067
0.0857967
-0.997881
-0.617921
0.927213
-0.633066
1.18367
0.0876948
0.707552
-0.502489
0.418402
0.694402
0.624652
0.0462415
-0.117085
0.391973
0.105193
0.258316
0.791847
1.07875
-0.66383
0.508437
-0.929242
-0.968481
-1.49123
1.42224
-0.00672167
-0.0288236
0.051271
0.454784
-1.73763
-0.138656
0.407342
1.44991
-0.0544088
0.810086
0.798588
-1.15365
0.787123
-0.509584
-0.836065
0.535744
-0.713517
1.24172
1.06969
-0.647425
-0.225843
-0.766287
0.279966
-0.0415641
1.00166
-0.73107
0.663021
-0.00244695
-0.292618
1.29576
0.101951
-0.788089
0.163398
0.6082
-0.406806
0.372782
-0.305216
-0.724051
-0.0929418
-0.566678
0.454883
1.21586
0.170192
0.401214
0.0589791
-0.194452
0.23337
-0.810508
-0.280823
0.950551
-0.446856
-0.675025
0.308061
0.609283
-0.600761
0.263062
-0.886545
-1.42906
-0.444296
-0.0756551
0.550364
1.17635
0.0962964
-0.482262
-0.914034
0.0075009
-0.133751
-0.653911
-0.012459
-0.590259
1.37872
-0.00138809
0.231874
-0.99959
-2.26578
0.467455
-0.24542
0.548661
0.393298
-0.070977
-0.0281069
0.509352
-0.10377
0.867172
-0.687688
0.480064
-0.346848
0.444329
-0.275298
0.51144
-0.608094
-0.701429
-0.269117
0.377853
-1.74193
-1.04613
0.467226
0.128904
0.265808
0.163418
-0.219855
0.623789
-0.536519
0.0304424
-0.238925
-0.194654
-0.34165
1.47327
-0.00475525
-0.290404
0.225037
0.0798187
0.693439
0.399605
0.00351583
-0.332531
0.360515
-0.468321
0.261603
-0.789868
0.383947
0.505836
-0.318256
-0.362626
0.139814
0.819012
-0.806588
0.554785
-0.331397
0.54231
0.717185
0.759865
0.338974
-0.312104
0.251129
0.729041
-1.57124
1.321
-0.490695
1.16915
-0.553076
-0.0727243
0.0202752
-0.110071
1.52719
-0.398606
-0.927287
0.831971
-0.143083
-1.53066
-0.0357693
0.49509
0.0182549
-0.834771
-0.289021
-0.0130587
1.58802
0.468638
-0.506901
-0.210313
-0.740306
-0.651857
-1.21069
0.282006
-1.05651
0.217112
0.367899
0.485864
-0.298204
-1.11023
0.173676
-0.065905
1.54111
0.764413
-0.981641
-1.03803
0.828735
0.263399
0.209198
0.501922
-0.286711
-0.248565
0.520896
-0.392457
-0.696247
-0.425205
0.333297
-0.316388
-0.70486
-0.191353
-0.152934
-0.731654
0.790005
-0.253015
-0.491027
0.162992
-0.407299
0.913434
0.862607
0.453423
-1.31003
-0.601291
-0.530032
0.338141
-0.802781
0.181689
-0.174666
0.858016
0.283291
-0.140925
0.256433
-0.15475
0.215061
0.262674
-0.415867
0.654754
-0.069936
-0.451131
-0.302256
0.25552
-0.439277
0.69823
0.0460387
0.860339
-0.275402
0.753356
0.755625
-0.603185
0.362898
-0.467864
-0.00211901
1.32708
-0.483572
-0.406243
-0.746774
-0.0559451
0.0613174
1.22033
-1.07988
-0.656178
1.8126
-0.933348
-0.392161
0.202679
-0.291789
-1.29961
0.571405
-0.285026
-1.4203
-1.02053
0.670648
0.95023
0.30907
-0.0520018
-0.376292
-0.164547
0.486315
0.0960602
0.935149
0.865203
-0.465616
0.228528
0.676979
-0.696689
-0.454942
-0.152645
1.10226
0.908456
0.347402
0.609318
1.39835
-0.702499
-0.210079
-0.966722
0.959535
0.999808
1.12479
0.136434
-0.167831
-1.119
-0.0330705
0.309153
1.17776
-0.459449
0.990949
-0.228968
0.63084
1.52036
-0.859163
0.59686
-0.0526367
0.999522
0.438278
-0.345321
0.0816995
0.0598755
0.948891
-1.11425
0.366031
-0.882623
0.413416
-1.42876
0.49287
-0.142394
-0.928287
0.953859
0.604022
-0.507135
1.35832
0.742361
-0.30203
-0.741949
-0.320822
-0.43836
0.885636
-0.295105
-0.275592
0.356477
-1.44602
-0.354813
0.239248
-0.504566
0.438125
-0.384091
0.457241
-0.180574
-0.0275218
0.691026
0.194013
-0.571096
1.41633
0.396841
-1.40911
-0.146416
0.317935
0.330008
1.41493
0.361192
-0.116924
-0.996092
0.631496
-0.488875
-0.404431
0.0480534
-0.712894
-0.196582
0.791605
-0.242436
0.445829
0.390613
0.176337
-0.60857
-0.802673
0.397325
0.171917
-1.32688
0.846252
-1.1972
0.144902
1.40075
-0.992361
-0.388349
0.0470291
-0.101649
-0.642118
-0.418905
-0.357772
-0.572535
1.2795
0.334943
0.180449
-0.452275
-0.230989
-0.574592
-0.790949
0.579189
0.444409
-1.14764
-0.563434
-1.55685
0.0913139
0.416553
0.714276
-0.71306
1.68622
0.547111
-1.00252
2.08646
-0.193224
-0.12488
0.951508
0.555547
-0.312478
-0.270587
-0.470097
0.152313
0.236073
0.301959
0.594763
-1.27847
0.425601
0.697922
-0.859056
-0.562505
0.996814
0.223821
-0.368187
0.356334
0.0112926
0.381027
0.624944
0.749687
0.919213
0.54278
0.253956
0.277424
0.238029
-0.678452
0.470466
-0.52473
0.662844
0.0032308
0.366398
0.0862214
-0.157583
0.281199
-0.415402
-0.455809
-0.948264
0.266289
-0.221648
-0.268453
-0.759676
0.552565
0.152013
1.0659
0.11414
-0.445386
-0.538511
0.297458
-0.29737
0.972522
0.0781708
0.0492646
-1.48056
0.282956
0.974326
0.198148
0.10661
0.0902923
-0.320099
0.877315
-0.506555
0.470664
-0.267166
-0.093056
-0.380273
-0.844265
0.0265774
-0.778585
-0.348208
0.106115
0.292109
0.391075
0.396727
-0.557115
-0.215363
-0.527382
0.632068
0.795486
0.327424
0.398663
0.121548
0.690438
-0.126222
1.15161
0.0575417
-0.867241
0.52504
0.377022
0.596352
-0.501164
-0.469855
-0.220882
-0.580152
0.827286
-0.460588
-0.310619
0.911402
-0.819447
-0.168609
-0.214023
0.806365
0.59984
0.350431
0.762638
-1.17042
1.00291
0.446904
-0.00875252
1.25278
-1.26578
-0.360999
0.842844
0.608297
-0.695453
-0.170494
0.441536
0.351031
-0.050755
0.280715
0.190205
0.0293797
0.805413
-0.960513
0.332367
0.793173
-0.0601846
1.10031
-1.32443
0.179396
0.574112
-0.387201
0.239292
0.433303
-0.939997
0.638463
-0.313992
-1.17574
-0.060844
-1.26281
0.800137
-0.0765563
0.339568
-0.161531
-0.5468
0.0572344
-0.896376
-0.476024
-1.14776
0.876792
-0.386448
-0.313982
0.30953
-0.381134
0.245442
0.771467
0.387486
-0.363523
0.640851
-0.323978
0.757889
-0.280957
0.0942306
-0.580958
-0.305617
-0.278876
1.08463
-0.567877
-0.0841829
0.566797
0.272913
-0.611708
-0.0825203
0.211359
-0.801566
1.51773
0.201562
0.138894
0.355997
-0.267185
-0.155511
-0.141258
1.95287
-0.356048
-0.106649
0.919318
-0.450373
0.0961049
-0.139559
0.0672577
0.0107561
-0.895371
-0.67651
0.761749
0.54684
-0.456297
-0.974348
0.184634
-0.386783
-1.13139
-1.15525
-0.42567
0.616968
-0.127485
1.22362
0.675107
-0.814615
0.224518
0.0950104
-0.709423
0.0423913
-1.54499
0.509698
0.715805
-0.107648
-0.205802
-1.11515
-0.931602
-0.606839
-0.397382
0.204469
-0.420062
0.96797
-0.158472
-0.202573
0.242898
0.00477015
-0.475864
-0.747651
0.164276
-1.15868
0.453156
0.243092
-0.209336
-0.138315
0.152732
0.697086
0.210392
0.291717
-1.41837
-0.179133
-0.638492
-0.110745
-0.421905
-0.521312
-0.791212
0.990649
-0.658217
0.372664
-0.16135
0.275473
-0.901303
-1.43429
0.808794
-0.102498
-1.35022
0.00577953
0.56201
-0.815511
0.164236
0.121708
0.74465
-0.824826
1.19267
0.198923
-0.354661
0.240548
0.272203
0.222542
-0.461978
0.830684
-0.742594
0.177227
0.237149
-0.65148
-0.0228661
-1.41445
1.34335
0.127541
0.620661
-0.591668
-1.40682
0.194056
0.812688
1.22185
0.0772198
0.27673
1.42135
0.488604
-0.919361
-0.368457
0.059462
1.04285
-1.10616
0.097724
-0.027551
0.267654
0.308247
0.768711
1.02138
-0.630333
-0.73404
-0.493296
-0.249827
-0.0580728
-0.543452
-0.397526
-0.653598
-0.13706
0.0332037
-0.814555
-1.31699
-0.243169
0.327546
-1.11404
-0.180009
-0.126472
0.519252
0.0270765
0.141408
-0.832467
0.276169
-0.321073
-0.167866
-0.489823
-0.582229
1.29606
-1.42362
0.010559
-0.384337
0.89677
-0.926973
0.0277128
0.60121
0.145473
0.0932594
-0.826291
-0.346012
-1.32065
0.72356
0.799208
-0.300575
0.384738
1.25045
-0.110274
-0.934848
0.741336
-1.36752
-0.83191
0.587627
-1.55662
-0.568424
-0.0723368
0.97639
0.0156179
1.36735
-0.749825
1.18888
0.458386
0.694663
-0.388711
-0.465842
0.183533
0.578123
-1.20182
-0.888384
0.28494
-0.607931
-0.133594
-0.843137
0.21496
0.435183
0.693927
-0.958343
-0.327979
-0.595462
-1.2496
-0.887221
-0.0397006
0.292818
-0.641745
-0.578158
2.12559
0.854601
0.659917
0.21137
-0.0468544
0.86642
0.0754154
0.488991
-1.27792
0.367321
0.988989
-0.348021
-0.737773
-1.30734
-1.34214
-1.07455
-0.0661966
-0.811614
-0.188887
-0.407452
-0.368303
-0.357418
-0.263309
-0.761518
0.29571
0.993374
-0.4995
-0.810922
-0.0345697
-0.65619
-0.337753
-1.07484
-0.150949
0.601502
0.0186458
0.106984
-0.576867
0.408693
-0.154812
-0.0767155
-0.13783
0.767702
0.752287
-0.776709
-0.24184
1.23391
-0.0971782
-0.203883
-0.0787153
0.285547
0.0813944
-0.446953
0.62646
-0.289788
-0.925996
-0.406328
0.155626
0.393766
-1.37462
1.91286
-0.114978
0.725571
0.678834
0.620396
-1.18475
0.0254822
0.534541
-0.217829
0.239053
-1.23229
0.513619
0.238183
0.25392
-0.45469
-0.694479
-0.18043
0.232456
0.536282
1.28362
0.445034
-0.461457
-0.674785
-0.784792
0.130365
0.510046
-0.923618
0.833364
-0.337095
0.040302
0.00598193
0.568362
0.576201
-0.592914
0.651098
0.106869
0.0497702
0.0773519
-0.186067
-0.578106
-1.12763
0.496293
0.205678
0.62715
0.335889
0.157945
-2.21959
-0.694727
0.888164
-1.78116
-0.645019
1.02229
1.44632
0.712245
0.379264
0.0112016
0.147893
0.0809936
0.31222
-0.0177651
0.328814
-2.05658
-0.218256
0.422004
0.285829
0.322988
-0.415382
-0.472191
1.00159
0.560225
0.146248
1.08312
0.670968
0.831155
0.773721
-0.0598563
0.84354
-0.21699
-0.343054
0.011819
0.0126124
-0.224076
-0.00679721
0.832234
-0.128248
0.788152
-0.637792
1.58982
0.13475
-0.437657
0.0636589
-0.475239
-0.90256
-0.523772
0.191685
-0.905973
0.390689
0.679683
-0.508273
1.0364
-0.772846
0.139686
-1.08825
1.38085
0.104073
-0.852912
1.13902
-0.585367
-0.649671
-0.97771
-0.0687032
1.18381
0.703596
0.377025
0.52922
-0.163079
1.01322
0.584259
0.540327
-0.446469
0.260874
-0.0522375
-0.432765
-0.566211
0.31725
-0.54437
0.633483
-0.137751
-0.750282
0.561075
-1.12176
-0.0466734
0.673774
-0.943881
-1.14728
-0.545428
0.495441
-0.502487
-0.011308
0.0469114
0.277403
-0.437918
1.38821
0.743623
-0.266726
-0.914332
0.325831
-1.14565
0.476995
1.71474
2.29968
-0.201292
-0.566816
-0.905764
0.107089
-0.213658
-0.429758
-0.0395525
1.47547
-0.783185
0.212506
1.10255
0.110631
0.0482774
-1.00769
-0.0385479
0.0247673
0.273015
0.563102
-0.716211
0.219058
-0.995277
-0.579854
-0.176306
0.212643
-0.0432926
0.350292
-0.138198
-0.693599
0.840384
1.17593
-0.30462
0.238172
-0.560705
0.085289
0.0924269
0.919785
-1.28267
0.451458
-0.761165
-0.382741
0.324172
-0.436373
0.152415
-0.696165
-0.985933
0.130063
-0.45818
-0.210112
1.01445
-1.1675
-0.770273
0.787107
0.123554
1.09417
0.600106
0.0738682
0.422366
-0.516182
1.074
-0.575419
-0.0142054
0.655713
1.46913
-0.410576
-1.05304
-0.0947539
-0.0683264
-0.593604
-0.284498
-1.9025
0.0245627
0.273327
1.10736
0.101571
-0.467668
0.475191
0.250839
-0.334189
1.35675
-0.0222162
-0.261676
-0.273686
-1.06762
1.75418
-0.546285
-1.03803
0.279415
0.533417
-0.339239
-0.160029
-0.502933
1.16034
-0.623571
0.907006
-0.977857
0.28453
0.422565
0.840902
-0.267089
1.28418
0.353204
-0.0108371
-0.274236
-0.331398
-0.319797
0.128683
0.479577
-0.557275
-0.411504
-0.196048
0.701964
-0.814813
-0.784539
0.0521693
-1.04819
0.166865
0.798427
-1.93608
0.0365523
1.24438
0.578386
-0.802082
1.13342
-0.0229596
0.859683
-0.202911
1.05364
0.491828
0.138432
0.900873
-0.308723
0.589842
0.112527
-0.494573
-0.407795
0.686194
0.507087
0.312984
0.301833
0.494785
-0.482057
0.564814
0.135021
-0.123943
-0.482737
-0.874021
0.0550436
0.301728
-0.816586
0.486754
-0.333142
-0.845318
0.205329
-0.539736
-1.17597
0.471754
1.52597
1.83131
-1.45525
-0.812382
-0.327984
-0.234992
-0.212838
-0.156696
-0.568742
-0.153993
0.965892
0.489084
0.488478
0.192419
0.433851
-0.0559014
0.509637
-1.1219
-0.480803
0.203405
0.0805574
1.18162
0.506577
-1.56296
-0.17313
-0.479169
0.311871
-0.960333
-0.0189451
0.0761251
-1.03966
-1.2077
0.129218
0.204164
0.42988
-0.429242
-0.684644
-0.264877
-0.301518
-0.171186
-1.03195
0.0102357
-1.1009
0.126429
-0.378373
-0.124774
0.984805
-0.585886
-0.266046
-0.0204272
0.702262
-0.113339
0.801826
0.153269
0.0165282
-1.44307
-0.220049
-0.233045
0.539934
-0.225417
-0.397299
0.519042
1.02338
-0.188423
0.057644
0.410097
-0.112014
0.995436
-0.340987
0.124668
0.0872768
-0.686455
-0.062316
-0.0513539
-0.535982
0.78489
-0.152492
1.1887
1.34305
-0.0817147
0.668398
-0.337629
-0.146144
0.0276983
-0.55282
-0.034673
0.107525
0.576404
-0.431637
0.787301
0.408896
-0.212603
0.339749
0.400152
0.372307
0.714684
-1.06152
-0.156288
-0.476494
-0.0676452
0.011352
-0.765348
-0.432923
0.419309
1.00813
0.503585
0.441127
0.461681
0.807235
-0.290116
-1.22645
0.651967
0.0933982
-0.905126
-1.02045
0.147797
0.521753
-0.155409
-1.02744
0.743179
0.455817
0.380013
0.993034
-0.0310381
-0.996022
0.530071
0.0398541
-0.841869
-0.170222
-1.10805
-0.519229
-0.854755
0.712101
-0.514633
0.395715
-0.379454
0.657962
1.54964
0.0344245
1.56071
-0.037854
0.461178
-0.187278
0.340352
0.113879
0.534779
0.996244
-0.856941
0.463394
-0.134901
0.646263
-0.16977
0.368033
-0.656382
-1.75471
-1.60097
-0.263713
1.05397
0.0308125
-0.83863
0.295067
-0.0219065
0.313801
-0.725444
0.730728
0.128196
1.26459
0.962049
-0.927025
-0.414877
0.855654
0.212482
0.94204
0.246337
-0.656502
-0.597631
-0.471996
0.0680782
-0.912177
-0.247774
-0.203406
0.615451
-0.0344478
-0.400551
-0.425676
-0.0659879
0.917947
-0.379431
-0.331371
-0.707329
-1.0921
-0.575562
-0.163714
0.853536
-0.794132
-0.514903
-0.773021
0.271707
-1.85738
-0.446108
-0.609912
-1.56959
0.172881
-1.82379
-0.672243
0.236571
-1.30364
-1.4833
0.0343385
0.179867
0.769748
-0.504176
0.487838
0.175283
0.488685
0.583863
0.333816
0.208282
-0.428574
-0.00109722
-0.195229
0.67494
-0.184016
-0.662321
-0.8075
-0.0447177
0.515409
0.162345
-0.525764
-0.119281
-0.576967
-0.51006
0.648932
0.644443
0.548548
-0.0694633
0.262659
1.13975
-0.544646
0.148875
0.145343
0.225134
-0.068071
-0.341847
-2.12857
0.91337
0.173195
-0.283826
0.111402
0.779678
0.220428
-0.164399
-0.249764
0.0542408
0.672373
-0.47452
0.157482
0.937584
1.28553
0.974284
0.786815
-0.216996
-0.372016
-1.08156
0.653622
0.892591
-0.887134
-0.398573
0.458124
1.40864
-0.1795
0.537308
-0.124878
0.551847
-1.36301
-0.262733
0.466392
-0.491443
0.861577
-0.185029
-0.27012
0.289874
-0.327109
-0.857038
0.239343
1.10977
-0.715884
-0.202674
0.194477
0.911444
0.259169
-0.137573
1.01676
0.735922
-0.959483
-0.234599
-0.327418
0.390917
-0.361598
0.137653
-0.331221
-1.18686
0.379623
-0.967351
0.218891
-0.926425
0.856474
-1.08273
-0.533476
-1.00155
-0.688559
-0.785747
0.718133
-0.875615
-0.591364
-0.798555
0.369729
0.889941
-0.447728
-0.29137
0.701208
1.12906
0.34159
0.0491352
1.03613
0.609729
-0.414878
-0.177152
1.36778
0.242642
-0.473909
0.192246
-0.64566
0.823115
-0.2807
-0.526048
0.681141
-0.15114
-0.403952
-1.76997
1.77708
0.524023
0.426166
-0.228427
-0.991424
-0.36387
-1.10247
-0.5338
-1.14347
-1.56367
0.577482
0.287277
0.684664
-0.761705
-1.03489
0.162232
0.00704411
-0.437759
0.457205
0.0349317
0.167419
0.711553
0.695669
-0.778577
1.0379
0.102763
1.06627
-0.902521
-1.32265
-0.5196
0.255767
-1.02294
-0.70654
-0.640805
-0.00432159
0.524511
0.731155
-0.374673
1.13439
-0.592182
0.722942
-0.626502
0.468887
0.632127
0.216183
-0.195354
0.276123
-0.084334
0.716027
-0.0273474
-0.130804
-1.0128
0.569584
0.0948387
0.232937
0.322992
-0.34041
-0.0257049
0.047783
0.277476
0.122099
1.59024
-0.325519
0.11653
0.0621119
-0.356672
0.121586
0.508403
1.19524
0.375866
-0.303463
0.182964
-0.453596
0.594369
-0.397275
-0.721353
-0.445821
-0.0850297
0.321376
0.289349
-0.83844
-0.469418
-0.290226
-1.201
0.0272353
0.686549
-0.306662
0.0272192
-0.585652
-0.761724
1.58116
-0.450702
0.0949287
1.01216
0.834697
0.354795
0.345269
0.427031
0.367465
-0.183968
1.1458
0.525669
-1.45721
1.49971
-1.05319
-0.991038
-0.408858
-0.461071
0.776767
1.4855
0.491277
-0.0451938
0.145808
0.584003
0.148835
-0.564244
-0.348353
0.488224
-0.873028
0.353609
0.0267771
-0.629144
0.866583
0.221467
-0.23427
-0.0386548
0.118804
0.57645
-0.659899
-0.236064
-0.140671
-0.521042
1.19306
-0.482603
0.354244
0.268677
-0.754304
0.817273
0.0567949
-0.525697
-0.629009
0.507394
-0.331599
-1.53247
0.919705
0.89201
-0.049253
0.115872
-0.408764
0.218117
-0.635947
0.935226
-0.160768
0.250123
0.70736
-0.681314
0.159134
0.805831
0.845111
-0.174116
0.0976493
1.24
0.562415
-0.00884258
0.497367
-0.661421
-0.324734
-1.09554
-0.382426
0.0729772
0.219601
1.37927
0.0955132
0.32974
0.442496
-0.506941
-0.359067
-0.989852
0.736895
0.948516
0.840912
-0.796824
0.486789
1.7077
0.267793
-0.501062
-0.549801
0.0232047
-0.65831
0.0907341
0.768012
-0.711091
0.604323
-1.28829
-0.845568
0.342509
-0.480829
-0.430598
0.974487
0.785531
0.553851
0.624927
0.341013
-1.17698
0.59447
0.190679
-0.299136
1.3804
-0.359625
-1.30755
-0.174283
-0.96189
-0.0620493
0.278088
-0.616139
-0.0430742
-0.530907
-0.956405
-0.07787
-0.395274
-1.60503
0.026736
0.522512
-0.561037
-0.731335
-0.616913
1.21216
0.965636
-0.642086
0.156442
0.116039
0.0192068
0.843537
-0.588944
-0.16141
0.27723
-0.77309
-0.496507
0.968581
0.103337
-0.438177
-0.177969
1.17015
-0.682588
-0.125502
0.30112
-0.220846
0.62884
1.53975
0.481643
-0.0687416
0.45181
-0.40328
1.37176
-0.254383
-0.698653
0.26502
-1.31763
-1.02092
-0.745144
-1.07977
0.204573
0.764567
-0.489035
-0.938633
-0.242151
-1.28272
-1.01237
-0.759894
0.761018
-0.579887
0.684259
0.277868
0.180314
-1.5125
-0.625306
-0.401357
0.320202
0.912908
1.05299
-0.141456
-0.417006
0.364667
-0.185181
-0.317716
0.67711
-0.143172
-1.18228
-0.81069
-0.0948473
1.54935
-0.176554
0.0628067
0.052289
0.655722
-0.379926
-1.16537
-0.616688
-0.114487
-0.291665
-0.393779
-0.193615
1.16441
-0.190697
0.794633
-0.606761
-0.323972
-0.576927
0.243893
0.34147
-0.622533
-0.976407
0.312918
-0.433829
0.0545045
-0.349551
-0.0660391
-0.202207
-1.18563
-0.0784438
-0.501552
-0.379935
0.82094
0.172876
-1.7034
0.680761
1.2192
-1.40901
0.290437
0.607083
-0.25389
0.45758
-1.26229
-0.327131
1.75814
-0.877988
-0.647105
-0.100241
0.482516
-0.221866
0.600894
0.728122
-1.0272
-0.746805
-0.189775
0.337108
0.291972
-0.307009
0.285903
-0.510293
1.00934
0.936182
-0.264548
1.09199
-0.0539748
-0.807705
-0.70081
0.126152
-0.954248
-0.246835
0.351034
0.23089
0.490337
-0.572457
-0.102503
0.877869
-0.628839
0.099889
-0.512632
0.438431
-1.51978
0.174143
1.16608
-0.801362
0.259353
-0.0865364
1.12856
0.294491
-0.08109
-0.0175254
-0.615511
0.570473
-1.08841
0.467715
0.105819
-0.159053
0.238538
-0.510975
1.59063
0.746495
-0.0802735
0.0767116
-1.0232
0.153316
1.59898
1.04412
0.473969
-0.631689
1.10675
0.405505
0.110961
-0.712536
-2.55127
0.0142593
0.132468
0.901325
0.498175
1.10346
-0.605474
0.617158
0.11729
1.13434
0.675761
0.031915
-0.34178
-0.372363
0.289816
-0.607789
-0.75236
0.862875
1.16265
-0.761802
-0.550198
-1.36747
0.79928
0.904707
1.10062
0.35652
-0.363913
0.0113974
-0.494862
-0.254903
-0.569165
-0.206883
-1.20238
-1.50052
0.585622
0.0906296
-0.804364
0.965962
0.0467384
-0.653716
0.13272
-1.35295
-1.08937
0.914324
-0.375259
0.587592
-0.834639
0.157839
-0.252781
0.298172
0.245979
0.488775
-0.433664
-0.826711
-0.010107
0.611826
0.123383
-0.251931
-0.971615
-0.932179
-0.478896
0.633579
-0.843881
-0.664912
-0.557722
0.539758
-0.313671
-0.721958
0.254574
1.24476
-0.375692
0.147703
-0.0457514
-0.0704547
-1.10924
-0.596891
0.45997
0.610741
-0.12279
0.180956
-0.559071
-0.353307
0.761211
0.689134
0.816849
0.349486
-0.373588
0.805846
-1.40962
-0.275927
-0.780457
-0.102491
-1.04287
-0.233459
0.502741
-0.0514754
-0.889138
0.692316
-1.23138
0.47868
-1.11179
0.688762
0.242966
0.948315
-0.410075
-0.0957611
0.192556
-0.667902
0.237251
0.798727
0.328326
0.0102194
0.0164343
-0.119051
0.178271
1.1179
0.276784
0.311184
0.821936
-1.56437
0.627306
-2.01381
-0.613223
0.985915
0.320709
-0.247611
0.0416825
-0.322263
0.704261
-0.729238
-0.51519
-0.246592
-0.814267
0.32186
-0.432504
-0.122015
-0.38661
-0.523316
-0.687634
0.723846
-1.46626
-0.473331
-0.216647
0.609602
-0.174116
0.341718
0.31339
-0.285315
-0.036432
-0.566061
-1.05493
-0.398387
0.640596
-0.634332
-0.4844
0.786868
0.314337
-0.454886
0.726435
-0.917568
0.00690776
-0.140525
-0.754786
-0.23001
-1.59757
-1.45216
0.600125
-0.411978
0.594365
-0.456691
0.19651
0.628302
-0.412414
-0.997538
0.321191
1.41874
-0.729464
-0.450926
-0.0882666
-0.571504
-0.135218
0.0703132
0.327773
0.400987
-0.191082
-0.819633
-0.72626
-0.0164027
0.0323809
1.24215
0.389227
-0.188305
-0.203126
0.738305
0.41095
0.897139
-0.17592
-0.759555
-0.660559
1.02233
-0.337988
0.710393
-1.01467
-0.0750786
-0.716445
0.695746
-0.500511
-0.407246
0.601802
-0.894724
-0.12139
0.401177
0.464275
0.388024
-0.368558
0.031582
1.07219
0.363409
0.435451
-0.944561
-0.19532
-0.774893
0.147592
0.323633
-0.468767
-0.233702
-0.532512
2.08905
0.106986
-0.370838
-0.785695
-0.000831295
0.260442
-0.380456
0.822232
-0.328104
-0.473392
-1.05664
-0.614027
0.0227328
-0.549255
0.256929
0.111936
0.37034
-0.425967
0.879541
-0.153934
-1.85325
-0.709974
-0.247487
-0.0187865
0.938045
0.957321
-0.335039
-0.522656
-0.332213
0.227581
-0.979339
-0.353353
-1.60909
-0.927482
-0.0647581
-0.661958
0.0706757
-0.156211
-0.0707873
0.255153
-1.88025
0.348726
0.398737
-1.66875
0.73107
-1.36373
-0.891348
-0.142743
-0.347398
0.179169
-0.125925
0.364847
-0.000326704
0.441398
0.866099
0.0291381
0.275591
0.607922
1.36318
-0.483169
-0.694649
-1.34403
1.21698
0.085717
-0.1385
-1.3863
-0.672644
-0.0484957
0.162857
-0.336522
0.0124151
0.708971
-0.165001
0.0806303
-1.44587
0.111981
0.563783
-1.9302
-0.35516
-0.203403
-0.361706
-0.496891
0.0550008
-0.0643665
-0.607938
-0.0833942
-0.42972
-0.267264
0.820457
-0.923222
0.666757
-0.189299
0.878079
-0.330363
-0.851654
-1.26112
-0.606737
-0.573325
-0.412279
-1.02714
-0.295763
0.380934
-0.707625
-1.05093
-0.59005
0.391092
0.449459
0.925254
-0.86389
-0.523587
0.612899
1.72393
-0.163629
-0.366853
1.12171
-1.12841
-0.00504678
-0.261022
-0.0709321
-0.770225
-0.495906
-2.00462
-1.51621
0.341135
0.806984
-0.282782
-0.700828
0.095824
0.117701
-0.193881
-0.18543
-0.596572
0.100591
-0.394644
-0.843391
0.676686
0.813097
0.567357
-0.251269
1.09847
0.169894
-1.0223
-1.5983
-0.559671
0.550585
-0.2316
0.353095
0.285098
0.881306
0.104749
-0.84642
0.728053
-0.278043
-0.224127
-0.0900481
1.12668
0.00920932
0.13123
0.579576
-0.327901
-1.23551
0.600357
0.558575
-0.715128
-0.0257653
0.19
0.305456
-0.0962742
-0.417906
-0.534182
0.340029
-0.641223
0.049562
-0.0293387
0.293354
0.0102366
0.605053
-0.725872
-0.492676
-0.292928
0.257301
-0.972011
-1.11098
-0.197574
0.940991
0.760314
0.288686
-1.00445
-1.0645
-0.445335
-1.21231
-0.0492254
-0.1962
-1.32572
-0.0710907
-0.337011
-0.231504
-0.445845
0.834024
-1.48717
-0.994585
0.16116
0.73744
-0.0357506
-0.104585
0.137593
-0.578368
0.604979
0.0243718
-0.76914
0.0814172
0.263933
0.482419
0.459465
0.353062
-0.979346
-1.01319
-0.53272
-0.65445
-0.0893836
-0.691562
-0.00209157
-0.280923
-0.185124
-0.230294
-0.740435
0.131367
-0.43914
0.328195
-0.0031934
1.04208
-0.59188
0.895177
0.7621
-0.431056
0.0201622
0.492493
-0.0155977
0.871506
0.192077
-0.225435
0.118313
1.04015
-0.261691
-0.143962
-0.0412644
0.0272076
1.62955
-0.740634
-1.53364
0.0313556
-0.0111929
-0.43708
-0.736311
0.654679
0.164661
-0.645306
0.421826
0.341691
-0.919879
1.32241
0.0739483
0.608151
-0.0876976
-0.293119
-1.49959
-0.664249
-0.184229
-0.104559
-0.397616
1.76347
-1.32986
-1.08468
-0.984845
0.656367
-0.833775
0.973072
0.440186
-0.192825
-1.44162
-0.306749
1.60752
1.18993
-0.984611
0.678403
0.869106
0.279144
0.0944422
-0.116426
-0.368219
0.817909
-0.449754
-0.539827
-0.144073
1.63006
-0.541118
-1.2661
-0.544363
-0.00921048
0.213113
0.409855
0.140761
0.616965
0.183416
-1.15016
-0.0760117
0.851453
-0.11033
0.0626185
1.42821
-0.87866
1.4717
-0.837541
-0.20385
0.417892
-1.2766
0.0256803
-0.491313
0.106422
-0.528552
-0.469928
0.2403
0.0250239
0.613145
0.355028
1.43072
1.03644
0.165569
0.727649
-0.151621
-0.104839
0.339684
0.587692
0.258349
0.759174
-0.865272
-0.539749
1.568
-0.48033
-1.00485
-0.881364
0.589952
0.0226971
-0.759349
0.239515
0.625296
-0.890523
0.474539
0.0345934
0.29892
-1.2933
1.05118
-0.985522
0.278305
-0.414786
-0.127792
-0.709519
-0.158271
-0.0679887
1.03541
1.2714
0.662468
1.39127
-0.631233
0.360507
-0.466922
-0.0339489
-0.568546
0.833218
-0.0763131
-0.102014
-0.162343
0.189664
-1.0519
0.24011
0.28959
0.906423
1.34985
1.30775
-0.684119
0.349746
-0.110112
-0.0381402
-0.245348
-0.493939
-0.706762
-0.280454
-0.244745
1.07495
-0.115016
-0.50182
-0.970811
0.396594
0.278748
0.519318
-0.222129
0.0893634
0.172549
1.36483
-0.272452
-0.35026
-0.00732572
-0.0907973
0.90505
-0.509644
-0.801696
0.289559
1.4682
-0.518374
-0.109655
0.14002
-0.572767
0.232193
-0.038427
-0.644828
1.31997
0.473924
-1.87048
-0.869638
-0.227749
-0.679713
-0.262361
0.00959774
-0.302334
0.45318
0.565547
0.175256
-0.482608
0.102098
-0.369206
-0.0904709
-0.709591
1.28756
0.0882259
-0.485612
0.346963
0.979365
0.0789999
1.33098
0.362235
0.316687
0.986953
-1.13516
-1.17751
-1.91241
0.738113
-0.0989413
-0.1733
-0.148367
-0.630874
-0.168592
0.330933
0.0327981
-0.366747
-0.306732
0.397609
0.46578
-0.284325
-0.155499
0.917996
-0.0747486
-0.788316
0.113688
0.352688
1.26048
0.187789
0.0389937
0.693448
0.528178
0.104037
0.340037
-0.0475462
1.85718
0.0175406
0.298306
-0.814927
0.44071
-0.696905
0.227828
0.00155656
0.120307
0.546318
-0.0862667
-0.45648
-1.55678
0.066844
0.179207
-1.07754
1.75565
0.397454
0.908296
-1.26573
-0.127156
0.837164
-0.292627
-0.0545417
-0.529666
0.627645
-0.850057
0.537705
-0.220022
-0.562831
0.812875
-0.957789
0.190852
0.09827
-0.433233
-0.913426
-0.283994
0.371266
-0.879784
0.0834525
-0.380988
0.615597
0.122375
-0.314086
-0.0227833
-1.22869
1.0831
0.367667
0.44192
0.230029
-0.462091
0.157447
-1.0812
0.047892
-0.305142
-0.567701
0.0945206
0.902063
0.152908
0.983668
0.227493
-0.0159372
0.65762
-0.548886
-1.13517
-0.369105
-0.323627
-0.953153
-1.17945
0.701199
-0.827762
-0.879572
0.544724
-0.829858
0.654751
-0.543312
0.357185
-0.164413
-0.980332
-0.92195
0.19706
0.89638
1.1008
0.221991
0.665658
-0.204574
1.21392
0.209426
0.139778
-1.18899
-1.56357
0.961947
0.311379
-0.0702395
0.0902488
-0.820099
0.102292
-1.32206
0.412778
-0.568059
-1.13447
0.238904
-0.701605
-0.271592
1.35584
-1.50523
0.667007
-0.949864
0.575232
-0.671599
-0.586366
0.440824
-0.382888
-0.371122
0.238506
0.436578
1.12053
0.454343
-0.276341
-0.484591
-0.798718
0.321787
-0.858231
-0.439597
-0.897964
0.181628
0.37065
0.735097
-0.0664659
1.04054
0.849796
1.52496
0.013654
0.262825
-0.847636
1.08854
0.167689
-0.218306
-0.0439514
1.5398
-1.31344
0.357091
-0.835872
0.941521
0.904214
0.447132
-0.743812
1.19683
-0.25073
2.21751
-0.223791
-0.783028
0.0448118
0.743093
0.460274
0.121804
-0.743442
1.18856
0.755888
0.950932
0.576175
0.102462
-0.961436
0.0214528
0.197975
1.11484
0.394367
-0.170596
0.207953
-0.39238
0.81279
-1.2223
0.78142
0.422281
-0.217273
0.650574
-0.203296
0.820254
0.0327427
0.0188455
0.23125
0.472173
0.431889
-0.859175
-0.151926
0.768609
-0.519622
0.974886
-0.403223
0.337655
-0.708739
0.392097
0.774828
0.171099
0.231008
0.0731001
-0.152976
-0.938684
1.26076
-0.217264
0.0948968
-0.598226
0.0015725
0.452279
0.0202391
0.284333
1.10766
-0.478913
-0.495408
0.351576
0.436417
0.646505
0.00598562
0.769033
0.209177
-0.802509
-0.45107
-1.21593
1.20691
-0.648552
1.10612
-0.318204
0.504924
-0.230461
-0.151525
0.413102
-0.248271
0.10789
0.299051
-0.175414
0.210495
-0.320929
0.271494
-0.144929
0.671199
-0.85932
-1.33009
-0.0398072
-0.00289992
-0.399072
0.79063
0.475669
-0.0451002
-0.601546
-0.00252859
-0.976315
-0.76408
0.348989
-0.176637
-0.636745
0.71759
0.602527
-0.854206
1.36141
0.23414
0.690523
-0.416839
-0.436913
-1.04975
0.601783
1.14847
-0.159845
-0.140839
0.209111
0.320021
-1.40102
0.504055
0.618455
1.31634
-0.122418
-0.696367
0.13343
0.160219
-1.27328
-0.359105
-0.371162
-1.22387
0.163335
-0.0947713
0.967375
-0.892871
-0.512058
-0.151094
0.0218982
-1.26503
-0.00267107
0.353404
1.26756
-0.255857
-0.583289
-0.525031
0.414246
1.01932
0.384332
-1.00008
-0.246759
0.0837689
-1.3159
-0.0260616
-0.296515
0.119453
-1.18064
-0.141074
-0.160049
-1.24943
-0.564527
0.219906
-0.264813
0.782845
0.434534
-1.25975
0.64451
0.696773
-0.784442
-0.668846
0.581263
-1.28678
-0.12035
1.23813
1.87374
1.06137
-1.01167
0.514678
0.446991
-0.5021
0.227955
1.1582
0.0128465
-0.0239284
-0.588228
0.520948
0.0200776
0.309024
0.668077
0.0205943
1.24987
-0.0385956
-0.482882
0.0554937
-0.296109
0.618842
0.534545
-0.675713
-0.952145
0.421898
0.454439
0.858869
-0.571164
-2.07732
0.924596
1.36967
-0.164783
-1.14393
0.0863431
-0.353566
0.636237
1.03804
-0.168207
-0.285305
-0.213686
0.20602
1.01227
0.78913
-0.232479
-0.74585
-0.657417
-0.285117
0.351696
-1.76602
-0.5768
1.94315
0.809831
-0.248254
-0.9414
0.760043
-0.463446
0.179145
0.256791
-0.0954574
0.101569
0.747635
-0.205048
-0.282295
-0.0112541
-0.153562
-0.777087
-0.764464
0.899397
-1.53077
0.481495
-1.1079
-0.787309
0.130892
0.248876
-0.855126
-0.610783
-0.320073
0.0330721
-0.39068
0.390575
-0.071167
0.718766
